Polling energy-fair scheduler maps every 100 millisecond(s)...
Filtering on comm "mem_miss"
Maps shown: total power consumption 
Press Ctrl+C to stop.

[H[JPolling energy-fair scheduler maps every 100 millisecond(s)...
Real time since poller start: 0.000019 s
Filter: comm "mem_miss"
Maps shown: total power consumption 

=== System totals (total) ===
  cpu_time:  147581683635 ns
  energy:    6089573520000 (units of your kfunc)
  uncore_energy:    970886727721550000 (units of your kfunc)

=== PID → power (EMA) (pid_to_power) [comm="mem_miss"] ===
PID      power             

=== PID → cumulative energy (pid_to_consumption) [comm="mem_miss"] ===
PID      energy            

[H[JPolling energy-fair scheduler maps every 100 millisecond(s)...
Real time since poller start: 0.106698 s
Filter: comm "mem_miss"
Maps shown: total power consumption 

=== System totals (total) ===
  cpu_time:  147590728405 ns
  energy:    6089962760000 (units of your kfunc)
  uncore_energy:    970886868917700000 (units of your kfunc)

=== PID → power (EMA) (pid_to_power) [comm="mem_miss"] ===
PID      power             

=== PID → cumulative energy (pid_to_consumption) [comm="mem_miss"] ===
PID      energy            

[H[JPolling energy-fair scheduler maps every 100 millisecond(s)...
Real time since poller start: 0.213353 s
Filter: comm "mem_miss"
Maps shown: total power consumption 

=== System totals (total) ===
  cpu_time:  147601092753 ns
  energy:    6090425270000 (units of your kfunc)
  uncore_energy:    970886991646410000 (units of your kfunc)

=== PID → power (EMA) (pid_to_power) [comm="mem_miss"] ===
PID      power             

=== PID → cumulative energy (pid_to_consumption) [comm="mem_miss"] ===
PID      energy            

[H[JPolling energy-fair scheduler maps every 100 millisecond(s)...
Real time since poller start: 0.319990 s
Filter: comm "mem_miss"
Maps shown: total power consumption 

=== System totals (total) ===
  cpu_time:  147611068397 ns
  energy:    6090893570000 (units of your kfunc)
  uncore_energy:    970887139751870000 (units of your kfunc)

=== PID → power (EMA) (pid_to_power) [comm="mem_miss"] ===
PID      power             

=== PID → cumulative energy (pid_to_consumption) [comm="mem_miss"] ===
PID      energy            

[H[JPolling energy-fair scheduler maps every 100 millisecond(s)...
Real time since poller start: 0.426627 s
Filter: comm "mem_miss"
Maps shown: total power consumption 

=== System totals (total) ===
  cpu_time:  147636607017 ns
  energy:    6092017830000 (units of your kfunc)
  uncore_energy:    970887293906850000 (units of your kfunc)

=== PID → power (EMA) (pid_to_power) [comm="mem_miss"] ===
PID      power             

=== PID → cumulative energy (pid_to_consumption) [comm="mem_miss"] ===
PID      energy            

[H[JPolling energy-fair scheduler maps every 100 millisecond(s)...
Real time since poller start: 0.533226 s
Filter: comm "mem_miss"
Maps shown: total power consumption 

=== System totals (total) ===
  cpu_time:  147647317204 ns
  energy:    6092432270000 (units of your kfunc)
  uncore_energy:    970887431677990000 (units of your kfunc)

=== PID → power (EMA) (pid_to_power) [comm="mem_miss"] ===
PID      power             

=== PID → cumulative energy (pid_to_consumption) [comm="mem_miss"] ===
PID      energy            

[H[JPolling energy-fair scheduler maps every 100 millisecond(s)...
Real time since poller start: 0.639889 s
Filter: comm "mem_miss"
Maps shown: total power consumption 

=== System totals (total) ===
  cpu_time:  147658822867 ns
  energy:    6092945120000 (units of your kfunc)
  uncore_energy:    970887576714300000 (units of your kfunc)

=== PID → power (EMA) (pid_to_power) [comm="mem_miss"] ===
PID      power             

=== PID → cumulative energy (pid_to_consumption) [comm="mem_miss"] ===
PID      energy            

[H[JPolling energy-fair scheduler maps every 100 millisecond(s)...
Real time since poller start: 0.746540 s
Filter: comm "mem_miss"
Maps shown: total power consumption 

=== System totals (total) ===
  cpu_time:  147668791091 ns
  energy:    6093412480000 (units of your kfunc)
  uncore_energy:    970887718695210000 (units of your kfunc)

=== PID → power (EMA) (pid_to_power) [comm="mem_miss"] ===
PID      power             

=== PID → cumulative energy (pid_to_consumption) [comm="mem_miss"] ===
PID      energy            

[H[JPolling energy-fair scheduler maps every 100 millisecond(s)...
Real time since poller start: 0.853173 s
Filter: comm "mem_miss"
Maps shown: total power consumption 

=== System totals (total) ===
  cpu_time:  147679590748 ns
  energy:    6093909470000 (units of your kfunc)
  uncore_energy:    970887845306680000 (units of your kfunc)

=== PID → power (EMA) (pid_to_power) [comm="mem_miss"] ===
PID      power             

=== PID → cumulative energy (pid_to_consumption) [comm="mem_miss"] ===
PID      energy            

[H[JPolling energy-fair scheduler maps every 100 millisecond(s)...
Real time since poller start: 0.959807 s
Filter: comm "mem_miss"
Maps shown: total power consumption 

=== System totals (total) ===
  cpu_time:  147690917222 ns
  energy:    6094422020000 (units of your kfunc)
  uncore_energy:    970887992516760000 (units of your kfunc)

=== PID → power (EMA) (pid_to_power) [comm="mem_miss"] ===
PID      power             

=== PID → cumulative energy (pid_to_consumption) [comm="mem_miss"] ===
PID      energy            

[H[JPolling energy-fair scheduler maps every 100 millisecond(s)...
Real time since poller start: 1.066421 s
Filter: comm "mem_miss"
Maps shown: total power consumption 

=== System totals (total) ===
  cpu_time:  147700546385 ns
  energy:    6094836150000 (units of your kfunc)
  uncore_energy:    970888138468750000 (units of your kfunc)

=== PID → power (EMA) (pid_to_power) [comm="mem_miss"] ===
PID      power             

=== PID → cumulative energy (pid_to_consumption) [comm="mem_miss"] ===
PID      energy            

[H[JPolling energy-fair scheduler maps every 100 millisecond(s)...
Real time since poller start: 1.173082 s
Filter: comm "mem_miss"
Maps shown: total power consumption 

=== System totals (total) ===
  cpu_time:  147711855965 ns
  energy:    6095369750000 (units of your kfunc)
  uncore_energy:    970888287176780000 (units of your kfunc)

=== PID → power (EMA) (pid_to_power) [comm="mem_miss"] ===
PID      power             

=== PID → cumulative energy (pid_to_consumption) [comm="mem_miss"] ===
PID      energy            

[H[JPolling energy-fair scheduler maps every 100 millisecond(s)...
Real time since poller start: 1.279707 s
Filter: comm "mem_miss"
Maps shown: total power consumption 

=== System totals (total) ===
  cpu_time:  147722110983 ns
  energy:    6095785080000 (units of your kfunc)
  uncore_energy:    970888428047770000 (units of your kfunc)

=== PID → power (EMA) (pid_to_power) [comm="mem_miss"] ===
PID      power             

=== PID → cumulative energy (pid_to_consumption) [comm="mem_miss"] ===
PID      energy            

[H[JPolling energy-fair scheduler maps every 100 millisecond(s)...
Real time since poller start: 1.386335 s
Filter: comm "mem_miss"
Maps shown: total power consumption 

=== System totals (total) ===
  cpu_time:  147730915592 ns
  energy:    6096159370000 (units of your kfunc)
  uncore_energy:    970888520906510000 (units of your kfunc)

=== PID → power (EMA) (pid_to_power) [comm="mem_miss"] ===
PID      power             

=== PID → cumulative energy (pid_to_consumption) [comm="mem_miss"] ===
PID      energy            

[H[JPolling energy-fair scheduler maps every 100 millisecond(s)...
Real time since poller start: 1.493003 s
Filter: comm "mem_miss"
Maps shown: total power consumption 

=== System totals (total) ===
  cpu_time:  147750672310 ns
  energy:    6097100980000 (units of your kfunc)
  uncore_energy:    970888709131770000 (units of your kfunc)

=== PID → power (EMA) (pid_to_power) [comm="mem_miss"] ===
PID      power             

=== PID → cumulative energy (pid_to_consumption) [comm="mem_miss"] ===
PID      energy            

[H[JPolling energy-fair scheduler maps every 100 millisecond(s)...
Real time since poller start: 1.599667 s
Filter: comm "mem_miss"
Maps shown: total power consumption 

=== System totals (total) ===
  cpu_time:  147763488339 ns
  energy:    6097644020000 (units of your kfunc)
  uncore_energy:    970888853889330000 (units of your kfunc)

=== PID → power (EMA) (pid_to_power) [comm="mem_miss"] ===
PID      power             

=== PID → cumulative energy (pid_to_consumption) [comm="mem_miss"] ===
PID      energy            

[H[JPolling energy-fair scheduler maps every 100 millisecond(s)...
Real time since poller start: 1.706290 s
Filter: comm "mem_miss"
Maps shown: total power consumption 

=== System totals (total) ===
  cpu_time:  147772741319 ns
  energy:    6098051250000 (units of your kfunc)
  uncore_energy:    970888992580000000 (units of your kfunc)

=== PID → power (EMA) (pid_to_power) [comm="mem_miss"] ===
PID      power             

=== PID → cumulative energy (pid_to_consumption) [comm="mem_miss"] ===
PID      energy            

[H[JPolling energy-fair scheduler maps every 100 millisecond(s)...
Real time since poller start: 1.812941 s
Filter: comm "mem_miss"
Maps shown: total power consumption 

=== System totals (total) ===
  cpu_time:  147784599373 ns
  energy:    6098577830000 (units of your kfunc)
  uncore_energy:    970889141803480000 (units of your kfunc)

=== PID → power (EMA) (pid_to_power) [comm="mem_miss"] ===
PID      power             

=== PID → cumulative energy (pid_to_consumption) [comm="mem_miss"] ===
PID      energy            

[H[JPolling energy-fair scheduler maps every 100 millisecond(s)...
Real time since poller start: 1.919593 s
Filter: comm "mem_miss"
Maps shown: total power consumption 

=== System totals (total) ===
  cpu_time:  147810689077 ns
  energy:    6099778390000 (units of your kfunc)
  uncore_energy:    970889283082780000 (units of your kfunc)

=== PID → power (EMA) (pid_to_power) [comm="mem_miss"] ===
PID      power             

=== PID → cumulative energy (pid_to_consumption) [comm="mem_miss"] ===
PID      energy            

[H[JPolling energy-fair scheduler maps every 100 millisecond(s)...
Real time since poller start: 2.026266 s
Filter: comm "mem_miss"
Maps shown: total power consumption 

=== System totals (total) ===
  cpu_time:  147820209238 ns
  energy:    6100181220000 (units of your kfunc)
  uncore_energy:    970889416146440000 (units of your kfunc)

=== PID → power (EMA) (pid_to_power) [comm="mem_miss"] ===
PID      power             

=== PID → cumulative energy (pid_to_consumption) [comm="mem_miss"] ===
PID      energy            

[H[JPolling energy-fair scheduler maps every 100 millisecond(s)...
Real time since poller start: 2.132934 s
Filter: comm "mem_miss"
Maps shown: total power consumption 

=== System totals (total) ===
  cpu_time:  147832108344 ns
  energy:    6100656080000 (units of your kfunc)
  uncore_energy:    970889536673470000 (units of your kfunc)

=== PID → power (EMA) (pid_to_power) [comm="mem_miss"] ===
PID      power             

=== PID → cumulative energy (pid_to_consumption) [comm="mem_miss"] ===
PID      energy            

[H[JPolling energy-fair scheduler maps every 100 millisecond(s)...
Real time since poller start: 2.239587 s
Filter: comm "mem_miss"
Maps shown: total power consumption 

=== System totals (total) ===
  cpu_time:  147844508333 ns
  energy:    6101236680000 (units of your kfunc)
  uncore_energy:    970889684840130000 (units of your kfunc)

=== PID → power (EMA) (pid_to_power) [comm="mem_miss"] ===
PID      power             

=== PID → cumulative energy (pid_to_consumption) [comm="mem_miss"] ===
PID      energy            

[H[JPolling energy-fair scheduler maps every 100 millisecond(s)...
Real time since poller start: 2.346230 s
Filter: comm "mem_miss"
Maps shown: total power consumption 

=== System totals (total) ===
  cpu_time:  147854415627 ns
  energy:    6101643930000 (units of your kfunc)
  uncore_energy:    970889829977010000 (units of your kfunc)

=== PID → power (EMA) (pid_to_power) [comm="mem_miss"] ===
PID      power             

=== PID → cumulative energy (pid_to_consumption) [comm="mem_miss"] ===
PID      energy            

[H[JPolling energy-fair scheduler maps every 100 millisecond(s)...
Real time since poller start: 2.452927 s
Filter: comm "mem_miss"
Maps shown: total power consumption 

=== System totals (total) ===
  cpu_time:  147863360016 ns
  energy:    6102001900000 (units of your kfunc)
  uncore_energy:    970889971095320000 (units of your kfunc)

=== PID → power (EMA) (pid_to_power) [comm="mem_miss"] ===
PID      power             

=== PID → cumulative energy (pid_to_consumption) [comm="mem_miss"] ===
PID      energy            

[H[JPolling energy-fair scheduler maps every 100 millisecond(s)...
Real time since poller start: 2.559681 s
Filter: comm "mem_miss"
Maps shown: total power consumption 

=== System totals (total) ===
  cpu_time:  147878912469 ns
  energy:    6102629510000 (units of your kfunc)
  uncore_energy:    970890120343660000 (units of your kfunc)

=== PID → power (EMA) (pid_to_power) [comm="mem_miss"] ===
PID      power             

=== PID → cumulative energy (pid_to_consumption) [comm="mem_miss"] ===
PID      energy            

[H[JPolling energy-fair scheduler maps every 100 millisecond(s)...
Real time since poller start: 2.666457 s
Filter: comm "mem_miss"
Maps shown: total power consumption 

=== System totals (total) ===
  cpu_time:  147903660665 ns
  energy:    6103727210000 (units of your kfunc)
  uncore_energy:    970890264716690000 (units of your kfunc)

=== PID → power (EMA) (pid_to_power) [comm="mem_miss"] ===
PID      power             

=== PID → cumulative energy (pid_to_consumption) [comm="mem_miss"] ===
PID      energy            

[H[JPolling energy-fair scheduler maps every 100 millisecond(s)...
Real time since poller start: 2.773124 s
Filter: comm "mem_miss"
Maps shown: total power consumption 

=== System totals (total) ===
  cpu_time:  148007317682 ns
  energy:    6107056950000 (units of your kfunc)
  uncore_energy:    970890409251330000 (units of your kfunc)

=== PID → power (EMA) (pid_to_power) [comm="mem_miss"] ===
PID      power             

=== PID → cumulative energy (pid_to_consumption) [comm="mem_miss"] ===
PID      energy            

[H[JPolling energy-fair scheduler maps every 100 millisecond(s)...
Real time since poller start: 2.879807 s
Filter: comm "mem_miss"
Maps shown: total power consumption 

=== System totals (total) ===
  cpu_time:  148127473672 ns
  energy:    6109836990000 (units of your kfunc)
  uncore_energy:    970890552903640000 (units of your kfunc)

=== PID → power (EMA) (pid_to_power) [comm="mem_miss"] ===
PID      power             

=== PID → cumulative energy (pid_to_consumption) [comm="mem_miss"] ===
PID      energy            

[H[JPolling energy-fair scheduler maps every 100 millisecond(s)...
Real time since poller start: 2.986500 s
Filter: comm "mem_miss"
Maps shown: total power consumption 

=== System totals (total) ===
  cpu_time:  148209676183 ns
  energy:    6112386880000 (units of your kfunc)
  uncore_energy:    970890687365310000 (units of your kfunc)

=== PID → power (EMA) (pid_to_power) [comm="mem_miss"] ===
PID      power             

=== PID → cumulative energy (pid_to_consumption) [comm="mem_miss"] ===
PID      energy            

[H[JPolling energy-fair scheduler maps every 100 millisecond(s)...
Real time since poller start: 3.093349 s
Filter: comm "mem_miss"
Maps shown: total power consumption 

=== System totals (total) ===
  cpu_time:  148222845043 ns
  energy:    6112948080000 (units of your kfunc)
  uncore_energy:    970890819225990000 (units of your kfunc)

=== PID → power (EMA) (pid_to_power) [comm="mem_miss"] ===
PID      power             

=== PID → cumulative energy (pid_to_consumption) [comm="mem_miss"] ===
PID      energy            

[H[JPolling energy-fair scheduler maps every 100 millisecond(s)...
Real time since poller start: 3.200210 s
Filter: comm "mem_miss"
Maps shown: total power consumption 

=== System totals (total) ===
  cpu_time:  148234928350 ns
  energy:    6113511890000 (units of your kfunc)
  uncore_energy:    970890978515390000 (units of your kfunc)

=== PID → power (EMA) (pid_to_power) [comm="mem_miss"] ===
PID      power             

=== PID → cumulative energy (pid_to_consumption) [comm="mem_miss"] ===
PID      energy            

[H[JPolling energy-fair scheduler maps every 100 millisecond(s)...
Real time since poller start: 3.307042 s
Filter: comm "mem_miss"
Maps shown: total power consumption 

=== System totals (total) ===
  cpu_time:  148258149240 ns
  energy:    6114593750000 (units of your kfunc)
  uncore_energy:    970891119842890000 (units of your kfunc)

=== PID → power (EMA) (pid_to_power) [comm="mem_miss"] ===
PID      power             

=== PID → cumulative energy (pid_to_consumption) [comm="mem_miss"] ===
PID      energy            

[H[JPolling energy-fair scheduler maps every 100 millisecond(s)...
Real time since poller start: 3.413881 s
Filter: comm "mem_miss"
Maps shown: total power consumption 

=== System totals (total) ===
  cpu_time:  148268240893 ns
  energy:    6115000710000 (units of your kfunc)
  uncore_energy:    970891259051100000 (units of your kfunc)

=== PID → power (EMA) (pid_to_power) [comm="mem_miss"] ===
PID      power             

=== PID → cumulative energy (pid_to_consumption) [comm="mem_miss"] ===
PID      energy            

[H[JPolling energy-fair scheduler maps every 100 millisecond(s)...
Real time since poller start: 3.520717 s
Filter: comm "mem_miss"
Maps shown: total power consumption 

=== System totals (total) ===
  cpu_time:  148279919346 ns
  energy:    6115435580000 (units of your kfunc)
  uncore_energy:    970891363901570000 (units of your kfunc)

=== PID → power (EMA) (pid_to_power) [comm="mem_miss"] ===
PID      power             

=== PID → cumulative energy (pid_to_consumption) [comm="mem_miss"] ===
PID      energy            

[H[JPolling energy-fair scheduler maps every 100 millisecond(s)...
Real time since poller start: 3.627541 s
Filter: comm "mem_miss"
Maps shown: total power consumption 

=== System totals (total) ===
  cpu_time:  148294238854 ns
  energy:    6116061970000 (units of your kfunc)
  uncore_energy:    970891515548440000 (units of your kfunc)

=== PID → power (EMA) (pid_to_power) [comm="mem_miss"] ===
PID      power             

=== PID → cumulative energy (pid_to_consumption) [comm="mem_miss"] ===
PID      energy            

[H[JPolling energy-fair scheduler maps every 100 millisecond(s)...
Real time since poller start: 3.734388 s
Filter: comm "mem_miss"
Maps shown: total power consumption 

=== System totals (total) ===
  cpu_time:  148304754839 ns
  energy:    6116550410000 (units of your kfunc)
  uncore_energy:    970891652331120000 (units of your kfunc)

=== PID → power (EMA) (pid_to_power) [comm="mem_miss"] ===
PID      power             

=== PID → cumulative energy (pid_to_consumption) [comm="mem_miss"] ===
PID      energy            

[H[JPolling energy-fair scheduler maps every 100 millisecond(s)...
Real time since poller start: 3.841262 s
Filter: comm "mem_miss"
Maps shown: total power consumption 

=== System totals (total) ===
  cpu_time:  148313858159 ns
  energy:    6116952780000 (units of your kfunc)
  uncore_energy:    970891808611940000 (units of your kfunc)

=== PID → power (EMA) (pid_to_power) [comm="mem_miss"] ===
PID      power             

=== PID → cumulative energy (pid_to_consumption) [comm="mem_miss"] ===
PID      energy            

[H[JPolling energy-fair scheduler maps every 100 millisecond(s)...
Real time since poller start: 3.948113 s
Filter: comm "mem_miss"
Maps shown: total power consumption 

=== System totals (total) ===
  cpu_time:  148323632212 ns
  energy:    6117394070000 (units of your kfunc)
  uncore_energy:    970891939821960000 (units of your kfunc)

=== PID → power (EMA) (pid_to_power) [comm="mem_miss"] ===
PID      power             

=== PID → cumulative energy (pid_to_consumption) [comm="mem_miss"] ===
PID      energy            

[H[JPolling energy-fair scheduler maps every 100 millisecond(s)...
Real time since poller start: 4.054933 s
Filter: comm "mem_miss"
Maps shown: total power consumption 

=== System totals (total) ===
  cpu_time:  148332885852 ns
  energy:    6117774770000 (units of your kfunc)
  uncore_energy:    970892084469490000 (units of your kfunc)

=== PID → power (EMA) (pid_to_power) [comm="mem_miss"] ===
PID      power             

=== PID → cumulative energy (pid_to_consumption) [comm="mem_miss"] ===
PID      energy            

[H[JPolling energy-fair scheduler maps every 100 millisecond(s)...
Real time since poller start: 4.161801 s
Filter: comm "mem_miss"
Maps shown: total power consumption 

=== System totals (total) ===
  cpu_time:  148346099753 ns
  energy:    6118363600000 (units of your kfunc)
  uncore_energy:    970892239962810000 (units of your kfunc)

=== PID → power (EMA) (pid_to_power) [comm="mem_miss"] ===
PID      power             

=== PID → cumulative energy (pid_to_consumption) [comm="mem_miss"] ===
PID      energy            

[H[JPolling energy-fair scheduler maps every 100 millisecond(s)...
Real time since poller start: 4.268641 s
Filter: comm "mem_miss"
Maps shown: total power consumption 

=== System totals (total) ===
  cpu_time:  148356518751 ns
  energy:    6118822730000 (units of your kfunc)
  uncore_energy:    970892349740800000 (units of your kfunc)

=== PID → power (EMA) (pid_to_power) [comm="mem_miss"] ===
PID      power             

=== PID → cumulative energy (pid_to_consumption) [comm="mem_miss"] ===
PID      energy            

[H[JPolling energy-fair scheduler maps every 100 millisecond(s)...
Real time since poller start: 4.375458 s
Filter: comm "mem_miss"
Maps shown: total power consumption 

=== System totals (total) ===
  cpu_time:  148366768437 ns
  energy:    6119247820000 (units of your kfunc)
  uncore_energy:    970892514676130000 (units of your kfunc)

=== PID → power (EMA) (pid_to_power) [comm="mem_miss"] ===
PID      power             

=== PID → cumulative energy (pid_to_consumption) [comm="mem_miss"] ===
PID      energy            

[H[JPolling energy-fair scheduler maps every 100 millisecond(s)...
Real time since poller start: 4.482292 s
Filter: comm "mem_miss"
Maps shown: total power consumption 

=== System totals (total) ===
  cpu_time:  148376832982 ns
  energy:    6119652340000 (units of your kfunc)
  uncore_energy:    970892638711300000 (units of your kfunc)

=== PID → power (EMA) (pid_to_power) [comm="mem_miss"] ===
PID      power             

=== PID → cumulative energy (pid_to_consumption) [comm="mem_miss"] ===
PID      energy            

[H[JPolling energy-fair scheduler maps every 100 millisecond(s)...
Real time since poller start: 4.589123 s
Filter: comm "mem_miss"
Maps shown: total power consumption 

=== System totals (total) ===
  cpu_time:  148400850573 ns
  energy:    6120741520000 (units of your kfunc)
  uncore_energy:    970892783477230000 (units of your kfunc)

=== PID → power (EMA) (pid_to_power) [comm="mem_miss"] ===
PID      power             

=== PID → cumulative energy (pid_to_consumption) [comm="mem_miss"] ===
PID      energy            

[H[JPolling energy-fair scheduler maps every 100 millisecond(s)...
Real time since poller start: 4.695976 s
Filter: comm "mem_miss"
Maps shown: total power consumption 

=== System totals (total) ===
  cpu_time:  148410126395 ns
  energy:    6121075540000 (units of your kfunc)
  uncore_energy:    970892934377340000 (units of your kfunc)

=== PID → power (EMA) (pid_to_power) [comm="mem_miss"] ===
PID      power             

=== PID → cumulative energy (pid_to_consumption) [comm="mem_miss"] ===
PID      energy            

[H[JPolling energy-fair scheduler maps every 100 millisecond(s)...
Real time since poller start: 4.802836 s
Filter: comm "mem_miss"
Maps shown: total power consumption 

=== System totals (total) ===
  cpu_time:  148422324471 ns
  energy:    6121579390000 (units of your kfunc)
  uncore_energy:    970893065730790000 (units of your kfunc)

=== PID → power (EMA) (pid_to_power) [comm="mem_miss"] ===
PID      power             

=== PID → cumulative energy (pid_to_consumption) [comm="mem_miss"] ===
PID      energy            

[H[JPolling energy-fair scheduler maps every 100 millisecond(s)...
Real time since poller start: 4.909681 s
Filter: comm "mem_miss"
Maps shown: total power consumption 

=== System totals (total) ===
  cpu_time:  148430828217 ns
  energy:    6121904100000 (units of your kfunc)
  uncore_energy:    970893168530770000 (units of your kfunc)

=== PID → power (EMA) (pid_to_power) [comm="mem_miss"] ===
PID      power             

=== PID → cumulative energy (pid_to_consumption) [comm="mem_miss"] ===
PID      energy            

[H[JPolling energy-fair scheduler maps every 100 millisecond(s)...
Real time since poller start: 5.016532 s
Filter: comm "mem_miss"
Maps shown: total power consumption 

=== System totals (total) ===
  cpu_time:  148441056944 ns
  energy:    6122304940000 (units of your kfunc)
  uncore_energy:    970893322660260000 (units of your kfunc)

=== PID → power (EMA) (pid_to_power) [comm="mem_miss"] ===
PID      power             

=== PID → cumulative energy (pid_to_consumption) [comm="mem_miss"] ===
PID      energy            

[H[JPolling energy-fair scheduler maps every 100 millisecond(s)...
Real time since poller start: 5.123355 s
Filter: comm "mem_miss"
Maps shown: total power consumption 

=== System totals (total) ===
  cpu_time:  148451450391 ns
  energy:    6122727300000 (units of your kfunc)
  uncore_energy:    970893468954520000 (units of your kfunc)

=== PID → power (EMA) (pid_to_power) [comm="mem_miss"] ===
PID      power             

=== PID → cumulative energy (pid_to_consumption) [comm="mem_miss"] ===
PID      energy            

[H[JPolling energy-fair scheduler maps every 100 millisecond(s)...
Real time since poller start: 5.230164 s
Filter: comm "mem_miss"
Maps shown: total power consumption 

=== System totals (total) ===
  cpu_time:  148463690488 ns
  energy:    6123220760000 (units of your kfunc)
  uncore_energy:    970893617540040000 (units of your kfunc)

=== PID → power (EMA) (pid_to_power) [comm="mem_miss"] ===
PID      power             

=== PID → cumulative energy (pid_to_consumption) [comm="mem_miss"] ===
PID      energy            

[H[JPolling energy-fair scheduler maps every 100 millisecond(s)...
Real time since poller start: 5.336997 s
Filter: comm "mem_miss"
Maps shown: total power consumption 

=== System totals (total) ===
  cpu_time:  148473126360 ns
  energy:    6123539360000 (units of your kfunc)
  uncore_energy:    970893762086090000 (units of your kfunc)

=== PID → power (EMA) (pid_to_power) [comm="mem_miss"] ===
PID      power             

=== PID → cumulative energy (pid_to_consumption) [comm="mem_miss"] ===
PID      energy            

[H[JPolling energy-fair scheduler maps every 100 millisecond(s)...
Real time since poller start: 5.443812 s
Filter: comm "mem_miss"
Maps shown: total power consumption 

=== System totals (total) ===
  cpu_time:  148482139618 ns
  energy:    6123923250000 (units of your kfunc)
  uncore_energy:    970893866931690000 (units of your kfunc)

=== PID → power (EMA) (pid_to_power) [comm="mem_miss"] ===
PID      power             

=== PID → cumulative energy (pid_to_consumption) [comm="mem_miss"] ===
PID      energy            

[H[JPolling energy-fair scheduler maps every 100 millisecond(s)...
Real time since poller start: 5.550626 s
Filter: comm "mem_miss"
Maps shown: total power consumption 

=== System totals (total) ===
  cpu_time:  148494701529 ns
  energy:    6124398110000 (units of your kfunc)
  uncore_energy:    970894013477560000 (units of your kfunc)

=== PID → power (EMA) (pid_to_power) [comm="mem_miss"] ===
PID      power             

=== PID → cumulative energy (pid_to_consumption) [comm="mem_miss"] ===
PID      energy            

[H[JPolling energy-fair scheduler maps every 100 millisecond(s)...
Real time since poller start: 5.657447 s
Filter: comm "mem_miss"
Maps shown: total power consumption 

=== System totals (total) ===
  cpu_time:  148504536634 ns
  energy:    6124811310000 (units of your kfunc)
  uncore_energy:    970894161990140000 (units of your kfunc)

=== PID → power (EMA) (pid_to_power) [comm="mem_miss"] ===
PID      power             

=== PID → cumulative energy (pid_to_consumption) [comm="mem_miss"] ===
PID      energy            

[H[JPolling energy-fair scheduler maps every 100 millisecond(s)...
Real time since poller start: 5.764296 s
Filter: comm "mem_miss"
Maps shown: total power consumption 

=== System totals (total) ===
  cpu_time:  148513049511 ns
  energy:    6125148230000 (units of your kfunc)
  uncore_energy:    970894264894180000 (units of your kfunc)

=== PID → power (EMA) (pid_to_power) [comm="mem_miss"] ===
PID      power             

=== PID → cumulative energy (pid_to_consumption) [comm="mem_miss"] ===
PID      energy            

[H[JPolling energy-fair scheduler maps every 100 millisecond(s)...
Real time since poller start: 5.871119 s
Filter: comm "mem_miss"
Maps shown: total power consumption 

=== System totals (total) ===
  cpu_time:  148522497163 ns
  energy:    6125594420000 (units of your kfunc)
  uncore_energy:    970894449663140000 (units of your kfunc)

=== PID → power (EMA) (pid_to_power) [comm="mem_miss"] ===
PID      power             

=== PID → cumulative energy (pid_to_consumption) [comm="mem_miss"] ===
PID      energy            

[H[JPolling energy-fair scheduler maps every 100 millisecond(s)...
Real time since poller start: 5.977928 s
Filter: comm "mem_miss"
Maps shown: total power consumption 

=== System totals (total) ===
  cpu_time:  148530860419 ns
  energy:    6125934840000 (units of your kfunc)
  uncore_energy:    970894578945980000 (units of your kfunc)

=== PID → power (EMA) (pid_to_power) [comm="mem_miss"] ===
PID      power             

=== PID → cumulative energy (pid_to_consumption) [comm="mem_miss"] ===
PID      energy            

[H[JPolling energy-fair scheduler maps every 100 millisecond(s)...
Real time since poller start: 6.084750 s
Filter: comm "mem_miss"
Maps shown: total power consumption 

=== System totals (total) ===
  cpu_time:  148554653008 ns
  energy:    6127014570000 (units of your kfunc)
  uncore_energy:    970894724472850000 (units of your kfunc)

=== PID → power (EMA) (pid_to_power) [comm="mem_miss"] ===
PID      power             

=== PID → cumulative energy (pid_to_consumption) [comm="mem_miss"] ===
PID      energy            

[H[JPolling energy-fair scheduler maps every 100 millisecond(s)...
Real time since poller start: 6.191576 s
Filter: comm "mem_miss"
Maps shown: total power consumption 

=== System totals (total) ===
  cpu_time:  148565227967 ns
  energy:    6127442290000 (units of your kfunc)
  uncore_energy:    970894867903320000 (units of your kfunc)

=== PID → power (EMA) (pid_to_power) [comm="mem_miss"] ===
PID      power             

=== PID → cumulative energy (pid_to_consumption) [comm="mem_miss"] ===
PID      energy            

[H[JPolling energy-fair scheduler maps every 100 millisecond(s)...
Real time since poller start: 6.298405 s
Filter: comm "mem_miss"
Maps shown: total power consumption 

=== System totals (total) ===
  cpu_time:  148574547396 ns
  energy:    6127852150000 (units of your kfunc)
  uncore_energy:    970895004945240000 (units of your kfunc)

=== PID → power (EMA) (pid_to_power) [comm="mem_miss"] ===
PID      power             

=== PID → cumulative energy (pid_to_consumption) [comm="mem_miss"] ===
PID      energy            

[H[JPolling energy-fair scheduler maps every 100 millisecond(s)...
Real time since poller start: 6.405219 s
Filter: comm "mem_miss"
Maps shown: total power consumption 

=== System totals (total) ===
  cpu_time:  148583397605 ns
  energy:    6128220640000 (units of your kfunc)
  uncore_energy:    970895110520350000 (units of your kfunc)

=== PID → power (EMA) (pid_to_power) [comm="mem_miss"] ===
PID      power             

=== PID → cumulative energy (pid_to_consumption) [comm="mem_miss"] ===
PID      energy            

[H[JPolling energy-fair scheduler maps every 100 millisecond(s)...
Real time since poller start: 6.512079 s
Filter: comm "mem_miss"
Maps shown: total power consumption 

=== System totals (total) ===
  cpu_time:  148595930514 ns
  energy:    6128711500000 (units of your kfunc)
  uncore_energy:    970895260877420000 (units of your kfunc)

=== PID → power (EMA) (pid_to_power) [comm="mem_miss"] ===
PID      power             

=== PID → cumulative energy (pid_to_consumption) [comm="mem_miss"] ===
PID      energy            

[H[JPolling energy-fair scheduler maps every 100 millisecond(s)...
Real time since poller start: 6.618906 s
Filter: comm "mem_miss"
Maps shown: total power consumption 

=== System totals (total) ===
  cpu_time:  148607792979 ns
  energy:    6129217300000 (units of your kfunc)
  uncore_energy:    970895413899610000 (units of your kfunc)

=== PID → power (EMA) (pid_to_power) [comm="mem_miss"] ===
PID      power             

=== PID → cumulative energy (pid_to_consumption) [comm="mem_miss"] ===
PID      energy            

[H[JPolling energy-fair scheduler maps every 100 millisecond(s)...
Real time since poller start: 6.725712 s
Filter: comm "mem_miss"
Maps shown: total power consumption 

=== System totals (total) ===
  cpu_time:  148616869687 ns
  energy:    6129581960000 (units of your kfunc)
  uncore_energy:    970895514237160000 (units of your kfunc)

=== PID → power (EMA) (pid_to_power) [comm="mem_miss"] ===
PID      power             

=== PID → cumulative energy (pid_to_consumption) [comm="mem_miss"] ===
PID      energy            

[H[JPolling energy-fair scheduler maps every 100 millisecond(s)...
Real time since poller start: 6.832516 s
Filter: comm "mem_miss"
Maps shown: total power consumption 

=== System totals (total) ===
  cpu_time:  148627336014 ns
  energy:    6130024310000 (units of your kfunc)
  uncore_energy:    970895695765480000 (units of your kfunc)

=== PID → power (EMA) (pid_to_power) [comm="mem_miss"] ===
PID      power             

=== PID → cumulative energy (pid_to_consumption) [comm="mem_miss"] ===
PID      energy            

[H[JPolling energy-fair scheduler maps every 100 millisecond(s)...
Real time since poller start: 6.939337 s
Filter: comm "mem_miss"
Maps shown: total power consumption 

=== System totals (total) ===
  cpu_time:  148636966565 ns
  energy:    6130463320000 (units of your kfunc)
  uncore_energy:    970895828599630000 (units of your kfunc)

=== PID → power (EMA) (pid_to_power) [comm="mem_miss"] ===
PID      power             

=== PID → cumulative energy (pid_to_consumption) [comm="mem_miss"] ===
PID      energy            

[H[JPolling energy-fair scheduler maps every 100 millisecond(s)...
Real time since poller start: 7.046184 s
Filter: comm "mem_miss"
Maps shown: total power consumption 

=== System totals (total) ===
  cpu_time:  148647937044 ns
  energy:    6130947620000 (units of your kfunc)
  uncore_energy:    970895939313300000 (units of your kfunc)

=== PID → power (EMA) (pid_to_power) [comm="mem_miss"] ===
PID      power             

=== PID → cumulative energy (pid_to_consumption) [comm="mem_miss"] ===
PID      energy            

[H[JPolling energy-fair scheduler maps every 100 millisecond(s)...
Real time since poller start: 7.153040 s
Filter: comm "mem_miss"
Maps shown: total power consumption 

=== System totals (total) ===
  cpu_time:  148657188956 ns
  energy:    6131313830000 (units of your kfunc)
  uncore_energy:    970896079333900000 (units of your kfunc)

=== PID → power (EMA) (pid_to_power) [comm="mem_miss"] ===
PID      power             

=== PID → cumulative energy (pid_to_consumption) [comm="mem_miss"] ===
PID      energy            

[H[JPolling energy-fair scheduler maps every 100 millisecond(s)...
Real time since poller start: 7.259860 s
Filter: comm "mem_miss"
Maps shown: total power consumption 

=== System totals (total) ===
  cpu_time:  148666700379 ns
  energy:    6131665260000 (units of your kfunc)
  uncore_energy:    970896219233630000 (units of your kfunc)

=== PID → power (EMA) (pid_to_power) [comm="mem_miss"] ===
PID      power             

=== PID → cumulative energy (pid_to_consumption) [comm="mem_miss"] ===
PID      energy            

[H[JPolling energy-fair scheduler maps every 100 millisecond(s)...
Real time since poller start: 7.366711 s
Filter: comm "mem_miss"
Maps shown: total power consumption 

=== System totals (total) ===
  cpu_time:  148679665248 ns
  energy:    6132213350000 (units of your kfunc)
  uncore_energy:    970896350812620000 (units of your kfunc)

=== PID → power (EMA) (pid_to_power) [comm="mem_miss"] ===
PID      power             

=== PID → cumulative energy (pid_to_consumption) [comm="mem_miss"] ===
PID      energy            

[H[JPolling energy-fair scheduler maps every 100 millisecond(s)...
Real time since poller start: 7.473533 s
Filter: comm "mem_miss"
Maps shown: total power consumption 

=== System totals (total) ===
  cpu_time:  148690152048 ns
  energy:    6132673390000 (units of your kfunc)
  uncore_energy:    970896502519630000 (units of your kfunc)

=== PID → power (EMA) (pid_to_power) [comm="mem_miss"] ===
PID      power             

=== PID → cumulative energy (pid_to_consumption) [comm="mem_miss"] ===
PID      energy            

[H[JPolling energy-fair scheduler maps every 100 millisecond(s)...
Real time since poller start: 7.580343 s
Filter: comm "mem_miss"
Maps shown: total power consumption 

=== System totals (total) ===
  cpu_time:  148713847028 ns
  energy:    6133751110000 (units of your kfunc)
  uncore_energy:    970896653617050000 (units of your kfunc)

=== PID → power (EMA) (pid_to_power) [comm="mem_miss"] ===
PID      power             

=== PID → cumulative energy (pid_to_consumption) [comm="mem_miss"] ===
PID      energy            

[H[JPolling energy-fair scheduler maps every 100 millisecond(s)...
Real time since poller start: 7.687185 s
Filter: comm "mem_miss"
Maps shown: total power consumption 

=== System totals (total) ===
  cpu_time:  148725636104 ns
  energy:    6134272800000 (units of your kfunc)
  uncore_energy:    970896755405540000 (units of your kfunc)

=== PID → power (EMA) (pid_to_power) [comm="mem_miss"] ===
PID      power             

=== PID → cumulative energy (pid_to_consumption) [comm="mem_miss"] ===
PID      energy            

[H[JPolling energy-fair scheduler maps every 100 millisecond(s)...
Real time since poller start: 7.794019 s
Filter: comm "mem_miss"
Maps shown: total power consumption 

=== System totals (total) ===
  cpu_time:  148735241117 ns
  energy:    6134633820000 (units of your kfunc)
  uncore_energy:    970896895423240000 (units of your kfunc)

=== PID → power (EMA) (pid_to_power) [comm="mem_miss"] ===
PID      power             

=== PID → cumulative energy (pid_to_consumption) [comm="mem_miss"] ===
PID      energy            

[H[JPolling energy-fair scheduler maps every 100 millisecond(s)...
Real time since poller start: 7.900801 s
Filter: comm "mem_miss"
Maps shown: total power consumption 

=== System totals (total) ===
  cpu_time:  148745026622 ns
  energy:    6134999250000 (units of your kfunc)
  uncore_energy:    970897039364910000 (units of your kfunc)

=== PID → power (EMA) (pid_to_power) [comm="mem_miss"] ===
PID      power             

=== PID → cumulative energy (pid_to_consumption) [comm="mem_miss"] ===
PID      energy            

[H[JPolling energy-fair scheduler maps every 100 millisecond(s)...
Real time since poller start: 8.007628 s
Filter: comm "mem_miss"
Maps shown: total power consumption 

=== System totals (total) ===
  cpu_time:  148755350799 ns
  energy:    6135429850000 (units of your kfunc)
  uncore_energy:    970897192938980000 (units of your kfunc)

=== PID → power (EMA) (pid_to_power) [comm="mem_miss"] ===
PID      power             

=== PID → cumulative energy (pid_to_consumption) [comm="mem_miss"] ===
PID      energy            

[H[JPolling energy-fair scheduler maps every 100 millisecond(s)...
Real time since poller start: 8.114456 s
Filter: comm "mem_miss"
Maps shown: total power consumption 

=== System totals (total) ===
  cpu_time:  148765358573 ns
  energy:    6135813780000 (units of your kfunc)
  uncore_energy:    970897337863130000 (units of your kfunc)

=== PID → power (EMA) (pid_to_power) [comm="mem_miss"] ===
PID      power             

=== PID → cumulative energy (pid_to_consumption) [comm="mem_miss"] ===
PID      energy            

[H[JPolling energy-fair scheduler maps every 100 millisecond(s)...
Real time since poller start: 8.221307 s
Filter: comm "mem_miss"
Maps shown: total power consumption 

=== System totals (total) ===
  cpu_time:  148790151110 ns
  energy:    6136972970000 (units of your kfunc)
  uncore_energy:    970897472485950000 (units of your kfunc)

=== PID → power (EMA) (pid_to_power) [comm="mem_miss"] ===
PID      power             

=== PID → cumulative energy (pid_to_consumption) [comm="mem_miss"] ===
PID      energy            

[H[JPolling energy-fair scheduler maps every 100 millisecond(s)...
Real time since poller start: 8.328101 s
Filter: comm "mem_miss"
Maps shown: total power consumption 

=== System totals (total) ===
  cpu_time:  148880948430 ns
  energy:    6140381000000 (units of your kfunc)
  uncore_energy:    970897626295330000 (units of your kfunc)

=== PID → power (EMA) (pid_to_power) [comm="mem_miss"] ===
PID      power             

=== PID → cumulative energy (pid_to_consumption) [comm="mem_miss"] ===
PID      energy            

[H[JPolling energy-fair scheduler maps every 100 millisecond(s)...
Real time since poller start: 8.434932 s
Filter: comm "mem_miss"
Maps shown: total power consumption 

=== System totals (total) ===
  cpu_time:  148994070655 ns
  energy:    6143177850000 (units of your kfunc)
  uncore_energy:    970897767580350000 (units of your kfunc)

=== PID → power (EMA) (pid_to_power) [comm="mem_miss"] ===
PID      power             

=== PID → cumulative energy (pid_to_consumption) [comm="mem_miss"] ===
PID      energy            

[H[JPolling energy-fair scheduler maps every 100 millisecond(s)...
Real time since poller start: 8.541645 s
Filter: comm "mem_miss"
Maps shown: total power consumption 

=== System totals (total) ===
  cpu_time:  149095429263 ns
  energy:    6146021730000 (units of your kfunc)
  uncore_energy:    970897894720150000 (units of your kfunc)

=== PID → power (EMA) (pid_to_power) [comm="mem_miss"] ===
PID      power             

=== PID → cumulative energy (pid_to_consumption) [comm="mem_miss"] ===
PID      energy            

[H[JPolling energy-fair scheduler maps every 100 millisecond(s)...
Real time since poller start: 8.648332 s
Filter: comm "mem_miss"
Maps shown: total power consumption 

=== System totals (total) ===
  cpu_time:  149106306347 ns
  energy:    6146484360000 (units of your kfunc)
  uncore_energy:    970898030648510000 (units of your kfunc)

=== PID → power (EMA) (pid_to_power) [comm="mem_miss"] ===
PID      power             

=== PID → cumulative energy (pid_to_consumption) [comm="mem_miss"] ===
PID      energy            

[H[JPolling energy-fair scheduler maps every 100 millisecond(s)...
Real time since poller start: 8.755131 s
Filter: comm "mem_miss"
Maps shown: total power consumption 

=== System totals (total) ===
  cpu_time:  149115568478 ns
  energy:    6146873160000 (units of your kfunc)
  uncore_energy:    970898170229800000 (units of your kfunc)

=== PID → power (EMA) (pid_to_power) [comm="mem_miss"] ===
PID      power             

=== PID → cumulative energy (pid_to_consumption) [comm="mem_miss"] ===
PID      energy            

[H[JPolling energy-fair scheduler maps every 100 millisecond(s)...
Real time since poller start: 8.861946 s
Filter: comm "mem_miss"
Maps shown: total power consumption 

=== System totals (total) ===
  cpu_time:  149125541354 ns
  energy:    6147250990000 (units of your kfunc)
  uncore_energy:    970898314964430000 (units of your kfunc)

=== PID → power (EMA) (pid_to_power) [comm="mem_miss"] ===
PID      power             

=== PID → cumulative energy (pid_to_consumption) [comm="mem_miss"] ===
PID      energy            

[H[JPolling energy-fair scheduler maps every 100 millisecond(s)...
Real time since poller start: 8.968745 s
Filter: comm "mem_miss"
Maps shown: total power consumption 

=== System totals (total) ===
  cpu_time:  149150274148 ns
  energy:    6148319580000 (units of your kfunc)
  uncore_energy:    970898458438690000 (units of your kfunc)

=== PID → power (EMA) (pid_to_power) [comm="mem_miss"] ===
PID      power             

=== PID → cumulative energy (pid_to_consumption) [comm="mem_miss"] ===
PID      energy            

[H[JPolling energy-fair scheduler maps every 100 millisecond(s)...
Real time since poller start: 9.075562 s
Filter: comm "mem_miss"
Maps shown: total power consumption 

=== System totals (total) ===
  cpu_time:  149159265209 ns
  energy:    6148686250000 (units of your kfunc)
  uncore_energy:    970898592723200000 (units of your kfunc)

=== PID → power (EMA) (pid_to_power) [comm="mem_miss"] ===
PID      power             

=== PID → cumulative energy (pid_to_consumption) [comm="mem_miss"] ===
PID      energy            

[H[JPolling energy-fair scheduler maps every 100 millisecond(s)...
Real time since poller start: 9.182364 s
Filter: comm "mem_miss"
Maps shown: total power consumption 

=== System totals (total) ===
  cpu_time:  149168835420 ns
  energy:    6149117320000 (units of your kfunc)
  uncore_energy:    970898737192030000 (units of your kfunc)

=== PID → power (EMA) (pid_to_power) [comm="mem_miss"] ===
PID      power             

=== PID → cumulative energy (pid_to_consumption) [comm="mem_miss"] ===
PID      energy            

[H[JPolling energy-fair scheduler maps every 100 millisecond(s)...
Real time since poller start: 9.289189 s
Filter: comm "mem_miss"
Maps shown: total power consumption 

=== System totals (total) ===
  cpu_time:  149184443625 ns
  energy:    6149789010000 (units of your kfunc)
  uncore_energy:    970898872398640000 (units of your kfunc)

=== PID → power (EMA) (pid_to_power) [comm="mem_miss"] ===
PID      power             

=== PID → cumulative energy (pid_to_consumption) [comm="mem_miss"] ===
PID      energy            

[H[JPolling energy-fair scheduler maps every 100 millisecond(s)...
Real time since poller start: 9.396054 s
Filter: comm "mem_miss"
Maps shown: total power consumption 

=== System totals (total) ===
  cpu_time:  149193637415 ns
  energy:    6150133850000 (units of your kfunc)
  uncore_energy:    970898929843560000 (units of your kfunc)

=== PID → power (EMA) (pid_to_power) [comm="mem_miss"] ===
PID      power             

=== PID → cumulative energy (pid_to_consumption) [comm="mem_miss"] ===
PID      energy            

[H[JPolling energy-fair scheduler maps every 100 millisecond(s)...
Real time since poller start: 9.502802 s
Filter: comm "mem_miss"
Maps shown: total power consumption 

=== System totals (total) ===
  cpu_time:  149207015999 ns
  energy:    6150679500000 (units of your kfunc)
  uncore_energy:    970899115228240000 (units of your kfunc)

=== PID → power (EMA) (pid_to_power) [comm="mem_miss"] ===
PID      power             

=== PID → cumulative energy (pid_to_consumption) [comm="mem_miss"] ===
PID      energy            

[H[JPolling energy-fair scheduler maps every 100 millisecond(s)...
Real time since poller start: 9.609584 s
Filter: comm "mem_miss"
Maps shown: total power consumption 

=== System totals (total) ===
  cpu_time:  149218921592 ns
  energy:    6151142170000 (units of your kfunc)
  uncore_energy:    970899282248940000 (units of your kfunc)

=== PID → power (EMA) (pid_to_power) [comm="mem_miss"] ===
PID      power             

=== PID → cumulative energy (pid_to_consumption) [comm="mem_miss"] ===
PID      energy            

[H[JPolling energy-fair scheduler maps every 100 millisecond(s)...
Real time since poller start: 9.716329 s
Filter: comm "mem_miss"
Maps shown: total power consumption 

=== System totals (total) ===
  cpu_time:  149228065792 ns
  energy:    6151558590000 (units of your kfunc)
  uncore_energy:    970899421906370000 (units of your kfunc)

=== PID → power (EMA) (pid_to_power) [comm="mem_miss"] ===
PID      power             

=== PID → cumulative energy (pid_to_consumption) [comm="mem_miss"] ===
PID      energy            

[H[JPolling energy-fair scheduler maps every 100 millisecond(s)...
Real time since poller start: 9.823077 s
Filter: comm "mem_miss"
Maps shown: total power consumption 

=== System totals (total) ===
  cpu_time:  149241282613 ns
  energy:    6152015900000 (units of your kfunc)
  uncore_energy:    970899528988280000 (units of your kfunc)

=== PID → power (EMA) (pid_to_power) [comm="mem_miss"] ===
PID      power             

=== PID → cumulative energy (pid_to_consumption) [comm="mem_miss"] ===
PID      energy            

[H[JPolling energy-fair scheduler maps every 100 millisecond(s)...
Real time since poller start: 9.929790 s
Filter: comm "mem_miss"
Maps shown: total power consumption 

=== System totals (total) ===
  cpu_time:  149251046576 ns
  energy:    6152418730000 (units of your kfunc)
  uncore_energy:    970899695915460000 (units of your kfunc)

=== PID → power (EMA) (pid_to_power) [comm="mem_miss"] ===
PID      power             

=== PID → cumulative energy (pid_to_consumption) [comm="mem_miss"] ===
PID      energy            

[H[JPolling energy-fair scheduler maps every 100 millisecond(s)...
Real time since poller start: 10.036520 s
Filter: comm "mem_miss"
Maps shown: total power consumption 

=== System totals (total) ===
  cpu_time:  149260754010 ns
  energy:    6152806150000 (units of your kfunc)
  uncore_energy:    970899829436120000 (units of your kfunc)

=== PID → power (EMA) (pid_to_power) [comm="mem_miss"] ===
PID      power             

=== PID → cumulative energy (pid_to_consumption) [comm="mem_miss"] ===
PID      energy            

[H[JPolling energy-fair scheduler maps every 100 millisecond(s)...
Real time since poller start: 10.143251 s
Filter: comm "mem_miss"
Maps shown: total power consumption 

=== System totals (total) ===
  cpu_time:  149283751078 ns
  energy:    6153878070000 (units of your kfunc)
  uncore_energy:    970899914918620000 (units of your kfunc)

=== PID → power (EMA) (pid_to_power) [comm="mem_miss"] ===
PID      power             

=== PID → cumulative energy (pid_to_consumption) [comm="mem_miss"] ===
PID      energy            

[H[JPolling energy-fair scheduler maps every 100 millisecond(s)...
Real time since poller start: 10.249991 s
Filter: comm "mem_miss"
Maps shown: total power consumption 

=== System totals (total) ===
  cpu_time:  149293091950 ns
  energy:    6154301960000 (units of your kfunc)
  uncore_energy:    970900104394930000 (units of your kfunc)

=== PID → power (EMA) (pid_to_power) [comm="mem_miss"] ===
PID      power             

=== PID → cumulative energy (pid_to_consumption) [comm="mem_miss"] ===
PID      energy            

[H[JPolling energy-fair scheduler maps every 100 millisecond(s)...
Real time since poller start: 10.356726 s
Filter: comm "mem_miss"
Maps shown: total power consumption 

=== System totals (total) ===
  cpu_time:  149302836014 ns
  energy:    6154740030000 (units of your kfunc)
  uncore_energy:    970900239217480000 (units of your kfunc)

=== PID → power (EMA) (pid_to_power) [comm="mem_miss"] ===
PID      power             

=== PID → cumulative energy (pid_to_consumption) [comm="mem_miss"] ===
PID      energy            

[H[JPolling energy-fair scheduler maps every 100 millisecond(s)...
Real time since poller start: 10.463457 s
Filter: comm "mem_miss"
Maps shown: total power consumption 

=== System totals (total) ===
  cpu_time:  149310900299 ns
  energy:    6155074360000 (units of your kfunc)
  uncore_energy:    970900369199930000 (units of your kfunc)

=== PID → power (EMA) (pid_to_power) [comm="mem_miss"] ===
PID      power             

=== PID → cumulative energy (pid_to_consumption) [comm="mem_miss"] ===
PID      energy            

[H[JPolling energy-fair scheduler maps every 100 millisecond(s)...
Real time since poller start: 10.570233 s
Filter: comm "mem_miss"
Maps shown: total power consumption 

=== System totals (total) ===
  cpu_time:  149325912031 ns
  energy:    6155651750000 (units of your kfunc)
  uncore_energy:    970900513658240000 (units of your kfunc)

=== PID → power (EMA) (pid_to_power) [comm="mem_miss"] ===
PID      power             

=== PID → cumulative energy (pid_to_consumption) [comm="mem_miss"] ===
PID      energy            

[H[JPolling energy-fair scheduler maps every 100 millisecond(s)...
Real time since poller start: 10.676947 s
Filter: comm "mem_miss"
Maps shown: total power consumption 

=== System totals (total) ===
  cpu_time:  149338540461 ns
  energy:    6156151020000 (units of your kfunc)
  uncore_energy:    970900652648410000 (units of your kfunc)

=== PID → power (EMA) (pid_to_power) [comm="mem_miss"] ===
PID      power             

=== PID → cumulative energy (pid_to_consumption) [comm="mem_miss"] ===
PID      energy            

[H[JPolling energy-fair scheduler maps every 100 millisecond(s)...
Real time since poller start: 10.783660 s
Filter: comm "mem_miss"
Maps shown: total power consumption 

=== System totals (total) ===
  cpu_time:  149346777636 ns
  energy:    6156485030000 (units of your kfunc)
  uncore_energy:    970900787566480000 (units of your kfunc)

=== PID → power (EMA) (pid_to_power) [comm="mem_miss"] ===
PID      power             

=== PID → cumulative energy (pid_to_consumption) [comm="mem_miss"] ===
PID      energy            

[H[JPolling energy-fair scheduler maps every 100 millisecond(s)...
Real time since poller start: 10.890396 s
Filter: comm "mem_miss"
Maps shown: total power consumption 

=== System totals (total) ===
  cpu_time:  149357297722 ns
  energy:    6156959270000 (units of your kfunc)
  uncore_energy:    970900928454390000 (units of your kfunc)

=== PID → power (EMA) (pid_to_power) [comm="mem_miss"] ===
PID      power             

=== PID → cumulative energy (pid_to_consumption) [comm="mem_miss"] ===
PID      energy            

[H[JPolling energy-fair scheduler maps every 100 millisecond(s)...
Real time since poller start: 10.997113 s
Filter: comm "mem_miss"
Maps shown: total power consumption 

=== System totals (total) ===
  cpu_time:  149368053691 ns
  energy:    6157334780000 (units of your kfunc)
  uncore_energy:    970901054216880000 (units of your kfunc)

=== PID → power (EMA) (pid_to_power) [comm="mem_miss"] ===
PID      power             

=== PID → cumulative energy (pid_to_consumption) [comm="mem_miss"] ===
PID      energy            

[H[JPolling energy-fair scheduler maps every 100 millisecond(s)...
Real time since poller start: 11.103834 s
Filter: comm "mem_miss"
Maps shown: total power consumption 

=== System totals (total) ===
  cpu_time:  149376859299 ns
  energy:    6157685420000 (units of your kfunc)
  uncore_energy:    970901167307250000 (units of your kfunc)

=== PID → power (EMA) (pid_to_power) [comm="mem_miss"] ===
PID      power             

=== PID → cumulative energy (pid_to_consumption) [comm="mem_miss"] ===
PID      energy            

[H[JPolling energy-fair scheduler maps every 100 millisecond(s)...
Real time since poller start: 11.210574 s
Filter: comm "mem_miss"
Maps shown: total power consumption 

=== System totals (total) ===
  cpu_time:  149386995995 ns
  energy:    6158073910000 (units of your kfunc)
  uncore_energy:    970901316574520000 (units of your kfunc)

=== PID → power (EMA) (pid_to_power) [comm="mem_miss"] ===
PID      power             

=== PID → cumulative energy (pid_to_consumption) [comm="mem_miss"] ===
PID      energy            

[H[JPolling energy-fair scheduler maps every 100 millisecond(s)...
Real time since poller start: 11.317309 s
Filter: comm "mem_miss"
Maps shown: total power consumption 

=== System totals (total) ===
  cpu_time:  149398215398 ns
  energy:    6158608290000 (units of your kfunc)
  uncore_energy:    970901453398080000 (units of your kfunc)

=== PID → power (EMA) (pid_to_power) [comm="mem_miss"] ===
PID      power             

=== PID → cumulative energy (pid_to_consumption) [comm="mem_miss"] ===
PID      energy            

[H[JPolling energy-fair scheduler maps every 100 millisecond(s)...
Real time since poller start: 11.423995 s
Filter: comm "mem_miss"
Maps shown: total power consumption 

=== System totals (total) ===
  cpu_time:  149408148242 ns
  energy:    6158999080000 (units of your kfunc)
  uncore_energy:    970901590825900000 (units of your kfunc)

=== PID → power (EMA) (pid_to_power) [comm="mem_miss"] ===
PID      power             

=== PID → cumulative energy (pid_to_consumption) [comm="mem_miss"] ===
PID      energy            

[H[JPolling energy-fair scheduler maps every 100 millisecond(s)...
Real time since poller start: 11.530763 s
Filter: comm "mem_miss"
Maps shown: total power consumption 

=== System totals (total) ===
  cpu_time:  149417941706 ns
  energy:    6159382670000 (units of your kfunc)
  uncore_energy:    970901733018750000 (units of your kfunc)

=== PID → power (EMA) (pid_to_power) [comm="mem_miss"] ===
PID      power             

=== PID → cumulative energy (pid_to_consumption) [comm="mem_miss"] ===
PID      energy            

[H[JPolling energy-fair scheduler maps every 100 millisecond(s)...
Real time since poller start: 11.637457 s
Filter: comm "mem_miss"
Maps shown: total power consumption 

=== System totals (total) ===
  cpu_time:  149440283688 ns
  energy:    6160418130000 (units of your kfunc)
  uncore_energy:    970901881013750000 (units of your kfunc)

=== PID → power (EMA) (pid_to_power) [comm="mem_miss"] ===
PID      power             

=== PID → cumulative energy (pid_to_consumption) [comm="mem_miss"] ===
PID      energy            

[H[JPolling energy-fair scheduler maps every 100 millisecond(s)...
Real time since poller start: 11.744168 s
Filter: comm "mem_miss"
Maps shown: total power consumption 

=== System totals (total) ===
  cpu_time:  149449795691 ns
  energy:    6160827840000 (units of your kfunc)
  uncore_energy:    970901962950840000 (units of your kfunc)

=== PID → power (EMA) (pid_to_power) [comm="mem_miss"] ===
PID      power             

=== PID → cumulative energy (pid_to_consumption) [comm="mem_miss"] ===
PID      energy            

[H[JPolling energy-fair scheduler maps every 100 millisecond(s)...
Real time since poller start: 11.850884 s
Filter: comm "mem_miss"
Maps shown: total power consumption 

=== System totals (total) ===
  cpu_time:  149458071855 ns
  energy:    6161163550000 (units of your kfunc)
  uncore_energy:    970902145841910000 (units of your kfunc)

=== PID → power (EMA) (pid_to_power) [comm="mem_miss"] ===
PID      power             

=== PID → cumulative energy (pid_to_consumption) [comm="mem_miss"] ===
PID      energy            

[H[JPolling energy-fair scheduler maps every 100 millisecond(s)...
Real time since poller start: 11.957643 s
Filter: comm "mem_miss"
Maps shown: total power consumption 

=== System totals (total) ===
  cpu_time:  149467244285 ns
  energy:    6161545470000 (units of your kfunc)
  uncore_energy:    970902295340210000 (units of your kfunc)

=== PID → power (EMA) (pid_to_power) [comm="mem_miss"] ===
PID      power             

=== PID → cumulative energy (pid_to_consumption) [comm="mem_miss"] ===
PID      energy            

[H[JPolling energy-fair scheduler maps every 100 millisecond(s)...
Real time since poller start: 12.064421 s
Filter: comm "mem_miss"
Maps shown: total power consumption 

=== System totals (total) ===
  cpu_time:  149478819181 ns
  energy:    6162086540000 (units of your kfunc)
  uncore_energy:    970902432456610000 (units of your kfunc)

=== PID → power (EMA) (pid_to_power) [comm="mem_miss"] ===
PID      power             

=== PID → cumulative energy (pid_to_consumption) [comm="mem_miss"] ===
PID      energy            

[H[JPolling energy-fair scheduler maps every 100 millisecond(s)...
Real time since poller start: 12.171160 s
Filter: comm "mem_miss"
Maps shown: total power consumption 

=== System totals (total) ===
  cpu_time:  149490195263 ns
  energy:    6162623990000 (units of your kfunc)
  uncore_energy:    970902567102260000 (units of your kfunc)

=== PID → power (EMA) (pid_to_power) [comm="mem_miss"] ===
PID      power             

=== PID → cumulative energy (pid_to_consumption) [comm="mem_miss"] ===
PID      energy            

[H[JPolling energy-fair scheduler maps every 100 millisecond(s)...
Real time since poller start: 12.277834 s
Filter: comm "mem_miss"
Maps shown: total power consumption 

=== System totals (total) ===
  cpu_time:  149500012908 ns
  energy:    6162996000000 (units of your kfunc)
  uncore_energy:    970902698945220000 (units of your kfunc)

=== PID → power (EMA) (pid_to_power) [comm="mem_miss"] ===
PID      power             

=== PID → cumulative energy (pid_to_consumption) [comm="mem_miss"] ===
PID      energy            

[H[JPolling energy-fair scheduler maps every 100 millisecond(s)...
Real time since poller start: 12.384530 s
Filter: comm "mem_miss"
Maps shown: total power consumption 

=== System totals (total) ===
  cpu_time:  149511881322 ns
  energy:    6163492830000 (units of your kfunc)
  uncore_energy:    970902838580380000 (units of your kfunc)

=== PID → power (EMA) (pid_to_power) [comm="mem_miss"] ===
PID      power             

=== PID → cumulative energy (pid_to_consumption) [comm="mem_miss"] ===
PID      energy            

[H[JPolling energy-fair scheduler maps every 100 millisecond(s)...
Real time since poller start: 12.491231 s
Filter: comm "mem_miss"
Maps shown: total power consumption 

=== System totals (total) ===
  cpu_time:  149520885142 ns
  energy:    6163928320000 (units of your kfunc)
  uncore_energy:    970902932006890000 (units of your kfunc)

=== PID → power (EMA) (pid_to_power) [comm="mem_miss"] ===
PID      power             

=== PID → cumulative energy (pid_to_consumption) [comm="mem_miss"] ===
PID      energy            

[H[JPolling energy-fair scheduler maps every 100 millisecond(s)...
Real time since poller start: 12.597926 s
Filter: comm "mem_miss"
Maps shown: total power consumption 

=== System totals (total) ===
  cpu_time:  149529821742 ns
  energy:    6164293760000 (units of your kfunc)
  uncore_energy:    970903076559350000 (units of your kfunc)

=== PID → power (EMA) (pid_to_power) [comm="mem_miss"] ===
PID      power             

=== PID → cumulative energy (pid_to_consumption) [comm="mem_miss"] ===
PID      energy            

[H[JPolling energy-fair scheduler maps every 100 millisecond(s)...
Real time since poller start: 12.704636 s
Filter: comm "mem_miss"
Maps shown: total power consumption 

=== System totals (total) ===
  cpu_time:  149537725805 ns
  energy:    6164622430000 (units of your kfunc)
  uncore_energy:    970903219424500000 (units of your kfunc)

=== PID → power (EMA) (pid_to_power) [comm="mem_miss"] ===
PID      power             

=== PID → cumulative energy (pid_to_consumption) [comm="mem_miss"] ===
PID      energy            

[H[JPolling energy-fair scheduler maps every 100 millisecond(s)...
Real time since poller start: 12.811320 s
Filter: comm "mem_miss"
Maps shown: total power consumption 

=== System totals (total) ===
  cpu_time:  149548243763 ns
  energy:    6165055480000 (units of your kfunc)
  uncore_energy:    970903365145630000 (units of your kfunc)

=== PID → power (EMA) (pid_to_power) [comm="mem_miss"] ===
PID      power             

=== PID → cumulative energy (pid_to_consumption) [comm="mem_miss"] ===
PID      energy            

[H[JPolling energy-fair scheduler maps every 100 millisecond(s)...
Real time since poller start: 12.918049 s
Filter: comm "mem_miss"
Maps shown: total power consumption 

=== System totals (total) ===
  cpu_time:  149557737133 ns
  energy:    6165444740000 (units of your kfunc)
  uncore_energy:    970903519214980000 (units of your kfunc)

=== PID → power (EMA) (pid_to_power) [comm="mem_miss"] ===
PID      power             

=== PID → cumulative energy (pid_to_consumption) [comm="mem_miss"] ===
PID      energy            

[H[JPolling energy-fair scheduler maps every 100 millisecond(s)...
Real time since poller start: 13.024760 s
Filter: comm "mem_miss"
Maps shown: total power consumption 

=== System totals (total) ===
  cpu_time:  149565438096 ns
  energy:    6165752980000 (units of your kfunc)
  uncore_energy:    970903625125310000 (units of your kfunc)

=== PID → power (EMA) (pid_to_power) [comm="mem_miss"] ===
PID      power             

=== PID → cumulative energy (pid_to_consumption) [comm="mem_miss"] ===
PID      energy            

[H[JPolling energy-fair scheduler maps every 100 millisecond(s)...
Real time since poller start: 13.131483 s
Filter: comm "mem_miss"
Maps shown: total power consumption 

=== System totals (total) ===
  cpu_time:  149589322355 ns
  energy:    6166854370000 (units of your kfunc)
  uncore_energy:    970903788245570000 (units of your kfunc)

=== PID → power (EMA) (pid_to_power) [comm="mem_miss"] ===
PID      power             

=== PID → cumulative energy (pid_to_consumption) [comm="mem_miss"] ===
PID      energy            

[H[JPolling energy-fair scheduler maps every 100 millisecond(s)...
Real time since poller start: 13.238208 s
Filter: comm "mem_miss"
Maps shown: total power consumption 

=== System totals (total) ===
  cpu_time:  149604817390 ns
  energy:    6167463340000 (units of your kfunc)
  uncore_energy:    970903927492400000 (units of your kfunc)

=== PID → power (EMA) (pid_to_power) [comm="mem_miss"] ===
PID      power             

=== PID → cumulative energy (pid_to_consumption) [comm="mem_miss"] ===
PID      energy            

[H[JPolling energy-fair scheduler maps every 100 millisecond(s)...
Real time since poller start: 13.344943 s
Filter: comm "mem_miss"
Maps shown: total power consumption 

=== System totals (total) ===
  cpu_time:  149614903065 ns
  energy:    6167848310000 (units of your kfunc)
  uncore_energy:    970904063852580000 (units of your kfunc)

=== PID → power (EMA) (pid_to_power) [comm="mem_miss"] ===
PID      power             

=== PID → cumulative energy (pid_to_consumption) [comm="mem_miss"] ===
PID      energy            

[H[JPolling energy-fair scheduler maps every 100 millisecond(s)...
Real time since poller start: 13.451640 s
Filter: comm "mem_miss"
Maps shown: total power consumption 

=== System totals (total) ===
  cpu_time:  149666683191 ns
  energy:    6169702850000 (units of your kfunc)
  uncore_energy:    970904207309320000 (units of your kfunc)

=== PID → power (EMA) (pid_to_power) [comm="mem_miss"] ===
PID      power             
186400   22                

=== PID → cumulative energy (pid_to_consumption) [comm="mem_miss"] ===
PID      energy            
186400   1480870000        

[H[JPolling energy-fair scheduler maps every 100 millisecond(s)...
Real time since poller start: 13.558493 s
Filter: comm "mem_miss"
Maps shown: total power consumption 

=== System totals (total) ===
  cpu_time:  149786862689 ns
  energy:    6173006120000 (units of your kfunc)
  uncore_energy:    970904353712780000 (units of your kfunc)

=== PID → power (EMA) (pid_to_power) [comm="mem_miss"] ===
PID      power             
186400   22                

=== PID → cumulative energy (pid_to_consumption) [comm="mem_miss"] ===
PID      energy            
186400   4068340000        

[H[JPolling energy-fair scheduler maps every 100 millisecond(s)...
Real time since poller start: 13.665338 s
Filter: comm "mem_miss"
Maps shown: total power consumption 

=== System totals (total) ===
  cpu_time:  149918810351 ns
  energy:    6176623970000 (units of your kfunc)
  uncore_energy:    970904494256150000 (units of your kfunc)

=== PID → power (EMA) (pid_to_power) [comm="mem_miss"] ===
PID      power             
186400   21                

=== PID → cumulative energy (pid_to_consumption) [comm="mem_miss"] ===
PID      energy            
186400   6325410000        

[H[JPolling energy-fair scheduler maps every 100 millisecond(s)...
Real time since poller start: 13.772155 s
Filter: comm "mem_miss"
Maps shown: total power consumption 

=== System totals (total) ===
  cpu_time:  150054387158 ns
  energy:    6180396550000 (units of your kfunc)
  uncore_energy:    970904636103990000 (units of your kfunc)

=== PID → power (EMA) (pid_to_power) [comm="mem_miss"] ===
PID      power             
186400   20                

=== PID → cumulative energy (pid_to_consumption) [comm="mem_miss"] ===
PID      energy            
186400   8539620000        

[H[JPolling energy-fair scheduler maps every 100 millisecond(s)...
Real time since poller start: 13.878976 s
Filter: comm "mem_miss"
Maps shown: total power consumption 

=== System totals (total) ===
  cpu_time:  150283799776 ns
  energy:    6186986730000 (units of your kfunc)
  uncore_energy:    970904778552360000 (units of your kfunc)

=== PID → power (EMA) (pid_to_power) [comm="mem_miss"] ===
PID      power             
186400   29                

=== PID → cumulative energy (pid_to_consumption) [comm="mem_miss"] ===
PID      energy            
186400   11241950000       

[H[JPolling energy-fair scheduler maps every 100 millisecond(s)...
Real time since poller start: 13.985932 s
Filter: comm "mem_miss"
Maps shown: total power consumption 

=== System totals (total) ===
  cpu_time:  150498193076 ns
  energy:    6192965000000 (units of your kfunc)
  uncore_energy:    970904919968500000 (units of your kfunc)

=== PID → power (EMA) (pid_to_power) [comm="mem_miss"] ===
PID      power             
186400   27                

=== PID → cumulative energy (pid_to_consumption) [comm="mem_miss"] ===
PID      energy            
186400   13970990000       

[H[JPolling energy-fair scheduler maps every 100 millisecond(s)...
Real time since poller start: 14.092926 s
Filter: comm "mem_miss"
Maps shown: total power consumption 

=== System totals (total) ===
  cpu_time:  150651250705 ns
  energy:    6197275930000 (units of your kfunc)
  uncore_energy:    970905068140020000 (units of your kfunc)

=== PID → power (EMA) (pid_to_power) [comm="mem_miss"] ===
PID      power             
186400   20                

=== PID → cumulative energy (pid_to_consumption) [comm="mem_miss"] ===
PID      energy            
186400   16467330000       

[H[JPolling energy-fair scheduler maps every 100 millisecond(s)...
Real time since poller start: 14.199933 s
Filter: comm "mem_miss"
Maps shown: total power consumption 

=== System totals (total) ===
  cpu_time:  150764979209 ns
  energy:    6199934480000 (units of your kfunc)
  uncore_energy:    970905210827080000 (units of your kfunc)

=== PID → power (EMA) (pid_to_power) [comm="mem_miss"] ===
PID      power             
186400   20                

=== PID → cumulative energy (pid_to_consumption) [comm="mem_miss"] ===
PID      energy            
186400   18676530000       

[H[JPolling energy-fair scheduler maps every 100 millisecond(s)...
Real time since poller start: 14.306793 s
Filter: comm "mem_miss"
Maps shown: total power consumption 

=== System totals (total) ===
  cpu_time:  150894791633 ns
  energy:    6203431490000 (units of your kfunc)
  uncore_energy:    970905354250540000 (units of your kfunc)

=== PID → power (EMA) (pid_to_power) [comm="mem_miss"] ===
PID      power             
186400   17                

=== PID → cumulative energy (pid_to_consumption) [comm="mem_miss"] ===
PID      energy            
186400   20888140000       

[H[JPolling energy-fair scheduler maps every 100 millisecond(s)...
Real time since poller start: 14.413753 s
Filter: comm "mem_miss"
Maps shown: total power consumption 

=== System totals (total) ===
  cpu_time:  151008238068 ns
  energy:    6206102170000 (units of your kfunc)
  uncore_energy:    970905497284210000 (units of your kfunc)

=== PID → power (EMA) (pid_to_power) [comm="mem_miss"] ===
PID      power             
186400   19                

=== PID → cumulative energy (pid_to_consumption) [comm="mem_miss"] ===
PID      energy            
186400   23127150000       

[H[JPolling energy-fair scheduler maps every 100 millisecond(s)...
Real time since poller start: 14.520648 s
Filter: comm "mem_miss"
Maps shown: total power consumption 

=== System totals (total) ===
  cpu_time:  151123009082 ns
  energy:    6208830490000 (units of your kfunc)
  uncore_energy:    970905639863510000 (units of your kfunc)

=== PID → power (EMA) (pid_to_power) [comm="mem_miss"] ===
PID      power             
186400   19                

=== PID → cumulative energy (pid_to_consumption) [comm="mem_miss"] ===
PID      energy            
186400   25334980000       

[H[JPolling energy-fair scheduler maps every 100 millisecond(s)...
Real time since poller start: 14.627588 s
Filter: comm "mem_miss"
Maps shown: total power consumption 

=== System totals (total) ===
  cpu_time:  151235599643 ns
  energy:    6211546730000 (units of your kfunc)
  uncore_energy:    970905780130970000 (units of your kfunc)

=== PID → power (EMA) (pid_to_power) [comm="mem_miss"] ===
PID      power             
186400   18                

=== PID → cumulative energy (pid_to_consumption) [comm="mem_miss"] ===
PID      energy            
186400   27567660000       

[H[JPolling energy-fair scheduler maps every 100 millisecond(s)...
Real time since poller start: 14.734494 s
Filter: comm "mem_miss"
Maps shown: total power consumption 

=== System totals (total) ===
  cpu_time:  151348743695 ns
  energy:    6214191370000 (units of your kfunc)
  uncore_energy:    970905922474120000 (units of your kfunc)

=== PID → power (EMA) (pid_to_power) [comm="mem_miss"] ===
PID      power             
186400   20                

=== PID → cumulative energy (pid_to_consumption) [comm="mem_miss"] ===
PID      energy            
186400   29759270000       

[H[JPolling energy-fair scheduler maps every 100 millisecond(s)...
Real time since poller start: 14.841435 s
Filter: comm "mem_miss"
Maps shown: total power consumption 

=== System totals (total) ===
  cpu_time:  151465095492 ns
  energy:    6216973170000 (units of your kfunc)
  uncore_energy:    970906064441620000 (units of your kfunc)

=== PID → power (EMA) (pid_to_power) [comm="mem_miss"] ===
PID      power             
186400   21                

=== PID → cumulative energy (pid_to_consumption) [comm="mem_miss"] ===
PID      energy            
186400   31995430000       

[H[JPolling energy-fair scheduler maps every 100 millisecond(s)...
Real time since poller start: 14.948357 s
Filter: comm "mem_miss"
Maps shown: total power consumption 

=== System totals (total) ===
  cpu_time:  151579200167 ns
  energy:    6219704080000 (units of your kfunc)
  uncore_energy:    970906205844010000 (units of your kfunc)

=== PID → power (EMA) (pid_to_power) [comm="mem_miss"] ===
PID      power             
186400   20                

=== PID → cumulative energy (pid_to_consumption) [comm="mem_miss"] ===
PID      energy            
186400   34253610000       

[H[JPolling energy-fair scheduler maps every 100 millisecond(s)...
Real time since poller start: 15.055273 s
Filter: comm "mem_miss"
Maps shown: total power consumption 

=== System totals (total) ===
  cpu_time:  151693234974 ns
  energy:    6222476950000 (units of your kfunc)
  uncore_energy:    970906346288000000 (units of your kfunc)

=== PID → power (EMA) (pid_to_power) [comm="mem_miss"] ===
PID      power             
186400   20                

=== PID → cumulative energy (pid_to_consumption) [comm="mem_miss"] ===
PID      energy            
186400   36541060000       

[H[JPolling energy-fair scheduler maps every 100 millisecond(s)...
Real time since poller start: 15.162233 s
Filter: comm "mem_miss"
Maps shown: total power consumption 

=== System totals (total) ===
  cpu_time:  151821924120 ns
  energy:    6225922670000 (units of your kfunc)
  uncore_energy:    970906488175990000 (units of your kfunc)

=== PID → power (EMA) (pid_to_power) [comm="mem_miss"] ===
PID      power             
186400   20                

=== PID → cumulative energy (pid_to_consumption) [comm="mem_miss"] ===
PID      energy            
186400   38816130000       

[H[JPolling energy-fair scheduler maps every 100 millisecond(s)...
Real time since poller start: 15.269178 s
Filter: comm "mem_miss"
Maps shown: total power consumption 

=== System totals (total) ===
  cpu_time:  151936355489 ns
  energy:    6228632950000 (units of your kfunc)
  uncore_energy:    970906631404580000 (units of your kfunc)

=== PID → power (EMA) (pid_to_power) [comm="mem_miss"] ===
PID      power             
186400   21                

=== PID → cumulative energy (pid_to_consumption) [comm="mem_miss"] ===
PID      energy            
186400   41072600000       

[H[JPolling energy-fair scheduler maps every 100 millisecond(s)...
Real time since poller start: 15.376088 s
Filter: comm "mem_miss"
Maps shown: total power consumption 

=== System totals (total) ===
  cpu_time:  152048785886 ns
  energy:    6231308240000 (units of your kfunc)
  uncore_energy:    970906773554120000 (units of your kfunc)

=== PID → power (EMA) (pid_to_power) [comm="mem_miss"] ===
PID      power             
186400   19                

=== PID → cumulative energy (pid_to_consumption) [comm="mem_miss"] ===
PID      energy            
186400   43319140000       

[H[JPolling energy-fair scheduler maps every 100 millisecond(s)...
Real time since poller start: 15.482946 s
Filter: comm "mem_miss"
Maps shown: total power consumption 

=== System totals (total) ===
  cpu_time:  152161007490 ns
  energy:    6233960210000 (units of your kfunc)
  uncore_energy:    970906914992730000 (units of your kfunc)

=== PID → power (EMA) (pid_to_power) [comm="mem_miss"] ===
PID      power             
186400   19                

=== PID → cumulative energy (pid_to_consumption) [comm="mem_miss"] ===
PID      energy            
186400   45602940000       

[H[JPolling energy-fair scheduler maps every 100 millisecond(s)...
Real time since poller start: 15.589903 s
Filter: comm "mem_miss"
Maps shown: total power consumption 

=== System totals (total) ===
  cpu_time:  152274280040 ns
  energy:    6236615020000 (units of your kfunc)
  uncore_energy:    970907056554380000 (units of your kfunc)

=== PID → power (EMA) (pid_to_power) [comm="mem_miss"] ===
PID      power             
186400   21                

=== PID → cumulative energy (pid_to_consumption) [comm="mem_miss"] ===
PID      energy            
186400   47868810000       

[H[JPolling energy-fair scheduler maps every 100 millisecond(s)...
Real time since poller start: 15.696810 s
Filter: comm "mem_miss"
Maps shown: total power consumption 

=== System totals (total) ===
  cpu_time:  152384797746 ns
  energy:    6239202200000 (units of your kfunc)
  uncore_energy:    970907197578040000 (units of your kfunc)

=== PID → power (EMA) (pid_to_power) [comm="mem_miss"] ===
PID      power             
186400   18                

=== PID → cumulative energy (pid_to_consumption) [comm="mem_miss"] ===
PID      energy            
186400   50118000000       

[H[JPolling energy-fair scheduler maps every 100 millisecond(s)...
Real time since poller start: 15.803655 s
Filter: comm "mem_miss"
Maps shown: total power consumption 

=== System totals (total) ===
  cpu_time:  152498082424 ns
  energy:    6241910320000 (units of your kfunc)
  uncore_energy:    970907339152600000 (units of your kfunc)

=== PID → power (EMA) (pid_to_power) [comm="mem_miss"] ===
PID      power             
186400   19                

=== PID → cumulative energy (pid_to_consumption) [comm="mem_miss"] ===
PID      energy            
186400   52406190000       

[H[JPolling energy-fair scheduler maps every 100 millisecond(s)...
Real time since poller start: 15.910620 s
Filter: comm "mem_miss"
Maps shown: total power consumption 

=== System totals (total) ===
  cpu_time:  152612448156 ns
  energy:    6244713380000 (units of your kfunc)
  uncore_energy:    970907480068570000 (units of your kfunc)

=== PID → power (EMA) (pid_to_power) [comm="mem_miss"] ===
PID      power             
186400   19                

=== PID → cumulative energy (pid_to_consumption) [comm="mem_miss"] ===
PID      energy            
186400   54743090000       

[H[JPolling energy-fair scheduler maps every 100 millisecond(s)...
Real time since poller start: 16.017566 s
Filter: comm "mem_miss"
Maps shown: total power consumption 

=== System totals (total) ===
  cpu_time:  152724381812 ns
  energy:    6247442780000 (units of your kfunc)
  uncore_energy:    970907621354980000 (units of your kfunc)

=== PID → power (EMA) (pid_to_power) [comm="mem_miss"] ===
PID      power             
186400   21                

=== PID → cumulative energy (pid_to_consumption) [comm="mem_miss"] ===
PID      energy            
186400   57030470000       

[H[JPolling energy-fair scheduler maps every 100 millisecond(s)...
Real time since poller start: 16.124471 s
Filter: comm "mem_miss"
Maps shown: total power consumption 

=== System totals (total) ===
  cpu_time:  152842814667 ns
  energy:    6250418610000 (units of your kfunc)
  uncore_energy:    970907762014400000 (units of your kfunc)

=== PID → power (EMA) (pid_to_power) [comm="mem_miss"] ===
PID      power             
186400   18                

=== PID → cumulative energy (pid_to_consumption) [comm="mem_miss"] ===
PID      energy            
186400   59312020000       

[H[JPolling energy-fair scheduler maps every 100 millisecond(s)...
Real time since poller start: 16.231386 s
Filter: comm "mem_miss"
Maps shown: total power consumption 

=== System totals (total) ===
  cpu_time:  152958370718 ns
  energy:    6253240180000 (units of your kfunc)
  uncore_energy:    970907904850640000 (units of your kfunc)

=== PID → power (EMA) (pid_to_power) [comm="mem_miss"] ===
PID      power             
186400   21                

=== PID → cumulative energy (pid_to_consumption) [comm="mem_miss"] ===
PID      energy            
186400   61598610000       

[H[JPolling energy-fair scheduler maps every 100 millisecond(s)...
Real time since poller start: 16.338326 s
Filter: comm "mem_miss"
Maps shown: total power consumption 

=== System totals (total) ===
  cpu_time:  153087310763 ns
  energy:    6256707720000 (units of your kfunc)
  uncore_energy:    970908046367530000 (units of your kfunc)

=== PID → power (EMA) (pid_to_power) [comm="mem_miss"] ===
PID      power             
186400   21                

=== PID → cumulative energy (pid_to_consumption) [comm="mem_miss"] ===
PID      energy            
186400   63880080000       

[H[JPolling energy-fair scheduler maps every 100 millisecond(s)...
Real time since poller start: 16.445230 s
Filter: comm "mem_miss"
Maps shown: total power consumption 

=== System totals (total) ===
  cpu_time:  153201635453 ns
  energy:    6259473670000 (units of your kfunc)
  uncore_energy:    970908187310990000 (units of your kfunc)

=== PID → power (EMA) (pid_to_power) [comm="mem_miss"] ===
PID      power             
186400   21                

=== PID → cumulative energy (pid_to_consumption) [comm="mem_miss"] ===
PID      energy            
186400   66189330000       

[H[JPolling energy-fair scheduler maps every 100 millisecond(s)...
Real time since poller start: 16.552147 s
Filter: comm "mem_miss"
Maps shown: total power consumption 

=== System totals (total) ===
  cpu_time:  153313143248 ns
  energy:    6262144420000 (units of your kfunc)
  uncore_energy:    970908328123520000 (units of your kfunc)

=== PID → power (EMA) (pid_to_power) [comm="mem_miss"] ===
PID      power             
186400   21                

=== PID → cumulative energy (pid_to_consumption) [comm="mem_miss"] ===
PID      energy            
186400   68494770000       

[H[JPolling energy-fair scheduler maps every 100 millisecond(s)...
Real time since poller start: 16.659141 s
Filter: comm "mem_miss"
Maps shown: total power consumption 

=== System totals (total) ===
  cpu_time:  153427780220 ns
  energy:    6264976910000 (units of your kfunc)
  uncore_energy:    970908469037210000 (units of your kfunc)

=== PID → power (EMA) (pid_to_power) [comm="mem_miss"] ===
PID      power             
186400   20                

=== PID → cumulative energy (pid_to_consumption) [comm="mem_miss"] ===
PID      energy            
186400   70815020000       

[H[JPolling energy-fair scheduler maps every 100 millisecond(s)...
Real time since poller start: 16.766071 s
Filter: comm "mem_miss"
Maps shown: total power consumption 

=== System totals (total) ===
  cpu_time:  153540723057 ns
  energy:    6267681050000 (units of your kfunc)
  uncore_energy:    970908609787660000 (units of your kfunc)

=== PID → power (EMA) (pid_to_power) [comm="mem_miss"] ===
PID      power             
186400   19                

=== PID → cumulative energy (pid_to_consumption) [comm="mem_miss"] ===
PID      energy            
186400   73130670000       

[H[JPolling energy-fair scheduler maps every 100 millisecond(s)...
Real time since poller start: 16.873001 s
Filter: comm "mem_miss"
Maps shown: total power consumption 

=== System totals (total) ===
  cpu_time:  153653859174 ns
  energy:    6270443690000 (units of your kfunc)
  uncore_energy:    970908750924870000 (units of your kfunc)

=== PID → power (EMA) (pid_to_power) [comm="mem_miss"] ===
PID      power             
186400   20                

=== PID → cumulative energy (pid_to_consumption) [comm="mem_miss"] ===
PID      energy            
186400   75457530000       

[H[JPolling energy-fair scheduler maps every 100 millisecond(s)...
Real time since poller start: 16.979905 s
Filter: comm "mem_miss"
Maps shown: total power consumption 

=== System totals (total) ===
  cpu_time:  153766276986 ns
  energy:    6273187980000 (units of your kfunc)
  uncore_energy:    970908891687200000 (units of your kfunc)

=== PID → power (EMA) (pid_to_power) [comm="mem_miss"] ===
PID      power             
186400   15                

=== PID → cumulative energy (pid_to_consumption) [comm="mem_miss"] ===
PID      energy            
186400   77755320000       

[H[JPolling energy-fair scheduler maps every 100 millisecond(s)...
Real time since poller start: 17.086814 s
Filter: comm "mem_miss"
Maps shown: total power consumption 

=== System totals (total) ===
  cpu_time:  153879082692 ns
  energy:    6275794460000 (units of your kfunc)
  uncore_energy:    970909035181790000 (units of your kfunc)

=== PID → power (EMA) (pid_to_power) [comm="mem_miss"] ===
PID      power             
186400   17                

=== PID → cumulative energy (pid_to_consumption) [comm="mem_miss"] ===
PID      energy            
186400   79947970000       

[H[JPolling energy-fair scheduler maps every 100 millisecond(s)...
Real time since poller start: 17.193740 s
Filter: comm "mem_miss"
Maps shown: total power consumption 

=== System totals (total) ===
  cpu_time:  153993593994 ns
  energy:    6278447630000 (units of your kfunc)
  uncore_energy:    970909177053310000 (units of your kfunc)

=== PID → power (EMA) (pid_to_power) [comm="mem_miss"] ===
PID      power             
186400   18                

=== PID → cumulative energy (pid_to_consumption) [comm="mem_miss"] ===
PID      energy            
186400   82135300000       

[H[JPolling energy-fair scheduler maps every 100 millisecond(s)...
Real time since poller start: 17.300695 s
Filter: comm "mem_miss"
Maps shown: total power consumption 

=== System totals (total) ===
  cpu_time:  154107072386 ns
  energy:    6281088740000 (units of your kfunc)
  uncore_energy:    970909318784000000 (units of your kfunc)

=== PID → power (EMA) (pid_to_power) [comm="mem_miss"] ===
PID      power             
186400   18                

=== PID → cumulative energy (pid_to_consumption) [comm="mem_miss"] ===
PID      energy            
186400   84338160000       

[H[JPolling energy-fair scheduler maps every 100 millisecond(s)...
Real time since poller start: 17.407657 s
Filter: comm "mem_miss"
Maps shown: total power consumption 

=== System totals (total) ===
  cpu_time:  154216481081 ns
  energy:    6283849740000 (units of your kfunc)
  uncore_energy:    970909455670210000 (units of your kfunc)

=== PID → power (EMA) (pid_to_power) [comm="mem_miss"] ===
PID      power             

=== PID → cumulative energy (pid_to_consumption) [comm="mem_miss"] ===
PID      energy            

[H[JPolling energy-fair scheduler maps every 100 millisecond(s)...
Real time since poller start: 17.514447 s
Filter: comm "mem_miss"
Maps shown: total power consumption 

=== System totals (total) ===
  cpu_time:  154225472919 ns
  energy:    6284249360000 (units of your kfunc)
  uncore_energy:    970909565156150000 (units of your kfunc)

=== PID → power (EMA) (pid_to_power) [comm="mem_miss"] ===
PID      power             

=== PID → cumulative energy (pid_to_consumption) [comm="mem_miss"] ===
PID      energy            

[H[JPolling energy-fair scheduler maps every 100 millisecond(s)...
Real time since poller start: 17.621230 s
Filter: comm "mem_miss"
Maps shown: total power consumption 

=== System totals (total) ===
  cpu_time:  154248494595 ns
  energy:    6285287260000 (units of your kfunc)
  uncore_energy:    970909677653260000 (units of your kfunc)

=== PID → power (EMA) (pid_to_power) [comm="mem_miss"] ===
PID      power             

=== PID → cumulative energy (pid_to_consumption) [comm="mem_miss"] ===
PID      energy            

[H[JPolling energy-fair scheduler maps every 100 millisecond(s)...
Real time since poller start: 17.728095 s
Filter: comm "mem_miss"
Maps shown: total power consumption 

=== System totals (total) ===
  cpu_time:  154257145722 ns
  energy:    6285637140000 (units of your kfunc)
  uncore_energy:    970909837123780000 (units of your kfunc)

=== PID → power (EMA) (pid_to_power) [comm="mem_miss"] ===
PID      power             

=== PID → cumulative energy (pid_to_consumption) [comm="mem_miss"] ===
PID      energy            

[H[JPolling energy-fair scheduler maps every 100 millisecond(s)...
Real time since poller start: 17.835099 s
Filter: comm "mem_miss"
Maps shown: total power consumption 

=== System totals (total) ===
  cpu_time:  154266956667 ns
  energy:    6286013890000 (units of your kfunc)
  uncore_energy:    970909983840990000 (units of your kfunc)

=== PID → power (EMA) (pid_to_power) [comm="mem_miss"] ===
PID      power             

=== PID → cumulative energy (pid_to_consumption) [comm="mem_miss"] ===
PID      energy            

[H[JPolling energy-fair scheduler maps every 100 millisecond(s)...
Real time since poller start: 17.942091 s
Filter: comm "mem_miss"
Maps shown: total power consumption 

=== System totals (total) ===
  cpu_time:  154276969800 ns
  energy:    6286430920000 (units of your kfunc)
  uncore_energy:    970910082538190000 (units of your kfunc)

=== PID → power (EMA) (pid_to_power) [comm="mem_miss"] ===
PID      power             

=== PID → cumulative energy (pid_to_consumption) [comm="mem_miss"] ===
PID      energy            

[H[JPolling energy-fair scheduler maps every 100 millisecond(s)...
Real time since poller start: 18.049091 s
Filter: comm "mem_miss"
Maps shown: total power consumption 

=== System totals (total) ===
  cpu_time:  154286732025 ns
  energy:    6286797430000 (units of your kfunc)
  uncore_energy:    970910224397790000 (units of your kfunc)

=== PID → power (EMA) (pid_to_power) [comm="mem_miss"] ===
PID      power             

=== PID → cumulative energy (pid_to_consumption) [comm="mem_miss"] ===
PID      energy            

[H[JPolling energy-fair scheduler maps every 100 millisecond(s)...
Real time since poller start: 18.156053 s
Filter: comm "mem_miss"
Maps shown: total power consumption 

=== System totals (total) ===
  cpu_time:  154309977274 ns
  energy:    6287802350000 (units of your kfunc)
  uncore_energy:    970910413309400000 (units of your kfunc)

=== PID → power (EMA) (pid_to_power) [comm="mem_miss"] ===
PID      power             

=== PID → cumulative energy (pid_to_consumption) [comm="mem_miss"] ===
PID      energy            

[H[JPolling energy-fair scheduler maps every 100 millisecond(s)...
Real time since poller start: 18.263050 s
Filter: comm "mem_miss"
Maps shown: total power consumption 

=== System totals (total) ===
  cpu_time:  154322137398 ns
  energy:    6288300850000 (units of your kfunc)
  uncore_energy:    970910524803240000 (units of your kfunc)

=== PID → power (EMA) (pid_to_power) [comm="mem_miss"] ===
PID      power             

=== PID → cumulative energy (pid_to_consumption) [comm="mem_miss"] ===
PID      energy            

[H[JPolling energy-fair scheduler maps every 100 millisecond(s)...
Real time since poller start: 18.370027 s
Filter: comm "mem_miss"
Maps shown: total power consumption 

=== System totals (total) ===
  cpu_time:  154331013187 ns
  energy:    6288678670000 (units of your kfunc)
  uncore_energy:    970910633620520000 (units of your kfunc)

=== PID → power (EMA) (pid_to_power) [comm="mem_miss"] ===
PID      power             

=== PID → cumulative energy (pid_to_consumption) [comm="mem_miss"] ===
PID      energy            

[H[JPolling energy-fair scheduler maps every 100 millisecond(s)...
Real time since poller start: 18.476743 s
Filter: comm "mem_miss"
Maps shown: total power consumption 

=== System totals (total) ===
  cpu_time:  154450506082 ns
  energy:    6292605530000 (units of your kfunc)
  uncore_energy:    970910836837980000 (units of your kfunc)

=== PID → power (EMA) (pid_to_power) [comm="mem_miss"] ===
PID      power             

=== PID → cumulative energy (pid_to_consumption) [comm="mem_miss"] ===
PID      energy            

[H[JPolling energy-fair scheduler maps every 100 millisecond(s)...
Real time since poller start: 18.583815 s
Filter: comm "mem_miss"
Maps shown: total power consumption 

=== System totals (total) ===
  cpu_time:  154563258170 ns
  energy:    6295665210000 (units of your kfunc)
  uncore_energy:    970910976215430000 (units of your kfunc)

=== PID → power (EMA) (pid_to_power) [comm="mem_miss"] ===
PID      power             

=== PID → cumulative energy (pid_to_consumption) [comm="mem_miss"] ===
PID      energy            

[H[JPolling energy-fair scheduler maps every 100 millisecond(s)...
Real time since poller start: 18.690814 s
Filter: comm "mem_miss"
Maps shown: total power consumption 

=== System totals (total) ===
  cpu_time:  154616179510 ns
  energy:    6297200070000 (units of your kfunc)
  uncore_energy:    970911116908960000 (units of your kfunc)

=== PID → power (EMA) (pid_to_power) [comm="mem_miss"] ===
PID      power             

=== PID → cumulative energy (pid_to_consumption) [comm="mem_miss"] ===
PID      energy            

[H[JPolling energy-fair scheduler maps every 100 millisecond(s)...
Real time since poller start: 18.797784 s
Filter: comm "mem_miss"
Maps shown: total power consumption 

=== System totals (total) ===
  cpu_time:  154624192534 ns
  energy:    6297523850000 (units of your kfunc)
  uncore_energy:    970911161715340000 (units of your kfunc)

=== PID → power (EMA) (pid_to_power) [comm="mem_miss"] ===
PID      power             

=== PID → cumulative energy (pid_to_consumption) [comm="mem_miss"] ===
PID      energy            

[H[JPolling energy-fair scheduler maps every 100 millisecond(s)...
Real time since poller start: 18.904766 s
Filter: comm "mem_miss"
Maps shown: total power consumption 

=== System totals (total) ===
  cpu_time:  154633127933 ns
  energy:    6297893730000 (units of your kfunc)
  uncore_energy:    970911342381230000 (units of your kfunc)

=== PID → power (EMA) (pid_to_power) [comm="mem_miss"] ===
PID      power             

=== PID → cumulative energy (pid_to_consumption) [comm="mem_miss"] ===
PID      energy            

[H[JPolling energy-fair scheduler maps every 100 millisecond(s)...
Real time since poller start: 19.011795 s
Filter: comm "mem_miss"
Maps shown: total power consumption 

=== System totals (total) ===
  cpu_time:  154659099576 ns
  energy:    6299034450000 (units of your kfunc)
  uncore_energy:    970911487621730000 (units of your kfunc)

=== PID → power (EMA) (pid_to_power) [comm="mem_miss"] ===
PID      power             

=== PID → cumulative energy (pid_to_consumption) [comm="mem_miss"] ===
PID      energy            

[H[JPolling energy-fair scheduler maps every 100 millisecond(s)...
Real time since poller start: 19.118764 s
Filter: comm "mem_miss"
Maps shown: total power consumption 

=== System totals (total) ===
  cpu_time:  154668548288 ns
  energy:    6299445050000 (units of your kfunc)
  uncore_energy:    970911665331250000 (units of your kfunc)

=== PID → power (EMA) (pid_to_power) [comm="mem_miss"] ===
PID      power             

=== PID → cumulative energy (pid_to_consumption) [comm="mem_miss"] ===
PID      energy            

[H[JPolling energy-fair scheduler maps every 100 millisecond(s)...
Real time since poller start: 19.225481 s
Filter: comm "mem_miss"
Maps shown: total power consumption 

=== System totals (total) ===
  cpu_time:  154677548446 ns
  energy:    6299808970000 (units of your kfunc)
  uncore_energy:    970911802039020000 (units of your kfunc)

=== PID → power (EMA) (pid_to_power) [comm="mem_miss"] ===
PID      power             

=== PID → cumulative energy (pid_to_consumption) [comm="mem_miss"] ===
PID      energy            

[H[JPolling energy-fair scheduler maps every 100 millisecond(s)...
Real time since poller start: 19.332190 s
Filter: comm "mem_miss"
Maps shown: total power consumption 

=== System totals (total) ===
  cpu_time:  154685593700 ns
  energy:    6300178240000 (units of your kfunc)
  uncore_energy:    970911937272320000 (units of your kfunc)

=== PID → power (EMA) (pid_to_power) [comm="mem_miss"] ===
PID      power             

=== PID → cumulative energy (pid_to_consumption) [comm="mem_miss"] ===
PID      energy            

[H[JPolling energy-fair scheduler maps every 100 millisecond(s)...
Real time since poller start: 19.438946 s
Filter: comm "mem_miss"
Maps shown: total power consumption 

=== System totals (total) ===
  cpu_time:  154696696059 ns
  energy:    6300628180000 (units of your kfunc)
  uncore_energy:    970912074140190000 (units of your kfunc)

=== PID → power (EMA) (pid_to_power) [comm="mem_miss"] ===
PID      power             

=== PID → cumulative energy (pid_to_consumption) [comm="mem_miss"] ===
PID      energy            

[H[JPolling energy-fair scheduler maps every 100 millisecond(s)...
Real time since poller start: 19.545944 s
Filter: comm "mem_miss"
Maps shown: total power consumption 

=== System totals (total) ===
  cpu_time:  154709105416 ns
  energy:    6301084870000 (units of your kfunc)
  uncore_energy:    970912171551230000 (units of your kfunc)

=== PID → power (EMA) (pid_to_power) [comm="mem_miss"] ===
PID      power             

=== PID → cumulative energy (pid_to_consumption) [comm="mem_miss"] ===
PID      energy            

[H[JPolling energy-fair scheduler maps every 100 millisecond(s)...
Real time since poller start: 19.652914 s
Filter: comm "mem_miss"
Maps shown: total power consumption 

=== System totals (total) ===
  cpu_time:  154717213562 ns
  energy:    6301408960000 (units of your kfunc)
  uncore_energy:    970912315965000000 (units of your kfunc)

=== PID → power (EMA) (pid_to_power) [comm="mem_miss"] ===
PID      power             

=== PID → cumulative energy (pid_to_consumption) [comm="mem_miss"] ===
PID      energy            

[H[JPolling energy-fair scheduler maps every 100 millisecond(s)...
Real time since poller start: 19.759898 s
Filter: comm "mem_miss"
Maps shown: total power consumption 

=== System totals (total) ===
  cpu_time:  154727692518 ns
  energy:    6301839110000 (units of your kfunc)
  uncore_energy:    970912471722290000 (units of your kfunc)

=== PID → power (EMA) (pid_to_power) [comm="mem_miss"] ===
PID      power             

=== PID → cumulative energy (pid_to_consumption) [comm="mem_miss"] ===
PID      energy            

[H[JPolling energy-fair scheduler maps every 100 millisecond(s)...
Real time since poller start: 19.866899 s
Filter: comm "mem_miss"
Maps shown: total power consumption 

=== System totals (total) ===
  cpu_time:  154735270049 ns
  energy:    6302140480000 (units of your kfunc)
  uncore_energy:    970912580354780000 (units of your kfunc)

=== PID → power (EMA) (pid_to_power) [comm="mem_miss"] ===
PID      power             

=== PID → cumulative energy (pid_to_consumption) [comm="mem_miss"] ===
PID      energy            

[H[JPolling energy-fair scheduler maps every 100 millisecond(s)...
Real time since poller start: 19.973781 s
Filter: comm "mem_miss"
Maps shown: total power consumption 

=== System totals (total) ===
  cpu_time:  154745946677 ns
  energy:    6302591080000 (units of your kfunc)
  uncore_energy:    970912744790810000 (units of your kfunc)

=== PID → power (EMA) (pid_to_power) [comm="mem_miss"] ===
PID      power             

=== PID → cumulative energy (pid_to_consumption) [comm="mem_miss"] ===
PID      energy            

[H[JPolling energy-fair scheduler maps every 100 millisecond(s)...
Real time since poller start: 20.080664 s
Filter: comm "mem_miss"
Maps shown: total power consumption 

=== System totals (total) ===
  cpu_time:  154754226713 ns
  energy:    6302928450000 (units of your kfunc)
  uncore_energy:    970912790666060000 (units of your kfunc)

=== PID → power (EMA) (pid_to_power) [comm="mem_miss"] ===
PID      power             

=== PID → cumulative energy (pid_to_consumption) [comm="mem_miss"] ===
PID      energy            

[H[JPolling energy-fair scheduler maps every 100 millisecond(s)...
Real time since poller start: 20.187601 s
Filter: comm "mem_miss"
Maps shown: total power consumption 

=== System totals (total) ===
  cpu_time:  154778156205 ns
  energy:    6303981920000 (units of your kfunc)
  uncore_energy:    970912997055370000 (units of your kfunc)

=== PID → power (EMA) (pid_to_power) [comm="mem_miss"] ===
PID      power             

=== PID → cumulative energy (pid_to_consumption) [comm="mem_miss"] ===
PID      energy            

[H[JPolling energy-fair scheduler maps every 100 millisecond(s)...
Real time since poller start: 20.294485 s
Filter: comm "mem_miss"
Maps shown: total power consumption 

=== System totals (total) ===
  cpu_time:  154786459890 ns
  energy:    6304356380000 (units of your kfunc)
  uncore_energy:    970913112470400000 (units of your kfunc)

=== PID → power (EMA) (pid_to_power) [comm="mem_miss"] ===
PID      power             

=== PID → cumulative energy (pid_to_consumption) [comm="mem_miss"] ===
PID      energy            

[H[JPolling energy-fair scheduler maps every 100 millisecond(s)...
Real time since poller start: 20.401372 s
Filter: comm "mem_miss"
Maps shown: total power consumption 

=== System totals (total) ===
  cpu_time:  154793906840 ns
  energy:    6304682300000 (units of your kfunc)
  uncore_energy:    970913286010750000 (units of your kfunc)

=== PID → power (EMA) (pid_to_power) [comm="mem_miss"] ===
PID      power             

=== PID → cumulative energy (pid_to_consumption) [comm="mem_miss"] ===
PID      energy            

[H[JPolling energy-fair scheduler maps every 100 millisecond(s)...
Real time since poller start: 20.508281 s
Filter: comm "mem_miss"
Maps shown: total power consumption 

=== System totals (total) ===
  cpu_time:  154801434811 ns
  energy:    6305015410000 (units of your kfunc)
  uncore_energy:    970913340857390000 (units of your kfunc)

=== PID → power (EMA) (pid_to_power) [comm="mem_miss"] ===
PID      power             

=== PID → cumulative energy (pid_to_consumption) [comm="mem_miss"] ===
PID      energy            

[H[JPolling energy-fair scheduler maps every 100 millisecond(s)...
Real time since poller start: 20.615297 s
Filter: comm "mem_miss"
Maps shown: total power consumption 

=== System totals (total) ===
  cpu_time:  154809421395 ns
  energy:    6305372760000 (units of your kfunc)
  uncore_energy:    970913574772960000 (units of your kfunc)

=== PID → power (EMA) (pid_to_power) [comm="mem_miss"] ===
PID      power             

=== PID → cumulative energy (pid_to_consumption) [comm="mem_miss"] ===
PID      energy            

[H[JPolling energy-fair scheduler maps every 100 millisecond(s)...
Real time since poller start: 20.722292 s
Filter: comm "mem_miss"
Maps shown: total power consumption 

=== System totals (total) ===
  cpu_time:  154818374444 ns
  energy:    6305717000000 (units of your kfunc)
  uncore_energy:    970913666665350000 (units of your kfunc)

=== PID → power (EMA) (pid_to_power) [comm="mem_miss"] ===
PID      power             

=== PID → cumulative energy (pid_to_consumption) [comm="mem_miss"] ===
PID      energy            

[H[JPolling energy-fair scheduler maps every 100 millisecond(s)...
Real time since poller start: 20.829213 s
Filter: comm "mem_miss"
Maps shown: total power consumption 

=== System totals (total) ===
  cpu_time:  154827676947 ns
  energy:    6306082140000 (units of your kfunc)
  uncore_energy:    970913767619480000 (units of your kfunc)

=== PID → power (EMA) (pid_to_power) [comm="mem_miss"] ===
PID      power             

=== PID → cumulative energy (pid_to_consumption) [comm="mem_miss"] ===
PID      energy            

[H[JPolling energy-fair scheduler maps every 100 millisecond(s)...
Real time since poller start: 20.936113 s
Filter: comm "mem_miss"
Maps shown: total power consumption 

=== System totals (total) ===
  cpu_time:  154837832141 ns
  energy:    6306475490000 (units of your kfunc)
  uncore_energy:    970913985259730000 (units of your kfunc)

=== PID → power (EMA) (pid_to_power) [comm="mem_miss"] ===
PID      power             

=== PID → cumulative energy (pid_to_consumption) [comm="mem_miss"] ===
PID      energy            

[H[JPolling energy-fair scheduler maps every 100 millisecond(s)...
Real time since poller start: 21.043031 s
Filter: comm "mem_miss"
Maps shown: total power consumption 

=== System totals (total) ===
  cpu_time:  154845391252 ns
  energy:    6306787530000 (units of your kfunc)
  uncore_energy:    970914082345160000 (units of your kfunc)

=== PID → power (EMA) (pid_to_power) [comm="mem_miss"] ===
PID      power             

=== PID → cumulative energy (pid_to_consumption) [comm="mem_miss"] ===
PID      energy            

[H[JPolling energy-fair scheduler maps every 100 millisecond(s)...
Real time since poller start: 21.149945 s
Filter: comm "mem_miss"
Maps shown: total power consumption 

=== System totals (total) ===
  cpu_time:  154853853017 ns
  energy:    6307112860000 (units of your kfunc)
  uncore_energy:    970914240457330000 (units of your kfunc)

=== PID → power (EMA) (pid_to_power) [comm="mem_miss"] ===
PID      power             

=== PID → cumulative energy (pid_to_consumption) [comm="mem_miss"] ===
PID      energy            

[H[JPolling energy-fair scheduler maps every 100 millisecond(s)...
Real time since poller start: 21.256834 s
Filter: comm "mem_miss"
Maps shown: total power consumption 

=== System totals (total) ===
  cpu_time:  154862080613 ns
  energy:    6307435590000 (units of your kfunc)
  uncore_energy:    970914283741620000 (units of your kfunc)

=== PID → power (EMA) (pid_to_power) [comm="mem_miss"] ===
PID      power             

=== PID → cumulative energy (pid_to_consumption) [comm="mem_miss"] ===
PID      energy            

[H[JPolling energy-fair scheduler maps every 100 millisecond(s)...
Real time since poller start: 21.363749 s
Filter: comm "mem_miss"
Maps shown: total power consumption 

=== System totals (total) ===
  cpu_time:  154871586054 ns
  energy:    6307850920000 (units of your kfunc)
  uncore_energy:    970914529536310000 (units of your kfunc)

=== PID → power (EMA) (pid_to_power) [comm="mem_miss"] ===
PID      power             

=== PID → cumulative energy (pid_to_consumption) [comm="mem_miss"] ===
PID      energy            

[H[JPolling energy-fair scheduler maps every 100 millisecond(s)...
Real time since poller start: 21.470660 s
Filter: comm "mem_miss"
Maps shown: total power consumption 

=== System totals (total) ===
  cpu_time:  154886802468 ns
  energy:    6308425730000 (units of your kfunc)
  uncore_energy:    970914638384260000 (units of your kfunc)

=== PID → power (EMA) (pid_to_power) [comm="mem_miss"] ===
PID      power             

=== PID → cumulative energy (pid_to_consumption) [comm="mem_miss"] ===
PID      energy            

[H[JPolling energy-fair scheduler maps every 100 millisecond(s)...
Real time since poller start: 21.577596 s
Filter: comm "mem_miss"
Maps shown: total power consumption 

=== System totals (total) ===
  cpu_time:  154901380838 ns
  energy:    6309002800000 (units of your kfunc)
  uncore_energy:    970914796845740000 (units of your kfunc)

=== PID → power (EMA) (pid_to_power) [comm="mem_miss"] ===
PID      power             

=== PID → cumulative energy (pid_to_consumption) [comm="mem_miss"] ===
PID      energy            

[H[JPolling energy-fair scheduler maps every 100 millisecond(s)...
Real time since poller start: 21.684542 s
Filter: comm "mem_miss"
Maps shown: total power consumption 

=== System totals (total) ===
  cpu_time:  154924087961 ns
  energy:    6310025900000 (units of your kfunc)
  uncore_energy:    970914876219520000 (units of your kfunc)

=== PID → power (EMA) (pid_to_power) [comm="mem_miss"] ===
PID      power             

=== PID → cumulative energy (pid_to_consumption) [comm="mem_miss"] ===
PID      energy            

[H[JPolling energy-fair scheduler maps every 100 millisecond(s)...
Real time since poller start: 21.791499 s
Filter: comm "mem_miss"
Maps shown: total power consumption 

=== System totals (total) ===
  cpu_time:  154935610064 ns
  energy:    6310446290000 (units of your kfunc)
  uncore_energy:    970915068344450000 (units of your kfunc)

=== PID → power (EMA) (pid_to_power) [comm="mem_miss"] ===
PID      power             

=== PID → cumulative energy (pid_to_consumption) [comm="mem_miss"] ===
PID      energy            

[H[JPolling energy-fair scheduler maps every 100 millisecond(s)...
Real time since poller start: 21.898477 s
Filter: comm "mem_miss"
Maps shown: total power consumption 

=== System totals (total) ===
  cpu_time:  154943572877 ns
  energy:    6310791450000 (units of your kfunc)
  uncore_energy:    970915218510610000 (units of your kfunc)

=== PID → power (EMA) (pid_to_power) [comm="mem_miss"] ===
PID      power             

=== PID → cumulative energy (pid_to_consumption) [comm="mem_miss"] ===
PID      energy            

[H[JPolling energy-fair scheduler maps every 100 millisecond(s)...
Real time since poller start: 22.005403 s
Filter: comm "mem_miss"
Maps shown: total power consumption 

=== System totals (total) ===
  cpu_time:  154954240925 ns
  energy:    6311218230000 (units of your kfunc)
  uncore_energy:    970915329888180000 (units of your kfunc)

=== PID → power (EMA) (pid_to_power) [comm="mem_miss"] ===
PID      power             

=== PID → cumulative energy (pid_to_consumption) [comm="mem_miss"] ===
PID      energy            

[H[JPolling energy-fair scheduler maps every 100 millisecond(s)...
Real time since poller start: 22.112376 s
Filter: comm "mem_miss"
Maps shown: total power consumption 

=== System totals (total) ===
  cpu_time:  154965318836 ns
  energy:    6311675540000 (units of your kfunc)
  uncore_energy:    970915480606560000 (units of your kfunc)

=== PID → power (EMA) (pid_to_power) [comm="mem_miss"] ===
PID      power             

=== PID → cumulative energy (pid_to_consumption) [comm="mem_miss"] ===
PID      energy            

[H[JPolling energy-fair scheduler maps every 100 millisecond(s)...
Real time since poller start: 22.219310 s
Filter: comm "mem_miss"
Maps shown: total power consumption 

=== System totals (total) ===
  cpu_time:  154978046897 ns
  energy:    6312193720000 (units of your kfunc)
  uncore_energy:    970915622953220000 (units of your kfunc)

=== PID → power (EMA) (pid_to_power) [comm="mem_miss"] ===
PID      power             

=== PID → cumulative energy (pid_to_consumption) [comm="mem_miss"] ===
PID      energy            

[H[JPolling energy-fair scheduler maps every 100 millisecond(s)...
Real time since poller start: 22.326259 s
Filter: comm "mem_miss"
Maps shown: total power consumption 

=== System totals (total) ===
  cpu_time:  154986886305 ns
  energy:    6312534450000 (units of your kfunc)
  uncore_energy:    970915716379420000 (units of your kfunc)

=== PID → power (EMA) (pid_to_power) [comm="mem_miss"] ===
PID      power             

=== PID → cumulative energy (pid_to_consumption) [comm="mem_miss"] ===
PID      energy            

[H[JPolling energy-fair scheduler maps every 100 millisecond(s)...
Real time since poller start: 22.433195 s
Filter: comm "mem_miss"
Maps shown: total power consumption 

=== System totals (total) ===
  cpu_time:  154996674028 ns
  energy:    6312900070000 (units of your kfunc)
  uncore_energy:    970915858720870000 (units of your kfunc)

=== PID → power (EMA) (pid_to_power) [comm="mem_miss"] ===
PID      power             

=== PID → cumulative energy (pid_to_consumption) [comm="mem_miss"] ===
PID      energy            

[H[JPolling energy-fair scheduler maps every 100 millisecond(s)...
Real time since poller start: 22.540117 s
Filter: comm "mem_miss"
Maps shown: total power consumption 

=== System totals (total) ===
  cpu_time:  155007926061 ns
  energy:    6313315710000 (units of your kfunc)
  uncore_energy:    970916036137720000 (units of your kfunc)

=== PID → power (EMA) (pid_to_power) [comm="mem_miss"] ===
PID      power             

=== PID → cumulative energy (pid_to_consumption) [comm="mem_miss"] ===
PID      energy            

[H[JPolling energy-fair scheduler maps every 100 millisecond(s)...
Real time since poller start: 22.647031 s
Filter: comm "mem_miss"
Maps shown: total power consumption 

=== System totals (total) ===
  cpu_time:  155016260887 ns
  energy:    6313657200000 (units of your kfunc)
  uncore_energy:    970916117565940000 (units of your kfunc)

=== PID → power (EMA) (pid_to_power) [comm="mem_miss"] ===
PID      power             

=== PID → cumulative energy (pid_to_consumption) [comm="mem_miss"] ===
PID      energy            

[H[JPolling energy-fair scheduler maps every 100 millisecond(s)...
Real time since poller start: 22.753989 s
Filter: comm "mem_miss"
Maps shown: total power consumption 

=== System totals (total) ===
  cpu_time:  155026045010 ns
  energy:    6314020520000 (units of your kfunc)
  uncore_energy:    970916313285230000 (units of your kfunc)

=== PID → power (EMA) (pid_to_power) [comm="mem_miss"] ===
PID      power             

=== PID → cumulative energy (pid_to_consumption) [comm="mem_miss"] ===
PID      energy            

[H[JPolling energy-fair scheduler maps every 100 millisecond(s)...
Real time since poller start: 22.860978 s
Filter: comm "mem_miss"
Maps shown: total power consumption 

=== System totals (total) ===
  cpu_time:  155034341215 ns
  energy:    6314368870000 (units of your kfunc)
  uncore_energy:    970916393888720000 (units of your kfunc)

=== PID → power (EMA) (pid_to_power) [comm="mem_miss"] ===
PID      power             

=== PID → cumulative energy (pid_to_consumption) [comm="mem_miss"] ===
PID      energy            

[H[JPolling energy-fair scheduler maps every 100 millisecond(s)...
Real time since poller start: 22.967998 s
Filter: comm "mem_miss"
Maps shown: total power consumption 

=== System totals (total) ===
  cpu_time:  155042815231 ns
  energy:    6314705770000 (units of your kfunc)
  uncore_energy:    970916541099280000 (units of your kfunc)

=== PID → power (EMA) (pid_to_power) [comm="mem_miss"] ===
PID      power             

=== PID → cumulative energy (pid_to_consumption) [comm="mem_miss"] ===
PID      energy            

[H[JPolling energy-fair scheduler maps every 100 millisecond(s)...
Real time since poller start: 23.074987 s
Filter: comm "mem_miss"
Maps shown: total power consumption 

=== System totals (total) ===
  cpu_time:  155068609482 ns
  energy:    6315798450000 (units of your kfunc)
  uncore_energy:    970916705245860000 (units of your kfunc)

=== PID → power (EMA) (pid_to_power) [comm="mem_miss"] ===
PID      power             

=== PID → cumulative energy (pid_to_consumption) [comm="mem_miss"] ===
PID      energy            

[H[JPolling energy-fair scheduler maps every 100 millisecond(s)...
Real time since poller start: 23.181897 s
Filter: comm "mem_miss"
Maps shown: total power consumption 

=== System totals (total) ===
  cpu_time:  155078242344 ns
  energy:    6316195490000 (units of your kfunc)
  uncore_energy:    970916817946050000 (units of your kfunc)

=== PID → power (EMA) (pid_to_power) [comm="mem_miss"] ===
PID      power             

=== PID → cumulative energy (pid_to_consumption) [comm="mem_miss"] ===
PID      energy            

[H[JPolling energy-fair scheduler maps every 100 millisecond(s)...
Real time since poller start: 23.288810 s
Filter: comm "mem_miss"
Maps shown: total power consumption 

=== System totals (total) ===
  cpu_time:  155090153299 ns
  energy:    6316706950000 (units of your kfunc)
  uncore_energy:    970916939489180000 (units of your kfunc)

=== PID → power (EMA) (pid_to_power) [comm="mem_miss"] ===
PID      power             

=== PID → cumulative energy (pid_to_consumption) [comm="mem_miss"] ===
PID      energy            

[H[JPolling energy-fair scheduler maps every 100 millisecond(s)...
Real time since poller start: 23.395704 s
Filter: comm "mem_miss"
Maps shown: total power consumption 

=== System totals (total) ===
  cpu_time:  155100081481 ns
  energy:    6317117410000 (units of your kfunc)
  uncore_energy:    970917095601700000 (units of your kfunc)

=== PID → power (EMA) (pid_to_power) [comm="mem_miss"] ===
PID      power             

=== PID → cumulative energy (pid_to_consumption) [comm="mem_miss"] ===
PID      energy            

[H[JPolling energy-fair scheduler maps every 100 millisecond(s)...
Real time since poller start: 23.502575 s
Filter: comm "mem_miss"
Maps shown: total power consumption 

=== System totals (total) ===
  cpu_time:  155110617679 ns
  energy:    6317627350000 (units of your kfunc)
  uncore_energy:    970917253448240000 (units of your kfunc)

=== PID → power (EMA) (pid_to_power) [comm="mem_miss"] ===
PID      power             

=== PID → cumulative energy (pid_to_consumption) [comm="mem_miss"] ===
PID      energy            

[H[JPolling energy-fair scheduler maps every 100 millisecond(s)...
Real time since poller start: 23.609443 s
Filter: comm "mem_miss"
Maps shown: total power consumption 

=== System totals (total) ===
  cpu_time:  155120360423 ns
  energy:    6318026050000 (units of your kfunc)
  uncore_energy:    970917406880260000 (units of your kfunc)

=== PID → power (EMA) (pid_to_power) [comm="mem_miss"] ===
PID      power             

=== PID → cumulative energy (pid_to_consumption) [comm="mem_miss"] ===
PID      energy            

[H[JPolling energy-fair scheduler maps every 100 millisecond(s)...
Real time since poller start: 23.716331 s
Filter: comm "mem_miss"
Maps shown: total power consumption 

=== System totals (total) ===
  cpu_time:  155142275462 ns
  energy:    6319012380000 (units of your kfunc)
  uncore_energy:    970917522874820000 (units of your kfunc)

=== PID → power (EMA) (pid_to_power) [comm="mem_miss"] ===
PID      power             

=== PID → cumulative energy (pid_to_consumption) [comm="mem_miss"] ===
PID      energy            

[H[JPolling energy-fair scheduler maps every 100 millisecond(s)...
Real time since poller start: 23.823282 s
Filter: comm "mem_miss"
Maps shown: total power consumption 

=== System totals (total) ===
  cpu_time:  155210647603 ns
  energy:    6321635550000 (units of your kfunc)
  uncore_energy:    970917691001470000 (units of your kfunc)

=== PID → power (EMA) (pid_to_power) [comm="mem_miss"] ===
PID      power             

=== PID → cumulative energy (pid_to_consumption) [comm="mem_miss"] ===
PID      energy            

[H[JPolling energy-fair scheduler maps every 100 millisecond(s)...
Real time since poller start: 23.930182 s
Filter: comm "mem_miss"
Maps shown: total power consumption 

=== System totals (total) ===
  cpu_time:  155321538018 ns
  energy:    6324904720000 (units of your kfunc)
  uncore_energy:    970917829381010000 (units of your kfunc)

=== PID → power (EMA) (pid_to_power) [comm="mem_miss"] ===
PID      power             

=== PID → cumulative energy (pid_to_consumption) [comm="mem_miss"] ===
PID      energy            

[H[JPolling energy-fair scheduler maps every 100 millisecond(s)...
Real time since poller start: 24.037111 s
Filter: comm "mem_miss"
Maps shown: total power consumption 

=== System totals (total) ===
  cpu_time:  155435775031 ns
  energy:    6328410000000 (units of your kfunc)
  uncore_energy:    970917970072510000 (units of your kfunc)

=== PID → power (EMA) (pid_to_power) [comm="mem_miss"] ===
PID      power             

=== PID → cumulative energy (pid_to_consumption) [comm="mem_miss"] ===
PID      energy            

[H[JPolling energy-fair scheduler maps every 100 millisecond(s)...
Real time since poller start: 24.144505 s
Filter: comm "mem_miss"
Maps shown: total power consumption 

=== System totals (total) ===
  cpu_time:  155446970022 ns
  energy:    6328922530000 (units of your kfunc)
  uncore_energy:    970918092099040000 (units of your kfunc)

=== PID → power (EMA) (pid_to_power) [comm="mem_miss"] ===
PID      power             

=== PID → cumulative energy (pid_to_consumption) [comm="mem_miss"] ===
PID      energy            

[H[JPolling energy-fair scheduler maps every 100 millisecond(s)...
Real time since poller start: 24.251450 s
Filter: comm "mem_miss"
Maps shown: total power consumption 

=== System totals (total) ===
  cpu_time:  155554752829 ns
  energy:    6332493850000 (units of your kfunc)
  uncore_energy:    970918247868540000 (units of your kfunc)

=== PID → power (EMA) (pid_to_power) [comm="mem_miss"] ===
PID      power             
186408   27                

=== PID → cumulative energy (pid_to_consumption) [comm="mem_miss"] ===
PID      energy            
186408   3350060000        

[H[JPolling energy-fair scheduler maps every 100 millisecond(s)...
Real time since poller start: 24.358418 s
Filter: comm "mem_miss"
Maps shown: total power consumption 

=== System totals (total) ===
  cpu_time:  155681101383 ns
  energy:    6336657810000 (units of your kfunc)
  uncore_energy:    970918385166680000 (units of your kfunc)

=== PID → power (EMA) (pid_to_power) [comm="mem_miss"] ===
PID      power             
186408   28                

=== PID → cumulative energy (pid_to_consumption) [comm="mem_miss"] ===
PID      energy            
186408   6434600000        

[H[JPolling energy-fair scheduler maps every 100 millisecond(s)...
Real time since poller start: 24.465423 s
Filter: comm "mem_miss"
Maps shown: total power consumption 

=== System totals (total) ===
  cpu_time:  155796644337 ns
  energy:    6340275410000 (units of your kfunc)
  uncore_energy:    970918523346260000 (units of your kfunc)

=== PID → power (EMA) (pid_to_power) [comm="mem_miss"] ===
PID      power             
186408   28                

=== PID → cumulative energy (pid_to_consumption) [comm="mem_miss"] ===
PID      energy            
186408   9529140000        

[H[JPolling energy-fair scheduler maps every 100 millisecond(s)...
Real time since poller start: 24.572444 s
Filter: comm "mem_miss"
Maps shown: total power consumption 

=== System totals (total) ===
  cpu_time:  155911363416 ns
  energy:    6343868860000 (units of your kfunc)
  uncore_energy:    970918661863400000 (units of your kfunc)

=== PID → power (EMA) (pid_to_power) [comm="mem_miss"] ===
PID      power             
186408   29                

=== PID → cumulative energy (pid_to_consumption) [comm="mem_miss"] ===
PID      energy            
186408   12663270000       

[H[JPolling energy-fair scheduler maps every 100 millisecond(s)...
Real time since poller start: 24.679433 s
Filter: comm "mem_miss"
Maps shown: total power consumption 

=== System totals (total) ===
  cpu_time:  156024685827 ns
  energy:    6347398160000 (units of your kfunc)
  uncore_energy:    970918799823360000 (units of your kfunc)

=== PID → power (EMA) (pid_to_power) [comm="mem_miss"] ===
PID      power             
186408   28                

=== PID → cumulative energy (pid_to_consumption) [comm="mem_miss"] ===
PID      energy            
186408   15769490000       

[H[JPolling energy-fair scheduler maps every 100 millisecond(s)...
Real time since poller start: 24.786436 s
Filter: comm "mem_miss"
Maps shown: total power consumption 

=== System totals (total) ===
  cpu_time:  156136858070 ns
  energy:    6350908050000 (units of your kfunc)
  uncore_energy:    970918937807610000 (units of your kfunc)

=== PID → power (EMA) (pid_to_power) [comm="mem_miss"] ===
PID      power             
186408   28                

=== PID → cumulative energy (pid_to_consumption) [comm="mem_miss"] ===
PID      energy            
186408   18874080000       

[H[JPolling energy-fair scheduler maps every 100 millisecond(s)...
Real time since poller start: 24.893466 s
Filter: comm "mem_miss"
Maps shown: total power consumption 

=== System totals (total) ===
  cpu_time:  156249116934 ns
  energy:    6354418870000 (units of your kfunc)
  uncore_energy:    970919075962590000 (units of your kfunc)

=== PID → power (EMA) (pid_to_power) [comm="mem_miss"] ===
PID      power             
186408   28                

=== PID → cumulative energy (pid_to_consumption) [comm="mem_miss"] ===
PID      energy            
186408   21999320000       

[H[JPolling energy-fair scheduler maps every 100 millisecond(s)...
Real time since poller start: 25.000489 s
Filter: comm "mem_miss"
Maps shown: total power consumption 

=== System totals (total) ===
  cpu_time:  156361621802 ns
  energy:    6357483190000 (units of your kfunc)
  uncore_energy:    970919214828210000 (units of your kfunc)

=== PID → power (EMA) (pid_to_power) [comm="mem_miss"] ===
PID      power             
186408   21                

=== PID → cumulative energy (pid_to_consumption) [comm="mem_miss"] ===
PID      energy            
186408   24610450000       

[H[JPolling energy-fair scheduler maps every 100 millisecond(s)...
Real time since poller start: 25.107461 s
Filter: comm "mem_miss"
Maps shown: total power consumption 

=== System totals (total) ===
  cpu_time:  156473448377 ns
  energy:    6360141890000 (units of your kfunc)
  uncore_energy:    970919355722360000 (units of your kfunc)

=== PID → power (EMA) (pid_to_power) [comm="mem_miss"] ===
PID      power             
186408   21                

=== PID → cumulative energy (pid_to_consumption) [comm="mem_miss"] ===
PID      energy            
186408   26908440000       

[H[JPolling energy-fair scheduler maps every 100 millisecond(s)...
Real time since poller start: 25.214506 s
Filter: comm "mem_miss"
Maps shown: total power consumption 

=== System totals (total) ===
  cpu_time:  156586437708 ns
  energy:    6362825310000 (units of your kfunc)
  uncore_energy:    970919497440190000 (units of your kfunc)

=== PID → power (EMA) (pid_to_power) [comm="mem_miss"] ===
PID      power             
186408   18                

=== PID → cumulative energy (pid_to_consumption) [comm="mem_miss"] ===
PID      energy            
186408   29178790000       

[H[JPolling energy-fair scheduler maps every 100 millisecond(s)...
Real time since poller start: 25.321569 s
Filter: comm "mem_miss"
Maps shown: total power consumption 

=== System totals (total) ===
  cpu_time:  156715703746 ns
  energy:    6366330670000 (units of your kfunc)
  uncore_energy:    970919639644970000 (units of your kfunc)

=== PID → power (EMA) (pid_to_power) [comm="mem_miss"] ===
PID      power             
186408   20                

=== PID → cumulative energy (pid_to_consumption) [comm="mem_miss"] ===
PID      energy            
186408   31448340000       

[H[JPolling energy-fair scheduler maps every 100 millisecond(s)...
Real time since poller start: 25.428567 s
Filter: comm "mem_miss"
Maps shown: total power consumption 

=== System totals (total) ===
  cpu_time:  156827544520 ns
  energy:    6368985940000 (units of your kfunc)
  uncore_energy:    970919781881360000 (units of your kfunc)

=== PID → power (EMA) (pid_to_power) [comm="mem_miss"] ===
PID      power             
186408   20                

=== PID → cumulative energy (pid_to_consumption) [comm="mem_miss"] ===
PID      energy            
186408   33728250000       

[H[JPolling energy-fair scheduler maps every 100 millisecond(s)...
Real time since poller start: 25.535546 s
Filter: comm "mem_miss"
Maps shown: total power consumption 

=== System totals (total) ===
  cpu_time:  156939819626 ns
  energy:    6371641630000 (units of your kfunc)
  uncore_energy:    970919922687440000 (units of your kfunc)

=== PID → power (EMA) (pid_to_power) [comm="mem_miss"] ===
PID      power             
186408   19                

=== PID → cumulative energy (pid_to_consumption) [comm="mem_miss"] ===
PID      energy            
186408   36009960000       

[H[JPolling energy-fair scheduler maps every 100 millisecond(s)...
Real time since poller start: 25.642636 s
Filter: comm "mem_miss"
Maps shown: total power consumption 

=== System totals (total) ===
  cpu_time:  157053284998 ns
  energy:    6374339550000 (units of your kfunc)
  uncore_energy:    970920064935650000 (units of your kfunc)

=== PID → power (EMA) (pid_to_power) [comm="mem_miss"] ===
PID      power             
186408   18                

=== PID → cumulative energy (pid_to_consumption) [comm="mem_miss"] ===
PID      energy            
186408   38294080000       

[H[JPolling energy-fair scheduler maps every 100 millisecond(s)...
Real time since poller start: 25.749665 s
Filter: comm "mem_miss"
Maps shown: total power consumption 

=== System totals (total) ===
  cpu_time:  157166220900 ns
  energy:    6377004160000 (units of your kfunc)
  uncore_energy:    970920205638350000 (units of your kfunc)

=== PID → power (EMA) (pid_to_power) [comm="mem_miss"] ===
PID      power             
186408   18                

=== PID → cumulative energy (pid_to_consumption) [comm="mem_miss"] ===
PID      energy            
186408   40572010000       

[H[JPolling energy-fair scheduler maps every 100 millisecond(s)...
Real time since poller start: 25.856629 s
Filter: comm "mem_miss"
Maps shown: total power consumption 

=== System totals (total) ===
  cpu_time:  157279043662 ns
  energy:    6379733370000 (units of your kfunc)
  uncore_energy:    970920347434140000 (units of your kfunc)

=== PID → power (EMA) (pid_to_power) [comm="mem_miss"] ===
PID      power             
186408   19                

=== PID → cumulative energy (pid_to_consumption) [comm="mem_miss"] ===
PID      energy            
186408   42857040000       

[H[JPolling energy-fair scheduler maps every 100 millisecond(s)...
Real time since poller start: 25.963639 s
Filter: comm "mem_miss"
Maps shown: total power consumption 

=== System totals (total) ===
  cpu_time:  157392826649 ns
  energy:    6382494420000 (units of your kfunc)
  uncore_energy:    970920488498920000 (units of your kfunc)

=== PID → power (EMA) (pid_to_power) [comm="mem_miss"] ===
PID      power             
186408   18                

=== PID → cumulative energy (pid_to_consumption) [comm="mem_miss"] ===
PID      energy            
186408   45167040000       

[H[JPolling energy-fair scheduler maps every 100 millisecond(s)...
Real time since poller start: 26.070701 s
Filter: comm "mem_miss"
Maps shown: total power consumption 

=== System totals (total) ===
  cpu_time:  157504767540 ns
  energy:    6385207610000 (units of your kfunc)
  uncore_energy:    970920629671990000 (units of your kfunc)

=== PID → power (EMA) (pid_to_power) [comm="mem_miss"] ===
PID      power             
186408   18                

=== PID → cumulative energy (pid_to_consumption) [comm="mem_miss"] ===
PID      energy            
186408   47503780000       

[H[JPolling energy-fair scheduler maps every 100 millisecond(s)...
Real time since poller start: 26.177771 s
Filter: comm "mem_miss"
Maps shown: total power consumption 

=== System totals (total) ===
  cpu_time:  157617066348 ns
  energy:    6387903960000 (units of your kfunc)
  uncore_energy:    970920770768520000 (units of your kfunc)

=== PID → power (EMA) (pid_to_power) [comm="mem_miss"] ===
PID      power             
186408   17                

=== PID → cumulative energy (pid_to_consumption) [comm="mem_miss"] ===
PID      energy            
186408   49804630000       

[H[JPolling energy-fair scheduler maps every 100 millisecond(s)...
Real time since poller start: 26.284789 s
Filter: comm "mem_miss"
Maps shown: total power consumption 

=== System totals (total) ===
  cpu_time:  157732041697 ns
  energy:    6390672980000 (units of your kfunc)
  uncore_energy:    970920913275380000 (units of your kfunc)

=== PID → power (EMA) (pid_to_power) [comm="mem_miss"] ===
PID      power             
186408   18                

=== PID → cumulative energy (pid_to_consumption) [comm="mem_miss"] ===
PID      energy            
186408   52071020000       

[H[JPolling energy-fair scheduler maps every 100 millisecond(s)...
Real time since poller start: 26.391826 s
Filter: comm "mem_miss"
Maps shown: total power consumption 

=== System totals (total) ===
  cpu_time:  157843895637 ns
  energy:    6393346020000 (units of your kfunc)
  uncore_energy:    970921055693280000 (units of your kfunc)

=== PID → power (EMA) (pid_to_power) [comm="mem_miss"] ===
PID      power             
186408   18                

=== PID → cumulative energy (pid_to_consumption) [comm="mem_miss"] ===
PID      energy            
186408   54387000000       

[H[JPolling energy-fair scheduler maps every 100 millisecond(s)...
Real time since poller start: 26.498844 s
Filter: comm "mem_miss"
Maps shown: total power consumption 

=== System totals (total) ===
  cpu_time:  157975695326 ns
  energy:    6397036960000 (units of your kfunc)
  uncore_energy:    970921196562280000 (units of your kfunc)

=== PID → power (EMA) (pid_to_power) [comm="mem_miss"] ===
PID      power             
186408   22                

=== PID → cumulative energy (pid_to_consumption) [comm="mem_miss"] ===
PID      energy            
186408   56695190000       

[H[JPolling energy-fair scheduler maps every 100 millisecond(s)...
Real time since poller start: 26.605861 s
Filter: comm "mem_miss"
Maps shown: total power consumption 

=== System totals (total) ===
  cpu_time:  158085265677 ns
  energy:    6399667370000 (units of your kfunc)
  uncore_energy:    970921337622660000 (units of your kfunc)

=== PID → power (EMA) (pid_to_power) [comm="mem_miss"] ===
PID      power             
186408   17                

=== PID → cumulative energy (pid_to_consumption) [comm="mem_miss"] ===
PID      energy            
186408   59007450000       

[H[JPolling energy-fair scheduler maps every 100 millisecond(s)...
Real time since poller start: 26.712873 s
Filter: comm "mem_miss"
Maps shown: total power consumption 

=== System totals (total) ===
  cpu_time:  158197290968 ns
  energy:    6402370170000 (units of your kfunc)
  uncore_energy:    970921478717170000 (units of your kfunc)

=== PID → power (EMA) (pid_to_power) [comm="mem_miss"] ===
PID      power             
186408   18                

=== PID → cumulative energy (pid_to_consumption) [comm="mem_miss"] ===
PID      energy            
186408   61322040000       

[H[JPolling energy-fair scheduler maps every 100 millisecond(s)...
Real time since poller start: 26.819872 s
Filter: comm "mem_miss"
Maps shown: total power consumption 

=== System totals (total) ===
  cpu_time:  158309382124 ns
  energy:    6405058010000 (units of your kfunc)
  uncore_energy:    970921619844480000 (units of your kfunc)

=== PID → power (EMA) (pid_to_power) [comm="mem_miss"] ===
PID      power             
186408   19                

=== PID → cumulative energy (pid_to_consumption) [comm="mem_miss"] ===
PID      energy            
186408   63635140000       

[H[JPolling energy-fair scheduler maps every 100 millisecond(s)...
Real time since poller start: 26.926890 s
Filter: comm "mem_miss"
Maps shown: total power consumption 

=== System totals (total) ===
  cpu_time:  158422337164 ns
  energy:    6407812670000 (units of your kfunc)
  uncore_energy:    970921760886060000 (units of your kfunc)

=== PID → power (EMA) (pid_to_power) [comm="mem_miss"] ===
PID      power             
186408   17                

=== PID → cumulative energy (pid_to_consumption) [comm="mem_miss"] ===
PID      energy            
186408   65970480000       

[H[JPolling energy-fair scheduler maps every 100 millisecond(s)...
Real time since poller start: 27.033872 s
Filter: comm "mem_miss"
Maps shown: total power consumption 

=== System totals (total) ===
  cpu_time:  158536813085 ns
  energy:    6410630040000 (units of your kfunc)
  uncore_energy:    970921902212510000 (units of your kfunc)

=== PID → power (EMA) (pid_to_power) [comm="mem_miss"] ===
PID      power             
186408   21                

=== PID → cumulative energy (pid_to_consumption) [comm="mem_miss"] ===
PID      energy            
186408   68291020000       

[H[JPolling energy-fair scheduler maps every 100 millisecond(s)...
Real time since poller start: 27.140851 s
Filter: comm "mem_miss"
Maps shown: total power consumption 

=== System totals (total) ===
  cpu_time:  158649698129 ns
  energy:    6413393370000 (units of your kfunc)
  uncore_energy:    970922043593780000 (units of your kfunc)

=== PID → power (EMA) (pid_to_power) [comm="mem_miss"] ===
PID      power             
186408   18                

=== PID → cumulative energy (pid_to_consumption) [comm="mem_miss"] ===
PID      energy            
186408   70613830000       

[H[JPolling energy-fair scheduler maps every 100 millisecond(s)...
Real time since poller start: 27.247866 s
Filter: comm "mem_miss"
Maps shown: total power consumption 

=== System totals (total) ===
  cpu_time:  158761588254 ns
  energy:    6416059910000 (units of your kfunc)
  uncore_energy:    970922185945700000 (units of your kfunc)

=== PID → power (EMA) (pid_to_power) [comm="mem_miss"] ===
PID      power             
186408   19                

=== PID → cumulative energy (pid_to_consumption) [comm="mem_miss"] ===
PID      energy            
186408   72916620000       

[H[JPolling energy-fair scheduler maps every 100 millisecond(s)...
Real time since poller start: 27.354877 s
Filter: comm "mem_miss"
Maps shown: total power consumption 

=== System totals (total) ===
  cpu_time:  158874760482 ns
  energy:    6418812780000 (units of your kfunc)
  uncore_energy:    970922328131030000 (units of your kfunc)

=== PID → power (EMA) (pid_to_power) [comm="mem_miss"] ===
PID      power             
186408   17                

=== PID → cumulative energy (pid_to_consumption) [comm="mem_miss"] ===
PID      energy            
186408   75245280000       

[H[JPolling energy-fair scheduler maps every 100 millisecond(s)...
Real time since poller start: 27.461825 s
Filter: comm "mem_miss"
Maps shown: total power consumption 

=== System totals (total) ===
  cpu_time:  158986005740 ns
  energy:    6421471310000 (units of your kfunc)
  uncore_energy:    970922469257140000 (units of your kfunc)

=== PID → power (EMA) (pid_to_power) [comm="mem_miss"] ===
PID      power             
186408   18                

=== PID → cumulative energy (pid_to_consumption) [comm="mem_miss"] ===
PID      energy            
186408   77572430000       

[H[JPolling energy-fair scheduler maps every 100 millisecond(s)...
Real time since poller start: 27.568853 s
Filter: comm "mem_miss"
Maps shown: total power consumption 

=== System totals (total) ===
  cpu_time:  159098396040 ns
  energy:    6424202020000 (units of your kfunc)
  uncore_energy:    970922610897770000 (units of your kfunc)

=== PID → power (EMA) (pid_to_power) [comm="mem_miss"] ===
PID      power             
186408   18                

=== PID → cumulative energy (pid_to_consumption) [comm="mem_miss"] ===
PID      energy            
186408   79891600000       

[H[JPolling energy-fair scheduler maps every 100 millisecond(s)...
Real time since poller start: 27.675843 s
Filter: comm "mem_miss"
Maps shown: total power consumption 

=== System totals (total) ===
  cpu_time:  159211623639 ns
  energy:    6426967180000 (units of your kfunc)
  uncore_energy:    970922752044200000 (units of your kfunc)

=== PID → power (EMA) (pid_to_power) [comm="mem_miss"] ===
PID      power             
186408   19                

=== PID → cumulative energy (pid_to_consumption) [comm="mem_miss"] ===
PID      energy            
186408   82227070000       

[H[JPolling energy-fair scheduler maps every 100 millisecond(s)...
Real time since poller start: 27.782850 s
Filter: comm "mem_miss"
Maps shown: total power consumption 

=== System totals (total) ===
  cpu_time:  159340423765 ns
  energy:    6430513940000 (units of your kfunc)
  uncore_energy:    970922892966430000 (units of your kfunc)

=== PID → power (EMA) (pid_to_power) [comm="mem_miss"] ===
PID      power             
186408   19                

=== PID → cumulative energy (pid_to_consumption) [comm="mem_miss"] ===
PID      energy            
186408   84569930000       

[H[JPolling energy-fair scheduler maps every 100 millisecond(s)...
Real time since poller start: 27.889847 s
Filter: comm "mem_miss"
Maps shown: total power consumption 

=== System totals (total) ===
  cpu_time:  159452834226 ns
  energy:    6433261870000 (units of your kfunc)
  uncore_energy:    970923033970790000 (units of your kfunc)

=== PID → power (EMA) (pid_to_power) [comm="mem_miss"] ===
PID      power             
186408   20                

=== PID → cumulative energy (pid_to_consumption) [comm="mem_miss"] ===
PID      energy            
186408   86914570000       

[H[JPolling energy-fair scheduler maps every 100 millisecond(s)...
Real time since poller start: 27.996779 s
Filter: comm "mem_miss"
Maps shown: total power consumption 

=== System totals (total) ===
  cpu_time:  159562846685 ns
  energy:    6435946050000 (units of your kfunc)
  uncore_energy:    970923174681390000 (units of your kfunc)

=== PID → power (EMA) (pid_to_power) [comm="mem_miss"] ===
PID      power             
186408   19                

=== PID → cumulative energy (pid_to_consumption) [comm="mem_miss"] ===
PID      energy            
186408   89287010000       

[H[JPolling energy-fair scheduler maps every 100 millisecond(s)...
Real time since poller start: 28.103689 s
Filter: comm "mem_miss"
Maps shown: total power consumption 

=== System totals (total) ===
  cpu_time:  159675732699 ns
  energy:    6438726380000 (units of your kfunc)
  uncore_energy:    970923314921530000 (units of your kfunc)

=== PID → power (EMA) (pid_to_power) [comm="mem_miss"] ===
PID      power             
186408   20                

=== PID → cumulative energy (pid_to_consumption) [comm="mem_miss"] ===
PID      energy            
186408   91648170000       

[H[JPolling energy-fair scheduler maps every 100 millisecond(s)...
Real time since poller start: 28.210623 s
Filter: comm "mem_miss"
Maps shown: total power consumption 

=== System totals (total) ===
  cpu_time:  159801566714 ns
  energy:    6442157130000 (units of your kfunc)
  uncore_energy:    970923455528870000 (units of your kfunc)

=== PID → power (EMA) (pid_to_power) [comm="mem_miss"] ===
PID      power             
186408   21                

=== PID → cumulative energy (pid_to_consumption) [comm="mem_miss"] ===
PID      energy            
186408   94005190000       

[H[JPolling energy-fair scheduler maps every 100 millisecond(s)...
Real time since poller start: 28.317598 s
Filter: comm "mem_miss"
Maps shown: total power consumption 

=== System totals (total) ===
  cpu_time:  159911784603 ns
  energy:    6444857980000 (units of your kfunc)
  uncore_energy:    970923599376630000 (units of your kfunc)

=== PID → power (EMA) (pid_to_power) [comm="mem_miss"] ===
PID      power             
186408   31                

=== PID → cumulative energy (pid_to_consumption) [comm="mem_miss"] ===
PID      energy            
186408   96484800000       

[H[JPolling energy-fair scheduler maps every 100 millisecond(s)...
Real time since poller start: 28.426470 s
Filter: comm "mem_miss"
Maps shown: total power consumption 

=== System totals (total) ===
  cpu_time:  160114296229 ns
  energy:    6451430560000 (units of your kfunc)
  uncore_energy:    970923748370000000 (units of your kfunc)

=== PID → power (EMA) (pid_to_power) [comm="mem_miss"] ===
PID      power             
186408   23                

=== PID → cumulative energy (pid_to_consumption) [comm="mem_miss"] ===
PID      energy            
186408   99017910000       

[H[JPolling energy-fair scheduler maps every 100 millisecond(s)...
Real time since poller start: 28.533468 s
Filter: comm "mem_miss"
Maps shown: total power consumption 

=== System totals (total) ===
  cpu_time:  160323874767 ns
  energy:    6457653780000 (units of your kfunc)
  uncore_energy:    970923889797230000 (units of your kfunc)

=== PID → power (EMA) (pid_to_power) [comm="mem_miss"] ===
PID      power             
186408   23                

=== PID → cumulative energy (pid_to_consumption) [comm="mem_miss"] ===
PID      energy            
186408   101687920000      

[H[JPolling energy-fair scheduler maps every 100 millisecond(s)...
Real time since poller start: 28.640449 s
Filter: comm "mem_miss"
Maps shown: total power consumption 

=== System totals (total) ===
  cpu_time:  160516826224 ns
  energy:    6463395330000 (units of your kfunc)
  uncore_energy:    970924034988300000 (units of your kfunc)

=== PID → power (EMA) (pid_to_power) [comm="mem_miss"] ===
PID      power             
186408   21                

=== PID → cumulative energy (pid_to_consumption) [comm="mem_miss"] ===
PID      energy            
186408   104338230000      

[H[JPolling energy-fair scheduler maps every 100 millisecond(s)...
Real time since poller start: 28.747441 s
Filter: comm "mem_miss"
Maps shown: total power consumption 

=== System totals (total) ===
  cpu_time:  160628686770 ns
  energy:    6466165230000 (units of your kfunc)
  uncore_energy:    970924176255570000 (units of your kfunc)

=== PID → power (EMA) (pid_to_power) [comm="mem_miss"] ===
PID      power             
186408   21                

=== PID → cumulative energy (pid_to_consumption) [comm="mem_miss"] ===
PID      energy            
186408   106682090000      

[H[JPolling energy-fair scheduler maps every 100 millisecond(s)...
Real time since poller start: 28.854436 s
Filter: comm "mem_miss"
Maps shown: total power consumption 

=== System totals (total) ===
  cpu_time:  160755406012 ns
  energy:    6469607640000 (units of your kfunc)
  uncore_energy:    970924318476610000 (units of your kfunc)

=== PID → power (EMA) (pid_to_power) [comm="mem_miss"] ===
PID      power             
186408   22                

=== PID → cumulative energy (pid_to_consumption) [comm="mem_miss"] ===
PID      energy            
186408   109054700000      

[H[JPolling energy-fair scheduler maps every 100 millisecond(s)...
Real time since poller start: 28.961430 s
Filter: comm "mem_miss"
Maps shown: total power consumption 

=== System totals (total) ===
  cpu_time:  160866187411 ns
  energy:    6472367960000 (units of your kfunc)
  uncore_energy:    970924460407460000 (units of your kfunc)

=== PID → power (EMA) (pid_to_power) [comm="mem_miss"] ===
PID      power             
186408   20                

=== PID → cumulative energy (pid_to_consumption) [comm="mem_miss"] ===
PID      energy            
186408   111422100000      

[H[JPolling energy-fair scheduler maps every 100 millisecond(s)...
Real time since poller start: 29.068372 s
Filter: comm "mem_miss"
Maps shown: total power consumption 

=== System totals (total) ===
  cpu_time:  160978995644 ns
  energy:    6475263920000 (units of your kfunc)
  uncore_energy:    970924601520440000 (units of your kfunc)

=== PID → power (EMA) (pid_to_power) [comm="mem_miss"] ===
PID      power             
186408   20                

=== PID → cumulative energy (pid_to_consumption) [comm="mem_miss"] ===
PID      energy            
186408   113821850000      

[H[JPolling energy-fair scheduler maps every 100 millisecond(s)...
Real time since poller start: 29.175387 s
Filter: comm "mem_miss"
Maps shown: total power consumption 

=== System totals (total) ===
  cpu_time:  161090832990 ns
  energy:    6477973720000 (units of your kfunc)
  uncore_energy:    970924742569790000 (units of your kfunc)

=== PID → power (EMA) (pid_to_power) [comm="mem_miss"] ===
PID      power             
186408   21                

=== PID → cumulative energy (pid_to_consumption) [comm="mem_miss"] ===
PID      energy            
186408   116170750000      

[H[JPolling energy-fair scheduler maps every 100 millisecond(s)...
Real time since poller start: 29.282391 s
Filter: comm "mem_miss"
Maps shown: total power consumption 

=== System totals (total) ===
  cpu_time:  161201920030 ns
  energy:    6480682430000 (units of your kfunc)
  uncore_energy:    970924884301090000 (units of your kfunc)

=== PID → power (EMA) (pid_to_power) [comm="mem_miss"] ===
PID      power             
186408   20                

=== PID → cumulative energy (pid_to_consumption) [comm="mem_miss"] ===
PID      energy            
186408   118527750000      

[H[JPolling energy-fair scheduler maps every 100 millisecond(s)...
Real time since poller start: 29.389428 s
Filter: comm "mem_miss"
Maps shown: total power consumption 

=== System totals (total) ===
  cpu_time:  161314270704 ns
  energy:    6483487350000 (units of your kfunc)
  uncore_energy:    970925025593910000 (units of your kfunc)

=== PID → power (EMA) (pid_to_power) [comm="mem_miss"] ===
PID      power             
186408   22                

=== PID → cumulative energy (pid_to_consumption) [comm="mem_miss"] ===
PID      energy            
186408   120898570000      

[H[JPolling energy-fair scheduler maps every 100 millisecond(s)...
Real time since poller start: 29.496399 s
Filter: comm "mem_miss"
Maps shown: total power consumption 

=== System totals (total) ===
  cpu_time:  161426581000 ns
  energy:    6486264290000 (units of your kfunc)
  uncore_energy:    970925166825300000 (units of your kfunc)

=== PID → power (EMA) (pid_to_power) [comm="mem_miss"] ===
PID      power             
186408   21                

=== PID → cumulative energy (pid_to_consumption) [comm="mem_miss"] ===
PID      energy            
186408   123277070000      

[H[JPolling energy-fair scheduler maps every 100 millisecond(s)...
Real time since poller start: 29.603386 s
Filter: comm "mem_miss"
Maps shown: total power consumption 

=== System totals (total) ===
  cpu_time:  161540395638 ns
  energy:    6489054750000 (units of your kfunc)
  uncore_energy:    970925308619500000 (units of your kfunc)

=== PID → power (EMA) (pid_to_power) [comm="mem_miss"] ===
PID      power             
186408   22                

=== PID → cumulative energy (pid_to_consumption) [comm="mem_miss"] ===
PID      energy            
186408   125651600000      

[H[JPolling energy-fair scheduler maps every 100 millisecond(s)...
Real time since poller start: 29.710371 s
Filter: comm "mem_miss"
Maps shown: total power consumption 

=== System totals (total) ===
  cpu_time:  161652854396 ns
  energy:    6491819650000 (units of your kfunc)
  uncore_energy:    970925449972790000 (units of your kfunc)

=== PID → power (EMA) (pid_to_power) [comm="mem_miss"] ===
PID      power             
186408   21                

=== PID → cumulative energy (pid_to_consumption) [comm="mem_miss"] ===
PID      energy            
186408   128020220000      

[H[JPolling energy-fair scheduler maps every 100 millisecond(s)...
Real time since poller start: 29.817357 s
Filter: comm "mem_miss"
Maps shown: total power consumption 

=== System totals (total) ===
  cpu_time:  161778343775 ns
  energy:    6495283030000 (units of your kfunc)
  uncore_energy:    970925590744800000 (units of your kfunc)

=== PID → power (EMA) (pid_to_power) [comm="mem_miss"] ===
PID      power             
186408   20                

=== PID → cumulative energy (pid_to_consumption) [comm="mem_miss"] ===
PID      energy            
186408   130415790000      

[H[JPolling energy-fair scheduler maps every 100 millisecond(s)...
Real time since poller start: 29.924335 s
Filter: comm "mem_miss"
Maps shown: total power consumption 

=== System totals (total) ===
  cpu_time:  161889494055 ns
  energy:    6498062270000 (units of your kfunc)
  uncore_energy:    970925731445020000 (units of your kfunc)

=== PID → power (EMA) (pid_to_power) [comm="mem_miss"] ===
PID      power             
186408   20                

=== PID → cumulative energy (pid_to_consumption) [comm="mem_miss"] ===
PID      energy            
186408   132830640000      

[H[JPolling energy-fair scheduler maps every 100 millisecond(s)...
Real time since poller start: 30.031348 s
Filter: comm "mem_miss"
Maps shown: total power consumption 

=== System totals (total) ===
  cpu_time:  162000047058 ns
  energy:    6500780630000 (units of your kfunc)
  uncore_energy:    970925871909340000 (units of your kfunc)

=== PID → power (EMA) (pid_to_power) [comm="mem_miss"] ===
PID      power             
186408   20                

=== PID → cumulative energy (pid_to_consumption) [comm="mem_miss"] ===
PID      energy            
186408   135231760000      

[H[JPolling energy-fair scheduler maps every 100 millisecond(s)...
Real time since poller start: 30.138382 s
Filter: comm "mem_miss"
Maps shown: total power consumption 

=== System totals (total) ===
  cpu_time:  162112850375 ns
  energy:    6503589440000 (units of your kfunc)
  uncore_energy:    970926012237580000 (units of your kfunc)

=== PID → power (EMA) (pid_to_power) [comm="mem_miss"] ===
PID      power             
186408   20                

=== PID → cumulative energy (pid_to_consumption) [comm="mem_miss"] ===
PID      energy            
186408   137617320000      

[H[JPolling energy-fair scheduler maps every 100 millisecond(s)...
Real time since poller start: 30.245472 s
Filter: comm "mem_miss"
Maps shown: total power consumption 

=== System totals (total) ===
  cpu_time:  162223329982 ns
  energy:    6506338690000 (units of your kfunc)
  uncore_energy:    970926153783830000 (units of your kfunc)

=== PID → power (EMA) (pid_to_power) [comm="mem_miss"] ===
PID      power             
186408   21                

=== PID → cumulative energy (pid_to_consumption) [comm="mem_miss"] ===
PID      energy            
186408   140031620000      

[H[JPolling energy-fair scheduler maps every 100 millisecond(s)...
Real time since poller start: 30.352472 s
Filter: comm "mem_miss"
Maps shown: total power consumption 

=== System totals (total) ===
  cpu_time:  162334828383 ns
  energy:    6509084140000 (units of your kfunc)
  uncore_energy:    970926295151690000 (units of your kfunc)

=== PID → power (EMA) (pid_to_power) [comm="mem_miss"] ===
PID      power             
186408   21                

=== PID → cumulative energy (pid_to_consumption) [comm="mem_miss"] ===
PID      energy            
186408   142419420000      

[H[JPolling energy-fair scheduler maps every 100 millisecond(s)...
Real time since poller start: 30.459473 s
Filter: comm "mem_miss"
Maps shown: total power consumption 

=== System totals (total) ===
  cpu_time:  162445984784 ns
  energy:    6511852980000 (units of your kfunc)
  uncore_energy:    970926435741470000 (units of your kfunc)

=== PID → power (EMA) (pid_to_power) [comm="mem_miss"] ===
PID      power             
186408   17                

=== PID → cumulative energy (pid_to_consumption) [comm="mem_miss"] ===
PID      energy            
186408   144822950000      

[H[JPolling energy-fair scheduler maps every 100 millisecond(s)...
Real time since poller start: 30.566438 s
Filter: comm "mem_miss"
Maps shown: total power consumption 

=== System totals (total) ===
  cpu_time:  162594475300 ns
  energy:    6515817690000 (units of your kfunc)
  uncore_energy:    970926578640160000 (units of your kfunc)

=== PID → power (EMA) (pid_to_power) [comm="mem_miss"] ===
PID      power             
186408   22                

=== PID → cumulative energy (pid_to_consumption) [comm="mem_miss"] ===
PID      energy            
186408   147215720000      

[H[JPolling energy-fair scheduler maps every 100 millisecond(s)...
Real time since poller start: 30.673445 s
Filter: comm "mem_miss"
Maps shown: total power consumption 

=== System totals (total) ===
  cpu_time:  162707422558 ns
  energy:    6518622260000 (units of your kfunc)
  uncore_energy:    970926720194110000 (units of your kfunc)

=== PID → power (EMA) (pid_to_power) [comm="mem_miss"] ===
PID      power             
186408   20                

=== PID → cumulative energy (pid_to_consumption) [comm="mem_miss"] ===
PID      energy            
186408   149604940000      

[H[JPolling energy-fair scheduler maps every 100 millisecond(s)...
Real time since poller start: 30.780453 s
Filter: comm "mem_miss"
Maps shown: total power consumption 

=== System totals (total) ===
  cpu_time:  162818206853 ns
  energy:    6521405790000 (units of your kfunc)
  uncore_energy:    970926861547390000 (units of your kfunc)

=== PID → power (EMA) (pid_to_power) [comm="mem_miss"] ===
PID      power             
186408   20                

=== PID → cumulative energy (pid_to_consumption) [comm="mem_miss"] ===
PID      energy            
186408   152025460000      

[H[JPolling energy-fair scheduler maps every 100 millisecond(s)...
Real time since poller start: 30.887429 s
Filter: comm "mem_miss"
Maps shown: total power consumption 

=== System totals (total) ===
  cpu_time:  162929279126 ns
  energy:    6524171750000 (units of your kfunc)
  uncore_energy:    970927002520750000 (units of your kfunc)

=== PID → power (EMA) (pid_to_power) [comm="mem_miss"] ===
PID      power             
186408   22                

=== PID → cumulative energy (pid_to_consumption) [comm="mem_miss"] ===
PID      energy            
186408   154430090000      

[H[JPolling energy-fair scheduler maps every 100 millisecond(s)...
Real time since poller start: 30.994416 s
Filter: comm "mem_miss"
Maps shown: total power consumption 

=== System totals (total) ===
  cpu_time:  163055420708 ns
  energy:    6527663860000 (units of your kfunc)
  uncore_energy:    970927143469100000 (units of your kfunc)

=== PID → power (EMA) (pid_to_power) [comm="mem_miss"] ===
PID      power             
186408   21                

=== PID → cumulative energy (pid_to_consumption) [comm="mem_miss"] ===
PID      energy            
186408   156840070000      

[H[JPolling energy-fair scheduler maps every 100 millisecond(s)...
Real time since poller start: 31.101405 s
Filter: comm "mem_miss"
Maps shown: total power consumption 

=== System totals (total) ===
  cpu_time:  163168207017 ns
  energy:    6530531110000 (units of your kfunc)
  uncore_energy:    970927284423720000 (units of your kfunc)

=== PID → power (EMA) (pid_to_power) [comm="mem_miss"] ===
PID      power             
186408   20                

=== PID → cumulative energy (pid_to_consumption) [comm="mem_miss"] ===
PID      energy            
186408   159271520000      

[H[JPolling energy-fair scheduler maps every 100 millisecond(s)...
Real time since poller start: 31.208424 s
Filter: comm "mem_miss"
Maps shown: total power consumption 

=== System totals (total) ===
  cpu_time:  163281238862 ns
  energy:    6533378920000 (units of your kfunc)
  uncore_energy:    970927425420360000 (units of your kfunc)

=== PID → power (EMA) (pid_to_power) [comm="mem_miss"] ===
PID      power             
186408   20                

=== PID → cumulative energy (pid_to_consumption) [comm="mem_miss"] ===
PID      energy            
186408   161683850000      

[H[JPolling energy-fair scheduler maps every 100 millisecond(s)...
Real time since poller start: 31.315454 s
Filter: comm "mem_miss"
Maps shown: total power consumption 

=== System totals (total) ===
  cpu_time:  163396437493 ns
  energy:    6536322530000 (units of your kfunc)
  uncore_energy:    970927567236580000 (units of your kfunc)

=== PID → power (EMA) (pid_to_power) [comm="mem_miss"] ===
PID      power             
186408   21                

=== PID → cumulative energy (pid_to_consumption) [comm="mem_miss"] ===
PID      energy            
186408   164094930000      

[H[JPolling energy-fair scheduler maps every 100 millisecond(s)...
Real time since poller start: 31.422479 s
Filter: comm "mem_miss"
Maps shown: total power consumption 

=== System totals (total) ===
  cpu_time:  163509098348 ns
  energy:    6539176380000 (units of your kfunc)
  uncore_energy:    970927708113350000 (units of your kfunc)

=== PID → power (EMA) (pid_to_power) [comm="mem_miss"] ===
PID      power             
186408   21                

=== PID → cumulative energy (pid_to_consumption) [comm="mem_miss"] ===
PID      energy            
186408   166535120000      

[H[JPolling energy-fair scheduler maps every 100 millisecond(s)...
Real time since poller start: 31.529498 s
Filter: comm "mem_miss"
Maps shown: total power consumption 

=== System totals (total) ===
  cpu_time:  163622595217 ns
  energy:    6541985620000 (units of your kfunc)
  uncore_energy:    970927849627530000 (units of your kfunc)

=== PID → power (EMA) (pid_to_power) [comm="mem_miss"] ===
PID      power             
186408   22                

=== PID → cumulative energy (pid_to_consumption) [comm="mem_miss"] ===
PID      energy            
186408   168957990000      

[H[JPolling energy-fair scheduler maps every 100 millisecond(s)...
Real time since poller start: 31.636497 s
Filter: comm "mem_miss"
Maps shown: total power consumption 

=== System totals (total) ===
  cpu_time:  163734817936 ns
  energy:    6544826320000 (units of your kfunc)
  uncore_energy:    970927990494570000 (units of your kfunc)

=== PID → power (EMA) (pid_to_power) [comm="mem_miss"] ===
PID      power             
186408   23                

=== PID → cumulative energy (pid_to_consumption) [comm="mem_miss"] ===
PID      energy            
186408   171388400000      

[H[JPolling energy-fair scheduler maps every 100 millisecond(s)...
Real time since poller start: 31.743485 s
Filter: comm "mem_miss"
Maps shown: total power consumption 

=== System totals (total) ===
  cpu_time:  163852109946 ns
  energy:    6547740980000 (units of your kfunc)
  uncore_energy:    970928131552690000 (units of your kfunc)

=== PID → power (EMA) (pid_to_power) [comm="mem_miss"] ===
PID      power             
186408   21                

=== PID → cumulative energy (pid_to_consumption) [comm="mem_miss"] ===
PID      energy            
186408   173807790000      

[H[JPolling energy-fair scheduler maps every 100 millisecond(s)...
Real time since poller start: 31.850513 s
Filter: comm "mem_miss"
Maps shown: total power consumption 

=== System totals (total) ===
  cpu_time:  163964873235 ns
  energy:    6550558780000 (units of your kfunc)
  uncore_energy:    970928273814080000 (units of your kfunc)

=== PID → power (EMA) (pid_to_power) [comm="mem_miss"] ===
PID      power             
186408   21                

=== PID → cumulative energy (pid_to_consumption) [comm="mem_miss"] ===
PID      energy            
186408   176218360000      

[H[JPolling energy-fair scheduler maps every 100 millisecond(s)...
Real time since poller start: 31.957495 s
Filter: comm "mem_miss"
Maps shown: total power consumption 

=== System totals (total) ===
  cpu_time:  164075851642 ns
  energy:    6553315770000 (units of your kfunc)
  uncore_energy:    970928416085320000 (units of your kfunc)

=== PID → power (EMA) (pid_to_power) [comm="mem_miss"] ===
PID      power             
186408   21                

=== PID → cumulative energy (pid_to_consumption) [comm="mem_miss"] ===
PID      energy            
186408   178646670000      

[H[JPolling energy-fair scheduler maps every 100 millisecond(s)...
Real time since poller start: 32.064457 s
Filter: comm "mem_miss"
Maps shown: total power consumption 

=== System totals (total) ===
  cpu_time:  164187757648 ns
  energy:    6556158170000 (units of your kfunc)
  uncore_energy:    970928557299160000 (units of your kfunc)

=== PID → power (EMA) (pid_to_power) [comm="mem_miss"] ===
PID      power             
186408   21                

=== PID → cumulative energy (pid_to_consumption) [comm="mem_miss"] ===
PID      energy            
186408   181105890000      

[H[JPolling energy-fair scheduler maps every 100 millisecond(s)...
Real time since poller start: 32.171429 s
Filter: comm "mem_miss"
Maps shown: total power consumption 

=== System totals (total) ===
  cpu_time:  164316448152 ns
  energy:    6559794940000 (units of your kfunc)
  uncore_energy:    970928698764320000 (units of your kfunc)

=== PID → power (EMA) (pid_to_power) [comm="mem_miss"] ===
PID      power             
186408   23                

=== PID → cumulative energy (pid_to_consumption) [comm="mem_miss"] ===
PID      energy            
186408   183530470000      

[H[JPolling energy-fair scheduler maps every 100 millisecond(s)...
Real time since poller start: 32.278441 s
Filter: comm "mem_miss"
Maps shown: total power consumption 

=== System totals (total) ===
  cpu_time:  164432958261 ns
  energy:    6562760970000 (units of your kfunc)
  uncore_energy:    970928840914100000 (units of your kfunc)

=== PID → power (EMA) (pid_to_power) [comm="mem_miss"] ===
PID      power             
186408   22                

=== PID → cumulative energy (pid_to_consumption) [comm="mem_miss"] ===
PID      energy            
186408   185993300000      

[H[JPolling energy-fair scheduler maps every 100 millisecond(s)...
Real time since poller start: 32.385490 s
Filter: comm "mem_miss"
Maps shown: total power consumption 

=== System totals (total) ===
  cpu_time:  164546063722 ns
  energy:    6565625330000 (units of your kfunc)
  uncore_energy:    970928982808500000 (units of your kfunc)

=== PID → power (EMA) (pid_to_power) [comm="mem_miss"] ===
PID      power             
186408   21                

=== PID → cumulative energy (pid_to_consumption) [comm="mem_miss"] ===
PID      energy            
186408   188415920000      

[H[JPolling energy-fair scheduler maps every 100 millisecond(s)...
Real time since poller start: 32.492458 s
Filter: comm "mem_miss"
Maps shown: total power consumption 

=== System totals (total) ===
  cpu_time:  164658367416 ns
  energy:    6568531670000 (units of your kfunc)
  uncore_energy:    970929125155760000 (units of your kfunc)

=== PID → power (EMA) (pid_to_power) [comm="mem_miss"] ===
PID      power             
186408   21                

=== PID → cumulative energy (pid_to_consumption) [comm="mem_miss"] ===
PID      energy            
186408   190877610000      

[H[JPolling energy-fair scheduler maps every 100 millisecond(s)...
Real time since poller start: 32.599482 s
Filter: comm "mem_miss"
Maps shown: total power consumption 

=== System totals (total) ===
  cpu_time:  164786806406 ns
  energy:    6572134550000 (units of your kfunc)
  uncore_energy:    970929264518730000 (units of your kfunc)

=== PID → power (EMA) (pid_to_power) [comm="mem_miss"] ===
PID      power             
186408   21                

=== PID → cumulative energy (pid_to_consumption) [comm="mem_miss"] ===
PID      energy            
186408   193347560000      

[H[JPolling energy-fair scheduler maps every 100 millisecond(s)...
Real time since poller start: 32.706480 s
Filter: comm "mem_miss"
Maps shown: total power consumption 

=== System totals (total) ===
  cpu_time:  164897696863 ns
  energy:    6574914780000 (units of your kfunc)
  uncore_energy:    970929406361770000 (units of your kfunc)

=== PID → power (EMA) (pid_to_power) [comm="mem_miss"] ===
PID      power             
186408   21                

=== PID → cumulative energy (pid_to_consumption) [comm="mem_miss"] ===
PID      energy            
186408   195794220000      

[H[JPolling energy-fair scheduler maps every 100 millisecond(s)...
Real time since poller start: 32.813502 s
Filter: comm "mem_miss"
Maps shown: total power consumption 

=== System totals (total) ===
  cpu_time:  165035676270 ns
  energy:    6579146940000 (units of your kfunc)
  uncore_energy:    970929554802330000 (units of your kfunc)

=== PID → power (EMA) (pid_to_power) [comm="mem_miss"] ===
PID      power             
186408   23                

=== PID → cumulative energy (pid_to_consumption) [comm="mem_miss"] ===
PID      energy            
186408   198413680000      

[H[JPolling energy-fair scheduler maps every 100 millisecond(s)...
Real time since poller start: 32.920513 s
Filter: comm "mem_miss"
Maps shown: total power consumption 

=== System totals (total) ===
  cpu_time:  165264959493 ns
  energy:    6586384010000 (units of your kfunc)
  uncore_energy:    970929695963090000 (units of your kfunc)

=== PID → power (EMA) (pid_to_power) [comm="mem_miss"] ===
PID      power             
186408   23                

=== PID → cumulative energy (pid_to_consumption) [comm="mem_miss"] ===
PID      energy            
186408   201066850000      

[H[JPolling energy-fair scheduler maps every 100 millisecond(s)...
Real time since poller start: 33.027539 s
Filter: comm "mem_miss"
Maps shown: total power consumption 

=== System totals (total) ===
  cpu_time:  165477160997 ns
  energy:    6592807130000 (units of your kfunc)
  uncore_energy:    970929837098570000 (units of your kfunc)

=== PID → power (EMA) (pid_to_power) [comm="mem_miss"] ===
PID      power             
186408   22                

=== PID → cumulative energy (pid_to_consumption) [comm="mem_miss"] ===
PID      energy            
186408   203726910000      

[H[JPolling energy-fair scheduler maps every 100 millisecond(s)...
Real time since poller start: 33.134562 s
Filter: comm "mem_miss"
Maps shown: total power consumption 

=== System totals (total) ===
  cpu_time:  165612885903 ns
  energy:    6596630690000 (units of your kfunc)
  uncore_energy:    970929981881120000 (units of your kfunc)

=== PID → power (EMA) (pid_to_power) [comm="mem_miss"] ===
PID      power             
186408   22                

=== PID → cumulative energy (pid_to_consumption) [comm="mem_miss"] ===
PID      energy            
186408   206313000000      

[H[JPolling energy-fair scheduler maps every 100 millisecond(s)...
Real time since poller start: 33.241558 s
Filter: comm "mem_miss"
Maps shown: total power consumption 

=== System totals (total) ===
  cpu_time:  165725399972 ns
  energy:    6599537090000 (units of your kfunc)
  uncore_energy:    970930123728130000 (units of your kfunc)

=== PID → power (EMA) (pid_to_power) [comm="mem_miss"] ===
PID      power             
186408   20                

=== PID → cumulative energy (pid_to_consumption) [comm="mem_miss"] ===
PID      energy            
186408   208784540000      

[H[JPolling energy-fair scheduler maps every 100 millisecond(s)...
Real time since poller start: 33.348642 s
Filter: comm "mem_miss"
Maps shown: total power consumption 

=== System totals (total) ===
  cpu_time:  165854960410 ns
  energy:    6603149190000 (units of your kfunc)
  uncore_energy:    970930266332160000 (units of your kfunc)

=== PID → power (EMA) (pid_to_power) [comm="mem_miss"] ===
PID      power             
186408   20                

=== PID → cumulative energy (pid_to_consumption) [comm="mem_miss"] ===
PID      energy            
186408   211233430000      

[H[JPolling energy-fair scheduler maps every 100 millisecond(s)...
Real time since poller start: 33.455651 s
Filter: comm "mem_miss"
Maps shown: total power consumption 

=== System totals (total) ===
  cpu_time:  165966809352 ns
  energy:    6606011550000 (units of your kfunc)
  uncore_energy:    970930407966560000 (units of your kfunc)

=== PID → power (EMA) (pid_to_power) [comm="mem_miss"] ===
PID      power             
186408   20                

=== PID → cumulative energy (pid_to_consumption) [comm="mem_miss"] ===
PID      energy            
186408   213751590000      

[H[JPolling energy-fair scheduler maps every 100 millisecond(s)...
Real time since poller start: 33.562778 s
Filter: comm "mem_miss"
Maps shown: total power consumption 

=== System totals (total) ===
  cpu_time:  166080201892 ns
  energy:    6608903960000 (units of your kfunc)
  uncore_energy:    970930548597410000 (units of your kfunc)

=== PID → power (EMA) (pid_to_power) [comm="mem_miss"] ===
PID      power             
186408   22                

=== PID → cumulative energy (pid_to_consumption) [comm="mem_miss"] ===
PID      energy            
186408   216251840000      

[H[JPolling energy-fair scheduler maps every 100 millisecond(s)...
Real time since poller start: 33.669834 s
Filter: comm "mem_miss"
Maps shown: total power consumption 

=== System totals (total) ===
  cpu_time:  166190716425 ns
  energy:    6611744340000 (units of your kfunc)
  uncore_energy:    970930689021490000 (units of your kfunc)

=== PID → power (EMA) (pid_to_power) [comm="mem_miss"] ===
PID      power             
186408   23                

=== PID → cumulative energy (pid_to_consumption) [comm="mem_miss"] ===
PID      energy            
186408   218747030000      

[H[JPolling energy-fair scheduler maps every 100 millisecond(s)...
Real time since poller start: 33.776948 s
Filter: comm "mem_miss"
Maps shown: total power consumption 

=== System totals (total) ===
  cpu_time:  166300576077 ns
  energy:    6614970170000 (units of your kfunc)
  uncore_energy:    970930828828650000 (units of your kfunc)

=== PID → power (EMA) (pid_to_power) [comm="mem_miss"] ===
PID      power             
186408   37                

=== PID → cumulative energy (pid_to_consumption) [comm="mem_miss"] ===
PID      energy            
186408   221764610000      

[H[JPolling energy-fair scheduler maps every 100 millisecond(s)...
Real time since poller start: 33.883986 s
Filter: comm "mem_miss"
Maps shown: total power consumption 

=== System totals (total) ===
  cpu_time:  166446825725 ns
  energy:    6620471290000 (units of your kfunc)
  uncore_energy:    970930967678730000 (units of your kfunc)

=== PID → power (EMA) (pid_to_power) [comm="mem_miss"] ===
PID      power             
186408   36                

=== PID → cumulative energy (pid_to_consumption) [comm="mem_miss"] ===
PID      energy            

[H[JPolling energy-fair scheduler maps every 100 millisecond(s)...
Real time since poller start: 33.991073 s
Filter: comm "mem_miss"
Maps shown: total power consumption 

=== System totals (total) ===
  cpu_time:  166457679256 ns
  energy:    6620890580000 (units of your kfunc)
  uncore_energy:    970931047670970000 (units of your kfunc)

=== PID → power (EMA) (pid_to_power) [comm="mem_miss"] ===
PID      power             

=== PID → cumulative energy (pid_to_consumption) [comm="mem_miss"] ===
PID      energy            

[H[JPolling energy-fair scheduler maps every 100 millisecond(s)...
Real time since poller start: 34.097970 s
Filter: comm "mem_miss"
Maps shown: total power consumption 

=== System totals (total) ===
  cpu_time:  166465570629 ns
  energy:    6621226720000 (units of your kfunc)
  uncore_energy:    970931201757440000 (units of your kfunc)

=== PID → power (EMA) (pid_to_power) [comm="mem_miss"] ===
PID      power             

=== PID → cumulative energy (pid_to_consumption) [comm="mem_miss"] ===
PID      energy            

[H[JPolling energy-fair scheduler maps every 100 millisecond(s)...
Real time since poller start: 34.205040 s
Filter: comm "mem_miss"
Maps shown: total power consumption 

=== System totals (total) ===
  cpu_time:  166475270292 ns
  energy:    6621609730000 (units of your kfunc)
  uncore_energy:    970931364998240000 (units of your kfunc)

=== PID → power (EMA) (pid_to_power) [comm="mem_miss"] ===
PID      power             

=== PID → cumulative energy (pid_to_consumption) [comm="mem_miss"] ===
PID      energy            

[H[JPolling energy-fair scheduler maps every 100 millisecond(s)...
Real time since poller start: 34.312120 s
Filter: comm "mem_miss"
Maps shown: total power consumption 

=== System totals (total) ===
  cpu_time:  166498613682 ns
  energy:    6622690050000 (units of your kfunc)
  uncore_energy:    970931511877970000 (units of your kfunc)

=== PID → power (EMA) (pid_to_power) [comm="mem_miss"] ===
PID      power             

=== PID → cumulative energy (pid_to_consumption) [comm="mem_miss"] ===
PID      energy            

[H[JPolling energy-fair scheduler maps every 100 millisecond(s)...
Real time since poller start: 34.419197 s
Filter: comm "mem_miss"
Maps shown: total power consumption 

=== System totals (total) ===
  cpu_time:  166506263303 ns
  energy:    6622994010000 (units of your kfunc)
  uncore_energy:    970931624491790000 (units of your kfunc)

=== PID → power (EMA) (pid_to_power) [comm="mem_miss"] ===
PID      power             

=== PID → cumulative energy (pid_to_consumption) [comm="mem_miss"] ===
PID      energy            

[H[JPolling energy-fair scheduler maps every 100 millisecond(s)...
Real time since poller start: 34.526288 s
Filter: comm "mem_miss"
Maps shown: total power consumption 

=== System totals (total) ===
  cpu_time:  166515534334 ns
  energy:    6623350620000 (units of your kfunc)
  uncore_energy:    970931783294270000 (units of your kfunc)

=== PID → power (EMA) (pid_to_power) [comm="mem_miss"] ===
PID      power             

=== PID → cumulative energy (pid_to_consumption) [comm="mem_miss"] ===
PID      energy            

[H[JPolling energy-fair scheduler maps every 100 millisecond(s)...
Real time since poller start: 34.633290 s
Filter: comm "mem_miss"
Maps shown: total power consumption 

=== System totals (total) ===
  cpu_time:  166523398558 ns
  energy:    6623669360000 (units of your kfunc)
  uncore_energy:    970931920179510000 (units of your kfunc)

=== PID → power (EMA) (pid_to_power) [comm="mem_miss"] ===
PID      power             

=== PID → cumulative energy (pid_to_consumption) [comm="mem_miss"] ===
PID      energy            

[H[JPolling energy-fair scheduler maps every 100 millisecond(s)...
Real time since poller start: 34.740320 s
Filter: comm "mem_miss"
Maps shown: total power consumption 

=== System totals (total) ===
  cpu_time:  166531108039 ns
  energy:    6623973630000 (units of your kfunc)
  uncore_energy:    970931972731990000 (units of your kfunc)

=== PID → power (EMA) (pid_to_power) [comm="mem_miss"] ===
PID      power             

=== PID → cumulative energy (pid_to_consumption) [comm="mem_miss"] ===
PID      energy            

[H[JPolling energy-fair scheduler maps every 100 millisecond(s)...
Real time since poller start: 34.847371 s
Filter: comm "mem_miss"
Maps shown: total power consumption 

=== System totals (total) ===
  cpu_time:  166539414354 ns
  energy:    6624303840000 (units of your kfunc)
  uncore_energy:    970932076141710000 (units of your kfunc)

=== PID → power (EMA) (pid_to_power) [comm="mem_miss"] ===
PID      power             

=== PID → cumulative energy (pid_to_consumption) [comm="mem_miss"] ===
PID      energy            

[H[JPolling energy-fair scheduler maps every 100 millisecond(s)...
Real time since poller start: 34.954466 s
Filter: comm "mem_miss"
Maps shown: total power consumption 

=== System totals (total) ===
  cpu_time:  166547007305 ns
  energy:    6624663180000 (units of your kfunc)
  uncore_energy:    970932266990560000 (units of your kfunc)

=== PID → power (EMA) (pid_to_power) [comm="mem_miss"] ===
PID      power             

=== PID → cumulative energy (pid_to_consumption) [comm="mem_miss"] ===
PID      energy            

[H[JPolling energy-fair scheduler maps every 100 millisecond(s)...
Real time since poller start: 35.061499 s
Filter: comm "mem_miss"
Maps shown: total power consumption 

=== System totals (total) ===
  cpu_time:  166554818527 ns
  energy:    6625000400000 (units of your kfunc)
  uncore_energy:    970932411431330000 (units of your kfunc)

=== PID → power (EMA) (pid_to_power) [comm="mem_miss"] ===
PID      power             

=== PID → cumulative energy (pid_to_consumption) [comm="mem_miss"] ===
PID      energy            

[H[JPolling energy-fair scheduler maps every 100 millisecond(s)...
Real time since poller start: 35.168585 s
Filter: comm "mem_miss"
Maps shown: total power consumption 

=== System totals (total) ===
  cpu_time:  166564150477 ns
  energy:    6625361280000 (units of your kfunc)
  uncore_energy:    970932584449810000 (units of your kfunc)

=== PID → power (EMA) (pid_to_power) [comm="mem_miss"] ===
PID      power             

=== PID → cumulative energy (pid_to_consumption) [comm="mem_miss"] ===
PID      energy            

[H[JPolling energy-fair scheduler maps every 100 millisecond(s)...
Real time since poller start: 35.275575 s
Filter: comm "mem_miss"
Maps shown: total power consumption 

=== System totals (total) ===
  cpu_time:  166575075147 ns
  energy:    6625799820000 (units of your kfunc)
  uncore_energy:    970932722686200000 (units of your kfunc)

=== PID → power (EMA) (pid_to_power) [comm="mem_miss"] ===
PID      power             

=== PID → cumulative energy (pid_to_consumption) [comm="mem_miss"] ===
PID      energy            

[H[JPolling energy-fair scheduler maps every 100 millisecond(s)...
Real time since poller start: 35.382591 s
Filter: comm "mem_miss"
Maps shown: total power consumption 

=== System totals (total) ===
  cpu_time:  166584957220 ns
  energy:    6626166320000 (units of your kfunc)
  uncore_energy:    970932828929810000 (units of your kfunc)

=== PID → power (EMA) (pid_to_power) [comm="mem_miss"] ===
PID      power             

=== PID → cumulative energy (pid_to_consumption) [comm="mem_miss"] ===
PID      energy            

[H[JPolling energy-fair scheduler maps every 100 millisecond(s)...
Real time since poller start: 35.489645 s
Filter: comm "mem_miss"
Maps shown: total power consumption 

=== System totals (total) ===
  cpu_time:  166592975833 ns
  energy:    6626496380000 (units of your kfunc)
  uncore_energy:    970932968821300000 (units of your kfunc)

=== PID → power (EMA) (pid_to_power) [comm="mem_miss"] ===
PID      power             

=== PID → cumulative energy (pid_to_consumption) [comm="mem_miss"] ===
PID      energy            

[H[JPolling energy-fair scheduler maps every 100 millisecond(s)...
Real time since poller start: 35.596641 s
Filter: comm "mem_miss"
Maps shown: total power consumption 

=== System totals (total) ===
  cpu_time:  166603725991 ns
  energy:    6626937970000 (units of your kfunc)
  uncore_energy:    970933075042460000 (units of your kfunc)

=== PID → power (EMA) (pid_to_power) [comm="mem_miss"] ===
PID      power             

=== PID → cumulative energy (pid_to_consumption) [comm="mem_miss"] ===
PID      energy            

[H[JPolling energy-fair scheduler maps every 100 millisecond(s)...
Real time since poller start: 35.703663 s
Filter: comm "mem_miss"
Maps shown: total power consumption 

=== System totals (total) ===
  cpu_time:  166659402992 ns
  energy:    6629051480000 (units of your kfunc)
  uncore_energy:    970933284308500000 (units of your kfunc)

=== PID → power (EMA) (pid_to_power) [comm="mem_miss"] ===
PID      power             

=== PID → cumulative energy (pid_to_consumption) [comm="mem_miss"] ===
PID      energy            

[H[JPolling energy-fair scheduler maps every 100 millisecond(s)...
Real time since poller start: 35.810683 s
Filter: comm "mem_miss"
Maps shown: total power consumption 

=== System totals (total) ===
  cpu_time:  166668028609 ns
  energy:    6629421370000 (units of your kfunc)
  uncore_energy:    970933415913100000 (units of your kfunc)

=== PID → power (EMA) (pid_to_power) [comm="mem_miss"] ===
PID      power             

=== PID → cumulative energy (pid_to_consumption) [comm="mem_miss"] ===
PID      energy            

[H[JPolling energy-fair scheduler maps every 100 millisecond(s)...
Real time since poller start: 35.917677 s
Filter: comm "mem_miss"
Maps shown: total power consumption 

=== System totals (total) ===
  cpu_time:  166676912448 ns
  energy:    6629765760000 (units of your kfunc)
  uncore_energy:    970933560503710000 (units of your kfunc)

=== PID → power (EMA) (pid_to_power) [comm="mem_miss"] ===
PID      power             

=== PID → cumulative energy (pid_to_consumption) [comm="mem_miss"] ===
PID      energy            

[H[JPolling energy-fair scheduler maps every 100 millisecond(s)...
Real time since poller start: 36.024676 s
Filter: comm "mem_miss"
Maps shown: total power consumption 

=== System totals (total) ===
  cpu_time:  166684629289 ns
  energy:    6630117020000 (units of your kfunc)
  uncore_energy:    970933685448160000 (units of your kfunc)

=== PID → power (EMA) (pid_to_power) [comm="mem_miss"] ===
PID      power             

=== PID → cumulative energy (pid_to_consumption) [comm="mem_miss"] ===
PID      energy            

[H[JPolling energy-fair scheduler maps every 100 millisecond(s)...
Real time since poller start: 36.131665 s
Filter: comm "mem_miss"
Maps shown: total power consumption 

=== System totals (total) ===
  cpu_time:  166694106151 ns
  energy:    6630503660000 (units of your kfunc)
  uncore_energy:    970933840568880000 (units of your kfunc)

=== PID → power (EMA) (pid_to_power) [comm="mem_miss"] ===
PID      power             

=== PID → cumulative energy (pid_to_consumption) [comm="mem_miss"] ===
PID      energy            

[H[JPolling energy-fair scheduler maps every 100 millisecond(s)...
Real time since poller start: 36.238670 s
Filter: comm "mem_miss"
Maps shown: total power consumption 

=== System totals (total) ===
  cpu_time:  166701815793 ns
  energy:    6630837670000 (units of your kfunc)
  uncore_energy:    970933953451880000 (units of your kfunc)

=== PID → power (EMA) (pid_to_power) [comm="mem_miss"] ===
PID      power             

=== PID → cumulative energy (pid_to_consumption) [comm="mem_miss"] ===
PID      energy            

[H[JPolling energy-fair scheduler maps every 100 millisecond(s)...
Real time since poller start: 36.345654 s
Filter: comm "mem_miss"
Maps shown: total power consumption 

=== System totals (total) ===
  cpu_time:  166710793312 ns
  energy:    6631208590000 (units of your kfunc)
  uncore_energy:    970934116037960000 (units of your kfunc)

=== PID → power (EMA) (pid_to_power) [comm="mem_miss"] ===
PID      power             

=== PID → cumulative energy (pid_to_consumption) [comm="mem_miss"] ===
PID      energy            

[H[JPolling energy-fair scheduler maps every 100 millisecond(s)...
Real time since poller start: 36.452643 s
Filter: comm "mem_miss"
Maps shown: total power consumption 

=== System totals (total) ===
  cpu_time:  166718778806 ns
  energy:    6631544440000 (units of your kfunc)
  uncore_energy:    970934203209280000 (units of your kfunc)

=== PID → power (EMA) (pid_to_power) [comm="mem_miss"] ===
PID      power             

=== PID → cumulative energy (pid_to_consumption) [comm="mem_miss"] ===
PID      energy            

[H[JPolling energy-fair scheduler maps every 100 millisecond(s)...
Real time since poller start: 36.559643 s
Filter: comm "mem_miss"
Maps shown: total power consumption 

=== System totals (total) ===
  cpu_time:  166728912561 ns
  energy:    6631973820000 (units of your kfunc)
  uncore_energy:    970934385775810000 (units of your kfunc)

=== PID → power (EMA) (pid_to_power) [comm="mem_miss"] ===
PID      power             

=== PID → cumulative energy (pid_to_consumption) [comm="mem_miss"] ===
PID      energy            

[H[JPolling energy-fair scheduler maps every 100 millisecond(s)...
Real time since poller start: 36.666490 s
Filter: comm "mem_miss"
Maps shown: total power consumption 

=== System totals (total) ===
  cpu_time:  166738308181 ns
  energy:    6632366430000 (units of your kfunc)
  uncore_energy:    970934490546770000 (units of your kfunc)

=== PID → power (EMA) (pid_to_power) [comm="mem_miss"] ===
PID      power             

=== PID → cumulative energy (pid_to_consumption) [comm="mem_miss"] ===
PID      energy            

[H[JPolling energy-fair scheduler maps every 100 millisecond(s)...
Real time since poller start: 36.773562 s
Filter: comm "mem_miss"
Maps shown: total power consumption 

=== System totals (total) ===
  cpu_time:  166747269310 ns
  energy:    6632747750000 (units of your kfunc)
  uncore_energy:    970934588729600000 (units of your kfunc)

=== PID → power (EMA) (pid_to_power) [comm="mem_miss"] ===
PID      power             

=== PID → cumulative energy (pid_to_consumption) [comm="mem_miss"] ===
PID      energy            

[H[JPolling energy-fair scheduler maps every 100 millisecond(s)...
Real time since poller start: 36.880562 s
Filter: comm "mem_miss"
Maps shown: total power consumption 

=== System totals (total) ===
  cpu_time:  166757465107 ns
  energy:    6633143110000 (units of your kfunc)
  uncore_energy:    970934737315260000 (units of your kfunc)

=== PID → power (EMA) (pid_to_power) [comm="mem_miss"] ===
PID      power             

=== PID → cumulative energy (pid_to_consumption) [comm="mem_miss"] ===
PID      energy            

[H[JPolling energy-fair scheduler maps every 100 millisecond(s)...
Real time since poller start: 36.987598 s
Filter: comm "mem_miss"
Maps shown: total power consumption 

=== System totals (total) ===
  cpu_time:  166766190266 ns
  energy:    6633505510000 (units of your kfunc)
  uncore_energy:    970934915570570000 (units of your kfunc)

=== PID → power (EMA) (pid_to_power) [comm="mem_miss"] ===
PID      power             

=== PID → cumulative energy (pid_to_consumption) [comm="mem_miss"] ===
PID      energy            

[H[JPolling energy-fair scheduler maps every 100 millisecond(s)...
Real time since poller start: 37.094602 s
Filter: comm "mem_miss"
Maps shown: total power consumption 

=== System totals (total) ===
  cpu_time:  166775606826 ns
  energy:    6633882710000 (units of your kfunc)
  uncore_energy:    970935025997960000 (units of your kfunc)

=== PID → power (EMA) (pid_to_power) [comm="mem_miss"] ===
PID      power             

=== PID → cumulative energy (pid_to_consumption) [comm="mem_miss"] ===
PID      energy            

[H[JPolling energy-fair scheduler maps every 100 millisecond(s)...
Real time since poller start: 37.201624 s
Filter: comm "mem_miss"
Maps shown: total power consumption 

=== System totals (total) ===
  cpu_time:  166784849568 ns
  energy:    6634267390000 (units of your kfunc)
  uncore_energy:    970935184270510000 (units of your kfunc)

=== PID → power (EMA) (pid_to_power) [comm="mem_miss"] ===
PID      power             

=== PID → cumulative energy (pid_to_consumption) [comm="mem_miss"] ===
PID      energy            

[H[JPolling energy-fair scheduler maps every 100 millisecond(s)...
Real time since poller start: 37.308653 s
Filter: comm "mem_miss"
Maps shown: total power consumption 

=== System totals (total) ===
  cpu_time:  166918418822 ns
  energy:    6639359710000 (units of your kfunc)
  uncore_energy:    970935353507870000 (units of your kfunc)

=== PID → power (EMA) (pid_to_power) [comm="mem_miss"] ===
PID      power             
186412   34                

=== PID → cumulative energy (pid_to_consumption) [comm="mem_miss"] ===
PID      energy            
186412   3125000000        

[H[JPolling energy-fair scheduler maps every 100 millisecond(s)...
Real time since poller start: 37.415749 s
Filter: comm "mem_miss"
Maps shown: total power consumption 

=== System totals (total) ===
  cpu_time:  167037656299 ns
  energy:    6643768360000 (units of your kfunc)
  uncore_energy:    970935491364390000 (units of your kfunc)

=== PID → power (EMA) (pid_to_power) [comm="mem_miss"] ===
PID      power             
186412   35                

=== PID → cumulative energy (pid_to_consumption) [comm="mem_miss"] ===
PID      energy            
186412   6951210000        

[H[JPolling energy-fair scheduler maps every 100 millisecond(s)...
Real time since poller start: 37.522808 s
Filter: comm "mem_miss"
Maps shown: total power consumption 

=== System totals (total) ===
  cpu_time:  167149428561 ns
  energy:    6648043370000 (units of your kfunc)
  uncore_energy:    970935628189990000 (units of your kfunc)

=== PID → power (EMA) (pid_to_power) [comm="mem_miss"] ===
PID      power             
186412   37                

=== PID → cumulative energy (pid_to_consumption) [comm="mem_miss"] ===
PID      energy            
186412   10865980000       

[H[JPolling energy-fair scheduler maps every 100 millisecond(s)...
Real time since poller start: 37.629840 s
Filter: comm "mem_miss"
Maps shown: total power consumption 

=== System totals (total) ===
  cpu_time:  167265908104 ns
  energy:    6652568820000 (units of your kfunc)
  uncore_energy:    970935765684500000 (units of your kfunc)

=== PID → power (EMA) (pid_to_power) [comm="mem_miss"] ===
PID      power             
186412   37                

=== PID → cumulative energy (pid_to_consumption) [comm="mem_miss"] ===
PID      energy            
186412   14834190000       

[H[JPolling energy-fair scheduler maps every 100 millisecond(s)...
Real time since poller start: 37.736964 s
Filter: comm "mem_miss"
Maps shown: total power consumption 

=== System totals (total) ===
  cpu_time:  167390346939 ns
  energy:    6657559530000 (units of your kfunc)
  uncore_energy:    970935902836130000 (units of your kfunc)

=== PID → power (EMA) (pid_to_power) [comm="mem_miss"] ===
PID      power             
186412   38                

=== PID → cumulative energy (pid_to_consumption) [comm="mem_miss"] ===
PID      energy            
186412   18822110000       

[H[JPolling energy-fair scheduler maps every 100 millisecond(s)...
Real time since poller start: 37.844118 s
Filter: comm "mem_miss"
Maps shown: total power consumption 

=== System totals (total) ===
  cpu_time:  167506066515 ns
  energy:    6662123950000 (units of your kfunc)
  uncore_energy:    970936048184120000 (units of your kfunc)

=== PID → power (EMA) (pid_to_power) [comm="mem_miss"] ===
PID      power             
186412   37                

=== PID → cumulative energy (pid_to_consumption) [comm="mem_miss"] ===
PID      energy            
186412   22857650000       

[H[JPolling energy-fair scheduler maps every 100 millisecond(s)...
Real time since poller start: 37.951186 s
Filter: comm "mem_miss"
Maps shown: total power consumption 

=== System totals (total) ===
  cpu_time:  167745791165 ns
  energy:    6671661420000 (units of your kfunc)
  uncore_energy:    970936184912370000 (units of your kfunc)

=== PID → power (EMA) (pid_to_power) [comm="mem_miss"] ===
PID      power             
186412   42                

=== PID → cumulative energy (pid_to_consumption) [comm="mem_miss"] ===
PID      energy            
186412   27001300000       

[H[JPolling energy-fair scheduler maps every 100 millisecond(s)...
Real time since poller start: 38.058310 s
Filter: comm "mem_miss"
Maps shown: total power consumption 

=== System totals (total) ===
  cpu_time:  167955838456 ns
  energy:    6679743370000 (units of your kfunc)
  uncore_energy:    970936322381870000 (units of your kfunc)

=== PID → power (EMA) (pid_to_power) [comm="mem_miss"] ===
PID      power             
186412   40                

=== PID → cumulative energy (pid_to_consumption) [comm="mem_miss"] ===
PID      energy            
186412   31243500000       

[H[JPolling energy-fair scheduler maps every 100 millisecond(s)...
Real time since poller start: 38.165416 s
Filter: comm "mem_miss"
Maps shown: total power consumption 

=== System totals (total) ===
  cpu_time:  168117570294 ns
  energy:    6685935480000 (units of your kfunc)
  uncore_energy:    970936464108460000 (units of your kfunc)

=== PID → power (EMA) (pid_to_power) [comm="mem_miss"] ===
PID      power             
186412   36                

=== PID → cumulative energy (pid_to_consumption) [comm="mem_miss"] ===
PID      energy            
186412   35329600000       

[H[JPolling energy-fair scheduler maps every 100 millisecond(s)...
Real time since poller start: 38.272488 s
Filter: comm "mem_miss"
Maps shown: total power consumption 

=== System totals (total) ===
  cpu_time:  168244240328 ns
  energy:    6690842890000 (units of your kfunc)
  uncore_energy:    970936601805730000 (units of your kfunc)

=== PID → power (EMA) (pid_to_power) [comm="mem_miss"] ===
PID      power             
186412   37                

=== PID → cumulative energy (pid_to_consumption) [comm="mem_miss"] ===
PID      energy            
186412   39310340000       

[H[JPolling energy-fair scheduler maps every 100 millisecond(s)...
Real time since poller start: 38.379576 s
Filter: comm "mem_miss"
Maps shown: total power consumption 

=== System totals (total) ===
  cpu_time:  168357289074 ns
  energy:    6695274060000 (units of your kfunc)
  uncore_energy:    970936739465010000 (units of your kfunc)

=== PID → power (EMA) (pid_to_power) [comm="mem_miss"] ===
PID      power             
186412   39                

=== PID → cumulative energy (pid_to_consumption) [comm="mem_miss"] ===
PID      energy            
186412   43357330000       

[H[JPolling energy-fair scheduler maps every 100 millisecond(s)...
Real time since poller start: 38.486746 s
Filter: comm "mem_miss"
Maps shown: total power consumption 

=== System totals (total) ===
  cpu_time:  168469199496 ns
  energy:    6699673900000 (units of your kfunc)
  uncore_energy:    970936878173080000 (units of your kfunc)

=== PID → power (EMA) (pid_to_power) [comm="mem_miss"] ===
PID      power             
186412   38                

=== PID → cumulative energy (pid_to_consumption) [comm="mem_miss"] ===
PID      energy            
186412   47360590000       

[H[JPolling energy-fair scheduler maps every 100 millisecond(s)...
Real time since poller start: 38.593891 s
Filter: comm "mem_miss"
Maps shown: total power consumption 

=== System totals (total) ===
  cpu_time:  168580669752 ns
  energy:    6704044070000 (units of your kfunc)
  uncore_energy:    970937015334590000 (units of your kfunc)

=== PID → power (EMA) (pid_to_power) [comm="mem_miss"] ===
PID      power             
186412   37                

=== PID → cumulative energy (pid_to_consumption) [comm="mem_miss"] ===
PID      energy            
186412   51384060000       

[H[JPolling energy-fair scheduler maps every 100 millisecond(s)...
Real time since poller start: 38.700958 s
Filter: comm "mem_miss"
Maps shown: total power consumption 

=== System totals (total) ===
  cpu_time:  168695582727 ns
  energy:    6708506620000 (units of your kfunc)
  uncore_energy:    970937152169950000 (units of your kfunc)

=== PID → power (EMA) (pid_to_power) [comm="mem_miss"] ===
PID      power             
186412   38                

=== PID → cumulative energy (pid_to_consumption) [comm="mem_miss"] ===
PID      energy            
186412   55399260000       

[H[JPolling energy-fair scheduler maps every 100 millisecond(s)...
Real time since poller start: 38.808058 s
Filter: comm "mem_miss"
Maps shown: total power consumption 

=== System totals (total) ===
  cpu_time:  168807124924 ns
  energy:    6712912810000 (units of your kfunc)
  uncore_energy:    970937289642420000 (units of your kfunc)

=== PID → power (EMA) (pid_to_power) [comm="mem_miss"] ===
PID      power             
186412   37                

=== PID → cumulative energy (pid_to_consumption) [comm="mem_miss"] ===
PID      energy            
186412   59435080000       

[H[JPolling energy-fair scheduler maps every 100 millisecond(s)...
Real time since poller start: 38.915014 s
Filter: comm "mem_miss"
Maps shown: total power consumption 

=== System totals (total) ===
  cpu_time:  168919420558 ns
  energy:    6716227920000 (units of your kfunc)
  uncore_energy:    970937428596450000 (units of your kfunc)

=== PID → power (EMA) (pid_to_power) [comm="mem_miss"] ===
PID      power             
186412   22                

=== PID → cumulative energy (pid_to_consumption) [comm="mem_miss"] ===
PID      energy            
186412   62313510000       

[H[JPolling energy-fair scheduler maps every 100 millisecond(s)...
Real time since poller start: 39.021987 s
Filter: comm "mem_miss"
Maps shown: total power consumption 

=== System totals (total) ===
  cpu_time:  169068016373 ns
  energy:    6720290430000 (units of your kfunc)
  uncore_energy:    970937569094480000 (units of your kfunc)

=== PID → power (EMA) (pid_to_power) [comm="mem_miss"] ===
PID      power             
186412   23                

=== PID → cumulative energy (pid_to_consumption) [comm="mem_miss"] ===
PID      energy            
186412   64781610000       

[H[JPolling energy-fair scheduler maps every 100 millisecond(s)...
Real time since poller start: 39.128947 s
Filter: comm "mem_miss"
Maps shown: total power consumption 

=== System totals (total) ===
  cpu_time:  169178300880 ns
  energy:    6723062820000 (units of your kfunc)
  uncore_energy:    970937710549850000 (units of your kfunc)

=== PID → power (EMA) (pid_to_power) [comm="mem_miss"] ===
PID      power             
186412   22                

=== PID → cumulative energy (pid_to_consumption) [comm="mem_miss"] ===
PID      energy            
186412   67249900000       

[H[JPolling energy-fair scheduler maps every 100 millisecond(s)...
Real time since poller start: 39.235860 s
Filter: comm "mem_miss"
Maps shown: total power consumption 

=== System totals (total) ===
  cpu_time:  169305234885 ns
  energy:    6726544570000 (units of your kfunc)
  uncore_energy:    970937852201460000 (units of your kfunc)

=== PID → power (EMA) (pid_to_power) [comm="mem_miss"] ===
PID      power             
186412   21                

=== PID → cumulative energy (pid_to_consumption) [comm="mem_miss"] ===
PID      energy            
186412   69688720000       

[H[JPolling energy-fair scheduler maps every 100 millisecond(s)...
Real time since poller start: 39.342833 s
Filter: comm "mem_miss"
Maps shown: total power consumption 

=== System totals (total) ===
  cpu_time:  169417806853 ns
  energy:    6729401930000 (units of your kfunc)
  uncore_energy:    970937993710860000 (units of your kfunc)

=== PID → power (EMA) (pid_to_power) [comm="mem_miss"] ===
PID      power             
186412   22                

=== PID → cumulative energy (pid_to_consumption) [comm="mem_miss"] ===
PID      energy            
186412   72154380000       

[H[JPolling energy-fair scheduler maps every 100 millisecond(s)...
Real time since poller start: 39.449730 s
Filter: comm "mem_miss"
Maps shown: total power consumption 

=== System totals (total) ===
  cpu_time:  169531207996 ns
  energy:    6732259710000 (units of your kfunc)
  uncore_energy:    970938135830190000 (units of your kfunc)

=== PID → power (EMA) (pid_to_power) [comm="mem_miss"] ===
PID      power             
186412   20                

=== PID → cumulative energy (pid_to_consumption) [comm="mem_miss"] ===
PID      energy            
186412   74609460000       

[H[JPolling energy-fair scheduler maps every 100 millisecond(s)...
Real time since poller start: 39.556632 s
Filter: comm "mem_miss"
Maps shown: total power consumption 

=== System totals (total) ===
  cpu_time:  169643804820 ns
  energy:    6735125930000 (units of your kfunc)
  uncore_energy:    970938277376200000 (units of your kfunc)

=== PID → power (EMA) (pid_to_power) [comm="mem_miss"] ===
PID      power             
186412   20                

=== PID → cumulative energy (pid_to_consumption) [comm="mem_miss"] ===
PID      energy            
186412   77085350000       

[H[JPolling energy-fair scheduler maps every 100 millisecond(s)...
Real time since poller start: 39.663654 s
Filter: comm "mem_miss"
Maps shown: total power consumption 

=== System totals (total) ===
  cpu_time:  169755356338 ns
  energy:    6737979580000 (units of your kfunc)
  uncore_energy:    970938418794860000 (units of your kfunc)

=== PID → power (EMA) (pid_to_power) [comm="mem_miss"] ===
PID      power             
186412   18                

=== PID → cumulative energy (pid_to_consumption) [comm="mem_miss"] ===
PID      energy            
186412   79552490000       

[H[JPolling energy-fair scheduler maps every 100 millisecond(s)...
Real time since poller start: 39.770710 s
Filter: comm "mem_miss"
Maps shown: total power consumption 

=== System totals (total) ===
  cpu_time:  169865123951 ns
  energy:    6740763130000 (units of your kfunc)
  uncore_energy:    970938559826620000 (units of your kfunc)

=== PID → power (EMA) (pid_to_power) [comm="mem_miss"] ===
PID      power             
186412   21                

=== PID → cumulative energy (pid_to_consumption) [comm="mem_miss"] ===
PID      energy            
186412   82032550000       

[H[JPolling energy-fair scheduler maps every 100 millisecond(s)...
Real time since poller start: 39.877763 s
Filter: comm "mem_miss"
Maps shown: total power consumption 

=== System totals (total) ===
  cpu_time:  169977959872 ns
  energy:    6743624610000 (units of your kfunc)
  uncore_energy:    970938700909080000 (units of your kfunc)

=== PID → power (EMA) (pid_to_power) [comm="mem_miss"] ===
PID      power             
186412   23                

=== PID → cumulative energy (pid_to_consumption) [comm="mem_miss"] ===
PID      energy            
186412   84491530000       

[H[JPolling energy-fair scheduler maps every 100 millisecond(s)...
Real time since poller start: 39.984831 s
Filter: comm "mem_miss"
Maps shown: total power consumption 

=== System totals (total) ===
  cpu_time:  170090468492 ns
  energy:    6746492070000 (units of your kfunc)
  uncore_energy:    970938842211840000 (units of your kfunc)

=== PID → power (EMA) (pid_to_power) [comm="mem_miss"] ===
PID      power             
186412   22                

=== PID → cumulative energy (pid_to_consumption) [comm="mem_miss"] ===
PID      energy            
186412   86983000000       

[H[JPolling energy-fair scheduler maps every 100 millisecond(s)...
Real time since poller start: 40.091893 s
Filter: comm "mem_miss"
Maps shown: total power consumption 

=== System totals (total) ===
  cpu_time:  170207029708 ns
  energy:    6749535580000 (units of your kfunc)
  uncore_energy:    970938982679990000 (units of your kfunc)

=== PID → power (EMA) (pid_to_power) [comm="mem_miss"] ===
PID      power             
186412   21                

=== PID → cumulative energy (pid_to_consumption) [comm="mem_miss"] ===
PID      energy            
186412   89486330000       

[H[JPolling energy-fair scheduler maps every 100 millisecond(s)...
Real time since poller start: 40.198981 s
Filter: comm "mem_miss"
Maps shown: total power consumption 

=== System totals (total) ===
  cpu_time:  170321156097 ns
  energy:    6752480110000 (units of your kfunc)
  uncore_energy:    970939123354080000 (units of your kfunc)

=== PID → power (EMA) (pid_to_power) [comm="mem_miss"] ===
PID      power             
186412   21                

=== PID → cumulative energy (pid_to_consumption) [comm="mem_miss"] ===
PID      energy            
186412   91968840000       

[H[JPolling energy-fair scheduler maps every 100 millisecond(s)...
Real time since poller start: 40.305942 s
Filter: comm "mem_miss"
Maps shown: total power consumption 

=== System totals (total) ===
  cpu_time:  170451643180 ns
  energy:    6756124180000 (units of your kfunc)
  uncore_energy:    970939264483270000 (units of your kfunc)

=== PID → power (EMA) (pid_to_power) [comm="mem_miss"] ===
PID      power             
186412   23                

=== PID → cumulative energy (pid_to_consumption) [comm="mem_miss"] ===
PID      energy            
186412   94439370000       

[H[JPolling energy-fair scheduler maps every 100 millisecond(s)...
Real time since poller start: 40.412942 s
Filter: comm "mem_miss"
Maps shown: total power consumption 

=== System totals (total) ===
  cpu_time:  170563991679 ns
  energy:    6759001870000 (units of your kfunc)
  uncore_energy:    970939405855460000 (units of your kfunc)

=== PID → power (EMA) (pid_to_power) [comm="mem_miss"] ===
PID      power             
186412   22                

=== PID → cumulative energy (pid_to_consumption) [comm="mem_miss"] ===
PID      energy            
186412   96911920000       

[H[JPolling energy-fair scheduler maps every 100 millisecond(s)...
Real time since poller start: 40.519922 s
Filter: comm "mem_miss"
Maps shown: total power consumption 

=== System totals (total) ===
  cpu_time:  170673255047 ns
  energy:    6761785640000 (units of your kfunc)
  uncore_energy:    970939546449070000 (units of your kfunc)

=== PID → power (EMA) (pid_to_power) [comm="mem_miss"] ===
PID      power             
186412   22                

=== PID → cumulative energy (pid_to_consumption) [comm="mem_miss"] ===
PID      energy            
186412   99415550000       

[H[JPolling energy-fair scheduler maps every 100 millisecond(s)...
Real time since poller start: 40.626860 s
Filter: comm "mem_miss"
Maps shown: total power consumption 

=== System totals (total) ===
  cpu_time:  170783334348 ns
  energy:    6764601010000 (units of your kfunc)
  uncore_energy:    970939686824000000 (units of your kfunc)

=== PID → power (EMA) (pid_to_power) [comm="mem_miss"] ===
PID      power             
186412   22                

=== PID → cumulative energy (pid_to_consumption) [comm="mem_miss"] ===
PID      energy            
186412   101924820000      

[H[JPolling energy-fair scheduler maps every 100 millisecond(s)...
Real time since poller start: 40.733786 s
Filter: comm "mem_miss"
Maps shown: total power consumption 

=== System totals (total) ===
  cpu_time:  170893563842 ns
  energy:    6767433510000 (units of your kfunc)
  uncore_energy:    970939827662620000 (units of your kfunc)

=== PID → power (EMA) (pid_to_power) [comm="mem_miss"] ===
PID      power             
186412   22                

=== PID → cumulative energy (pid_to_consumption) [comm="mem_miss"] ===
PID      energy            
186412   104422230000      

[H[JPolling energy-fair scheduler maps every 100 millisecond(s)...
Real time since poller start: 40.840746 s
Filter: comm "mem_miss"
Maps shown: total power consumption 

=== System totals (total) ===
  cpu_time:  171037999609 ns
  energy:    6771253930000 (units of your kfunc)
  uncore_energy:    970939968241000000 (units of your kfunc)

=== PID → power (EMA) (pid_to_power) [comm="mem_miss"] ===
PID      power             
186412   22                

=== PID → cumulative energy (pid_to_consumption) [comm="mem_miss"] ===
PID      energy            
186412   106929350000      

[H[JPolling energy-fair scheduler maps every 100 millisecond(s)...
Real time since poller start: 40.947672 s
Filter: comm "mem_miss"
Maps shown: total power consumption 

=== System totals (total) ===
  cpu_time:  171150925697 ns
  energy:    6774166480000 (units of your kfunc)
  uncore_energy:    970940109213180000 (units of your kfunc)

=== PID → power (EMA) (pid_to_power) [comm="mem_miss"] ===
PID      power             
186412   21                

=== PID → cumulative energy (pid_to_consumption) [comm="mem_miss"] ===
PID      energy            
186412   109438570000      

[H[JPolling energy-fair scheduler maps every 100 millisecond(s)...
Real time since poller start: 41.054711 s
Filter: comm "mem_miss"
Maps shown: total power consumption 

=== System totals (total) ===
  cpu_time:  171262258911 ns
  energy:    6777006440000 (units of your kfunc)
  uncore_energy:    970940249689110000 (units of your kfunc)

=== PID → power (EMA) (pid_to_power) [comm="mem_miss"] ===
PID      power             
186412   22                

=== PID → cumulative energy (pid_to_consumption) [comm="mem_miss"] ===
PID      energy            
186412   111930800000      

[H[JPolling energy-fair scheduler maps every 100 millisecond(s)...
Real time since poller start: 41.161744 s
Filter: comm "mem_miss"
Maps shown: total power consumption 

=== System totals (total) ===
  cpu_time:  171373263917 ns
  energy:    6779869550000 (units of your kfunc)
  uncore_energy:    970940390109390000 (units of your kfunc)

=== PID → power (EMA) (pid_to_power) [comm="mem_miss"] ===
PID      power             
186412   23                

=== PID → cumulative energy (pid_to_consumption) [comm="mem_miss"] ===
PID      energy            
186412   114447060000      

[H[JPolling energy-fair scheduler maps every 100 millisecond(s)...
Real time since poller start: 41.268768 s
Filter: comm "mem_miss"
Maps shown: total power consumption 

=== System totals (total) ===
  cpu_time:  171483619655 ns
  energy:    6782701930000 (units of your kfunc)
  uncore_energy:    970940531711820000 (units of your kfunc)

=== PID → power (EMA) (pid_to_power) [comm="mem_miss"] ===
PID      power             
186412   22                

=== PID → cumulative energy (pid_to_consumption) [comm="mem_miss"] ===
PID      energy            
186412   116943900000      

[H[JPolling energy-fair scheduler maps every 100 millisecond(s)...
Real time since poller start: 41.375681 s
Filter: comm "mem_miss"
Maps shown: total power consumption 

=== System totals (total) ===
  cpu_time:  171595497875 ns
  energy:    6785583060000 (units of your kfunc)
  uncore_energy:    970940672802400000 (units of your kfunc)

=== PID → power (EMA) (pid_to_power) [comm="mem_miss"] ===
PID      power             
186412   22                

=== PID → cumulative energy (pid_to_consumption) [comm="mem_miss"] ===
PID      energy            
186412   119461270000      

[H[JPolling energy-fair scheduler maps every 100 millisecond(s)...
Real time since poller start: 41.482717 s
Filter: comm "mem_miss"
Maps shown: total power consumption 

=== System totals (total) ===
  cpu_time:  171725719386 ns
  energy:    6789235690000 (units of your kfunc)
  uncore_energy:    970940813987110000 (units of your kfunc)

=== PID → power (EMA) (pid_to_power) [comm="mem_miss"] ===
PID      power             
186412   22                

=== PID → cumulative energy (pid_to_consumption) [comm="mem_miss"] ===
PID      energy            
186412   121986890000      

[H[JPolling energy-fair scheduler maps every 100 millisecond(s)...
Real time since poller start: 41.589695 s
Filter: comm "mem_miss"
Maps shown: total power consumption 

=== System totals (total) ===
  cpu_time:  171840242993 ns
  energy:    6792149550000 (units of your kfunc)
  uncore_energy:    970940954958600000 (units of your kfunc)

=== PID → power (EMA) (pid_to_power) [comm="mem_miss"] ===
PID      power             
186412   22                

=== PID → cumulative energy (pid_to_consumption) [comm="mem_miss"] ===
PID      energy            
186412   124484640000      

[H[JPolling energy-fair scheduler maps every 100 millisecond(s)...
Real time since poller start: 41.696745 s
Filter: comm "mem_miss"
Maps shown: total power consumption 

=== System totals (total) ===
  cpu_time:  171952411974 ns
  energy:    6795087250000 (units of your kfunc)
  uncore_energy:    970941095348080000 (units of your kfunc)

=== PID → power (EMA) (pid_to_power) [comm="mem_miss"] ===
PID      power             
186412   23                

=== PID → cumulative energy (pid_to_consumption) [comm="mem_miss"] ===
PID      energy            
186412   127018430000      

[H[JPolling energy-fair scheduler maps every 100 millisecond(s)...
Real time since poller start: 41.803755 s
Filter: comm "mem_miss"
Maps shown: total power consumption 

=== System totals (total) ===
  cpu_time:  172066117085 ns
  energy:    6798014330000 (units of your kfunc)
  uncore_energy:    970941236673170000 (units of your kfunc)

=== PID → power (EMA) (pid_to_power) [comm="mem_miss"] ===
PID      power             
186412   23                

=== PID → cumulative energy (pid_to_consumption) [comm="mem_miss"] ===
PID      energy            
186412   129524690000      

[H[JPolling energy-fair scheduler maps every 100 millisecond(s)...
Real time since poller start: 41.910791 s
Filter: comm "mem_miss"
Maps shown: total power consumption 

=== System totals (total) ===
  cpu_time:  172192910580 ns
  energy:    6801563980000 (units of your kfunc)
  uncore_energy:    970941377548720000 (units of your kfunc)

=== PID → power (EMA) (pid_to_power) [comm="mem_miss"] ===
PID      power             
186412   23                

=== PID → cumulative energy (pid_to_consumption) [comm="mem_miss"] ===
PID      energy            
186412   132039630000      

[H[JPolling energy-fair scheduler maps every 100 millisecond(s)...
Real time since poller start: 42.017789 s
Filter: comm "mem_miss"
Maps shown: total power consumption 

=== System totals (total) ===
  cpu_time:  172305042242 ns
  energy:    6804506830000 (units of your kfunc)
  uncore_energy:    970941518760070000 (units of your kfunc)

=== PID → power (EMA) (pid_to_power) [comm="mem_miss"] ===
PID      power             
186412   21                

=== PID → cumulative energy (pid_to_consumption) [comm="mem_miss"] ===
PID      energy            
186412   134568350000      

[H[JPolling energy-fair scheduler maps every 100 millisecond(s)...
Real time since poller start: 42.124794 s
Filter: comm "mem_miss"
Maps shown: total power consumption 

=== System totals (total) ===
  cpu_time:  172419062170 ns
  energy:    6807603200000 (units of your kfunc)
  uncore_energy:    970941668576450000 (units of your kfunc)

=== PID → power (EMA) (pid_to_power) [comm="mem_miss"] ===
PID      power             
186412   23                

=== PID → cumulative energy (pid_to_consumption) [comm="mem_miss"] ===
PID      energy            
186412   137255330000      

[H[JPolling energy-fair scheduler maps every 100 millisecond(s)...
Real time since poller start: 42.231739 s
Filter: comm "mem_miss"
Maps shown: total power consumption 

=== System totals (total) ===
  cpu_time:  172668031135 ns
  energy:    6815992050000 (units of your kfunc)
  uncore_energy:    970941809740820000 (units of your kfunc)

=== PID → power (EMA) (pid_to_power) [comm="mem_miss"] ===
PID      power             
186412   22                

=== PID → cumulative energy (pid_to_consumption) [comm="mem_miss"] ===
PID      energy            
186412   139809930000      

[H[JPolling energy-fair scheduler maps every 100 millisecond(s)...
Real time since poller start: 42.338772 s
Filter: comm "mem_miss"
Maps shown: total power consumption 

=== System totals (total) ===
  cpu_time:  172878675187 ns
  energy:    6822602140000 (units of your kfunc)
  uncore_energy:    970941951367730000 (units of your kfunc)

=== PID → power (EMA) (pid_to_power) [comm="mem_miss"] ===
PID      power             
186412   22                

=== PID → cumulative energy (pid_to_consumption) [comm="mem_miss"] ===
PID      energy            
186412   142370040000      

[H[JPolling energy-fair scheduler maps every 100 millisecond(s)...
Real time since poller start: 42.445841 s
Filter: comm "mem_miss"
Maps shown: total power consumption 

=== System totals (total) ===
  cpu_time:  173048934821 ns
  energy:    6827471110000 (units of your kfunc)
  uncore_energy:    970942096853530000 (units of your kfunc)

=== PID → power (EMA) (pid_to_power) [comm="mem_miss"] ===
PID      power             
186412   23                

=== PID → cumulative energy (pid_to_consumption) [comm="mem_miss"] ===
PID      energy            
186412   144964040000      

[H[JPolling energy-fair scheduler maps every 100 millisecond(s)...
Real time since poller start: 42.552854 s
Filter: comm "mem_miss"
Maps shown: total power consumption 

=== System totals (total) ===
  cpu_time:  173160516832 ns
  energy:    6830377460000 (units of your kfunc)
  uncore_energy:    970942237878760000 (units of your kfunc)

=== PID → power (EMA) (pid_to_power) [comm="mem_miss"] ===
PID      power             
186412   24                

=== PID → cumulative energy (pid_to_consumption) [comm="mem_miss"] ===
PID      energy            
186412   147514840000      

[H[JPolling energy-fair scheduler maps every 100 millisecond(s)...
Real time since poller start: 42.659891 s
Filter: comm "mem_miss"
Maps shown: total power consumption 

=== System totals (total) ===
  cpu_time:  173286523061 ns
  energy:    6833992570000 (units of your kfunc)
  uncore_energy:    970942377504620000 (units of your kfunc)

=== PID → power (EMA) (pid_to_power) [comm="mem_miss"] ===
PID      power             
186412   22                

=== PID → cumulative energy (pid_to_consumption) [comm="mem_miss"] ===
PID      energy            
186412   150069180000      

[H[JPolling energy-fair scheduler maps every 100 millisecond(s)...
Real time since poller start: 42.766969 s
Filter: comm "mem_miss"
Maps shown: total power consumption 

=== System totals (total) ===
  cpu_time:  173399629477 ns
  energy:    6836926140000 (units of your kfunc)
  uncore_energy:    970942517426580000 (units of your kfunc)

=== PID → power (EMA) (pid_to_power) [comm="mem_miss"] ===
PID      power             
186412   22                

=== PID → cumulative energy (pid_to_consumption) [comm="mem_miss"] ===
PID      energy            
186412   152628440000      

[H[JPolling energy-fair scheduler maps every 100 millisecond(s)...
Real time since poller start: 42.874036 s
Filter: comm "mem_miss"
Maps shown: total power consumption 

=== System totals (total) ===
  cpu_time:  173510031789 ns
  energy:    6839792330000 (units of your kfunc)
  uncore_energy:    970942657116690000 (units of your kfunc)

=== PID → power (EMA) (pid_to_power) [comm="mem_miss"] ===
PID      power             
186412   22                

=== PID → cumulative energy (pid_to_consumption) [comm="mem_miss"] ===
PID      energy            
186412   155187150000      

[H[JPolling energy-fair scheduler maps every 100 millisecond(s)...
Real time since poller start: 42.981097 s
Filter: comm "mem_miss"
Maps shown: total power consumption 

=== System totals (total) ===
  cpu_time:  173620684593 ns
  energy:    6842655480000 (units of your kfunc)
  uncore_energy:    970942797528540000 (units of your kfunc)

=== PID → power (EMA) (pid_to_power) [comm="mem_miss"] ===
PID      power             
186412   22                

=== PID → cumulative energy (pid_to_consumption) [comm="mem_miss"] ===
PID      energy            
186412   157740580000      

[H[JPolling energy-fair scheduler maps every 100 millisecond(s)...
Real time since poller start: 43.088190 s
Filter: comm "mem_miss"
Maps shown: total power consumption 

=== System totals (total) ===
  cpu_time:  173732595827 ns
  energy:    6845559520000 (units of your kfunc)
  uncore_energy:    970942937468120000 (units of your kfunc)

=== PID → power (EMA) (pid_to_power) [comm="mem_miss"] ===
PID      power             
186412   22                

=== PID → cumulative energy (pid_to_consumption) [comm="mem_miss"] ===
PID      energy            
186412   160299460000      

[H[JPolling energy-fair scheduler maps every 100 millisecond(s)...
Real time since poller start: 43.195256 s
Filter: comm "mem_miss"
Maps shown: total power consumption 

=== System totals (total) ===
  cpu_time:  173843683226 ns
  energy:    6848403790000 (units of your kfunc)
  uncore_energy:    970943079076370000 (units of your kfunc)

=== PID → power (EMA) (pid_to_power) [comm="mem_miss"] ===
PID      power             
186412   23                

=== PID → cumulative energy (pid_to_consumption) [comm="mem_miss"] ===
PID      energy            
186412   162817040000      

[H[JPolling energy-fair scheduler maps every 100 millisecond(s)...
Real time since poller start: 43.302340 s
Filter: comm "mem_miss"
Maps shown: total power consumption 

=== System totals (total) ===
  cpu_time:  173954485339 ns
  energy:    6851283560000 (units of your kfunc)
  uncore_energy:    970943220213780000 (units of your kfunc)

=== PID → power (EMA) (pid_to_power) [comm="mem_miss"] ===
PID      power             
186412   23                

=== PID → cumulative energy (pid_to_consumption) [comm="mem_miss"] ===
PID      energy            
186412   165362320000      

[H[JPolling energy-fair scheduler maps every 100 millisecond(s)...
Real time since poller start: 43.409411 s
Filter: comm "mem_miss"
Maps shown: total power consumption 

=== System totals (total) ===
  cpu_time:  174065467167 ns
  energy:    6854154970000 (units of your kfunc)
  uncore_energy:    970943361318050000 (units of your kfunc)

=== PID → power (EMA) (pid_to_power) [comm="mem_miss"] ===
PID      power             
186412   22                

=== PID → cumulative energy (pid_to_consumption) [comm="mem_miss"] ===
PID      energy            
186412   167896990000      

[H[JPolling energy-fair scheduler maps every 100 millisecond(s)...
Real time since poller start: 43.516507 s
Filter: comm "mem_miss"
Maps shown: total power consumption 

=== System totals (total) ===
  cpu_time:  174193926683 ns
  energy:    6857834750000 (units of your kfunc)
  uncore_energy:    970943501970540000 (units of your kfunc)

=== PID → power (EMA) (pid_to_power) [comm="mem_miss"] ===
PID      power             
186412   22                

=== PID → cumulative energy (pid_to_consumption) [comm="mem_miss"] ===
PID      energy            
186412   170469890000      

[H[JPolling energy-fair scheduler maps every 100 millisecond(s)...
Real time since poller start: 43.623592 s
Filter: comm "mem_miss"
Maps shown: total power consumption 

=== System totals (total) ===
  cpu_time:  174305740319 ns
  energy:    6860705690000 (units of your kfunc)
  uncore_energy:    970943643713560000 (units of your kfunc)

=== PID → power (EMA) (pid_to_power) [comm="mem_miss"] ===
PID      power             
186412   23                

=== PID → cumulative energy (pid_to_consumption) [comm="mem_miss"] ===
PID      energy            
186412   173020270000      

[H[JPolling energy-fair scheduler maps every 100 millisecond(s)...
Real time since poller start: 43.730658 s
Filter: comm "mem_miss"
Maps shown: total power consumption 

=== System totals (total) ===
  cpu_time:  174417046031 ns
  energy:    6863631250000 (units of your kfunc)
  uncore_energy:    970943785876340000 (units of your kfunc)

=== PID → power (EMA) (pid_to_power) [comm="mem_miss"] ===
PID      power             
186412   21                

=== PID → cumulative energy (pid_to_consumption) [comm="mem_miss"] ===
PID      energy            
186412   175590300000      

[H[JPolling energy-fair scheduler maps every 100 millisecond(s)...
Real time since poller start: 43.837707 s
Filter: comm "mem_miss"
Maps shown: total power consumption 

=== System totals (total) ===
  cpu_time:  174529780961 ns
  energy:    6866615970000 (units of your kfunc)
  uncore_energy:    970943926821370000 (units of your kfunc)

=== PID → power (EMA) (pid_to_power) [comm="mem_miss"] ===
PID      power             
186412   22                

=== PID → cumulative energy (pid_to_consumption) [comm="mem_miss"] ===
PID      energy            
186412   178150810000      

[H[JPolling energy-fair scheduler maps every 100 millisecond(s)...
Real time since poller start: 43.944815 s
Filter: comm "mem_miss"
Maps shown: total power consumption 

=== System totals (total) ===
  cpu_time:  174640351336 ns
  energy:    6869505040000 (units of your kfunc)
  uncore_energy:    970944067690080000 (units of your kfunc)

=== PID → power (EMA) (pid_to_power) [comm="mem_miss"] ===
PID      power             
186412   22                

=== PID → cumulative energy (pid_to_consumption) [comm="mem_miss"] ===
PID      energy            
186412   180709850000      

[H[JPolling energy-fair scheduler maps every 100 millisecond(s)...
Real time since poller start: 44.051877 s
Filter: comm "mem_miss"
Maps shown: total power consumption 

=== System totals (total) ===
  cpu_time:  174752018474 ns
  energy:    6872431980000 (units of your kfunc)
  uncore_energy:    970944207478140000 (units of your kfunc)

=== PID → power (EMA) (pid_to_power) [comm="mem_miss"] ===
PID      power             
186412   24                

=== PID → cumulative energy (pid_to_consumption) [comm="mem_miss"] ===
PID      energy            
186412   183294060000      

[H[JPolling energy-fair scheduler maps every 100 millisecond(s)...
Real time since poller start: 44.158945 s
Filter: comm "mem_miss"
Maps shown: total power consumption 

=== System totals (total) ===
  cpu_time:  174894403337 ns
  energy:    6876324310000 (units of your kfunc)
  uncore_energy:    970944348206320000 (units of your kfunc)

=== PID → power (EMA) (pid_to_power) [comm="mem_miss"] ===
PID      power             
186412   24                

=== PID → cumulative energy (pid_to_consumption) [comm="mem_miss"] ===
PID      energy            
186412   185878750000      

[H[JPolling energy-fair scheduler maps every 100 millisecond(s)...
Real time since poller start: 44.266016 s
Filter: comm "mem_miss"
Maps shown: total power consumption 

=== System totals (total) ===
  cpu_time:  175005163369 ns
  energy:    6879215350000 (units of your kfunc)
  uncore_energy:    970944489601940000 (units of your kfunc)

=== PID → power (EMA) (pid_to_power) [comm="mem_miss"] ===
PID      power             
186412   21                

=== PID → cumulative energy (pid_to_consumption) [comm="mem_miss"] ===
PID      energy            
186412   188435470000      

[H[JPolling energy-fair scheduler maps every 100 millisecond(s)...
Real time since poller start: 44.373075 s
Filter: comm "mem_miss"
Maps shown: total power consumption 

=== System totals (total) ===
  cpu_time:  175117927821 ns
  energy:    6882196610000 (units of your kfunc)
  uncore_energy:    970944631052740000 (units of your kfunc)

=== PID → power (EMA) (pid_to_power) [comm="mem_miss"] ===
PID      power             
186412   22                

=== PID → cumulative energy (pid_to_consumption) [comm="mem_miss"] ===
PID      energy            
186412   191010540000      

[H[JPolling energy-fair scheduler maps every 100 millisecond(s)...
Real time since poller start: 44.480121 s
Filter: comm "mem_miss"
Maps shown: total power consumption 

=== System totals (total) ===
  cpu_time:  175228506394 ns
  energy:    6885087910000 (units of your kfunc)
  uncore_energy:    970944772321910000 (units of your kfunc)

=== PID → power (EMA) (pid_to_power) [comm="mem_miss"] ===
PID      power             
186412   22                

=== PID → cumulative energy (pid_to_consumption) [comm="mem_miss"] ===
PID      energy            
186412   193584000000      

[H[JPolling energy-fair scheduler maps every 100 millisecond(s)...
Real time since poller start: 44.587187 s
Filter: comm "mem_miss"
Maps shown: total power consumption 

=== System totals (total) ===
  cpu_time:  175339832032 ns
  energy:    6887985430000 (units of your kfunc)
  uncore_energy:    970944913473610000 (units of your kfunc)

=== PID → power (EMA) (pid_to_power) [comm="mem_miss"] ===
PID      power             
186412   22                

=== PID → cumulative energy (pid_to_consumption) [comm="mem_miss"] ===
PID      energy            
186412   196158640000      

[H[JPolling energy-fair scheduler maps every 100 millisecond(s)...
Real time since poller start: 44.694276 s
Filter: comm "mem_miss"
Maps shown: total power consumption 

=== System totals (total) ===
  cpu_time:  175467640788 ns
  energy:    6891612330000 (units of your kfunc)
  uncore_energy:    970945054210110000 (units of your kfunc)

=== PID → power (EMA) (pid_to_power) [comm="mem_miss"] ===
PID      power             
186412   22                

=== PID → cumulative energy (pid_to_consumption) [comm="mem_miss"] ===
PID      energy            
186412   198732990000      

[H[JPolling energy-fair scheduler maps every 100 millisecond(s)...
Real time since poller start: 44.801352 s
Filter: comm "mem_miss"
Maps shown: total power consumption 

=== System totals (total) ===
  cpu_time:  175579006692 ns
  energy:    6894529490000 (units of your kfunc)
  uncore_energy:    970945194987410000 (units of your kfunc)

=== PID → power (EMA) (pid_to_power) [comm="mem_miss"] ===
PID      power             
186412   22                

=== PID → cumulative energy (pid_to_consumption) [comm="mem_miss"] ===
PID      energy            
186412   201300410000      

[H[JPolling energy-fair scheduler maps every 100 millisecond(s)...
Real time since poller start: 44.908379 s
Filter: comm "mem_miss"
Maps shown: total power consumption 

=== System totals (total) ===
  cpu_time:  175690665236 ns
  energy:    6897442600000 (units of your kfunc)
  uncore_energy:    970945335941030000 (units of your kfunc)

=== PID → power (EMA) (pid_to_power) [comm="mem_miss"] ===
PID      power             
186412   23                

=== PID → cumulative energy (pid_to_consumption) [comm="mem_miss"] ===
PID      energy            
186412   203870660000      

[H[JPolling energy-fair scheduler maps every 100 millisecond(s)...
Real time since poller start: 45.015449 s
Filter: comm "mem_miss"
Maps shown: total power consumption 

=== System totals (total) ===
  cpu_time:  175804668903 ns
  energy:    6900423680000 (units of your kfunc)
  uncore_energy:    970945478115440000 (units of your kfunc)

=== PID → power (EMA) (pid_to_power) [comm="mem_miss"] ===
PID      power             
186412   22                

=== PID → cumulative energy (pid_to_consumption) [comm="mem_miss"] ===
PID      energy            
186412   206442830000      

[H[JPolling energy-fair scheduler maps every 100 millisecond(s)...
Real time since poller start: 45.122501 s
Filter: comm "mem_miss"
Maps shown: total power consumption 

=== System totals (total) ===
  cpu_time:  175916024582 ns
  energy:    6903326780000 (units of your kfunc)
  uncore_energy:    970945620038390000 (units of your kfunc)

=== PID → power (EMA) (pid_to_power) [comm="mem_miss"] ===
PID      power             
186412   22                

=== PID → cumulative energy (pid_to_consumption) [comm="mem_miss"] ===
PID      energy            
186412   209023930000      

[H[JPolling energy-fair scheduler maps every 100 millisecond(s)...
Real time since poller start: 45.229556 s
Filter: comm "mem_miss"
Maps shown: total power consumption 

=== System totals (total) ===
  cpu_time:  176028504808 ns
  energy:    6906237520000 (units of your kfunc)
  uncore_energy:    970945762211720000 (units of your kfunc)

=== PID → power (EMA) (pid_to_power) [comm="mem_miss"] ===
PID      power             
186412   23                

=== PID → cumulative energy (pid_to_consumption) [comm="mem_miss"] ===
PID      energy            
186412   211629790000      

[H[JPolling energy-fair scheduler maps every 100 millisecond(s)...
Real time since poller start: 45.336597 s
Filter: comm "mem_miss"
Maps shown: total power consumption 

=== System totals (total) ===
  cpu_time:  176140049479 ns
  energy:    6909152090000 (units of your kfunc)
  uncore_energy:    970945903864570000 (units of your kfunc)

=== PID → power (EMA) (pid_to_power) [comm="mem_miss"] ===
PID      power             
186412   23                

=== PID → cumulative energy (pid_to_consumption) [comm="mem_miss"] ===
PID      energy            
186412   214213570000      

[H[JPolling energy-fair scheduler maps every 100 millisecond(s)...
Real time since poller start: 45.443689 s
Filter: comm "mem_miss"
Maps shown: total power consumption 

=== System totals (total) ===
  cpu_time:  176251268376 ns
  energy:    6912080290000 (units of your kfunc)
  uncore_energy:    970946046227510000 (units of your kfunc)

=== PID → power (EMA) (pid_to_power) [comm="mem_miss"] ===
PID      power             
186412   22                

=== PID → cumulative energy (pid_to_consumption) [comm="mem_miss"] ===
PID      energy            
186412   216802890000      

[H[JPolling energy-fair scheduler maps every 100 millisecond(s)...
Real time since poller start: 45.550791 s
Filter: comm "mem_miss"
Maps shown: total power consumption 

=== System totals (total) ===
  cpu_time:  176363952972 ns
  energy:    6915077910000 (units of your kfunc)
  uncore_energy:    970946187554530000 (units of your kfunc)

=== PID → power (EMA) (pid_to_power) [comm="mem_miss"] ===
PID      power             
186412   22                

=== PID → cumulative energy (pid_to_consumption) [comm="mem_miss"] ===
PID      energy            
186412   219400550000      

[H[JPolling energy-fair scheduler maps every 100 millisecond(s)...
Real time since poller start: 45.657838 s
Filter: comm "mem_miss"
Maps shown: total power consumption 

=== System totals (total) ===
  cpu_time:  176474555858 ns
  energy:    6917973490000 (units of your kfunc)
  uncore_energy:    970946328701920000 (units of your kfunc)

=== PID → power (EMA) (pid_to_power) [comm="mem_miss"] ===
PID      power             
186412   23                

=== PID → cumulative energy (pid_to_consumption) [comm="mem_miss"] ===
PID      energy            
186412   221997350000      

[H[JPolling energy-fair scheduler maps every 100 millisecond(s)...
Real time since poller start: 45.764903 s
Filter: comm "mem_miss"
Maps shown: total power consumption 

=== System totals (total) ===
  cpu_time:  176586422500 ns
  energy:    6920920220000 (units of your kfunc)
  uncore_energy:    970946469417760000 (units of your kfunc)

=== PID → power (EMA) (pid_to_power) [comm="mem_miss"] ===
PID      power             
186412   21                

=== PID → cumulative energy (pid_to_consumption) [comm="mem_miss"] ===
PID      energy            
186412   224592390000      

[H[JPolling energy-fair scheduler maps every 100 millisecond(s)...
Real time since poller start: 45.871971 s
Filter: comm "mem_miss"
Maps shown: total power consumption 

=== System totals (total) ===
  cpu_time:  176731747026 ns
  energy:    6924964410000 (units of your kfunc)
  uncore_energy:    970946611552000000 (units of your kfunc)

=== PID → power (EMA) (pid_to_power) [comm="mem_miss"] ===
PID      power             
186412   22                

=== PID → cumulative energy (pid_to_consumption) [comm="mem_miss"] ===
PID      energy            
186412   227184400000      

[H[JPolling energy-fair scheduler maps every 100 millisecond(s)...
Real time since poller start: 45.979029 s
Filter: comm "mem_miss"
Maps shown: total power consumption 

=== System totals (total) ===
  cpu_time:  176857077738 ns
  energy:    6928529790000 (units of your kfunc)
  uncore_energy:    970946752559990000 (units of your kfunc)

=== PID → power (EMA) (pid_to_power) [comm="mem_miss"] ===
PID      power             
186412   22                

=== PID → cumulative energy (pid_to_consumption) [comm="mem_miss"] ===
PID      energy            
186412   229770630000      

[H[JPolling energy-fair scheduler maps every 100 millisecond(s)...
Real time since poller start: 46.086091 s
Filter: comm "mem_miss"
Maps shown: total power consumption 

=== System totals (total) ===
  cpu_time:  176967901971 ns
  energy:    6931455770000 (units of your kfunc)
  uncore_energy:    970946894180820000 (units of your kfunc)

=== PID → power (EMA) (pid_to_power) [comm="mem_miss"] ===
PID      power             
186412   24                

=== PID → cumulative energy (pid_to_consumption) [comm="mem_miss"] ===
PID      energy            
186412   232373890000      

[H[JPolling energy-fair scheduler maps every 100 millisecond(s)...
Real time since poller start: 46.193146 s
Filter: comm "mem_miss"
Maps shown: total power consumption 

=== System totals (total) ===
  cpu_time:  177079352983 ns
  energy:    6934422040000 (units of your kfunc)
  uncore_energy:    970947035523940000 (units of your kfunc)

=== PID → power (EMA) (pid_to_power) [comm="mem_miss"] ===
PID      power             
186412   23                

=== PID → cumulative energy (pid_to_consumption) [comm="mem_miss"] ===
PID      energy            
186412   234971680000      

[H[JPolling energy-fair scheduler maps every 100 millisecond(s)...
Real time since poller start: 46.300212 s
Filter: comm "mem_miss"
Maps shown: total power consumption 

=== System totals (total) ===
  cpu_time:  177189059040 ns
  energy:    6937306880000 (units of your kfunc)
  uncore_energy:    970947177077580000 (units of your kfunc)

=== PID → power (EMA) (pid_to_power) [comm="mem_miss"] ===
PID      power             
186412   21                

=== PID → cumulative energy (pid_to_consumption) [comm="mem_miss"] ===
PID      energy            
186412   237576660000      

[H[JPolling energy-fair scheduler maps every 100 millisecond(s)...
Real time since poller start: 46.407253 s
Filter: comm "mem_miss"
Maps shown: total power consumption 

=== System totals (total) ===
  cpu_time:  177315577302 ns
  energy:    6940932750000 (units of your kfunc)
  uncore_energy:    970947318389300000 (units of your kfunc)

=== PID → power (EMA) (pid_to_power) [comm="mem_miss"] ===
PID      power             
186412   22                

=== PID → cumulative energy (pid_to_consumption) [comm="mem_miss"] ===
PID      energy            
186412   240192420000      

[H[JPolling energy-fair scheduler maps every 100 millisecond(s)...
Real time since poller start: 46.514309 s
Filter: comm "mem_miss"
Maps shown: total power consumption 

=== System totals (total) ===
  cpu_time:  177425377766 ns
  energy:    6943976080000 (units of your kfunc)
  uncore_energy:    970947468285570000 (units of your kfunc)

=== PID → power (EMA) (pid_to_power) [comm="mem_miss"] ===
PID      power             
186412   23                

=== PID → cumulative energy (pid_to_consumption) [comm="mem_miss"] ===
PID      energy            
186412   242940200000      

[H[JPolling energy-fair scheduler maps every 100 millisecond(s)...
Real time since poller start: 46.621402 s
Filter: comm "mem_miss"
Maps shown: total power consumption 

=== System totals (total) ===
  cpu_time:  177652748016 ns
  energy:    6951667350000 (units of your kfunc)
  uncore_energy:    970947609006170000 (units of your kfunc)

=== PID → power (EMA) (pid_to_power) [comm="mem_miss"] ===
PID      power             
186412   24                

=== PID → cumulative energy (pid_to_consumption) [comm="mem_miss"] ===
PID      energy            
186412   245524400000      

[H[JPolling energy-fair scheduler maps every 100 millisecond(s)...
Real time since poller start: 46.728512 s
Filter: comm "mem_miss"
Maps shown: total power consumption 

=== System totals (total) ===
  cpu_time:  177868120204 ns
  energy:    6958625100000 (units of your kfunc)
  uncore_energy:    970947750242850000 (units of your kfunc)

=== PID → power (EMA) (pid_to_power) [comm="mem_miss"] ===
PID      power             
186412   25                

=== PID → cumulative energy (pid_to_consumption) [comm="mem_miss"] ===
PID      energy            
186412   248111850000      

[H[JPolling energy-fair scheduler maps every 100 millisecond(s)...
Real time since poller start: 46.835509 s
Filter: comm "mem_miss"
Maps shown: total power consumption 

=== System totals (total) ===
  cpu_time:  178031666284 ns
  energy:    6963694980000 (units of your kfunc)
  uncore_energy:    970947895314870000 (units of your kfunc)

=== PID → power (EMA) (pid_to_power) [comm="mem_miss"] ===
PID      power             
186412   23                

=== PID → cumulative energy (pid_to_consumption) [comm="mem_miss"] ===
PID      energy            
186412   250764280000      

[H[JPolling energy-fair scheduler maps every 100 millisecond(s)...
Real time since poller start: 46.942547 s
Filter: comm "mem_miss"
Maps shown: total power consumption 

=== System totals (total) ===
  cpu_time:  178143755885 ns
  energy:    6966647100000 (units of your kfunc)
  uncore_energy:    970948036623310000 (units of your kfunc)

=== PID → power (EMA) (pid_to_power) [comm="mem_miss"] ===
PID      power             
186412   22                

=== PID → cumulative energy (pid_to_consumption) [comm="mem_miss"] ===
PID      energy            
186412   253402860000      

[H[JPolling energy-fair scheduler maps every 100 millisecond(s)...
Real time since poller start: 47.049652 s
Filter: comm "mem_miss"
Maps shown: total power consumption 

=== System totals (total) ===
  cpu_time:  178271794264 ns
  energy:    6970369170000 (units of your kfunc)
  uncore_energy:    970948179346100000 (units of your kfunc)

=== PID → power (EMA) (pid_to_power) [comm="mem_miss"] ===
PID      power             
186412   21                

=== PID → cumulative energy (pid_to_consumption) [comm="mem_miss"] ===
PID      energy            
186412   256004010000      

[H[JPolling energy-fair scheduler maps every 100 millisecond(s)...
Real time since poller start: 47.156715 s
Filter: comm "mem_miss"
Maps shown: total power consumption 

=== System totals (total) ===
  cpu_time:  178383742886 ns
  energy:    6973423860000 (units of your kfunc)
  uncore_energy:    970948320763150000 (units of your kfunc)

=== PID → power (EMA) (pid_to_power) [comm="mem_miss"] ===
PID      power             
186412   22                

=== PID → cumulative energy (pid_to_consumption) [comm="mem_miss"] ===
PID      energy            
186412   258648230000      

[H[JPolling energy-fair scheduler maps every 100 millisecond(s)...
Real time since poller start: 47.263630 s
Filter: comm "mem_miss"
Maps shown: total power consumption 

=== System totals (total) ===
  cpu_time:  178498816804 ns
  energy:    6976642370000 (units of your kfunc)
  uncore_energy:    970948461940850000 (units of your kfunc)

=== PID → power (EMA) (pid_to_power) [comm="mem_miss"] ===
PID      power             
186412   22                

=== PID → cumulative energy (pid_to_consumption) [comm="mem_miss"] ===
PID      energy            
186412   261280950000      

[H[JPolling energy-fair scheduler maps every 100 millisecond(s)...
Real time since poller start: 47.370559 s
Filter: comm "mem_miss"
Maps shown: total power consumption 

=== System totals (total) ===
  cpu_time:  178609540734 ns
  energy:    6980141490000 (units of your kfunc)
  uncore_energy:    970948601131550000 (units of your kfunc)

=== PID → power (EMA) (pid_to_power) [comm="mem_miss"] ===
PID      power             
186412   22                

=== PID → cumulative energy (pid_to_consumption) [comm="mem_miss"] ===
PID      energy            
186412   263841800000      

[H[JPolling energy-fair scheduler maps every 100 millisecond(s)...
Real time since poller start: 47.477557 s
Filter: comm "mem_miss"
Maps shown: total power consumption 

=== System totals (total) ===
  cpu_time:  178719378377 ns
  energy:    6984337490000 (units of your kfunc)
  uncore_energy:    970948740953180000 (units of your kfunc)

=== PID → power (EMA) (pid_to_power) [comm="mem_miss"] ===
PID      power             
186412   22                

=== PID → cumulative energy (pid_to_consumption) [comm="mem_miss"] ===
PID      energy            
186412   266201720000      

[H[JPolling energy-fair scheduler maps every 100 millisecond(s)...
Real time since poller start: 47.584568 s
Filter: comm "mem_miss"
Maps shown: total power consumption 

=== System totals (total) ===
  cpu_time:  178857143258 ns
  energy:    6990428180000 (units of your kfunc)
  uncore_energy:    970948881688970000 (units of your kfunc)

=== PID → power (EMA) (pid_to_power) [comm="mem_miss"] ===
PID      power             
186412   25                

=== PID → cumulative energy (pid_to_consumption) [comm="mem_miss"] ===
PID      energy            
186412   268131530000      

[H[JPolling energy-fair scheduler maps every 100 millisecond(s)...
Real time since poller start: 47.691589 s
Filter: comm "mem_miss"
Maps shown: total power consumption 

=== System totals (total) ===
  cpu_time:  178919741697 ns
  energy:    6994878060000 (units of your kfunc)
  uncore_energy:    970949021659870000 (units of your kfunc)

=== PID → power (EMA) (pid_to_power) [comm="mem_miss"] ===
PID      power             
186412   24                

=== PID → cumulative energy (pid_to_consumption) [comm="mem_miss"] ===
PID      energy            
186412   268866550000      

[H[JPolling energy-fair scheduler maps every 100 millisecond(s)...
Real time since poller start: 47.798673 s
Filter: comm "mem_miss"
Maps shown: total power consumption 

=== System totals (total) ===
  cpu_time:  178966105208 ns
  energy:    6999023720000 (units of your kfunc)
  uncore_energy:    970949163569960000 (units of your kfunc)

=== PID → power (EMA) (pid_to_power) [comm="mem_miss"] ===
PID      power             
186412   22                

=== PID → cumulative energy (pid_to_consumption) [comm="mem_miss"] ===
PID      energy            
186412   269083380000      

[H[JPolling energy-fair scheduler maps every 100 millisecond(s)...
Real time since poller start: 47.905706 s
Filter: comm "mem_miss"
Maps shown: total power consumption 

=== System totals (total) ===
  cpu_time:  179012688316 ns
  energy:    7003361230000 (units of your kfunc)
  uncore_energy:    970949304018980000 (units of your kfunc)

=== PID → power (EMA) (pid_to_power) [comm="mem_miss"] ===
PID      power             
186412   24                

=== PID → cumulative energy (pid_to_consumption) [comm="mem_miss"] ===
PID      energy            
186412   269133280000      

[H[JPolling energy-fair scheduler maps every 100 millisecond(s)...
Real time since poller start: 48.012657 s
Filter: comm "mem_miss"
Maps shown: total power consumption 

=== System totals (total) ===
  cpu_time:  179047820127 ns
  energy:    7007245040000 (units of your kfunc)
  uncore_energy:    970949444307840000 (units of your kfunc)

=== PID → power (EMA) (pid_to_power) [comm="mem_miss"] ===
PID      power             
186412   25                

=== PID → cumulative energy (pid_to_consumption) [comm="mem_miss"] ===
PID      energy            
186412   269183180000      

[H[JPolling energy-fair scheduler maps every 100 millisecond(s)...
Real time since poller start: 48.119710 s
Filter: comm "mem_miss"
Maps shown: total power consumption 

=== System totals (total) ===
  cpu_time:  179083677423 ns
  energy:    7011183500000 (units of your kfunc)
  uncore_energy:    970949584089470000 (units of your kfunc)

=== PID → power (EMA) (pid_to_power) [comm="mem_miss"] ===
PID      power             
186412   20                

=== PID → cumulative energy (pid_to_consumption) [comm="mem_miss"] ===
PID      energy            
186412   269230330000      

[H[JPolling energy-fair scheduler maps every 100 millisecond(s)...
Real time since poller start: 48.226756 s
Filter: comm "mem_miss"
Maps shown: total power consumption 

=== System totals (total) ===
  cpu_time:  179123443785 ns
  energy:    7015275160000 (units of your kfunc)
  uncore_energy:    970949723840590000 (units of your kfunc)

=== PID → power (EMA) (pid_to_power) [comm="mem_miss"] ===
PID      power             
186412   21                

=== PID → cumulative energy (pid_to_consumption) [comm="mem_miss"] ===
PID      energy            
186412   269279000000      

[H[JPolling energy-fair scheduler maps every 100 millisecond(s)...
Real time since poller start: 48.333733 s
Filter: comm "mem_miss"
Maps shown: total power consumption 

=== System totals (total) ===
  cpu_time:  179160900784 ns
  energy:    7019244900000 (units of your kfunc)
  uncore_energy:    970949864189540000 (units of your kfunc)

=== PID → power (EMA) (pid_to_power) [comm="mem_miss"] ===
PID      power             
186412   8                 

=== PID → cumulative energy (pid_to_consumption) [comm="mem_miss"] ===
PID      energy            
186412   269310900000      

[H[JPolling energy-fair scheduler maps every 100 millisecond(s)...
Real time since poller start: 48.440668 s
Filter: comm "mem_miss"
Maps shown: total power consumption 

=== System totals (total) ===
  cpu_time:  179196523374 ns
  energy:    7023146920000 (units of your kfunc)
  uncore_energy:    970950003914080000 (units of your kfunc)

=== PID → power (EMA) (pid_to_power) [comm="mem_miss"] ===
PID      power             
186412   5                 

=== PID → cumulative energy (pid_to_consumption) [comm="mem_miss"] ===
PID      energy            
186412   269341710000      

[H[JPolling energy-fair scheduler maps every 100 millisecond(s)...
Real time since poller start: 48.547707 s
Filter: comm "mem_miss"
Maps shown: total power consumption 

=== System totals (total) ===
  cpu_time:  179237520080 ns
  energy:    7027245170000 (units of your kfunc)
  uncore_energy:    970950144122170000 (units of your kfunc)

=== PID → power (EMA) (pid_to_power) [comm="mem_miss"] ===
PID      power             
186412   9                 

=== PID → cumulative energy (pid_to_consumption) [comm="mem_miss"] ===
PID      energy            
186412   269420480000      

[H[JPolling energy-fair scheduler maps every 100 millisecond(s)...
Real time since poller start: 48.654751 s
Filter: comm "mem_miss"
Maps shown: total power consumption 

=== System totals (total) ===
  cpu_time:  179274387063 ns
  energy:    7031372680000 (units of your kfunc)
  uncore_energy:    970950283592070000 (units of your kfunc)

=== PID → power (EMA) (pid_to_power) [comm="mem_miss"] ===
PID      power             
186412   9                 

=== PID → cumulative energy (pid_to_consumption) [comm="mem_miss"] ===
PID      energy            
186412   269442000000      

[H[JPolling energy-fair scheduler maps every 100 millisecond(s)...
Real time since poller start: 48.761745 s
Filter: comm "mem_miss"
Maps shown: total power consumption 

=== System totals (total) ===
  cpu_time:  179311284102 ns
  energy:    7035110110000 (units of your kfunc)
  uncore_energy:    970950423038380000 (units of your kfunc)

=== PID → power (EMA) (pid_to_power) [comm="mem_miss"] ===
PID      power             
186412   7                 

=== PID → cumulative energy (pid_to_consumption) [comm="mem_miss"] ===
PID      energy            
186412   269466880000      

[H[JPolling energy-fair scheduler maps every 100 millisecond(s)...
Real time since poller start: 48.868739 s
Filter: comm "mem_miss"
Maps shown: total power consumption 

=== System totals (total) ===
  cpu_time:  179348127110 ns
  energy:    7039078030000 (units of your kfunc)
  uncore_energy:    970950562393060000 (units of your kfunc)

=== PID → power (EMA) (pid_to_power) [comm="mem_miss"] ===
PID      power             
186412   7                 

=== PID → cumulative energy (pid_to_consumption) [comm="mem_miss"] ===
PID      energy            
186412   269484890000      

[H[JPolling energy-fair scheduler maps every 100 millisecond(s)...
Real time since poller start: 48.975693 s
Filter: comm "mem_miss"
Maps shown: total power consumption 

=== System totals (total) ===
  cpu_time:  179388562014 ns
  energy:    7043342600000 (units of your kfunc)
  uncore_energy:    970950701023390000 (units of your kfunc)

=== PID → power (EMA) (pid_to_power) [comm="mem_miss"] ===
PID      power             
186412   7                 

=== PID → cumulative energy (pid_to_consumption) [comm="mem_miss"] ===
PID      energy            
186412   269513420000      

[H[JPolling energy-fair scheduler maps every 100 millisecond(s)...
Real time since poller start: 49.082668 s
Filter: comm "mem_miss"
Maps shown: total power consumption 

=== System totals (total) ===
  cpu_time:  179426141567 ns
  energy:    7047569320000 (units of your kfunc)
  uncore_energy:    970950841312210000 (units of your kfunc)

=== PID → power (EMA) (pid_to_power) [comm="mem_miss"] ===
PID      power             
186412   7                 

=== PID → cumulative energy (pid_to_consumption) [comm="mem_miss"] ===
PID      energy            
186412   269547760000      

[H[JPolling energy-fair scheduler maps every 100 millisecond(s)...
Real time since poller start: 49.189622 s
Filter: comm "mem_miss"
Maps shown: total power consumption 

=== System totals (total) ===
  cpu_time:  179489637922 ns
  energy:    7052575330000 (units of your kfunc)
  uncore_energy:    970950979490090000 (units of your kfunc)

=== PID → power (EMA) (pid_to_power) [comm="mem_miss"] ===
PID      power             
186412   13                

=== PID → cumulative energy (pid_to_consumption) [comm="mem_miss"] ===
PID      energy            
186412   269682490000      

[H[JPolling energy-fair scheduler maps every 100 millisecond(s)...
Real time since poller start: 49.296736 s
Filter: comm "mem_miss"
Maps shown: total power consumption 

=== System totals (total) ===
  cpu_time:  179564943804 ns
  energy:    7058149550000 (units of your kfunc)
  uncore_energy:    970951120213630000 (units of your kfunc)

=== PID → power (EMA) (pid_to_power) [comm="mem_miss"] ===
PID      power             
186412   7                 

=== PID → cumulative energy (pid_to_consumption) [comm="mem_miss"] ===
PID      energy            
186412   269717430000      

[H[JPolling energy-fair scheduler maps every 100 millisecond(s)...
Real time since poller start: 49.403856 s
Filter: comm "mem_miss"
Maps shown: total power consumption 

=== System totals (total) ===
  cpu_time:  179610541088 ns
  energy:    7062602460000 (units of your kfunc)
  uncore_energy:    970951259413680000 (units of your kfunc)

=== PID → power (EMA) (pid_to_power) [comm="mem_miss"] ===
PID      power             
186412   10                

=== PID → cumulative energy (pid_to_consumption) [comm="mem_miss"] ===
PID      energy            
186412   269812490000      

[H[JPolling energy-fair scheduler maps every 100 millisecond(s)...
Real time since poller start: 49.510940 s
Filter: comm "mem_miss"
Maps shown: total power consumption 

=== System totals (total) ===
  cpu_time:  179657149591 ns
  energy:    7067005060000 (units of your kfunc)
  uncore_energy:    970951399040770000 (units of your kfunc)

=== PID → power (EMA) (pid_to_power) [comm="mem_miss"] ===
PID      power             
186412   8                 

=== PID → cumulative energy (pid_to_consumption) [comm="mem_miss"] ===
PID      energy            
186412   269901610000      

[H[JPolling energy-fair scheduler maps every 100 millisecond(s)...
Real time since poller start: 49.618022 s
Filter: comm "mem_miss"
Maps shown: total power consumption 

=== System totals (total) ===
  cpu_time:  179697925435 ns
  energy:    7071246060000 (units of your kfunc)
  uncore_energy:    970951538746920000 (units of your kfunc)

=== PID → power (EMA) (pid_to_power) [comm="mem_miss"] ===
PID      power             
186412   8                 

=== PID → cumulative energy (pid_to_consumption) [comm="mem_miss"] ===
PID      energy            
186412   269981110000      

[H[JPolling energy-fair scheduler maps every 100 millisecond(s)...
Real time since poller start: 49.725141 s
Filter: comm "mem_miss"
Maps shown: total power consumption 

=== System totals (total) ===
  cpu_time:  179741161685 ns
  energy:    7075356160000 (units of your kfunc)
  uncore_energy:    970951678688330000 (units of your kfunc)

=== PID → power (EMA) (pid_to_power) [comm="mem_miss"] ===
PID      power             
186412   8                 

=== PID → cumulative energy (pid_to_consumption) [comm="mem_miss"] ===
PID      energy            
186412   270046120000      

[H[JPolling energy-fair scheduler maps every 100 millisecond(s)...
Real time since poller start: 49.832282 s
Filter: comm "mem_miss"
Maps shown: total power consumption 

=== System totals (total) ===
  cpu_time:  179785741500 ns
  energy:    7079129020000 (units of your kfunc)
  uncore_energy:    970951820155190000 (units of your kfunc)

=== PID → power (EMA) (pid_to_power) [comm="mem_miss"] ===
PID      power             
186412   9                 

=== PID → cumulative energy (pid_to_consumption) [comm="mem_miss"] ===
PID      energy            
186412   270169090000      

[H[JPolling energy-fair scheduler maps every 100 millisecond(s)...
Real time since poller start: 49.939387 s
Filter: comm "mem_miss"
Maps shown: total power consumption 

=== System totals (total) ===
  cpu_time:  179829403699 ns
  energy:    7082629540000 (units of your kfunc)
  uncore_energy:    970951960420230000 (units of your kfunc)

=== PID → power (EMA) (pid_to_power) [comm="mem_miss"] ===
PID      power             
186412   12                

=== PID → cumulative energy (pid_to_consumption) [comm="mem_miss"] ===
PID      energy            
186412   270269660000      

[H[JPolling energy-fair scheduler maps every 100 millisecond(s)...
Real time since poller start: 50.046513 s
Filter: comm "mem_miss"
Maps shown: total power consumption 

=== System totals (total) ===
  cpu_time:  179887338294 ns
  energy:    7086242320000 (units of your kfunc)
  uncore_energy:    970952101232190000 (units of your kfunc)

=== PID → power (EMA) (pid_to_power) [comm="mem_miss"] ===
PID      power             
186412   6                 

=== PID → cumulative energy (pid_to_consumption) [comm="mem_miss"] ===
PID      energy            
186412   270581990000      

[H[JPolling energy-fair scheduler maps every 100 millisecond(s)...
Real time since poller start: 50.153625 s
Filter: comm "mem_miss"
Maps shown: total power consumption 

=== System totals (total) ===
  cpu_time:  179955262015 ns
  energy:    7090073360000 (units of your kfunc)
  uncore_energy:    970952242638730000 (units of your kfunc)

=== PID → power (EMA) (pid_to_power) [comm="mem_miss"] ===
PID      power             
186412   11                

=== PID → cumulative energy (pid_to_consumption) [comm="mem_miss"] ===
PID      energy            
186412   271001480000      

[H[JPolling energy-fair scheduler maps every 100 millisecond(s)...
Real time since poller start: 50.260718 s
Filter: comm "mem_miss"
Maps shown: total power consumption 

=== System totals (total) ===
  cpu_time:  180048402378 ns
  energy:    7094070990000 (units of your kfunc)
  uncore_energy:    970952383853810000 (units of your kfunc)

=== PID → power (EMA) (pid_to_power) [comm="mem_miss"] ===
PID      power             
186412   11                

=== PID → cumulative energy (pid_to_consumption) [comm="mem_miss"] ===
PID      energy            
186412   271886930000      

[H[JPolling energy-fair scheduler maps every 100 millisecond(s)...
Real time since poller start: 50.367826 s
Filter: comm "mem_miss"
Maps shown: total power consumption 

=== System totals (total) ===
  cpu_time:  180171137679 ns
  energy:    7098665110000 (units of your kfunc)
  uncore_energy:    970952523073620000 (units of your kfunc)

=== PID → power (EMA) (pid_to_power) [comm="mem_miss"] ===
PID      power             
186412   12                

=== PID → cumulative energy (pid_to_consumption) [comm="mem_miss"] ===
PID      energy            
186412   272982210000      

[H[JPolling energy-fair scheduler maps every 100 millisecond(s)...
Real time since poller start: 50.474933 s
Filter: comm "mem_miss"
Maps shown: total power consumption 

=== System totals (total) ===
  cpu_time:  180285977892 ns
  energy:    7102957230000 (units of your kfunc)
  uncore_energy:    970952662064430000 (units of your kfunc)

=== PID → power (EMA) (pid_to_power) [comm="mem_miss"] ===
PID      power             
186412   12                

=== PID → cumulative energy (pid_to_consumption) [comm="mem_miss"] ===
PID      energy            
186412   274150550000      

[H[JPolling energy-fair scheduler maps every 100 millisecond(s)...
Real time since poller start: 50.582025 s
Filter: comm "mem_miss"
Maps shown: total power consumption 

=== System totals (total) ===
  cpu_time:  180410990263 ns
  energy:    7107339990000 (units of your kfunc)
  uncore_energy:    970952801565800000 (units of your kfunc)

=== PID → power (EMA) (pid_to_power) [comm="mem_miss"] ===
PID      power             
186412   12                

=== PID → cumulative energy (pid_to_consumption) [comm="mem_miss"] ===
PID      energy            
186412   275427820000      

[H[JPolling energy-fair scheduler maps every 100 millisecond(s)...
Real time since poller start: 50.689117 s
Filter: comm "mem_miss"
Maps shown: total power consumption 

=== System totals (total) ===
  cpu_time:  180535851367 ns
  energy:    7111556160000 (units of your kfunc)
  uncore_energy:    970952940777210000 (units of your kfunc)

=== PID → power (EMA) (pid_to_power) [comm="mem_miss"] ===
PID      power             
186412   11                

=== PID → cumulative energy (pid_to_consumption) [comm="mem_miss"] ===
PID      energy            
186412   276736120000      

[H[JPolling energy-fair scheduler maps every 100 millisecond(s)...
Real time since poller start: 50.796199 s
Filter: comm "mem_miss"
Maps shown: total power consumption 

=== System totals (total) ===
  cpu_time:  180675788634 ns
  energy:    7116164260000 (units of your kfunc)
  uncore_energy:    970953080606980000 (units of your kfunc)

=== PID → power (EMA) (pid_to_power) [comm="mem_miss"] ===
PID      power             
186412   8                 

=== PID → cumulative energy (pid_to_consumption) [comm="mem_miss"] ===
PID      energy            
186412   278071530000      

[H[JPolling energy-fair scheduler maps every 100 millisecond(s)...
Real time since poller start: 50.903319 s
Filter: comm "mem_miss"
Maps shown: total power consumption 

=== System totals (total) ===
  cpu_time:  180834835193 ns
  energy:    7121617730000 (units of your kfunc)
  uncore_energy:    970953220290380000 (units of your kfunc)

=== PID → power (EMA) (pid_to_power) [comm="mem_miss"] ===
PID      power             
186412   9                 

=== PID → cumulative energy (pid_to_consumption) [comm="mem_miss"] ===
PID      energy            
186412   279401500000      

[H[JPolling energy-fair scheduler maps every 100 millisecond(s)...
Real time since poller start: 51.010406 s
Filter: comm "mem_miss"
Maps shown: total power consumption 

=== System totals (total) ===
  cpu_time:  180986732648 ns
  energy:    7127882430000 (units of your kfunc)
  uncore_energy:    970953368583320000 (units of your kfunc)

=== PID → power (EMA) (pid_to_power) [comm="mem_miss"] ===
PID      power             
186412   14                

=== PID → cumulative energy (pid_to_consumption) [comm="mem_miss"] ===
PID      energy            
186412   280728700000      

[H[JPolling energy-fair scheduler maps every 100 millisecond(s)...
Real time since poller start: 51.117505 s
Filter: comm "mem_miss"
Maps shown: total power consumption 

=== System totals (total) ===
  cpu_time:  181136017868 ns
  energy:    7134446340000 (units of your kfunc)
  uncore_energy:    970953510624760000 (units of your kfunc)

=== PID → power (EMA) (pid_to_power) [comm="mem_miss"] ===
PID      power             
186412   15                

=== PID → cumulative energy (pid_to_consumption) [comm="mem_miss"] ===
PID      energy            
186412   281277990000      

[H[JPolling energy-fair scheduler maps every 100 millisecond(s)...
Real time since poller start: 51.224631 s
Filter: comm "mem_miss"
Maps shown: total power consumption 

=== System totals (total) ===
  cpu_time:  181295043349 ns
  energy:    7141557060000 (units of your kfunc)
  uncore_energy:    970953654896950000 (units of your kfunc)

=== PID → power (EMA) (pid_to_power) [comm="mem_miss"] ===
PID      power             
186412   12                

=== PID → cumulative energy (pid_to_consumption) [comm="mem_miss"] ===
PID      energy            
186412   282011630000      

[H[JPolling energy-fair scheduler maps every 100 millisecond(s)...
Real time since poller start: 51.331728 s
Filter: comm "mem_miss"
Maps shown: total power consumption 

=== System totals (total) ===
  cpu_time:  181427577746 ns
  energy:    7145683110000 (units of your kfunc)
  uncore_energy:    970953794717730000 (units of your kfunc)

=== PID → power (EMA) (pid_to_power) [comm="mem_miss"] ===
PID      power             
186412   10                

=== PID → cumulative energy (pid_to_consumption) [comm="mem_miss"] ===
PID      energy            
186412   283302020000      

[H[JPolling energy-fair scheduler maps every 100 millisecond(s)...
Real time since poller start: 51.438931 s
Filter: comm "mem_miss"
Maps shown: total power consumption 

=== System totals (total) ===
  cpu_time:  181577409182 ns
  energy:    7150183630000 (units of your kfunc)
  uncore_energy:    970953935506520000 (units of your kfunc)

=== PID → power (EMA) (pid_to_power) [comm="mem_miss"] ===
PID      power             
186412   11                

=== PID → cumulative energy (pid_to_consumption) [comm="mem_miss"] ===
PID      energy            
186412   284601000000      

[H[JPolling energy-fair scheduler maps every 100 millisecond(s)...
Real time since poller start: 51.546101 s
Filter: comm "mem_miss"
Maps shown: total power consumption 

=== System totals (total) ===
  cpu_time:  181705826745 ns
  energy:    7153869860000 (units of your kfunc)
  uncore_energy:    970954075452190000 (units of your kfunc)

=== PID → power (EMA) (pid_to_power) [comm="mem_miss"] ===
PID      power             
186412   13                

=== PID → cumulative energy (pid_to_consumption) [comm="mem_miss"] ===
PID      energy            
186412   285889020000      

[H[JPolling energy-fair scheduler maps every 100 millisecond(s)...
Real time since poller start: 51.653288 s
Filter: comm "mem_miss"
Maps shown: total power consumption 

=== System totals (total) ===
  cpu_time:  181833288219 ns
  energy:    7157487560000 (units of your kfunc)
  uncore_energy:    970954215578840000 (units of your kfunc)

=== PID → power (EMA) (pid_to_power) [comm="mem_miss"] ===
PID      power             
186412   11                

=== PID → cumulative energy (pid_to_consumption) [comm="mem_miss"] ===
PID      energy            
186412   287223360000      

[H[JPolling energy-fair scheduler maps every 100 millisecond(s)...
Real time since poller start: 51.760452 s
Filter: comm "mem_miss"
Maps shown: total power consumption 

=== System totals (total) ===
  cpu_time:  181967277329 ns
  energy:    7161236930000 (units of your kfunc)
  uncore_energy:    970954355031830000 (units of your kfunc)

=== PID → power (EMA) (pid_to_power) [comm="mem_miss"] ===
PID      power             
186412   13                

=== PID → cumulative energy (pid_to_consumption) [comm="mem_miss"] ===
PID      energy            
186412   288579550000      

[H[JPolling energy-fair scheduler maps every 100 millisecond(s)...
Real time since poller start: 51.867631 s
Filter: comm "mem_miss"
Maps shown: total power consumption 

=== System totals (total) ===
  cpu_time:  182099509778 ns
  energy:    7164820580000 (units of your kfunc)
  uncore_energy:    970954495120210000 (units of your kfunc)

=== PID → power (EMA) (pid_to_power) [comm="mem_miss"] ===
PID      power             
186412   15                

=== PID → cumulative energy (pid_to_consumption) [comm="mem_miss"] ===
PID      energy            
186412   289939670000      

[H[JPolling energy-fair scheduler maps every 100 millisecond(s)...
Real time since poller start: 51.974774 s
Filter: comm "mem_miss"
Maps shown: total power consumption 

=== System totals (total) ===
  cpu_time:  182230028503 ns
  energy:    7168577740000 (units of your kfunc)
  uncore_energy:    970954635077800000 (units of your kfunc)

=== PID → power (EMA) (pid_to_power) [comm="mem_miss"] ===
PID      power             
186412   11                

=== PID → cumulative energy (pid_to_consumption) [comm="mem_miss"] ===
PID      energy            
186412   291289440000      

[H[JPolling energy-fair scheduler maps every 100 millisecond(s)...
Real time since poller start: 52.081902 s
Filter: comm "mem_miss"
Maps shown: total power consumption 

=== System totals (total) ===
  cpu_time:  182361775192 ns
  energy:    7172242190000 (units of your kfunc)
  uncore_energy:    970954777000660000 (units of your kfunc)

=== PID → power (EMA) (pid_to_power) [comm="mem_miss"] ===
PID      power             
186412   12                

=== PID → cumulative energy (pid_to_consumption) [comm="mem_miss"] ===
PID      energy            
186412   292642500000      

[H[JPolling energy-fair scheduler maps every 100 millisecond(s)...
Real time since poller start: 52.189018 s
Filter: comm "mem_miss"
Maps shown: total power consumption 

=== System totals (total) ===
  cpu_time:  182494426214 ns
  energy:    7175871210000 (units of your kfunc)
  uncore_energy:    970954917339390000 (units of your kfunc)

=== PID → power (EMA) (pid_to_power) [comm="mem_miss"] ===
PID      power             
186412   10                

=== PID → cumulative energy (pid_to_consumption) [comm="mem_miss"] ===
PID      energy            
186412   294043120000      

[H[JPolling energy-fair scheduler maps every 100 millisecond(s)...
Real time since poller start: 52.296161 s
Filter: comm "mem_miss"
Maps shown: total power consumption 

=== System totals (total) ===
  cpu_time:  182630934520 ns
  energy:    7179657390000 (units of your kfunc)
  uncore_energy:    970955058176010000 (units of your kfunc)

=== PID → power (EMA) (pid_to_power) [comm="mem_miss"] ===
PID      power             
186412   12                

=== PID → cumulative energy (pid_to_consumption) [comm="mem_miss"] ===
PID      energy            
186412   295400730000      

[H[JPolling energy-fair scheduler maps every 100 millisecond(s)...
Real time since poller start: 52.403329 s
Filter: comm "mem_miss"
Maps shown: total power consumption 

=== System totals (total) ===
  cpu_time:  182774378446 ns
  energy:    7183722920000 (units of your kfunc)
  uncore_energy:    970955199671700000 (units of your kfunc)

=== PID → power (EMA) (pid_to_power) [comm="mem_miss"] ===
PID      power             
186412   12                

=== PID → cumulative energy (pid_to_consumption) [comm="mem_miss"] ===
PID      energy            
186412   296707470000      

[H[JPolling energy-fair scheduler maps every 100 millisecond(s)...
Real time since poller start: 52.510438 s
Filter: comm "mem_miss"
Maps shown: total power consumption 

=== System totals (total) ===
  cpu_time:  182939570443 ns
  energy:    7188369880000 (units of your kfunc)
  uncore_energy:    970955340670180000 (units of your kfunc)

=== PID → power (EMA) (pid_to_power) [comm="mem_miss"] ===
PID      power             
186412   12                

=== PID → cumulative energy (pid_to_consumption) [comm="mem_miss"] ===
PID      energy            
186412   298083530000      

[H[JPolling energy-fair scheduler maps every 100 millisecond(s)...
Real time since poller start: 52.617568 s
Filter: comm "mem_miss"
Maps shown: total power consumption 

=== System totals (total) ===
  cpu_time:  183072234369 ns
  energy:    7191924890000 (units of your kfunc)
  uncore_energy:    970955481104580000 (units of your kfunc)

=== PID → power (EMA) (pid_to_power) [comm="mem_miss"] ===
PID      power             
186412   12                

=== PID → cumulative energy (pid_to_consumption) [comm="mem_miss"] ===
PID      energy            
186412   299446000000      

[H[JPolling energy-fair scheduler maps every 100 millisecond(s)...
Real time since poller start: 52.724704 s
Filter: comm "mem_miss"
Maps shown: total power consumption 

=== System totals (total) ===
  cpu_time:  183204024618 ns
  energy:    7195394240000 (units of your kfunc)
  uncore_energy:    970955621860090000 (units of your kfunc)

=== PID → power (EMA) (pid_to_power) [comm="mem_miss"] ===
PID      power             
186412   12                

=== PID → cumulative energy (pid_to_consumption) [comm="mem_miss"] ===
PID      energy            
186412   300793660000      

[H[JPolling energy-fair scheduler maps every 100 millisecond(s)...
Real time since poller start: 52.831890 s
Filter: comm "mem_miss"
Maps shown: total power consumption 

=== System totals (total) ===
  cpu_time:  183335175481 ns
  energy:    7198920690000 (units of your kfunc)
  uncore_energy:    970955763310290000 (units of your kfunc)

=== PID → power (EMA) (pid_to_power) [comm="mem_miss"] ===
PID      power             
186412   11                

=== PID → cumulative energy (pid_to_consumption) [comm="mem_miss"] ===
PID      energy            
186412   302146920000      

[H[JPolling energy-fair scheduler maps every 100 millisecond(s)...
Real time since poller start: 52.939003 s
Filter: comm "mem_miss"
Maps shown: total power consumption 

=== System totals (total) ===
  cpu_time:  183467747215 ns
  energy:    7202413570000 (units of your kfunc)
  uncore_energy:    970955903486390000 (units of your kfunc)

=== PID → power (EMA) (pid_to_power) [comm="mem_miss"] ===
PID      power             
186412   12                

=== PID → cumulative energy (pid_to_consumption) [comm="mem_miss"] ===
PID      energy            
186412   303502650000      

[H[JPolling energy-fair scheduler maps every 100 millisecond(s)...
Real time since poller start: 53.046113 s
Filter: comm "mem_miss"
Maps shown: total power consumption 

=== System totals (total) ===
  cpu_time:  183599511877 ns
  energy:    7205801920000 (units of your kfunc)
  uncore_energy:    970956043672710000 (units of your kfunc)

=== PID → power (EMA) (pid_to_power) [comm="mem_miss"] ===
PID      power             
186412   10                

=== PID → cumulative energy (pid_to_consumption) [comm="mem_miss"] ===
PID      energy            
186412   304837930000      

[H[JPolling energy-fair scheduler maps every 100 millisecond(s)...
Real time since poller start: 53.153242 s
Filter: comm "mem_miss"
Maps shown: total power consumption 

=== System totals (total) ===
  cpu_time:  183733007172 ns
  energy:    7209473770000 (units of your kfunc)
  uncore_energy:    970956183733160000 (units of your kfunc)

=== PID → power (EMA) (pid_to_power) [comm="mem_miss"] ===
PID      power             
186412   10                

=== PID → cumulative energy (pid_to_consumption) [comm="mem_miss"] ===
PID      energy            
186412   306215660000      

[H[JPolling energy-fair scheduler maps every 100 millisecond(s)...
Real time since poller start: 53.260344 s
Filter: comm "mem_miss"
Maps shown: total power consumption 

=== System totals (total) ===
  cpu_time:  183866658936 ns
  energy:    7213107800000 (units of your kfunc)
  uncore_energy:    970956323955340000 (units of your kfunc)

=== PID → power (EMA) (pid_to_power) [comm="mem_miss"] ===
PID      power             
186412   11                

=== PID → cumulative energy (pid_to_consumption) [comm="mem_miss"] ===
PID      energy            
186412   307573350000      

[H[JPolling energy-fair scheduler maps every 100 millisecond(s)...
Real time since poller start: 53.367401 s
Filter: comm "mem_miss"
Maps shown: total power consumption 

=== System totals (total) ===
  cpu_time:  183995212727 ns
  energy:    7216419220000 (units of your kfunc)
  uncore_energy:    970956463824310000 (units of your kfunc)

=== PID → power (EMA) (pid_to_power) [comm="mem_miss"] ===
PID      power             
186412   11                

=== PID → cumulative energy (pid_to_consumption) [comm="mem_miss"] ===
PID      energy            
186412   308909680000      

[H[JPolling energy-fair scheduler maps every 100 millisecond(s)...
Real time since poller start: 53.474482 s
Filter: comm "mem_miss"
Maps shown: total power consumption 

=== System totals (total) ===
  cpu_time:  184128649238 ns
  energy:    7219957740000 (units of your kfunc)
  uncore_energy:    970956603835740000 (units of your kfunc)

=== PID → power (EMA) (pid_to_power) [comm="mem_miss"] ===
PID      power             
186412   11                

=== PID → cumulative energy (pid_to_consumption) [comm="mem_miss"] ===
PID      energy            
186412   310297350000      

[H[JPolling energy-fair scheduler maps every 100 millisecond(s)...
Real time since poller start: 53.581579 s
Filter: comm "mem_miss"
Maps shown: total power consumption 

=== System totals (total) ===
  cpu_time:  184272212894 ns
  energy:    7223903990000 (units of your kfunc)
  uncore_energy:    970956744269220000 (units of your kfunc)

=== PID → power (EMA) (pid_to_power) [comm="mem_miss"] ===
PID      power             
186412   12                

=== PID → cumulative energy (pid_to_consumption) [comm="mem_miss"] ===
PID      energy            
186412   311646410000      

[H[JPolling energy-fair scheduler maps every 100 millisecond(s)...
Real time since poller start: 53.688701 s
Filter: comm "mem_miss"
Maps shown: total power consumption 

=== System totals (total) ===
  cpu_time:  184408637034 ns
  energy:    7227605110000 (units of your kfunc)
  uncore_energy:    970956884630150000 (units of your kfunc)

=== PID → power (EMA) (pid_to_power) [comm="mem_miss"] ===
PID      power             
186412   12                

=== PID → cumulative energy (pid_to_consumption) [comm="mem_miss"] ===
PID      energy            
186412   312999210000      

[H[JPolling energy-fair scheduler maps every 100 millisecond(s)...
Real time since poller start: 53.795818 s
Filter: comm "mem_miss"
Maps shown: total power consumption 

=== System totals (total) ===
  cpu_time:  184539765542 ns
  energy:    7231085590000 (units of your kfunc)
  uncore_energy:    970957026259220000 (units of your kfunc)

=== PID → power (EMA) (pid_to_power) [comm="mem_miss"] ===
PID      power             
186412   11                

=== PID → cumulative energy (pid_to_consumption) [comm="mem_miss"] ===
PID      energy            
186412   314352770000      

[H[JPolling energy-fair scheduler maps every 100 millisecond(s)...
Real time since poller start: 53.902934 s
Filter: comm "mem_miss"
Maps shown: total power consumption 

=== System totals (total) ===
  cpu_time:  184670825599 ns
  energy:    7234523150000 (units of your kfunc)
  uncore_energy:    970957167038580000 (units of your kfunc)

=== PID → power (EMA) (pid_to_power) [comm="mem_miss"] ===
PID      power             
186412   14                

=== PID → cumulative energy (pid_to_consumption) [comm="mem_miss"] ===
PID      energy            
186412   315684490000      

[H[JPolling energy-fair scheduler maps every 100 millisecond(s)...
Real time since poller start: 54.010070 s
Filter: comm "mem_miss"
Maps shown: total power consumption 

=== System totals (total) ===
  cpu_time:  184803765598 ns
  energy:    7238162490000 (units of your kfunc)
  uncore_energy:    970957307672310000 (units of your kfunc)

=== PID → power (EMA) (pid_to_power) [comm="mem_miss"] ===
PID      power             
186412   13                

=== PID → cumulative energy (pid_to_consumption) [comm="mem_miss"] ===
PID      energy            
186412   317045390000      

[H[JPolling energy-fair scheduler maps every 100 millisecond(s)...
Real time since poller start: 54.117186 s
Filter: comm "mem_miss"
Maps shown: total power consumption 

=== System totals (total) ===
  cpu_time:  184969670732 ns
  energy:    7242828220000 (units of your kfunc)
  uncore_energy:    970957447802120000 (units of your kfunc)

=== PID → power (EMA) (pid_to_power) [comm="mem_miss"] ===
PID      power             
186412   12                

=== PID → cumulative energy (pid_to_consumption) [comm="mem_miss"] ===
PID      energy            
186412   318462950000      

[H[JPolling energy-fair scheduler maps every 100 millisecond(s)...
Real time since poller start: 54.224307 s
Filter: comm "mem_miss"
Maps shown: total power consumption 

=== System totals (total) ===
  cpu_time:  185107899635 ns
  energy:    7246655550000 (units of your kfunc)
  uncore_energy:    970957587890500000 (units of your kfunc)

=== PID → power (EMA) (pid_to_power) [comm="mem_miss"] ===
PID      power             
186412   11                

=== PID → cumulative energy (pid_to_consumption) [comm="mem_miss"] ===
PID      energy            
186412   319832550000      

[H[JPolling energy-fair scheduler maps every 100 millisecond(s)...
Real time since poller start: 54.331509 s
Filter: comm "mem_miss"
Maps shown: total power consumption 

=== System totals (total) ===
  cpu_time:  185241785920 ns
  energy:    7250271850000 (units of your kfunc)
  uncore_energy:    970957727887020000 (units of your kfunc)

=== PID → power (EMA) (pid_to_power) [comm="mem_miss"] ===
PID      power             
186412   11                

=== PID → cumulative energy (pid_to_consumption) [comm="mem_miss"] ===
PID      energy            
186412   321237580000      

[H[JPolling energy-fair scheduler maps every 100 millisecond(s)...
Real time since poller start: 54.438699 s
Filter: comm "mem_miss"
Maps shown: total power consumption 

=== System totals (total) ===
  cpu_time:  185379416609 ns
  energy:    7253934930000 (units of your kfunc)
  uncore_energy:    970957868725740000 (units of your kfunc)

=== PID → power (EMA) (pid_to_power) [comm="mem_miss"] ===
PID      power             
186412   12                

=== PID → cumulative energy (pid_to_consumption) [comm="mem_miss"] ===
PID      energy            
186412   322624160000      

[H[JPolling energy-fair scheduler maps every 100 millisecond(s)...
Real time since poller start: 54.545905 s
Filter: comm "mem_miss"
Maps shown: total power consumption 

=== System totals (total) ===
  cpu_time:  185512556272 ns
  energy:    7257466450000 (units of your kfunc)
  uncore_energy:    970958010442330000 (units of your kfunc)

=== PID → power (EMA) (pid_to_power) [comm="mem_miss"] ===
PID      power             
186412   12                

=== PID → cumulative energy (pid_to_consumption) [comm="mem_miss"] ===
PID      energy            
186412   323970910000      

[H[JPolling energy-fair scheduler maps every 100 millisecond(s)...
Real time since poller start: 54.653101 s
Filter: comm "mem_miss"
Maps shown: total power consumption 

=== System totals (total) ===
  cpu_time:  185642447512 ns
  energy:    7260878460000 (units of your kfunc)
  uncore_energy:    970958151747880000 (units of your kfunc)

=== PID → power (EMA) (pid_to_power) [comm="mem_miss"] ===
PID      power             
186412   11                

=== PID → cumulative energy (pid_to_consumption) [comm="mem_miss"] ===
PID      energy            
186412   325335660000      

[H[JPolling energy-fair scheduler maps every 100 millisecond(s)...
Real time since poller start: 54.760301 s
Filter: comm "mem_miss"
Maps shown: total power consumption 

=== System totals (total) ===
  cpu_time:  185774766627 ns
  energy:    7264429630000 (units of your kfunc)
  uncore_energy:    970958290819080000 (units of your kfunc)

=== PID → power (EMA) (pid_to_power) [comm="mem_miss"] ===
PID      power             
186412   12                

=== PID → cumulative energy (pid_to_consumption) [comm="mem_miss"] ===
PID      energy            
186412   326727110000      

[H[JPolling energy-fair scheduler maps every 100 millisecond(s)...
Real time since poller start: 54.867501 s
Filter: comm "mem_miss"
Maps shown: total power consumption 

=== System totals (total) ===
  cpu_time:  185925013944 ns
  energy:    7268604520000 (units of your kfunc)
  uncore_energy:    970958433528350000 (units of your kfunc)

=== PID → power (EMA) (pid_to_power) [comm="mem_miss"] ===
PID      power             
186412   11                

=== PID → cumulative energy (pid_to_consumption) [comm="mem_miss"] ===
PID      energy            
186412   328089340000      

[H[JPolling energy-fair scheduler maps every 100 millisecond(s)...
Real time since poller start: 54.974522 s
Filter: comm "mem_miss"
Maps shown: total power consumption 

=== System totals (total) ===
  cpu_time:  186057359915 ns
  energy:    7272154480000 (units of your kfunc)
  uncore_energy:    970958574712580000 (units of your kfunc)

=== PID → power (EMA) (pid_to_power) [comm="mem_miss"] ===
PID      power             
186412   12                

=== PID → cumulative energy (pid_to_consumption) [comm="mem_miss"] ===
PID      energy            
186412   329497870000      

[H[JPolling energy-fair scheduler maps every 100 millisecond(s)...
Real time since poller start: 55.081708 s
Filter: comm "mem_miss"
Maps shown: total power consumption 

=== System totals (total) ===
  cpu_time:  186189070007 ns
  energy:    7275614860000 (units of your kfunc)
  uncore_energy:    970958715004180000 (units of your kfunc)

=== PID → power (EMA) (pid_to_power) [comm="mem_miss"] ===
PID      power             
186412   11                

=== PID → cumulative energy (pid_to_consumption) [comm="mem_miss"] ===
PID      energy            
186412   330905040000      

[H[JPolling energy-fair scheduler maps every 100 millisecond(s)...
Real time since poller start: 55.188845 s
Filter: comm "mem_miss"
Maps shown: total power consumption 

=== System totals (total) ===
  cpu_time:  186314132561 ns
  energy:    7279163140000 (units of your kfunc)
  uncore_energy:    970958856759550000 (units of your kfunc)

=== PID → power (EMA) (pid_to_power) [comm="mem_miss"] ===
PID      power             
186412   9                 

=== PID → cumulative energy (pid_to_consumption) [comm="mem_miss"] ===
PID      energy            
186412   332164960000      

[H[JPolling energy-fair scheduler maps every 100 millisecond(s)...
Real time since poller start: 55.295996 s
Filter: comm "mem_miss"
Maps shown: total power consumption 

=== System totals (total) ===
  cpu_time:  186441007684 ns
  energy:    7282952160000 (units of your kfunc)
  uncore_energy:    970958996595720000 (units of your kfunc)

=== PID → power (EMA) (pid_to_power) [comm="mem_miss"] ===
PID      power             
186412   8                 

=== PID → cumulative energy (pid_to_consumption) [comm="mem_miss"] ===
PID      energy            
186412   333102440000      

[H[JPolling energy-fair scheduler maps every 100 millisecond(s)...
Real time since poller start: 55.403207 s
Filter: comm "mem_miss"
Maps shown: total power consumption 

=== System totals (total) ===
  cpu_time:  186550846485 ns
  energy:    7286179260000 (units of your kfunc)
  uncore_energy:    970959143306210000 (units of your kfunc)

=== PID → power (EMA) (pid_to_power) [comm="mem_miss"] ===
PID      power             
186412   11                

=== PID → cumulative energy (pid_to_consumption) [comm="mem_miss"] ===
PID      energy            
186412   334442490000      

[H[JPolling energy-fair scheduler maps every 100 millisecond(s)...
Real time since poller start: 55.510393 s
Filter: comm "mem_miss"
Maps shown: total power consumption 

=== System totals (total) ===
  cpu_time:  186737282452 ns
  energy:    7291770480000 (units of your kfunc)
  uncore_energy:    970959284785000000 (units of your kfunc)

=== PID → power (EMA) (pid_to_power) [comm="mem_miss"] ===
PID      power             

=== PID → cumulative energy (pid_to_consumption) [comm="mem_miss"] ===
PID      energy            

[H[JPolling energy-fair scheduler maps every 100 millisecond(s)...
Real time since poller start: 55.617591 s
Filter: comm "mem_miss"
Maps shown: total power consumption 

=== System totals (total) ===
  cpu_time:  186871732791 ns
  energy:    7295554580000 (units of your kfunc)
  uncore_energy:    970959424898600000 (units of your kfunc)

=== PID → power (EMA) (pid_to_power) [comm="mem_miss"] ===
PID      power             

=== PID → cumulative energy (pid_to_consumption) [comm="mem_miss"] ===
PID      energy            

[H[JPolling energy-fair scheduler maps every 100 millisecond(s)...
Real time since poller start: 55.724764 s
Filter: comm "mem_miss"
Maps shown: total power consumption 

=== System totals (total) ===
  cpu_time:  186961453713 ns
  energy:    7299005360000 (units of your kfunc)
  uncore_energy:    970959563934390000 (units of your kfunc)

=== PID → power (EMA) (pid_to_power) [comm="mem_miss"] ===
PID      power             

=== PID → cumulative energy (pid_to_consumption) [comm="mem_miss"] ===
PID      energy            

[H[JPolling energy-fair scheduler maps every 100 millisecond(s)...
Real time since poller start: 55.831941 s
Filter: comm "mem_miss"
Maps shown: total power consumption 

=== System totals (total) ===
  cpu_time:  186978129422 ns
  energy:    7299925750000 (units of your kfunc)
  uncore_energy:    970959701295410000 (units of your kfunc)

=== PID → power (EMA) (pid_to_power) [comm="mem_miss"] ===
PID      power             

=== PID → cumulative energy (pid_to_consumption) [comm="mem_miss"] ===
PID      energy            

[H[JPolling energy-fair scheduler maps every 100 millisecond(s)...
Real time since poller start: 55.939098 s
Filter: comm "mem_miss"
Maps shown: total power consumption 

=== System totals (total) ===
  cpu_time:  187005745800 ns
  energy:    7301221050000 (units of your kfunc)
  uncore_energy:    970959836115070000 (units of your kfunc)

=== PID → power (EMA) (pid_to_power) [comm="mem_miss"] ===
PID      power             

=== PID → cumulative energy (pid_to_consumption) [comm="mem_miss"] ===
PID      energy            

[H[JPolling energy-fair scheduler maps every 100 millisecond(s)...
Real time since poller start: 56.046233 s
Filter: comm "mem_miss"
Maps shown: total power consumption 

=== System totals (total) ===
  cpu_time:  187021755797 ns
  energy:    7302065610000 (units of your kfunc)
  uncore_energy:    970959970594140000 (units of your kfunc)

=== PID → power (EMA) (pid_to_power) [comm="mem_miss"] ===
PID      power             

=== PID → cumulative energy (pid_to_consumption) [comm="mem_miss"] ===
PID      energy            

[H[JPolling energy-fair scheduler maps every 100 millisecond(s)...
Real time since poller start: 56.153374 s
Filter: comm "mem_miss"
Maps shown: total power consumption 

=== System totals (total) ===
  cpu_time:  187039995617 ns
  energy:    7302952610000 (units of your kfunc)
  uncore_energy:    970960107431450000 (units of your kfunc)

=== PID → power (EMA) (pid_to_power) [comm="mem_miss"] ===
PID      power             

=== PID → cumulative energy (pid_to_consumption) [comm="mem_miss"] ===
PID      energy            

[H[JPolling energy-fair scheduler maps every 100 millisecond(s)...
Real time since poller start: 56.260520 s
Filter: comm "mem_miss"
Maps shown: total power consumption 

=== System totals (total) ===
  cpu_time:  187057734425 ns
  energy:    7303812740000 (units of your kfunc)
  uncore_energy:    970960238017850000 (units of your kfunc)

=== PID → power (EMA) (pid_to_power) [comm="mem_miss"] ===
PID      power             

=== PID → cumulative energy (pid_to_consumption) [comm="mem_miss"] ===
PID      energy            

[H[JPolling energy-fair scheduler maps every 100 millisecond(s)...
Real time since poller start: 56.367660 s
Filter: comm "mem_miss"
Maps shown: total power consumption 

=== System totals (total) ===
  cpu_time:  187074495175 ns
  energy:    7304635200000 (units of your kfunc)
  uncore_energy:    970960380425370000 (units of your kfunc)

=== PID → power (EMA) (pid_to_power) [comm="mem_miss"] ===
PID      power             

=== PID → cumulative energy (pid_to_consumption) [comm="mem_miss"] ===
PID      energy            

[H[JPolling energy-fair scheduler maps every 100 millisecond(s)...
Real time since poller start: 56.474778 s
Filter: comm "mem_miss"
Maps shown: total power consumption 

=== System totals (total) ===
  cpu_time:  187090384020 ns
  energy:    7305386080000 (units of your kfunc)
  uncore_energy:    970960512677420000 (units of your kfunc)

=== PID → power (EMA) (pid_to_power) [comm="mem_miss"] ===
PID      power             

=== PID → cumulative energy (pid_to_consumption) [comm="mem_miss"] ===
PID      energy            

[H[JPolling energy-fair scheduler maps every 100 millisecond(s)...
Real time since poller start: 56.581901 s
Filter: comm "mem_miss"
Maps shown: total power consumption 

=== System totals (total) ===
  cpu_time:  187106601937 ns
  energy:    7306144590000 (units of your kfunc)
  uncore_energy:    970960657276580000 (units of your kfunc)

=== PID → power (EMA) (pid_to_power) [comm="mem_miss"] ===
PID      power             

=== PID → cumulative energy (pid_to_consumption) [comm="mem_miss"] ===
PID      energy            

[H[JPolling energy-fair scheduler maps every 100 millisecond(s)...
Real time since poller start: 56.689075 s
Filter: comm "mem_miss"
Maps shown: total power consumption 

=== System totals (total) ===
  cpu_time:  187122264079 ns
  energy:    7306960500000 (units of your kfunc)
  uncore_energy:    970960790052430000 (units of your kfunc)

=== PID → power (EMA) (pid_to_power) [comm="mem_miss"] ===
PID      power             

=== PID → cumulative energy (pid_to_consumption) [comm="mem_miss"] ===
PID      energy            

[H[JPolling energy-fair scheduler maps every 100 millisecond(s)...
Real time since poller start: 56.796233 s
Filter: comm "mem_miss"
Maps shown: total power consumption 

=== System totals (total) ===
  cpu_time:  187138076116 ns
  energy:    7307728180000 (units of your kfunc)
  uncore_energy:    970960923074580000 (units of your kfunc)

=== PID → power (EMA) (pid_to_power) [comm="mem_miss"] ===
PID      power             

=== PID → cumulative energy (pid_to_consumption) [comm="mem_miss"] ===
PID      energy            

[H[JPolling energy-fair scheduler maps every 100 millisecond(s)...
Real time since poller start: 56.903354 s
Filter: comm "mem_miss"
Maps shown: total power consumption 

=== System totals (total) ===
  cpu_time:  187152631726 ns
  energy:    7308386140000 (units of your kfunc)
  uncore_energy:    970961071314780000 (units of your kfunc)

=== PID → power (EMA) (pid_to_power) [comm="mem_miss"] ===
PID      power             

=== PID → cumulative energy (pid_to_consumption) [comm="mem_miss"] ===
PID      energy            

[H[JPolling energy-fair scheduler maps every 100 millisecond(s)...
Real time since poller start: 57.010500 s
Filter: comm "mem_miss"
Maps shown: total power consumption 

=== System totals (total) ===
  cpu_time:  187168861635 ns
  energy:    7309197310000 (units of your kfunc)
  uncore_energy:    970961207921980000 (units of your kfunc)

=== PID → power (EMA) (pid_to_power) [comm="mem_miss"] ===
PID      power             

=== PID → cumulative energy (pid_to_consumption) [comm="mem_miss"] ===
PID      energy            

[H[JPolling energy-fair scheduler maps every 100 millisecond(s)...
Real time since poller start: 57.117658 s
Filter: comm "mem_miss"
Maps shown: total power consumption 

=== System totals (total) ===
  cpu_time:  187196104293 ns
  energy:    7310486390000 (units of your kfunc)
  uncore_energy:    970961342426970000 (units of your kfunc)

=== PID → power (EMA) (pid_to_power) [comm="mem_miss"] ===
PID      power             

=== PID → cumulative energy (pid_to_consumption) [comm="mem_miss"] ===
PID      energy            

[H[JPolling energy-fair scheduler maps every 100 millisecond(s)...
Real time since poller start: 57.224824 s
Filter: comm "mem_miss"
Maps shown: total power consumption 

=== System totals (total) ===
  cpu_time:  187212059193 ns
  energy:    7311319070000 (units of your kfunc)
  uncore_energy:    970961461376390000 (units of your kfunc)

=== PID → power (EMA) (pid_to_power) [comm="mem_miss"] ===
PID      power             

=== PID → cumulative energy (pid_to_consumption) [comm="mem_miss"] ===
PID      energy            

[H[JPolling energy-fair scheduler maps every 100 millisecond(s)...
Real time since poller start: 57.331966 s
Filter: comm "mem_miss"
Maps shown: total power consumption 

=== System totals (total) ===
  cpu_time:  187231543570 ns
  energy:    7312286630000 (units of your kfunc)
  uncore_energy:    970961610146380000 (units of your kfunc)

=== PID → power (EMA) (pid_to_power) [comm="mem_miss"] ===
PID      power             

=== PID → cumulative energy (pid_to_consumption) [comm="mem_miss"] ===
PID      energy            

[H[JPolling energy-fair scheduler maps every 100 millisecond(s)...
Real time since poller start: 57.439104 s
Filter: comm "mem_miss"
Maps shown: total power consumption 

=== System totals (total) ===
  cpu_time:  187279374483 ns
  energy:    7314059100000 (units of your kfunc)
  uncore_energy:    970961722249790000 (units of your kfunc)

=== PID → power (EMA) (pid_to_power) [comm="mem_miss"] ===
PID      power             

=== PID → cumulative energy (pid_to_consumption) [comm="mem_miss"] ===
PID      energy            

[H[JPolling energy-fair scheduler maps every 100 millisecond(s)...
Real time since poller start: 57.546275 s
Filter: comm "mem_miss"
Maps shown: total power consumption 

=== System totals (total) ===
  cpu_time:  187296873348 ns
  energy:    7314846590000 (units of your kfunc)
  uncore_energy:    970961891505640000 (units of your kfunc)

=== PID → power (EMA) (pid_to_power) [comm="mem_miss"] ===
PID      power             

=== PID → cumulative energy (pid_to_consumption) [comm="mem_miss"] ===
PID      energy            

[H[JPolling energy-fair scheduler maps every 100 millisecond(s)...
Real time since poller start: 57.653394 s
Filter: comm "mem_miss"
Maps shown: total power consumption 

=== System totals (total) ===
  cpu_time:  187307712458 ns
  energy:    7315315770000 (units of your kfunc)
  uncore_energy:    970962037134180000 (units of your kfunc)

=== PID → power (EMA) (pid_to_power) [comm="mem_miss"] ===
PID      power             

=== PID → cumulative energy (pid_to_consumption) [comm="mem_miss"] ===
PID      energy            

[H[JPolling energy-fair scheduler maps every 100 millisecond(s)...
Real time since poller start: 57.760533 s
Filter: comm "mem_miss"
Maps shown: total power consumption 

=== System totals (total) ===
  cpu_time:  187320291060 ns
  energy:    7315855000000 (units of your kfunc)
  uncore_energy:    970962166546580000 (units of your kfunc)

=== PID → power (EMA) (pid_to_power) [comm="mem_miss"] ===
PID      power             

=== PID → cumulative energy (pid_to_consumption) [comm="mem_miss"] ===
PID      energy            

[H[JPolling energy-fair scheduler maps every 100 millisecond(s)...
Real time since poller start: 57.867713 s
Filter: comm "mem_miss"
Maps shown: total power consumption 

=== System totals (total) ===
  cpu_time:  187336442662 ns
  energy:    7316557220000 (units of your kfunc)
  uncore_energy:    970962309034210000 (units of your kfunc)

=== PID → power (EMA) (pid_to_power) [comm="mem_miss"] ===
PID      power             

=== PID → cumulative energy (pid_to_consumption) [comm="mem_miss"] ===
PID      energy            

[H[JPolling energy-fair scheduler maps every 100 millisecond(s)...
Real time since poller start: 57.974863 s
Filter: comm "mem_miss"
Maps shown: total power consumption 

=== System totals (total) ===
  cpu_time:  187355178756 ns
  energy:    7317403630000 (units of your kfunc)
  uncore_energy:    970962448742910000 (units of your kfunc)

=== PID → power (EMA) (pid_to_power) [comm="mem_miss"] ===
PID      power             

=== PID → cumulative energy (pid_to_consumption) [comm="mem_miss"] ===
PID      energy            

[H[JPolling energy-fair scheduler maps every 100 millisecond(s)...
Real time since poller start: 58.081986 s
Filter: comm "mem_miss"
Maps shown: total power consumption 

=== System totals (total) ===
  cpu_time:  187371613149 ns
  energy:    7318182130000 (units of your kfunc)
  uncore_energy:    970962587330260000 (units of your kfunc)

=== PID → power (EMA) (pid_to_power) [comm="mem_miss"] ===
PID      power             

=== PID → cumulative energy (pid_to_consumption) [comm="mem_miss"] ===
PID      energy            

[H[JPolling energy-fair scheduler maps every 100 millisecond(s)...
Real time since poller start: 58.189148 s
Filter: comm "mem_miss"
Maps shown: total power consumption 

=== System totals (total) ===
  cpu_time:  187386245798 ns
  energy:    7318827710000 (units of your kfunc)
  uncore_energy:    970962724003400000 (units of your kfunc)

=== PID → power (EMA) (pid_to_power) [comm="mem_miss"] ===
PID      power             

=== PID → cumulative energy (pid_to_consumption) [comm="mem_miss"] ===
PID      energy            

[H[JPolling energy-fair scheduler maps every 100 millisecond(s)...
Real time since poller start: 58.296291 s
Filter: comm "mem_miss"
Maps shown: total power consumption 

=== System totals (total) ===
  cpu_time:  187399552674 ns
  energy:    7319441860000 (units of your kfunc)
  uncore_energy:    970962871339080000 (units of your kfunc)

=== PID → power (EMA) (pid_to_power) [comm="mem_miss"] ===
PID      power             

=== PID → cumulative energy (pid_to_consumption) [comm="mem_miss"] ===
PID      energy            

[H[JPolling energy-fair scheduler maps every 100 millisecond(s)...
Real time since poller start: 58.403421 s
Filter: comm "mem_miss"
Maps shown: total power consumption 

=== System totals (total) ===
  cpu_time:  187411315539 ns
  energy:    7319916540000 (units of your kfunc)
  uncore_energy:    970962996826620000 (units of your kfunc)

=== PID → power (EMA) (pid_to_power) [comm="mem_miss"] ===
PID      power             

=== PID → cumulative energy (pid_to_consumption) [comm="mem_miss"] ===
PID      energy            

[H[JPolling energy-fair scheduler maps every 100 millisecond(s)...
Real time since poller start: 58.510544 s
Filter: comm "mem_miss"
Maps shown: total power consumption 

=== System totals (total) ===
  cpu_time:  187438883261 ns
  energy:    7321207150000 (units of your kfunc)
  uncore_energy:    970963150819520000 (units of your kfunc)

=== PID → power (EMA) (pid_to_power) [comm="mem_miss"] ===
PID      power             

=== PID → cumulative energy (pid_to_consumption) [comm="mem_miss"] ===
PID      energy            

[H[JPolling energy-fair scheduler maps every 100 millisecond(s)...
Real time since poller start: 58.617710 s
Filter: comm "mem_miss"
Maps shown: total power consumption 

=== System totals (total) ===
  cpu_time:  187454970778 ns
  energy:    7321854580000 (units of your kfunc)
  uncore_energy:    970963238638880000 (units of your kfunc)

=== PID → power (EMA) (pid_to_power) [comm="mem_miss"] ===
PID      power             

=== PID → cumulative energy (pid_to_consumption) [comm="mem_miss"] ===
PID      energy            

[H[JPolling energy-fair scheduler maps every 100 millisecond(s)...
Real time since poller start: 58.724876 s
Filter: comm "mem_miss"
Maps shown: total power consumption 

=== System totals (total) ===
  cpu_time:  187469868509 ns
  energy:    7322519110000 (units of your kfunc)
  uncore_energy:    970963403897360000 (units of your kfunc)

=== PID → power (EMA) (pid_to_power) [comm="mem_miss"] ===
PID      power             

=== PID → cumulative energy (pid_to_consumption) [comm="mem_miss"] ===
PID      energy            

[H[JPolling energy-fair scheduler maps every 100 millisecond(s)...
Real time since poller start: 58.832000 s
Filter: comm "mem_miss"
Maps shown: total power consumption 

=== System totals (total) ===
  cpu_time:  187483929765 ns
  energy:    7323119080000 (units of your kfunc)
  uncore_energy:    970963545840110000 (units of your kfunc)

=== PID → power (EMA) (pid_to_power) [comm="mem_miss"] ===
PID      power             

=== PID → cumulative energy (pid_to_consumption) [comm="mem_miss"] ===
PID      energy            

[H[JPolling energy-fair scheduler maps every 100 millisecond(s)...
Real time since poller start: 58.939168 s
Filter: comm "mem_miss"
Maps shown: total power consumption 

=== System totals (total) ===
  cpu_time:  187498590652 ns
  energy:    7323774450000 (units of your kfunc)
  uncore_energy:    970963687872730000 (units of your kfunc)

=== PID → power (EMA) (pid_to_power) [comm="mem_miss"] ===
PID      power             

=== PID → cumulative energy (pid_to_consumption) [comm="mem_miss"] ===
PID      energy            

[H[JPolling energy-fair scheduler maps every 100 millisecond(s)...
Real time since poller start: 59.046316 s
Filter: comm "mem_miss"
Maps shown: total power consumption 

=== System totals (total) ===
  cpu_time:  187533951110 ns
  energy:    7325130520000 (units of your kfunc)
  uncore_energy:    970963855606780000 (units of your kfunc)

=== PID → power (EMA) (pid_to_power) [comm="mem_miss"] ===
PID      power             

=== PID → cumulative energy (pid_to_consumption) [comm="mem_miss"] ===
PID      energy            

[H[JPolling energy-fair scheduler maps every 100 millisecond(s)...
Real time since poller start: 59.153458 s
Filter: comm "mem_miss"
Maps shown: total power consumption 

=== System totals (total) ===
  cpu_time:  187557618737 ns
  energy:    7325983200000 (units of your kfunc)
  uncore_energy:    970963994821700000 (units of your kfunc)

=== PID → power (EMA) (pid_to_power) [comm="mem_miss"] ===
PID      power             

=== PID → cumulative energy (pid_to_consumption) [comm="mem_miss"] ===
PID      energy            

[H[JPolling energy-fair scheduler maps every 100 millisecond(s)...
Real time since poller start: 59.260590 s
Filter: comm "mem_miss"
Maps shown: total power consumption 

=== System totals (total) ===
  cpu_time:  187570073386 ns
  energy:    7326492400000 (units of your kfunc)
  uncore_energy:    970964098660340000 (units of your kfunc)

=== PID → power (EMA) (pid_to_power) [comm="mem_miss"] ===
PID      power             

=== PID → cumulative energy (pid_to_consumption) [comm="mem_miss"] ===
PID      energy            

[H[JPolling energy-fair scheduler maps every 100 millisecond(s)...
Real time since poller start: 59.367747 s
Filter: comm "mem_miss"
Maps shown: total power consumption 

=== System totals (total) ===
  cpu_time:  187586884539 ns
  energy:    7327242510000 (units of your kfunc)
  uncore_energy:    970964243152230000 (units of your kfunc)

=== PID → power (EMA) (pid_to_power) [comm="mem_miss"] ===
PID      power             

=== PID → cumulative energy (pid_to_consumption) [comm="mem_miss"] ===
PID      energy            

[H[JPolling energy-fair scheduler maps every 100 millisecond(s)...
Real time since poller start: 59.474915 s
Filter: comm "mem_miss"
Maps shown: total power consumption 

=== System totals (total) ===
  cpu_time:  187600849556 ns
  energy:    7327896950000 (units of your kfunc)
  uncore_energy:    970964371654890000 (units of your kfunc)

=== PID → power (EMA) (pid_to_power) [comm="mem_miss"] ===
PID      power             

=== PID → cumulative energy (pid_to_consumption) [comm="mem_miss"] ===
PID      energy            

[H[JPolling energy-fair scheduler maps every 100 millisecond(s)...
Real time since poller start: 59.582046 s
Filter: comm "mem_miss"
Maps shown: total power consumption 

=== System totals (total) ===
  cpu_time:  187616605673 ns
  energy:    7328653470000 (units of your kfunc)
  uncore_energy:    970964524346860000 (units of your kfunc)

=== PID → power (EMA) (pid_to_power) [comm="mem_miss"] ===
PID      power             

=== PID → cumulative energy (pid_to_consumption) [comm="mem_miss"] ===
PID      energy            

[H[JPolling energy-fair scheduler maps every 100 millisecond(s)...
Real time since poller start: 59.689172 s
Filter: comm "mem_miss"
Maps shown: total power consumption 

=== System totals (total) ===
  cpu_time:  187632496340 ns
  energy:    7329352330000 (units of your kfunc)
  uncore_energy:    970964703861780000 (units of your kfunc)

=== PID → power (EMA) (pid_to_power) [comm="mem_miss"] ===
PID      power             

=== PID → cumulative energy (pid_to_consumption) [comm="mem_miss"] ===
PID      energy            

[H[JPolling energy-fair scheduler maps every 100 millisecond(s)...
Real time since poller start: 59.796331 s
Filter: comm "mem_miss"
Maps shown: total power consumption 

=== System totals (total) ===
  cpu_time:  187647060312 ns
  energy:    7329881050000 (units of your kfunc)
  uncore_energy:    970964812495810000 (units of your kfunc)

=== PID → power (EMA) (pid_to_power) [comm="mem_miss"] ===
PID      power             

=== PID → cumulative energy (pid_to_consumption) [comm="mem_miss"] ===
PID      energy            

[H[JPolling energy-fair scheduler maps every 100 millisecond(s)...
Real time since poller start: 59.903479 s
Filter: comm "mem_miss"
Maps shown: total power consumption 

=== System totals (total) ===
  cpu_time:  187660811455 ns
  energy:    7330424420000 (units of your kfunc)
  uncore_energy:    970964983361430000 (units of your kfunc)

=== PID → power (EMA) (pid_to_power) [comm="mem_miss"] ===
PID      power             

=== PID → cumulative energy (pid_to_consumption) [comm="mem_miss"] ===
PID      energy            

[H[JPolling energy-fair scheduler maps every 100 millisecond(s)...
Real time since poller start: 60.010626 s
Filter: comm "mem_miss"
Maps shown: total power consumption 

=== System totals (total) ===
  cpu_time:  187690096527 ns
  energy:    7331683250000 (units of your kfunc)
  uncore_energy:    970965136678870000 (units of your kfunc)

=== PID → power (EMA) (pid_to_power) [comm="mem_miss"] ===
PID      power             

=== PID → cumulative energy (pid_to_consumption) [comm="mem_miss"] ===
PID      energy            

[H[JPolling energy-fair scheduler maps every 100 millisecond(s)...
Real time since poller start: 60.117806 s
Filter: comm "mem_miss"
Maps shown: total power consumption 

=== System totals (total) ===
  cpu_time:  187700429557 ns
  energy:    7332139480000 (units of your kfunc)
  uncore_energy:    970965246774240000 (units of your kfunc)

=== PID → power (EMA) (pid_to_power) [comm="mem_miss"] ===
PID      power             

=== PID → cumulative energy (pid_to_consumption) [comm="mem_miss"] ===
PID      energy            

[H[JPolling energy-fair scheduler maps every 100 millisecond(s)...
Real time since poller start: 60.224951 s
Filter: comm "mem_miss"
Maps shown: total power consumption 

=== System totals (total) ===
  cpu_time:  187714701866 ns
  energy:    7332773920000 (units of your kfunc)
  uncore_energy:    970965424938020000 (units of your kfunc)

=== PID → power (EMA) (pid_to_power) [comm="mem_miss"] ===
PID      power             

=== PID → cumulative energy (pid_to_consumption) [comm="mem_miss"] ===
PID      energy            

[H[JPolling energy-fair scheduler maps every 100 millisecond(s)...
Real time since poller start: 60.332104 s
Filter: comm "mem_miss"
Maps shown: total power consumption 

=== System totals (total) ===
  cpu_time:  187726763780 ns
  energy:    7333262350000 (units of your kfunc)
  uncore_energy:    970965504780090000 (units of your kfunc)

=== PID → power (EMA) (pid_to_power) [comm="mem_miss"] ===
PID      power             

=== PID → cumulative energy (pid_to_consumption) [comm="mem_miss"] ===
PID      energy            

[H[JPolling energy-fair scheduler maps every 100 millisecond(s)...
Real time since poller start: 60.439250 s
Filter: comm "mem_miss"
Maps shown: total power consumption 

=== System totals (total) ===
  cpu_time:  187741435292 ns
  energy:    7333949450000 (units of your kfunc)
  uncore_energy:    970965702755870000 (units of your kfunc)

=== PID → power (EMA) (pid_to_power) [comm="mem_miss"] ===
PID      power             

=== PID → cumulative energy (pid_to_consumption) [comm="mem_miss"] ===
PID      energy            

[H[JPolling energy-fair scheduler maps every 100 millisecond(s)...
Real time since poller start: 60.546420 s
Filter: comm "mem_miss"
Maps shown: total power consumption 

=== System totals (total) ===
  cpu_time:  187754670425 ns
  energy:    7334598090000 (units of your kfunc)
  uncore_energy:    970965824956350000 (units of your kfunc)

=== PID → power (EMA) (pid_to_power) [comm="mem_miss"] ===
PID      power             

=== PID → cumulative energy (pid_to_consumption) [comm="mem_miss"] ===
PID      energy            

[H[JPolling energy-fair scheduler maps every 100 millisecond(s)...
Real time since poller start: 60.653631 s
Filter: comm "mem_miss"
Maps shown: total power consumption 

=== System totals (total) ===
  cpu_time:  187781642132 ns
  energy:    7335679030000 (units of your kfunc)
  uncore_energy:    970965980091990000 (units of your kfunc)

=== PID → power (EMA) (pid_to_power) [comm="mem_miss"] ===
PID      power             

=== PID → cumulative energy (pid_to_consumption) [comm="mem_miss"] ===
PID      energy            

[H[JPolling energy-fair scheduler maps every 100 millisecond(s)...
Real time since poller start: 60.762561 s
Filter: comm "mem_miss"
Maps shown: total power consumption 

=== System totals (total) ===
  cpu_time:  187923841662 ns
  energy:    7340375380000 (units of your kfunc)
  uncore_energy:    970966156195810000 (units of your kfunc)

=== PID → power (EMA) (pid_to_power) [comm="mem_miss"] ===
PID      power             

=== PID → cumulative energy (pid_to_consumption) [comm="mem_miss"] ===
PID      energy            

[H[JPolling energy-fair scheduler maps every 100 millisecond(s)...
Real time since poller start: 60.869754 s
Filter: comm "mem_miss"
Maps shown: total power consumption 

=== System totals (total) ===
  cpu_time:  188042949890 ns
  energy:    7343004300000 (units of your kfunc)
  uncore_energy:    970966304799800000 (units of your kfunc)

=== PID → power (EMA) (pid_to_power) [comm="mem_miss"] ===
PID      power             

=== PID → cumulative energy (pid_to_consumption) [comm="mem_miss"] ===
PID      energy            

[H[JPolling energy-fair scheduler maps every 100 millisecond(s)...
Real time since poller start: 60.976933 s
Filter: comm "mem_miss"
Maps shown: total power consumption 

=== System totals (total) ===
  cpu_time:  188133491425 ns
  energy:    7345366900000 (units of your kfunc)
  uncore_energy:    970966441412880000 (units of your kfunc)

=== PID → power (EMA) (pid_to_power) [comm="mem_miss"] ===
PID      power             

=== PID → cumulative energy (pid_to_consumption) [comm="mem_miss"] ===
PID      energy            

[H[JPolling energy-fair scheduler maps every 100 millisecond(s)...
Real time since poller start: 61.084063 s
Filter: comm "mem_miss"
Maps shown: total power consumption 

=== System totals (total) ===
  cpu_time:  188148255211 ns
  energy:    7346076130000 (units of your kfunc)
  uncore_energy:    970966558625860000 (units of your kfunc)

=== PID → power (EMA) (pid_to_power) [comm="mem_miss"] ===
PID      power             

=== PID → cumulative energy (pid_to_consumption) [comm="mem_miss"] ===
PID      energy            

[H[JPolling energy-fair scheduler maps every 100 millisecond(s)...
Real time since poller start: 61.191212 s
Filter: comm "mem_miss"
Maps shown: total power consumption 

=== System totals (total) ===
  cpu_time:  188165842659 ns
  energy:    7346813920000 (units of your kfunc)
  uncore_energy:    970966727125280000 (units of your kfunc)

=== PID → power (EMA) (pid_to_power) [comm="mem_miss"] ===
PID      power             

=== PID → cumulative energy (pid_to_consumption) [comm="mem_miss"] ===
PID      energy            

[H[JPolling energy-fair scheduler maps every 100 millisecond(s)...
Real time since poller start: 61.298412 s
Filter: comm "mem_miss"
Maps shown: total power consumption 

=== System totals (total) ===
  cpu_time:  188191081065 ns
  energy:    7347990070000 (units of your kfunc)
  uncore_energy:    970966889988140000 (units of your kfunc)

=== PID → power (EMA) (pid_to_power) [comm="mem_miss"] ===
PID      power             

=== PID → cumulative energy (pid_to_consumption) [comm="mem_miss"] ===
PID      energy            

[H[JPolling energy-fair scheduler maps every 100 millisecond(s)...
Real time since poller start: 61.405637 s
Filter: comm "mem_miss"
Maps shown: total power consumption 

=== System totals (total) ===
  cpu_time:  188202276464 ns
  energy:    7348419300000 (units of your kfunc)
  uncore_energy:    970967010057870000 (units of your kfunc)

=== PID → power (EMA) (pid_to_power) [comm="mem_miss"] ===
PID      power             

=== PID → cumulative energy (pid_to_consumption) [comm="mem_miss"] ===
PID      energy            

[H[JPolling energy-fair scheduler maps every 100 millisecond(s)...
Real time since poller start: 61.512809 s
Filter: comm "mem_miss"
Maps shown: total power consumption 

=== System totals (total) ===
  cpu_time:  188215780218 ns
  energy:    7348981430000 (units of your kfunc)
  uncore_energy:    970967168046310000 (units of your kfunc)

=== PID → power (EMA) (pid_to_power) [comm="mem_miss"] ===
PID      power             

=== PID → cumulative energy (pid_to_consumption) [comm="mem_miss"] ===
PID      energy            

[H[JPolling energy-fair scheduler maps every 100 millisecond(s)...
Real time since poller start: 61.619991 s
Filter: comm "mem_miss"
Maps shown: total power consumption 

=== System totals (total) ===
  cpu_time:  188229141401 ns
  energy:    7349569980000 (units of your kfunc)
  uncore_energy:    970967290577110000 (units of your kfunc)

=== PID → power (EMA) (pid_to_power) [comm="mem_miss"] ===
PID      power             

=== PID → cumulative energy (pid_to_consumption) [comm="mem_miss"] ===
PID      energy            

[H[JPolling energy-fair scheduler maps every 100 millisecond(s)...
Real time since poller start: 61.727196 s
Filter: comm "mem_miss"
Maps shown: total power consumption 

=== System totals (total) ===
  cpu_time:  188243271921 ns
  energy:    7350242730000 (units of your kfunc)
  uncore_energy:    970967453736450000 (units of your kfunc)

=== PID → power (EMA) (pid_to_power) [comm="mem_miss"] ===
PID      power             

=== PID → cumulative energy (pid_to_consumption) [comm="mem_miss"] ===
PID      energy            

[H[JPolling energy-fair scheduler maps every 100 millisecond(s)...
Real time since poller start: 61.834351 s
Filter: comm "mem_miss"
Maps shown: total power consumption 

=== System totals (total) ===
  cpu_time:  188259559292 ns
  energy:    7350855830000 (units of your kfunc)
  uncore_energy:    970967589300870000 (units of your kfunc)

=== PID → power (EMA) (pid_to_power) [comm="mem_miss"] ===
PID      power             

=== PID → cumulative energy (pid_to_consumption) [comm="mem_miss"] ===
PID      energy            

[H[JPolling energy-fair scheduler maps every 100 millisecond(s)...
Real time since poller start: 61.941508 s
Filter: comm "mem_miss"
Maps shown: total power consumption 

=== System totals (total) ===
  cpu_time:  188306759210 ns
  energy:    7352602970000 (units of your kfunc)
  uncore_energy:    970967756275960000 (units of your kfunc)

=== PID → power (EMA) (pid_to_power) [comm="mem_miss"] ===
PID      power             

=== PID → cumulative energy (pid_to_consumption) [comm="mem_miss"] ===
PID      energy            

[H[JPolling energy-fair scheduler maps every 100 millisecond(s)...
Real time since poller start: 62.048720 s
Filter: comm "mem_miss"
Maps shown: total power consumption 

=== System totals (total) ===
  cpu_time:  188320841616 ns
  energy:    7353237730000 (units of your kfunc)
  uncore_energy:    970967896681700000 (units of your kfunc)

=== PID → power (EMA) (pid_to_power) [comm="mem_miss"] ===
PID      power             

=== PID → cumulative energy (pid_to_consumption) [comm="mem_miss"] ===
PID      energy            

[H[JPolling energy-fair scheduler maps every 100 millisecond(s)...
Real time since poller start: 62.155888 s
Filter: comm "mem_miss"
Maps shown: total power consumption 

=== System totals (total) ===
  cpu_time:  188332047215 ns
  energy:    7353713970000 (units of your kfunc)
  uncore_energy:    970968063110980000 (units of your kfunc)

=== PID → power (EMA) (pid_to_power) [comm="mem_miss"] ===
PID      power             

=== PID → cumulative energy (pid_to_consumption) [comm="mem_miss"] ===
PID      energy            

[H[JPolling energy-fair scheduler maps every 100 millisecond(s)...
Real time since poller start: 62.263065 s
Filter: comm "mem_miss"
Maps shown: total power consumption 

=== System totals (total) ===
  cpu_time:  188344935109 ns
  energy:    7354225000000 (units of your kfunc)
  uncore_energy:    970968195724340000 (units of your kfunc)

=== PID → power (EMA) (pid_to_power) [comm="mem_miss"] ===
PID      power             

=== PID → cumulative energy (pid_to_consumption) [comm="mem_miss"] ===
PID      energy            

[H[JPolling energy-fair scheduler maps every 100 millisecond(s)...
Real time since poller start: 62.370250 s
Filter: comm "mem_miss"
Maps shown: total power consumption 

=== System totals (total) ===
  cpu_time:  188357477998 ns
  energy:    7354749290000 (units of your kfunc)
  uncore_energy:    970968335777440000 (units of your kfunc)

=== PID → power (EMA) (pid_to_power) [comm="mem_miss"] ===
PID      power             

=== PID → cumulative energy (pid_to_consumption) [comm="mem_miss"] ===
PID      energy            

[H[JPolling energy-fair scheduler maps every 100 millisecond(s)...
Real time since poller start: 62.477467 s
Filter: comm "mem_miss"
Maps shown: total power consumption 

=== System totals (total) ===
  cpu_time:  188386586835 ns
  energy:    7356046900000 (units of your kfunc)
  uncore_energy:    970968483298800000 (units of your kfunc)

=== PID → power (EMA) (pid_to_power) [comm="mem_miss"] ===
PID      power             

=== PID → cumulative energy (pid_to_consumption) [comm="mem_miss"] ===
PID      energy            

[H[JPolling energy-fair scheduler maps every 100 millisecond(s)...
Real time since poller start: 62.584694 s
Filter: comm "mem_miss"
Maps shown: total power consumption 

=== System totals (total) ===
  cpu_time:  188399089632 ns
  energy:    7356597130000 (units of your kfunc)
  uncore_energy:    970968591185460000 (units of your kfunc)

=== PID → power (EMA) (pid_to_power) [comm="mem_miss"] ===
PID      power             

=== PID → cumulative energy (pid_to_consumption) [comm="mem_miss"] ===
PID      energy            

[H[JPolling energy-fair scheduler maps every 100 millisecond(s)...
Real time since poller start: 62.691867 s
Filter: comm "mem_miss"
Maps shown: total power consumption 

=== System totals (total) ===
  cpu_time:  188412560505 ns
  energy:    7357138050000 (units of your kfunc)
  uncore_energy:    970968751579750000 (units of your kfunc)

=== PID → power (EMA) (pid_to_power) [comm="mem_miss"] ===
PID      power             

=== PID → cumulative energy (pid_to_consumption) [comm="mem_miss"] ===
PID      energy            

[H[JPolling energy-fair scheduler maps every 100 millisecond(s)...
Real time since poller start: 62.799077 s
Filter: comm "mem_miss"
Maps shown: total power consumption 

=== System totals (total) ===
  cpu_time:  188426420608 ns
  energy:    7357655960000 (units of your kfunc)
  uncore_energy:    970968914303720000 (units of your kfunc)

=== PID → power (EMA) (pid_to_power) [comm="mem_miss"] ===
PID      power             

=== PID → cumulative energy (pid_to_consumption) [comm="mem_miss"] ===
PID      energy            

[H[JPolling energy-fair scheduler maps every 100 millisecond(s)...
Real time since poller start: 62.906277 s
Filter: comm "mem_miss"
Maps shown: total power consumption 

=== System totals (total) ===
  cpu_time:  188438461587 ns
  energy:    7358125160000 (units of your kfunc)
  uncore_energy:    970969082766860000 (units of your kfunc)

=== PID → power (EMA) (pid_to_power) [comm="mem_miss"] ===
PID      power             

=== PID → cumulative energy (pid_to_consumption) [comm="mem_miss"] ===
PID      energy            

[H[JPolling energy-fair scheduler maps every 100 millisecond(s)...
Real time since poller start: 63.013449 s
Filter: comm "mem_miss"
Maps shown: total power consumption 

=== System totals (total) ===
  cpu_time:  188448244581 ns
  energy:    7358524780000 (units of your kfunc)
  uncore_energy:    970969226344450000 (units of your kfunc)

=== PID → power (EMA) (pid_to_power) [comm="mem_miss"] ===
PID      power             

=== PID → cumulative energy (pid_to_consumption) [comm="mem_miss"] ===
PID      energy            

[H[JPolling energy-fair scheduler maps every 100 millisecond(s)...
Real time since poller start: 63.120643 s
Filter: comm "mem_miss"
Maps shown: total power consumption 

=== System totals (total) ===
  cpu_time:  188460562208 ns
  energy:    7359005880000 (units of your kfunc)
  uncore_energy:    970969365753030000 (units of your kfunc)

=== PID → power (EMA) (pid_to_power) [comm="mem_miss"] ===
PID      power             

=== PID → cumulative energy (pid_to_consumption) [comm="mem_miss"] ===
PID      energy            

[H[JPolling energy-fair scheduler maps every 100 millisecond(s)...
Real time since poller start: 63.227846 s
Filter: comm "mem_miss"
Maps shown: total power consumption 

=== System totals (total) ===
  cpu_time:  188475605000 ns
  energy:    7359575310000 (units of your kfunc)
  uncore_energy:    970969471742590000 (units of your kfunc)

=== PID → power (EMA) (pid_to_power) [comm="mem_miss"] ===
PID      power             

=== PID → cumulative energy (pid_to_consumption) [comm="mem_miss"] ===
PID      energy            

[H[JPolling energy-fair scheduler maps every 100 millisecond(s)...
Real time since poller start: 63.335078 s
Filter: comm "mem_miss"
Maps shown: total power consumption 

=== System totals (total) ===
  cpu_time:  188487513295 ns
  energy:    7360080230000 (units of your kfunc)
  uncore_energy:    970969617981440000 (units of your kfunc)

=== PID → power (EMA) (pid_to_power) [comm="mem_miss"] ===
PID      power             

=== PID → cumulative energy (pid_to_consumption) [comm="mem_miss"] ===
PID      energy            

[H[JPolling energy-fair scheduler maps every 100 millisecond(s)...
Real time since poller start: 63.442053 s
Filter: comm "mem_miss"
Maps shown: total power consumption 

=== System totals (total) ===
  cpu_time:  188501533970 ns
  energy:    7360634430000 (units of your kfunc)
  uncore_energy:    970969759987970000 (units of your kfunc)

=== PID → power (EMA) (pid_to_power) [comm="mem_miss"] ===
PID      power             

=== PID → cumulative energy (pid_to_consumption) [comm="mem_miss"] ===
PID      energy            

[H[JPolling energy-fair scheduler maps every 100 millisecond(s)...
Real time since poller start: 63.549038 s
Filter: comm "mem_miss"
Maps shown: total power consumption 

=== System totals (total) ===
  cpu_time:  188513687587 ns
  energy:    7361146510000 (units of your kfunc)
  uncore_energy:    970969919286680000 (units of your kfunc)

=== PID → power (EMA) (pid_to_power) [comm="mem_miss"] ===
PID      power             

=== PID → cumulative energy (pid_to_consumption) [comm="mem_miss"] ===
PID      energy            

[H[JPolling energy-fair scheduler maps every 100 millisecond(s)...
Real time since poller start: 63.656042 s
Filter: comm "mem_miss"
Maps shown: total power consumption 

=== System totals (total) ===
  cpu_time:  188560612834 ns
  energy:    7362772160000 (units of your kfunc)
  uncore_energy:    970970079606530000 (units of your kfunc)

=== PID → power (EMA) (pid_to_power) [comm="mem_miss"] ===
PID      power             

=== PID → cumulative energy (pid_to_consumption) [comm="mem_miss"] ===
PID      energy            

[H[JPolling energy-fair scheduler maps every 100 millisecond(s)...
Real time since poller start: 63.763047 s
Filter: comm "mem_miss"
Maps shown: total power consumption 

=== System totals (total) ===
  cpu_time:  188571907194 ns
  energy:    7363279520000 (units of your kfunc)
  uncore_energy:    970970211882520000 (units of your kfunc)

=== PID → power (EMA) (pid_to_power) [comm="mem_miss"] ===
PID      power             

=== PID → cumulative energy (pid_to_consumption) [comm="mem_miss"] ===
PID      energy            

[H[JPolling energy-fair scheduler maps every 100 millisecond(s)...
Real time since poller start: 63.870021 s
Filter: comm "mem_miss"
Maps shown: total power consumption 

=== System totals (total) ===
  cpu_time:  188583710009 ns
  energy:    7363807170000 (units of your kfunc)
  uncore_energy:    970970375778700000 (units of your kfunc)

=== PID → power (EMA) (pid_to_power) [comm="mem_miss"] ===
PID      power             

=== PID → cumulative energy (pid_to_consumption) [comm="mem_miss"] ===
PID      energy            

[H[JPolling energy-fair scheduler maps every 100 millisecond(s)...
Real time since poller start: 63.977065 s
Filter: comm "mem_miss"
Maps shown: total power consumption 

=== System totals (total) ===
  cpu_time:  188609321449 ns
  energy:    7364956610000 (units of your kfunc)
  uncore_energy:    970970441295980000 (units of your kfunc)

=== PID → power (EMA) (pid_to_power) [comm="mem_miss"] ===
PID      power             

=== PID → cumulative energy (pid_to_consumption) [comm="mem_miss"] ===
PID      energy            

[H[JPolling energy-fair scheduler maps every 100 millisecond(s)...
Real time since poller start: 64.084050 s
Filter: comm "mem_miss"
Maps shown: total power consumption 

=== System totals (total) ===
  cpu_time:  188623942800 ns
  energy:    7365483210000 (units of your kfunc)
  uncore_energy:    970970612087130000 (units of your kfunc)

=== PID → power (EMA) (pid_to_power) [comm="mem_miss"] ===
PID      power             

=== PID → cumulative energy (pid_to_consumption) [comm="mem_miss"] ===
PID      energy            

[H[JPolling energy-fair scheduler maps every 100 millisecond(s)...
Real time since poller start: 64.191238 s
Filter: comm "mem_miss"
Maps shown: total power consumption 

=== System totals (total) ===
  cpu_time:  188633706645 ns
  energy:    7365899450000 (units of your kfunc)
  uncore_energy:    970970779613550000 (units of your kfunc)

=== PID → power (EMA) (pid_to_power) [comm="mem_miss"] ===
PID      power             

=== PID → cumulative energy (pid_to_consumption) [comm="mem_miss"] ===
PID      energy            

[H[JPolling energy-fair scheduler maps every 100 millisecond(s)...
Real time since poller start: 64.298397 s
Filter: comm "mem_miss"
Maps shown: total power consumption 

=== System totals (total) ===
  cpu_time:  188646158514 ns
  energy:    7366440990000 (units of your kfunc)
  uncore_energy:    970970899697770000 (units of your kfunc)

=== PID → power (EMA) (pid_to_power) [comm="mem_miss"] ===
PID      power             

=== PID → cumulative energy (pid_to_consumption) [comm="mem_miss"] ===
PID      energy            

[H[JPolling energy-fair scheduler maps every 100 millisecond(s)...
Real time since poller start: 64.405579 s
Filter: comm "mem_miss"
Maps shown: total power consumption 

=== System totals (total) ===
  cpu_time:  188658887644 ns
  energy:    7366946830000 (units of your kfunc)
  uncore_energy:    970971061386600000 (units of your kfunc)

=== PID → power (EMA) (pid_to_power) [comm="mem_miss"] ===
PID      power             

=== PID → cumulative energy (pid_to_consumption) [comm="mem_miss"] ===
PID      energy            

[H[JPolling energy-fair scheduler maps every 100 millisecond(s)...
Real time since poller start: 64.512749 s
Filter: comm "mem_miss"
Maps shown: total power consumption 

=== System totals (total) ===
  cpu_time:  188670402964 ns
  energy:    7367435380000 (units of your kfunc)
  uncore_energy:    970971221095500000 (units of your kfunc)

=== PID → power (EMA) (pid_to_power) [comm="mem_miss"] ===
PID      power             

=== PID → cumulative energy (pid_to_consumption) [comm="mem_miss"] ===
PID      energy            

[H[JPolling energy-fair scheduler maps every 100 millisecond(s)...
Real time since poller start: 64.619883 s
Filter: comm "mem_miss"
Maps shown: total power consumption 

=== System totals (total) ===
  cpu_time:  188684603271 ns
  energy:    7367982590000 (units of your kfunc)
  uncore_energy:    970971336546980000 (units of your kfunc)

=== PID → power (EMA) (pid_to_power) [comm="mem_miss"] ===
PID      power             

=== PID → cumulative energy (pid_to_consumption) [comm="mem_miss"] ===
PID      energy            

[H[JPolling energy-fair scheduler maps every 100 millisecond(s)...
Real time since poller start: 64.727066 s
Filter: comm "mem_miss"
Maps shown: total power consumption 

=== System totals (total) ===
  cpu_time:  188698320097 ns
  energy:    7368578280000 (units of your kfunc)
  uncore_energy:    970971504290520000 (units of your kfunc)

=== PID → power (EMA) (pid_to_power) [comm="mem_miss"] ===
PID      power             

=== PID → cumulative energy (pid_to_consumption) [comm="mem_miss"] ===
PID      energy            

[H[JPolling energy-fair scheduler maps every 100 millisecond(s)...
Real time since poller start: 64.834226 s
Filter: comm "mem_miss"
Maps shown: total power consumption 

=== System totals (total) ===
  cpu_time:  188713009899 ns
  energy:    7369172610000 (units of your kfunc)
  uncore_energy:    970971671947070000 (units of your kfunc)

=== PID → power (EMA) (pid_to_power) [comm="mem_miss"] ===
PID      power             

=== PID → cumulative energy (pid_to_consumption) [comm="mem_miss"] ===
PID      energy            

[H[JPolling energy-fair scheduler maps every 100 millisecond(s)...
Real time since poller start: 64.941349 s
Filter: comm "mem_miss"
Maps shown: total power consumption 

=== System totals (total) ===
  cpu_time:  188722975663 ns
  energy:    7369587660000 (units of your kfunc)
  uncore_energy:    970971800276380000 (units of your kfunc)

=== PID → power (EMA) (pid_to_power) [comm="mem_miss"] ===
PID      power             

=== PID → cumulative energy (pid_to_consumption) [comm="mem_miss"] ===
PID      energy            

[H[JPolling energy-fair scheduler maps every 100 millisecond(s)...
Real time since poller start: 65.048469 s
Filter: comm "mem_miss"
Maps shown: total power consumption 

=== System totals (total) ===
  cpu_time:  188740486109 ns
  energy:    7370252350000 (units of your kfunc)
  uncore_energy:    970971963662130000 (units of your kfunc)

=== PID → power (EMA) (pid_to_power) [comm="mem_miss"] ===
PID      power             

=== PID → cumulative energy (pid_to_consumption) [comm="mem_miss"] ===
PID      energy            

[H[JPolling energy-fair scheduler maps every 100 millisecond(s)...
Real time since poller start: 65.155647 s
Filter: comm "mem_miss"
Maps shown: total power consumption 

=== System totals (total) ===
  cpu_time:  188759741654 ns
  energy:    7371078020000 (units of your kfunc)
  uncore_energy:    970972053659980000 (units of your kfunc)

=== PID → power (EMA) (pid_to_power) [comm="mem_miss"] ===
PID      power             

=== PID → cumulative energy (pid_to_consumption) [comm="mem_miss"] ===
PID      energy            

[H[JPolling energy-fair scheduler maps every 100 millisecond(s)...
Real time since poller start: 65.262648 s
Filter: comm "mem_miss"
Maps shown: total power consumption 

=== System totals (total) ===
  cpu_time:  188772811153 ns
  energy:    7371638000000 (units of your kfunc)
  uncore_energy:    970972212859070000 (units of your kfunc)

=== PID → power (EMA) (pid_to_power) [comm="mem_miss"] ===
PID      power             

=== PID → cumulative energy (pid_to_consumption) [comm="mem_miss"] ===
PID      energy            

[H[JPolling energy-fair scheduler maps every 100 millisecond(s)...
Real time since poller start: 65.369769 s
Filter: comm "mem_miss"
Maps shown: total power consumption 

=== System totals (total) ===
  cpu_time:  188819165288 ns
  energy:    7373289480000 (units of your kfunc)
  uncore_energy:    970972378557590000 (units of your kfunc)

=== PID → power (EMA) (pid_to_power) [comm="mem_miss"] ===
PID      power             

=== PID → cumulative energy (pid_to_consumption) [comm="mem_miss"] ===
PID      energy            

[H[JPolling energy-fair scheduler maps every 100 millisecond(s)...
Real time since poller start: 65.476919 s
Filter: comm "mem_miss"
Maps shown: total power consumption 

=== System totals (total) ===
  cpu_time:  188844557248 ns
  energy:    7374390850000 (units of your kfunc)
  uncore_energy:    970972502515270000 (units of your kfunc)

=== PID → power (EMA) (pid_to_power) [comm="mem_miss"] ===
PID      power             

=== PID → cumulative energy (pid_to_consumption) [comm="mem_miss"] ===
PID      energy            

[H[JPolling energy-fair scheduler maps every 100 millisecond(s)...
Real time since poller start: 65.584079 s
Filter: comm "mem_miss"
Maps shown: total power consumption 

=== System totals (total) ===
  cpu_time:  188857303888 ns
  energy:    7374942310000 (units of your kfunc)
  uncore_energy:    970972684227450000 (units of your kfunc)

=== PID → power (EMA) (pid_to_power) [comm="mem_miss"] ===
PID      power             

=== PID → cumulative energy (pid_to_consumption) [comm="mem_miss"] ===
PID      energy            

[H[JPolling energy-fair scheduler maps every 100 millisecond(s)...
Real time since poller start: 65.691236 s
Filter: comm "mem_miss"
Maps shown: total power consumption 

=== System totals (total) ===
  cpu_time:  188868026697 ns
  energy:    7375404350000 (units of your kfunc)
  uncore_energy:    970972720067450000 (units of your kfunc)

=== PID → power (EMA) (pid_to_power) [comm="mem_miss"] ===
PID      power             

=== PID → cumulative energy (pid_to_consumption) [comm="mem_miss"] ===
PID      energy            

[H[JPolling energy-fair scheduler maps every 100 millisecond(s)...
Real time since poller start: 65.798369 s
Filter: comm "mem_miss"
Maps shown: total power consumption 

=== System totals (total) ===
  cpu_time:  188881272171 ns
  energy:    7375989200000 (units of your kfunc)
  uncore_energy:    970972932077050000 (units of your kfunc)

=== PID → power (EMA) (pid_to_power) [comm="mem_miss"] ===
PID      power             

=== PID → cumulative energy (pid_to_consumption) [comm="mem_miss"] ===
PID      energy            

[H[JPolling energy-fair scheduler maps every 100 millisecond(s)...
Real time since poller start: 65.905557 s
Filter: comm "mem_miss"
Maps shown: total power consumption 

=== System totals (total) ===
  cpu_time:  188891855219 ns
  energy:    7376447730000 (units of your kfunc)
  uncore_energy:    970973095121330000 (units of your kfunc)

=== PID → power (EMA) (pid_to_power) [comm="mem_miss"] ===
PID      power             

=== PID → cumulative energy (pid_to_consumption) [comm="mem_miss"] ===
PID      energy            

[H[JPolling energy-fair scheduler maps every 100 millisecond(s)...
Real time since poller start: 66.012693 s
Filter: comm "mem_miss"
Maps shown: total power consumption 

=== System totals (total) ===
  cpu_time:  188908436177 ns
  energy:    7377230040000 (units of your kfunc)
  uncore_energy:    970973261021910000 (units of your kfunc)

=== PID → power (EMA) (pid_to_power) [comm="mem_miss"] ===
PID      power             

=== PID → cumulative energy (pid_to_consumption) [comm="mem_miss"] ===
PID      energy            

[H[JPolling energy-fair scheduler maps every 100 millisecond(s)...
Real time since poller start: 66.119824 s
Filter: comm "mem_miss"
Maps shown: total power consumption 

=== System totals (total) ===
  cpu_time:  188936184278 ns
  energy:    7378474410000 (units of your kfunc)
  uncore_energy:    970973397882850000 (units of your kfunc)

=== PID → power (EMA) (pid_to_power) [comm="mem_miss"] ===
PID      power             

=== PID → cumulative energy (pid_to_consumption) [comm="mem_miss"] ===
PID      energy            

[H[JPolling energy-fair scheduler maps every 100 millisecond(s)...
Real time since poller start: 66.226960 s
Filter: comm "mem_miss"
Maps shown: total power consumption 

=== System totals (total) ===
  cpu_time:  189049887319 ns
  energy:    7382051120000 (units of your kfunc)
  uncore_energy:    970973548644980000 (units of your kfunc)

=== PID → power (EMA) (pid_to_power) [comm="mem_miss"] ===
PID      power             

=== PID → cumulative energy (pid_to_consumption) [comm="mem_miss"] ===
PID      energy            

[H[JPolling energy-fair scheduler maps every 100 millisecond(s)...
Real time since poller start: 66.334175 s
Filter: comm "mem_miss"
Maps shown: total power consumption 

=== System totals (total) ===
  cpu_time:  189166442348 ns
  energy:    7384564560000 (units of your kfunc)
  uncore_energy:    970973693777870000 (units of your kfunc)

=== PID → power (EMA) (pid_to_power) [comm="mem_miss"] ===
PID      power             

=== PID → cumulative energy (pid_to_consumption) [comm="mem_miss"] ===
PID      energy            

[H[JPolling energy-fair scheduler maps every 100 millisecond(s)...
Real time since poller start: 66.441384 s
Filter: comm "mem_miss"
Maps shown: total power consumption 

=== System totals (total) ===
  cpu_time:  189249724669 ns
  energy:    7386738640000 (units of your kfunc)
  uncore_energy:    970973808115790000 (units of your kfunc)

=== PID → power (EMA) (pid_to_power) [comm="mem_miss"] ===
PID      power             

=== PID → cumulative energy (pid_to_consumption) [comm="mem_miss"] ===
PID      energy            

[H[JPolling energy-fair scheduler maps every 100 millisecond(s)...
Real time since poller start: 66.548537 s
Filter: comm "mem_miss"
Maps shown: total power consumption 

=== System totals (total) ===
  cpu_time:  189262984621 ns
  energy:    7387282920000 (units of your kfunc)
  uncore_energy:    970973983478790000 (units of your kfunc)

=== PID → power (EMA) (pid_to_power) [comm="mem_miss"] ===
PID      power             

=== PID → cumulative energy (pid_to_consumption) [comm="mem_miss"] ===
PID      energy            

[H[JPolling energy-fair scheduler maps every 100 millisecond(s)...
Real time since poller start: 66.655713 s
Filter: comm "mem_miss"
Maps shown: total power consumption 

=== System totals (total) ===
  cpu_time:  189271155917 ns
  energy:    7387620160000 (units of your kfunc)
  uncore_energy:    970974111152570000 (units of your kfunc)

=== PID → power (EMA) (pid_to_power) [comm="mem_miss"] ===
PID      power             

=== PID → cumulative energy (pid_to_consumption) [comm="mem_miss"] ===
PID      energy            

[H[JPolling energy-fair scheduler maps every 100 millisecond(s)...
Real time since poller start: 66.762882 s
Filter: comm "mem_miss"
Maps shown: total power consumption 

=== System totals (total) ===
  cpu_time:  189296114865 ns
  energy:    7388751610000 (units of your kfunc)
  uncore_energy:    970974260088110000 (units of your kfunc)

=== PID → power (EMA) (pid_to_power) [comm="mem_miss"] ===
PID      power             

=== PID → cumulative energy (pid_to_consumption) [comm="mem_miss"] ===
PID      energy            

[H[JPolling energy-fair scheduler maps every 100 millisecond(s)...
Real time since poller start: 66.870041 s
Filter: comm "mem_miss"
Maps shown: total power consumption 

=== System totals (total) ===
  cpu_time:  189310216404 ns
  energy:    7389348540000 (units of your kfunc)
  uncore_energy:    970974405900020000 (units of your kfunc)

=== PID → power (EMA) (pid_to_power) [comm="mem_miss"] ===
PID      power             

=== PID → cumulative energy (pid_to_consumption) [comm="mem_miss"] ===
PID      energy            

[H[JPolling energy-fair scheduler maps every 100 millisecond(s)...
Real time since poller start: 66.977206 s
Filter: comm "mem_miss"
Maps shown: total power consumption 

=== System totals (total) ===
  cpu_time:  189322550331 ns
  energy:    7389895730000 (units of your kfunc)
  uncore_energy:    970974519962050000 (units of your kfunc)

=== PID → power (EMA) (pid_to_power) [comm="mem_miss"] ===
PID      power             

=== PID → cumulative energy (pid_to_consumption) [comm="mem_miss"] ===
PID      energy            

[H[JPolling energy-fair scheduler maps every 100 millisecond(s)...
Real time since poller start: 67.084377 s
Filter: comm "mem_miss"
Maps shown: total power consumption 

=== System totals (total) ===
  cpu_time:  189368844392 ns
  energy:    7391608110000 (units of your kfunc)
  uncore_energy:    970974675937050000 (units of your kfunc)

=== PID → power (EMA) (pid_to_power) [comm="mem_miss"] ===
PID      power             

=== PID → cumulative energy (pid_to_consumption) [comm="mem_miss"] ===
PID      energy            

[H[JPolling energy-fair scheduler maps every 100 millisecond(s)...
Real time since poller start: 67.191550 s
Filter: comm "mem_miss"
Maps shown: total power consumption 

=== System totals (total) ===
  cpu_time:  189381433439 ns
  energy:    7392088930000 (units of your kfunc)
  uncore_energy:    970974813787840000 (units of your kfunc)

=== PID → power (EMA) (pid_to_power) [comm="mem_miss"] ===
PID      power             

=== PID → cumulative energy (pid_to_consumption) [comm="mem_miss"] ===
PID      energy            

[H[JPolling energy-fair scheduler maps every 100 millisecond(s)...
Real time since poller start: 67.298712 s
Filter: comm "mem_miss"
Maps shown: total power consumption 

=== System totals (total) ===
  cpu_time:  189397917719 ns
  energy:    7392794650000 (units of your kfunc)
  uncore_energy:    970974960720970000 (units of your kfunc)

=== PID → power (EMA) (pid_to_power) [comm="mem_miss"] ===
PID      power             

=== PID → cumulative energy (pid_to_consumption) [comm="mem_miss"] ===
PID      energy            

