Polling energy-fair scheduler maps every 100 millisecond(s)...
Filtering on comm "stress_core"
Maps shown: power consumption 
Press Ctrl+C to stop.

[H[JPolling energy-fair scheduler maps every 100 millisecond(s)...
Real time since poller start: 0.000025 s
Filter: comm "stress_core"
Maps shown: power consumption 

=== PID → power (EMA) (pid_to_power) [comm="stress_core"] ===
PID      power             

=== PID → cumulative energy (pid_to_consumption) [comm="stress_core"] ===
PID      energy            

[H[JPolling energy-fair scheduler maps every 100 millisecond(s)...
Real time since poller start: 0.101694 s
Filter: comm "stress_core"
Maps shown: power consumption 

=== PID → power (EMA) (pid_to_power) [comm="stress_core"] ===
PID      power             

=== PID → cumulative energy (pid_to_consumption) [comm="stress_core"] ===
PID      energy            

[H[JPolling energy-fair scheduler maps every 100 millisecond(s)...
Real time since poller start: 0.203281 s
Filter: comm "stress_core"
Maps shown: power consumption 

=== PID → power (EMA) (pid_to_power) [comm="stress_core"] ===
PID      power             

=== PID → cumulative energy (pid_to_consumption) [comm="stress_core"] ===
PID      energy            

[H[JPolling energy-fair scheduler maps every 100 millisecond(s)...
Real time since poller start: 0.304897 s
Filter: comm "stress_core"
Maps shown: power consumption 

=== PID → power (EMA) (pid_to_power) [comm="stress_core"] ===
PID      power             

=== PID → cumulative energy (pid_to_consumption) [comm="stress_core"] ===
PID      energy            

[H[JPolling energy-fair scheduler maps every 100 millisecond(s)...
Real time since poller start: 0.406545 s
Filter: comm "stress_core"
Maps shown: power consumption 

=== PID → power (EMA) (pid_to_power) [comm="stress_core"] ===
PID      power             

=== PID → cumulative energy (pid_to_consumption) [comm="stress_core"] ===
PID      energy            

[H[JPolling energy-fair scheduler maps every 100 millisecond(s)...
Real time since poller start: 0.508194 s
Filter: comm "stress_core"
Maps shown: power consumption 

=== PID → power (EMA) (pid_to_power) [comm="stress_core"] ===
PID      power             

=== PID → cumulative energy (pid_to_consumption) [comm="stress_core"] ===
PID      energy            

[H[JPolling energy-fair scheduler maps every 100 millisecond(s)...
Real time since poller start: 0.609825 s
Filter: comm "stress_core"
Maps shown: power consumption 

=== PID → power (EMA) (pid_to_power) [comm="stress_core"] ===
PID      power             

=== PID → cumulative energy (pid_to_consumption) [comm="stress_core"] ===
PID      energy            

[H[JPolling energy-fair scheduler maps every 100 millisecond(s)...
Real time since poller start: 0.711462 s
Filter: comm "stress_core"
Maps shown: power consumption 

=== PID → power (EMA) (pid_to_power) [comm="stress_core"] ===
PID      power             

=== PID → cumulative energy (pid_to_consumption) [comm="stress_core"] ===
PID      energy            

[H[JPolling energy-fair scheduler maps every 100 millisecond(s)...
Real time since poller start: 0.813153 s
Filter: comm "stress_core"
Maps shown: power consumption 

=== PID → power (EMA) (pid_to_power) [comm="stress_core"] ===
PID      power             

=== PID → cumulative energy (pid_to_consumption) [comm="stress_core"] ===
PID      energy            

[H[JPolling energy-fair scheduler maps every 100 millisecond(s)...
Real time since poller start: 0.914845 s
Filter: comm "stress_core"
Maps shown: power consumption 

=== PID → power (EMA) (pid_to_power) [comm="stress_core"] ===
PID      power             

=== PID → cumulative energy (pid_to_consumption) [comm="stress_core"] ===
PID      energy            

[H[JPolling energy-fair scheduler maps every 100 millisecond(s)...
Real time since poller start: 1.016585 s
Filter: comm "stress_core"
Maps shown: power consumption 

=== PID → power (EMA) (pid_to_power) [comm="stress_core"] ===
PID      power             

=== PID → cumulative energy (pid_to_consumption) [comm="stress_core"] ===
PID      energy            

[H[JPolling energy-fair scheduler maps every 100 millisecond(s)...
Real time since poller start: 1.118270 s
Filter: comm "stress_core"
Maps shown: power consumption 

=== PID → power (EMA) (pid_to_power) [comm="stress_core"] ===
PID      power             

=== PID → cumulative energy (pid_to_consumption) [comm="stress_core"] ===
PID      energy            

[H[JPolling energy-fair scheduler maps every 100 millisecond(s)...
Real time since poller start: 1.219944 s
Filter: comm "stress_core"
Maps shown: power consumption 

=== PID → power (EMA) (pid_to_power) [comm="stress_core"] ===
PID      power             

=== PID → cumulative energy (pid_to_consumption) [comm="stress_core"] ===
PID      energy            

[H[JPolling energy-fair scheduler maps every 100 millisecond(s)...
Real time since poller start: 1.321622 s
Filter: comm "stress_core"
Maps shown: power consumption 

=== PID → power (EMA) (pid_to_power) [comm="stress_core"] ===
PID      power             

=== PID → cumulative energy (pid_to_consumption) [comm="stress_core"] ===
PID      energy            

[H[JPolling energy-fair scheduler maps every 100 millisecond(s)...
Real time since poller start: 1.423304 s
Filter: comm "stress_core"
Maps shown: power consumption 

=== PID → power (EMA) (pid_to_power) [comm="stress_core"] ===
PID      power             

=== PID → cumulative energy (pid_to_consumption) [comm="stress_core"] ===
PID      energy            

[H[JPolling energy-fair scheduler maps every 100 millisecond(s)...
Real time since poller start: 1.524942 s
Filter: comm "stress_core"
Maps shown: power consumption 

=== PID → power (EMA) (pid_to_power) [comm="stress_core"] ===
PID      power             

=== PID → cumulative energy (pid_to_consumption) [comm="stress_core"] ===
PID      energy            

[H[JPolling energy-fair scheduler maps every 100 millisecond(s)...
Real time since poller start: 1.626601 s
Filter: comm "stress_core"
Maps shown: power consumption 

=== PID → power (EMA) (pid_to_power) [comm="stress_core"] ===
PID      power             

=== PID → cumulative energy (pid_to_consumption) [comm="stress_core"] ===
PID      energy            

[H[JPolling energy-fair scheduler maps every 100 millisecond(s)...
Real time since poller start: 1.728261 s
Filter: comm "stress_core"
Maps shown: power consumption 

=== PID → power (EMA) (pid_to_power) [comm="stress_core"] ===
PID      power             

=== PID → cumulative energy (pid_to_consumption) [comm="stress_core"] ===
PID      energy            

[H[JPolling energy-fair scheduler maps every 100 millisecond(s)...
Real time since poller start: 1.829919 s
Filter: comm "stress_core"
Maps shown: power consumption 

=== PID → power (EMA) (pid_to_power) [comm="stress_core"] ===
PID      power             

=== PID → cumulative energy (pid_to_consumption) [comm="stress_core"] ===
PID      energy            

[H[JPolling energy-fair scheduler maps every 100 millisecond(s)...
Real time since poller start: 1.931612 s
Filter: comm "stress_core"
Maps shown: power consumption 

=== PID → power (EMA) (pid_to_power) [comm="stress_core"] ===
PID      power             

=== PID → cumulative energy (pid_to_consumption) [comm="stress_core"] ===
PID      energy            

[H[JPolling energy-fair scheduler maps every 100 millisecond(s)...
Real time since poller start: 2.033296 s
Filter: comm "stress_core"
Maps shown: power consumption 

=== PID → power (EMA) (pid_to_power) [comm="stress_core"] ===
PID      power             

=== PID → cumulative energy (pid_to_consumption) [comm="stress_core"] ===
PID      energy            

[H[JPolling energy-fair scheduler maps every 100 millisecond(s)...
Real time since poller start: 2.134982 s
Filter: comm "stress_core"
Maps shown: power consumption 

=== PID → power (EMA) (pid_to_power) [comm="stress_core"] ===
PID      power             

=== PID → cumulative energy (pid_to_consumption) [comm="stress_core"] ===
PID      energy            

[H[JPolling energy-fair scheduler maps every 100 millisecond(s)...
Real time since poller start: 2.236642 s
Filter: comm "stress_core"
Maps shown: power consumption 

=== PID → power (EMA) (pid_to_power) [comm="stress_core"] ===
PID      power             

=== PID → cumulative energy (pid_to_consumption) [comm="stress_core"] ===
PID      energy            

[H[JPolling energy-fair scheduler maps every 100 millisecond(s)...
Real time since poller start: 2.338353 s
Filter: comm "stress_core"
Maps shown: power consumption 

=== PID → power (EMA) (pid_to_power) [comm="stress_core"] ===
PID      power             

=== PID → cumulative energy (pid_to_consumption) [comm="stress_core"] ===
PID      energy            

[H[JPolling energy-fair scheduler maps every 100 millisecond(s)...
Real time since poller start: 2.440065 s
Filter: comm "stress_core"
Maps shown: power consumption 

=== PID → power (EMA) (pid_to_power) [comm="stress_core"] ===
PID      power             

=== PID → cumulative energy (pid_to_consumption) [comm="stress_core"] ===
PID      energy            

[H[JPolling energy-fair scheduler maps every 100 millisecond(s)...
Real time since poller start: 2.541785 s
Filter: comm "stress_core"
Maps shown: power consumption 

=== PID → power (EMA) (pid_to_power) [comm="stress_core"] ===
PID      power             

=== PID → cumulative energy (pid_to_consumption) [comm="stress_core"] ===
PID      energy            

[H[JPolling energy-fair scheduler maps every 100 millisecond(s)...
Real time since poller start: 2.643483 s
Filter: comm "stress_core"
Maps shown: power consumption 

=== PID → power (EMA) (pid_to_power) [comm="stress_core"] ===
PID      power             

=== PID → cumulative energy (pid_to_consumption) [comm="stress_core"] ===
PID      energy            

[H[JPolling energy-fair scheduler maps every 100 millisecond(s)...
Real time since poller start: 2.745233 s
Filter: comm "stress_core"
Maps shown: power consumption 

=== PID → power (EMA) (pid_to_power) [comm="stress_core"] ===
PID      power             

=== PID → cumulative energy (pid_to_consumption) [comm="stress_core"] ===
PID      energy            

[H[JPolling energy-fair scheduler maps every 100 millisecond(s)...
Real time since poller start: 2.846957 s
Filter: comm "stress_core"
Maps shown: power consumption 

=== PID → power (EMA) (pid_to_power) [comm="stress_core"] ===
PID      power             

=== PID → cumulative energy (pid_to_consumption) [comm="stress_core"] ===
PID      energy            

[H[JPolling energy-fair scheduler maps every 100 millisecond(s)...
Real time since poller start: 2.948704 s
Filter: comm "stress_core"
Maps shown: power consumption 

=== PID → power (EMA) (pid_to_power) [comm="stress_core"] ===
PID      power             

=== PID → cumulative energy (pid_to_consumption) [comm="stress_core"] ===
PID      energy            

[H[JPolling energy-fair scheduler maps every 100 millisecond(s)...
Real time since poller start: 3.050474 s
Filter: comm "stress_core"
Maps shown: power consumption 

=== PID → power (EMA) (pid_to_power) [comm="stress_core"] ===
PID      power             

=== PID → cumulative energy (pid_to_consumption) [comm="stress_core"] ===
PID      energy            

[H[JPolling energy-fair scheduler maps every 100 millisecond(s)...
Real time since poller start: 3.152212 s
Filter: comm "stress_core"
Maps shown: power consumption 

=== PID → power (EMA) (pid_to_power) [comm="stress_core"] ===
PID      power             

=== PID → cumulative energy (pid_to_consumption) [comm="stress_core"] ===
PID      energy            

[H[JPolling energy-fair scheduler maps every 100 millisecond(s)...
Real time since poller start: 3.253931 s
Filter: comm "stress_core"
Maps shown: power consumption 

=== PID → power (EMA) (pid_to_power) [comm="stress_core"] ===
PID      power             

=== PID → cumulative energy (pid_to_consumption) [comm="stress_core"] ===
PID      energy            

[H[JPolling energy-fair scheduler maps every 100 millisecond(s)...
Real time since poller start: 3.355672 s
Filter: comm "stress_core"
Maps shown: power consumption 

=== PID → power (EMA) (pid_to_power) [comm="stress_core"] ===
PID      power             

=== PID → cumulative energy (pid_to_consumption) [comm="stress_core"] ===
PID      energy            

[H[JPolling energy-fair scheduler maps every 100 millisecond(s)...
Real time since poller start: 3.457428 s
Filter: comm "stress_core"
Maps shown: power consumption 

=== PID → power (EMA) (pid_to_power) [comm="stress_core"] ===
PID      power             

=== PID → cumulative energy (pid_to_consumption) [comm="stress_core"] ===
PID      energy            

[H[JPolling energy-fair scheduler maps every 100 millisecond(s)...
Real time since poller start: 3.559231 s
Filter: comm "stress_core"
Maps shown: power consumption 

=== PID → power (EMA) (pid_to_power) [comm="stress_core"] ===
PID      power             

=== PID → cumulative energy (pid_to_consumption) [comm="stress_core"] ===
PID      energy            

[H[JPolling energy-fair scheduler maps every 100 millisecond(s)...
Real time since poller start: 3.661022 s
Filter: comm "stress_core"
Maps shown: power consumption 

=== PID → power (EMA) (pid_to_power) [comm="stress_core"] ===
PID      power             

=== PID → cumulative energy (pid_to_consumption) [comm="stress_core"] ===
PID      energy            

[H[JPolling energy-fair scheduler maps every 100 millisecond(s)...
Real time since poller start: 3.762813 s
Filter: comm "stress_core"
Maps shown: power consumption 

=== PID → power (EMA) (pid_to_power) [comm="stress_core"] ===
PID      power             

=== PID → cumulative energy (pid_to_consumption) [comm="stress_core"] ===
PID      energy            

[H[JPolling energy-fair scheduler maps every 100 millisecond(s)...
Real time since poller start: 3.864632 s
Filter: comm "stress_core"
Maps shown: power consumption 

=== PID → power (EMA) (pid_to_power) [comm="stress_core"] ===
PID      power             

=== PID → cumulative energy (pid_to_consumption) [comm="stress_core"] ===
PID      energy            

[H[JPolling energy-fair scheduler maps every 100 millisecond(s)...
Real time since poller start: 3.966408 s
Filter: comm "stress_core"
Maps shown: power consumption 

=== PID → power (EMA) (pid_to_power) [comm="stress_core"] ===
PID      power             

=== PID → cumulative energy (pid_to_consumption) [comm="stress_core"] ===
PID      energy            

[H[JPolling energy-fair scheduler maps every 100 millisecond(s)...
Real time since poller start: 4.068175 s
Filter: comm "stress_core"
Maps shown: power consumption 

=== PID → power (EMA) (pid_to_power) [comm="stress_core"] ===
PID      power             

=== PID → cumulative energy (pid_to_consumption) [comm="stress_core"] ===
PID      energy            

[H[JPolling energy-fair scheduler maps every 100 millisecond(s)...
Real time since poller start: 4.169951 s
Filter: comm "stress_core"
Maps shown: power consumption 

=== PID → power (EMA) (pid_to_power) [comm="stress_core"] ===
PID      power             
140370   15                

=== PID → cumulative energy (pid_to_consumption) [comm="stress_core"] ===
PID      energy            
140370   1410640000        

[H[JPolling energy-fair scheduler maps every 100 millisecond(s)...
Real time since poller start: 4.271775 s
Filter: comm "stress_core"
Maps shown: power consumption 

=== PID → power (EMA) (pid_to_power) [comm="stress_core"] ===
PID      power             
140370   23                

=== PID → cumulative energy (pid_to_consumption) [comm="stress_core"] ===
PID      energy            
140370   1617540000        

[H[JPolling energy-fair scheduler maps every 100 millisecond(s)...
Real time since poller start: 4.373582 s
Filter: comm "stress_core"
Maps shown: power consumption 

=== PID → power (EMA) (pid_to_power) [comm="stress_core"] ===
PID      power             
140370   33                

=== PID → cumulative energy (pid_to_consumption) [comm="stress_core"] ===
PID      energy            
140370   1850690000        

[H[JPolling energy-fair scheduler maps every 100 millisecond(s)...
Real time since poller start: 4.475381 s
Filter: comm "stress_core"
Maps shown: power consumption 

=== PID → power (EMA) (pid_to_power) [comm="stress_core"] ===
PID      power             
140370   40                

=== PID → cumulative energy (pid_to_consumption) [comm="stress_core"] ===
PID      energy            
140370   2123970000        

[H[JPolling energy-fair scheduler maps every 100 millisecond(s)...
Real time since poller start: 4.577184 s
Filter: comm "stress_core"
Maps shown: power consumption 

=== PID → power (EMA) (pid_to_power) [comm="stress_core"] ===
PID      power             
140370   12                

=== PID → cumulative energy (pid_to_consumption) [comm="stress_core"] ===
PID      energy            
140370   2321570000        

[H[JPolling energy-fair scheduler maps every 100 millisecond(s)...
Real time since poller start: 4.678977 s
Filter: comm "stress_core"
Maps shown: power consumption 

=== PID → power (EMA) (pid_to_power) [comm="stress_core"] ===
PID      power             
140370   11                

=== PID → cumulative energy (pid_to_consumption) [comm="stress_core"] ===
PID      energy            
140370   2518410000        

[H[JPolling energy-fair scheduler maps every 100 millisecond(s)...
Real time since poller start: 4.780784 s
Filter: comm "stress_core"
Maps shown: power consumption 

=== PID → power (EMA) (pid_to_power) [comm="stress_core"] ===
PID      power             
140370   11                

=== PID → cumulative energy (pid_to_consumption) [comm="stress_core"] ===
PID      energy            
140370   2653920000        

[H[JPolling energy-fair scheduler maps every 100 millisecond(s)...
Real time since poller start: 4.882616 s
Filter: comm "stress_core"
Maps shown: power consumption 

=== PID → power (EMA) (pid_to_power) [comm="stress_core"] ===
PID      power             
140370   15                

=== PID → cumulative energy (pid_to_consumption) [comm="stress_core"] ===
PID      energy            
140370   2844820000        

[H[JPolling energy-fair scheduler maps every 100 millisecond(s)...
Real time since poller start: 4.984485 s
Filter: comm "stress_core"
Maps shown: power consumption 

=== PID → power (EMA) (pid_to_power) [comm="stress_core"] ===
PID      power             
140370   10                

=== PID → cumulative energy (pid_to_consumption) [comm="stress_core"] ===
PID      energy            
140370   3022420000        

[H[JPolling energy-fair scheduler maps every 100 millisecond(s)...
Real time since poller start: 5.086307 s
Filter: comm "stress_core"
Maps shown: power consumption 

=== PID → power (EMA) (pid_to_power) [comm="stress_core"] ===
PID      power             
140370   15                

=== PID → cumulative energy (pid_to_consumption) [comm="stress_core"] ===
PID      energy            
140370   3261520000        

[H[JPolling energy-fair scheduler maps every 100 millisecond(s)...
Real time since poller start: 5.188133 s
Filter: comm "stress_core"
Maps shown: power consumption 

=== PID → power (EMA) (pid_to_power) [comm="stress_core"] ===
PID      power             
140370   13                

=== PID → cumulative energy (pid_to_consumption) [comm="stress_core"] ===
PID      energy            
140370   3463530000        

[H[JPolling energy-fair scheduler maps every 100 millisecond(s)...
Real time since poller start: 5.289981 s
Filter: comm "stress_core"
Maps shown: power consumption 

=== PID → power (EMA) (pid_to_power) [comm="stress_core"] ===
PID      power             
140370   15                

=== PID → cumulative energy (pid_to_consumption) [comm="stress_core"] ===
PID      energy            
140370   3711350000        

[H[JPolling energy-fair scheduler maps every 100 millisecond(s)...
Real time since poller start: 5.391837 s
Filter: comm "stress_core"
Maps shown: power consumption 

=== PID → power (EMA) (pid_to_power) [comm="stress_core"] ===
PID      power             
140370   16                

=== PID → cumulative energy (pid_to_consumption) [comm="stress_core"] ===
PID      energy            
140370   4135840000        

[H[JPolling energy-fair scheduler maps every 100 millisecond(s)...
Real time since poller start: 5.493674 s
Filter: comm "stress_core"
Maps shown: power consumption 

=== PID → power (EMA) (pid_to_power) [comm="stress_core"] ===
PID      power             
140370   41                

=== PID → cumulative energy (pid_to_consumption) [comm="stress_core"] ===
PID      energy            
140370   4357090000        

[H[JPolling energy-fair scheduler maps every 100 millisecond(s)...
Real time since poller start: 5.595497 s
Filter: comm "stress_core"
Maps shown: power consumption 

=== PID → power (EMA) (pid_to_power) [comm="stress_core"] ===
PID      power             
140370   9                 

=== PID → cumulative energy (pid_to_consumption) [comm="stress_core"] ===
PID      energy            
140370   4480230000        

[H[JPolling energy-fair scheduler maps every 100 millisecond(s)...
Real time since poller start: 5.697324 s
Filter: comm "stress_core"
Maps shown: power consumption 

=== PID → power (EMA) (pid_to_power) [comm="stress_core"] ===
PID      power             
140370   35                

=== PID → cumulative energy (pid_to_consumption) [comm="stress_core"] ===
PID      energy            
140370   4689720000        

[H[JPolling energy-fair scheduler maps every 100 millisecond(s)...
Real time since poller start: 5.799146 s
Filter: comm "stress_core"
Maps shown: power consumption 

=== PID → power (EMA) (pid_to_power) [comm="stress_core"] ===
PID      power             
140370   13                

=== PID → cumulative energy (pid_to_consumption) [comm="stress_core"] ===
PID      energy            
140370   4928660000        

[H[JPolling energy-fair scheduler maps every 100 millisecond(s)...
Real time since poller start: 5.900959 s
Filter: comm "stress_core"
Maps shown: power consumption 

=== PID → power (EMA) (pid_to_power) [comm="stress_core"] ===
PID      power             
140370   15                

=== PID → cumulative energy (pid_to_consumption) [comm="stress_core"] ===
PID      energy            
140370   5228180000        

[H[JPolling energy-fair scheduler maps every 100 millisecond(s)...
Real time since poller start: 6.002790 s
Filter: comm "stress_core"
Maps shown: power consumption 

=== PID → power (EMA) (pid_to_power) [comm="stress_core"] ===
PID      power             
140370   24                

=== PID → cumulative energy (pid_to_consumption) [comm="stress_core"] ===
PID      energy            
140370   5495380000        

[H[JPolling energy-fair scheduler maps every 100 millisecond(s)...
Real time since poller start: 6.104589 s
Filter: comm "stress_core"
Maps shown: power consumption 

=== PID → power (EMA) (pid_to_power) [comm="stress_core"] ===
PID      power             
140370   26                

=== PID → cumulative energy (pid_to_consumption) [comm="stress_core"] ===
PID      energy            
140370   5810460000        

[H[JPolling energy-fair scheduler maps every 100 millisecond(s)...
Real time since poller start: 6.206415 s
Filter: comm "stress_core"
Maps shown: power consumption 

=== PID → power (EMA) (pid_to_power) [comm="stress_core"] ===
PID      power             
140370   34                

=== PID → cumulative energy (pid_to_consumption) [comm="stress_core"] ===
PID      energy            
140370   6048980000        

[H[JPolling energy-fair scheduler maps every 100 millisecond(s)...
Real time since poller start: 6.308276 s
Filter: comm "stress_core"
Maps shown: power consumption 

=== PID → power (EMA) (pid_to_power) [comm="stress_core"] ===
PID      power             
140370   15                

=== PID → cumulative energy (pid_to_consumption) [comm="stress_core"] ===
PID      energy            
140370   6191810000        

[H[JPolling energy-fair scheduler maps every 100 millisecond(s)...
Real time since poller start: 6.410165 s
Filter: comm "stress_core"
Maps shown: power consumption 

=== PID → power (EMA) (pid_to_power) [comm="stress_core"] ===
PID      power             
140370   26                

=== PID → cumulative energy (pid_to_consumption) [comm="stress_core"] ===
PID      energy            
140370   6491800000        

[H[JPolling energy-fair scheduler maps every 100 millisecond(s)...
Real time since poller start: 6.512025 s
Filter: comm "stress_core"
Maps shown: power consumption 

=== PID → power (EMA) (pid_to_power) [comm="stress_core"] ===
PID      power             
140370   36                

=== PID → cumulative energy (pid_to_consumption) [comm="stress_core"] ===
PID      energy            
140370   6667120000        

[H[JPolling energy-fair scheduler maps every 100 millisecond(s)...
Real time since poller start: 6.613893 s
Filter: comm "stress_core"
Maps shown: power consumption 

=== PID → power (EMA) (pid_to_power) [comm="stress_core"] ===
PID      power             
140370   15                

=== PID → cumulative energy (pid_to_consumption) [comm="stress_core"] ===
PID      energy            
140370   7051190000        

[H[JPolling energy-fair scheduler maps every 100 millisecond(s)...
Real time since poller start: 6.715766 s
Filter: comm "stress_core"
Maps shown: power consumption 

=== PID → power (EMA) (pid_to_power) [comm="stress_core"] ===
PID      power             
140370   15                

=== PID → cumulative energy (pid_to_consumption) [comm="stress_core"] ===
PID      energy            
140370   7277030000        

[H[JPolling energy-fair scheduler maps every 100 millisecond(s)...
Real time since poller start: 6.817632 s
Filter: comm "stress_core"
Maps shown: power consumption 

=== PID → power (EMA) (pid_to_power) [comm="stress_core"] ===
PID      power             
140370   17                

=== PID → cumulative energy (pid_to_consumption) [comm="stress_core"] ===
PID      energy            
140370   7479200000        

[H[JPolling energy-fair scheduler maps every 100 millisecond(s)...
Real time since poller start: 6.919514 s
Filter: comm "stress_core"
Maps shown: power consumption 

=== PID → power (EMA) (pid_to_power) [comm="stress_core"] ===
PID      power             
140370   14                

=== PID → cumulative energy (pid_to_consumption) [comm="stress_core"] ===
PID      energy            
140370   7820990000        

[H[JPolling energy-fair scheduler maps every 100 millisecond(s)...
Real time since poller start: 7.021394 s
Filter: comm "stress_core"
Maps shown: power consumption 

=== PID → power (EMA) (pid_to_power) [comm="stress_core"] ===
PID      power             
140370   19                

=== PID → cumulative energy (pid_to_consumption) [comm="stress_core"] ===
PID      energy            
140370   8119630000        

[H[JPolling energy-fair scheduler maps every 100 millisecond(s)...
Real time since poller start: 7.123262 s
Filter: comm "stress_core"
Maps shown: power consumption 

=== PID → power (EMA) (pid_to_power) [comm="stress_core"] ===
PID      power             
140370   16                

=== PID → cumulative energy (pid_to_consumption) [comm="stress_core"] ===
PID      energy            
140370   8277090000        

[H[JPolling energy-fair scheduler maps every 100 millisecond(s)...
Real time since poller start: 7.225146 s
Filter: comm "stress_core"
Maps shown: power consumption 

=== PID → power (EMA) (pid_to_power) [comm="stress_core"] ===
PID      power             
140370   20                

=== PID → cumulative energy (pid_to_consumption) [comm="stress_core"] ===
PID      energy            
140370   8494540000        

[H[JPolling energy-fair scheduler maps every 100 millisecond(s)...
Real time since poller start: 7.327062 s
Filter: comm "stress_core"
Maps shown: power consumption 

=== PID → power (EMA) (pid_to_power) [comm="stress_core"] ===
PID      power             
140370   16                

=== PID → cumulative energy (pid_to_consumption) [comm="stress_core"] ===
PID      energy            
140370   8717640000        

[H[JPolling energy-fair scheduler maps every 100 millisecond(s)...
Real time since poller start: 7.428999 s
Filter: comm "stress_core"
Maps shown: power consumption 

=== PID → power (EMA) (pid_to_power) [comm="stress_core"] ===
PID      power             
140370   16                

=== PID → cumulative energy (pid_to_consumption) [comm="stress_core"] ===
PID      energy            
140370   8941640000        

[H[JPolling energy-fair scheduler maps every 100 millisecond(s)...
Real time since poller start: 7.530873 s
Filter: comm "stress_core"
Maps shown: power consumption 

=== PID → power (EMA) (pid_to_power) [comm="stress_core"] ===
PID      power             
140370   17                

=== PID → cumulative energy (pid_to_consumption) [comm="stress_core"] ===
PID      energy            
140370   9184390000        

[H[JPolling energy-fair scheduler maps every 100 millisecond(s)...
Real time since poller start: 7.632758 s
Filter: comm "stress_core"
Maps shown: power consumption 

=== PID → power (EMA) (pid_to_power) [comm="stress_core"] ===
PID      power             
140370   23                

=== PID → cumulative energy (pid_to_consumption) [comm="stress_core"] ===
PID      energy            
140370   9352390000        

[H[JPolling energy-fair scheduler maps every 100 millisecond(s)...
Real time since poller start: 7.734681 s
Filter: comm "stress_core"
Maps shown: power consumption 

=== PID → power (EMA) (pid_to_power) [comm="stress_core"] ===
PID      power             
140370   18                

=== PID → cumulative energy (pid_to_consumption) [comm="stress_core"] ===
PID      energy            
140370   9537320000        

[H[JPolling energy-fair scheduler maps every 100 millisecond(s)...
Real time since poller start: 7.836593 s
Filter: comm "stress_core"
Maps shown: power consumption 

=== PID → power (EMA) (pid_to_power) [comm="stress_core"] ===
PID      power             
140370   13                

=== PID → cumulative energy (pid_to_consumption) [comm="stress_core"] ===
PID      energy            
140370   9727620000        

[H[JPolling energy-fair scheduler maps every 100 millisecond(s)...
Real time since poller start: 7.938521 s
Filter: comm "stress_core"
Maps shown: power consumption 

=== PID → power (EMA) (pid_to_power) [comm="stress_core"] ===
PID      power             
140370   27                

=== PID → cumulative energy (pid_to_consumption) [comm="stress_core"] ===
PID      energy            
140370   9905850000        

[H[JPolling energy-fair scheduler maps every 100 millisecond(s)...
Real time since poller start: 8.040468 s
Filter: comm "stress_core"
Maps shown: power consumption 

=== PID → power (EMA) (pid_to_power) [comm="stress_core"] ===
PID      power             
140370   31                

=== PID → cumulative energy (pid_to_consumption) [comm="stress_core"] ===
PID      energy            
140370   10224470000       

[H[JPolling energy-fair scheduler maps every 100 millisecond(s)...
Real time since poller start: 8.142405 s
Filter: comm "stress_core"
Maps shown: power consumption 

=== PID → power (EMA) (pid_to_power) [comm="stress_core"] ===
PID      power             
140370   18                

=== PID → cumulative energy (pid_to_consumption) [comm="stress_core"] ===
PID      energy            
140370   10517870000       

[H[JPolling energy-fair scheduler maps every 100 millisecond(s)...
Real time since poller start: 8.244323 s
Filter: comm "stress_core"
Maps shown: power consumption 

=== PID → power (EMA) (pid_to_power) [comm="stress_core"] ===
PID      power             
140370   20                

=== PID → cumulative energy (pid_to_consumption) [comm="stress_core"] ===
PID      energy            
140370   10700370000       

[H[JPolling energy-fair scheduler maps every 100 millisecond(s)...
Real time since poller start: 8.346215 s
Filter: comm "stress_core"
Maps shown: power consumption 

=== PID → power (EMA) (pid_to_power) [comm="stress_core"] ===
PID      power             
140370   16                

=== PID → cumulative energy (pid_to_consumption) [comm="stress_core"] ===
PID      energy            
140370   10884130000       

[H[JPolling energy-fair scheduler maps every 100 millisecond(s)...
Real time since poller start: 8.448158 s
Filter: comm "stress_core"
Maps shown: power consumption 

=== PID → power (EMA) (pid_to_power) [comm="stress_core"] ===
PID      power             
140370   37                

=== PID → cumulative energy (pid_to_consumption) [comm="stress_core"] ===
PID      energy            
140370   11093320000       

[H[JPolling energy-fair scheduler maps every 100 millisecond(s)...
Real time since poller start: 8.550128 s
Filter: comm "stress_core"
Maps shown: power consumption 

=== PID → power (EMA) (pid_to_power) [comm="stress_core"] ===
PID      power             
140370   37                

=== PID → cumulative energy (pid_to_consumption) [comm="stress_core"] ===
PID      energy            
140370   11093320000       

[H[JPolling energy-fair scheduler maps every 100 millisecond(s)...
Real time since poller start: 8.652077 s
Filter: comm "stress_core"
Maps shown: power consumption 

=== PID → power (EMA) (pid_to_power) [comm="stress_core"] ===
PID      power             
140370   37                

=== PID → cumulative energy (pid_to_consumption) [comm="stress_core"] ===
PID      energy            
140370   11093320000       

[H[JPolling energy-fair scheduler maps every 100 millisecond(s)...
Real time since poller start: 8.754071 s
Filter: comm "stress_core"
Maps shown: power consumption 

=== PID → power (EMA) (pid_to_power) [comm="stress_core"] ===
PID      power             
140370   37                

=== PID → cumulative energy (pid_to_consumption) [comm="stress_core"] ===
PID      energy            
140370   11093320000       

[H[JPolling energy-fair scheduler maps every 100 millisecond(s)...
Real time since poller start: 8.856063 s
Filter: comm "stress_core"
Maps shown: power consumption 

=== PID → power (EMA) (pid_to_power) [comm="stress_core"] ===
PID      power             
140370   37                

=== PID → cumulative energy (pid_to_consumption) [comm="stress_core"] ===
PID      energy            
140370   11093320000       

[H[JPolling energy-fair scheduler maps every 100 millisecond(s)...
Real time since poller start: 8.958046 s
Filter: comm "stress_core"
Maps shown: power consumption 

=== PID → power (EMA) (pid_to_power) [comm="stress_core"] ===
PID      power             
140370   37                

=== PID → cumulative energy (pid_to_consumption) [comm="stress_core"] ===
PID      energy            
140370   11093320000       

[H[JPolling energy-fair scheduler maps every 100 millisecond(s)...
Real time since poller start: 9.060030 s
Filter: comm "stress_core"
Maps shown: power consumption 

=== PID → power (EMA) (pid_to_power) [comm="stress_core"] ===
PID      power             
140370   37                

=== PID → cumulative energy (pid_to_consumption) [comm="stress_core"] ===
PID      energy            
140370   11093320000       

[H[JPolling energy-fair scheduler maps every 100 millisecond(s)...
Real time since poller start: 9.162006 s
Filter: comm "stress_core"
Maps shown: power consumption 

=== PID → power (EMA) (pid_to_power) [comm="stress_core"] ===
PID      power             
140370   37                

=== PID → cumulative energy (pid_to_consumption) [comm="stress_core"] ===
PID      energy            
140370   11093320000       

[H[JPolling energy-fair scheduler maps every 100 millisecond(s)...
Real time since poller start: 9.264019 s
Filter: comm "stress_core"
Maps shown: power consumption 

=== PID → power (EMA) (pid_to_power) [comm="stress_core"] ===
PID      power             
140370   37                

=== PID → cumulative energy (pid_to_consumption) [comm="stress_core"] ===
PID      energy            
140370   11093320000       

[H[JPolling energy-fair scheduler maps every 100 millisecond(s)...
Real time since poller start: 9.365967 s
Filter: comm "stress_core"
Maps shown: power consumption 

=== PID → power (EMA) (pid_to_power) [comm="stress_core"] ===
PID      power             
140370   37                

=== PID → cumulative energy (pid_to_consumption) [comm="stress_core"] ===
PID      energy            
140370   11093320000       

[H[JPolling energy-fair scheduler maps every 100 millisecond(s)...
Real time since poller start: 9.467922 s
Filter: comm "stress_core"
Maps shown: power consumption 

=== PID → power (EMA) (pid_to_power) [comm="stress_core"] ===
PID      power             
140370   37                

=== PID → cumulative energy (pid_to_consumption) [comm="stress_core"] ===
PID      energy            
140370   11093320000       

[H[JPolling energy-fair scheduler maps every 100 millisecond(s)...
Real time since poller start: 9.569904 s
Filter: comm "stress_core"
Maps shown: power consumption 

=== PID → power (EMA) (pid_to_power) [comm="stress_core"] ===
PID      power             
140370   37                

=== PID → cumulative energy (pid_to_consumption) [comm="stress_core"] ===
PID      energy            
140370   11093320000       

[H[JPolling energy-fair scheduler maps every 100 millisecond(s)...
Real time since poller start: 9.671871 s
Filter: comm "stress_core"
Maps shown: power consumption 

=== PID → power (EMA) (pid_to_power) [comm="stress_core"] ===
PID      power             
140370   37                

=== PID → cumulative energy (pid_to_consumption) [comm="stress_core"] ===
PID      energy            
140370   11093320000       

[H[JPolling energy-fair scheduler maps every 100 millisecond(s)...
Real time since poller start: 9.773836 s
Filter: comm "stress_core"
Maps shown: power consumption 

=== PID → power (EMA) (pid_to_power) [comm="stress_core"] ===
PID      power             
140370   37                

=== PID → cumulative energy (pid_to_consumption) [comm="stress_core"] ===
PID      energy            
140370   11093320000       

[H[JPolling energy-fair scheduler maps every 100 millisecond(s)...
Real time since poller start: 9.875804 s
Filter: comm "stress_core"
Maps shown: power consumption 

=== PID → power (EMA) (pid_to_power) [comm="stress_core"] ===
PID      power             
140370   37                

=== PID → cumulative energy (pid_to_consumption) [comm="stress_core"] ===
PID      energy            
140370   11093320000       

[H[JPolling energy-fair scheduler maps every 100 millisecond(s)...
Real time since poller start: 9.977773 s
Filter: comm "stress_core"
Maps shown: power consumption 

=== PID → power (EMA) (pid_to_power) [comm="stress_core"] ===
PID      power             
140370   37                

=== PID → cumulative energy (pid_to_consumption) [comm="stress_core"] ===
PID      energy            
140370   11093320000       

[H[JPolling energy-fair scheduler maps every 100 millisecond(s)...
Real time since poller start: 10.079757 s
Filter: comm "stress_core"
Maps shown: power consumption 

=== PID → power (EMA) (pid_to_power) [comm="stress_core"] ===
PID      power             
140370   37                

=== PID → cumulative energy (pid_to_consumption) [comm="stress_core"] ===
PID      energy            
140370   11093320000       

[H[JPolling energy-fair scheduler maps every 100 millisecond(s)...
Real time since poller start: 10.181717 s
Filter: comm "stress_core"
Maps shown: power consumption 

=== PID → power (EMA) (pid_to_power) [comm="stress_core"] ===
PID      power             
140370   37                

=== PID → cumulative energy (pid_to_consumption) [comm="stress_core"] ===
PID      energy            
140370   11093320000       

[H[JPolling energy-fair scheduler maps every 100 millisecond(s)...
Real time since poller start: 10.283671 s
Filter: comm "stress_core"
Maps shown: power consumption 

=== PID → power (EMA) (pid_to_power) [comm="stress_core"] ===
PID      power             
140370   37                

=== PID → cumulative energy (pid_to_consumption) [comm="stress_core"] ===
PID      energy            
140370   11093320000       

[H[JPolling energy-fair scheduler maps every 100 millisecond(s)...
Real time since poller start: 10.385628 s
Filter: comm "stress_core"
Maps shown: power consumption 

=== PID → power (EMA) (pid_to_power) [comm="stress_core"] ===
PID      power             
140370   37                

=== PID → cumulative energy (pid_to_consumption) [comm="stress_core"] ===
PID      energy            
140370   11093320000       

[H[JPolling energy-fair scheduler maps every 100 millisecond(s)...
Real time since poller start: 10.487629 s
Filter: comm "stress_core"
Maps shown: power consumption 

=== PID → power (EMA) (pid_to_power) [comm="stress_core"] ===
PID      power             
140370   37                

=== PID → cumulative energy (pid_to_consumption) [comm="stress_core"] ===
PID      energy            
140370   11093320000       

[H[JPolling energy-fair scheduler maps every 100 millisecond(s)...
Real time since poller start: 10.589621 s
Filter: comm "stress_core"
Maps shown: power consumption 

=== PID → power (EMA) (pid_to_power) [comm="stress_core"] ===
PID      power             
140370   37                

=== PID → cumulative energy (pid_to_consumption) [comm="stress_core"] ===
PID      energy            
140370   11093320000       

[H[JPolling energy-fair scheduler maps every 100 millisecond(s)...
Real time since poller start: 10.691607 s
Filter: comm "stress_core"
Maps shown: power consumption 

=== PID → power (EMA) (pid_to_power) [comm="stress_core"] ===
PID      power             
140370   37                

=== PID → cumulative energy (pid_to_consumption) [comm="stress_core"] ===
PID      energy            
140370   11093320000       

[H[JPolling energy-fair scheduler maps every 100 millisecond(s)...
Real time since poller start: 10.793589 s
Filter: comm "stress_core"
Maps shown: power consumption 

=== PID → power (EMA) (pid_to_power) [comm="stress_core"] ===
PID      power             
140370   37                

=== PID → cumulative energy (pid_to_consumption) [comm="stress_core"] ===
PID      energy            
140370   11093320000       

[H[JPolling energy-fair scheduler maps every 100 millisecond(s)...
Real time since poller start: 10.895555 s
Filter: comm "stress_core"
Maps shown: power consumption 

=== PID → power (EMA) (pid_to_power) [comm="stress_core"] ===
PID      power             
140370   37                

=== PID → cumulative energy (pid_to_consumption) [comm="stress_core"] ===
PID      energy            
140370   11093320000       

[H[JPolling energy-fair scheduler maps every 100 millisecond(s)...
Real time since poller start: 10.997550 s
Filter: comm "stress_core"
Maps shown: power consumption 

=== PID → power (EMA) (pid_to_power) [comm="stress_core"] ===
PID      power             
140370   37                

=== PID → cumulative energy (pid_to_consumption) [comm="stress_core"] ===
PID      energy            
140370   11093320000       

[H[JPolling energy-fair scheduler maps every 100 millisecond(s)...
Real time since poller start: 11.099542 s
Filter: comm "stress_core"
Maps shown: power consumption 

=== PID → power (EMA) (pid_to_power) [comm="stress_core"] ===
PID      power             
140370   37                

=== PID → cumulative energy (pid_to_consumption) [comm="stress_core"] ===
PID      energy            
140370   11093320000       

[H[JPolling energy-fair scheduler maps every 100 millisecond(s)...
Real time since poller start: 11.201527 s
Filter: comm "stress_core"
Maps shown: power consumption 

=== PID → power (EMA) (pid_to_power) [comm="stress_core"] ===
PID      power             
140370   37                

=== PID → cumulative energy (pid_to_consumption) [comm="stress_core"] ===
PID      energy            
140370   11093320000       

[H[JPolling energy-fair scheduler maps every 100 millisecond(s)...
Real time since poller start: 11.303557 s
Filter: comm "stress_core"
Maps shown: power consumption 

=== PID → power (EMA) (pid_to_power) [comm="stress_core"] ===
PID      power             
140370   37                

=== PID → cumulative energy (pid_to_consumption) [comm="stress_core"] ===
PID      energy            
140370   11093320000       

[H[JPolling energy-fair scheduler maps every 100 millisecond(s)...
Real time since poller start: 11.405620 s
Filter: comm "stress_core"
Maps shown: power consumption 

=== PID → power (EMA) (pid_to_power) [comm="stress_core"] ===
PID      power             
140370   37                

=== PID → cumulative energy (pid_to_consumption) [comm="stress_core"] ===
PID      energy            
140370   11093320000       

[H[JPolling energy-fair scheduler maps every 100 millisecond(s)...
Real time since poller start: 11.507676 s
Filter: comm "stress_core"
Maps shown: power consumption 

=== PID → power (EMA) (pid_to_power) [comm="stress_core"] ===
PID      power             
140370   37                

=== PID → cumulative energy (pid_to_consumption) [comm="stress_core"] ===
PID      energy            
140370   11093320000       

[H[JPolling energy-fair scheduler maps every 100 millisecond(s)...
Real time since poller start: 11.609710 s
Filter: comm "stress_core"
Maps shown: power consumption 

=== PID → power (EMA) (pid_to_power) [comm="stress_core"] ===
PID      power             
140370   37                

=== PID → cumulative energy (pid_to_consumption) [comm="stress_core"] ===
PID      energy            
140370   11093320000       

[H[JPolling energy-fair scheduler maps every 100 millisecond(s)...
Real time since poller start: 11.711735 s
Filter: comm "stress_core"
Maps shown: power consumption 

=== PID → power (EMA) (pid_to_power) [comm="stress_core"] ===
PID      power             
140370   37                

=== PID → cumulative energy (pid_to_consumption) [comm="stress_core"] ===
PID      energy            
140370   11093320000       

[H[JPolling energy-fair scheduler maps every 100 millisecond(s)...
Real time since poller start: 11.813762 s
Filter: comm "stress_core"
Maps shown: power consumption 

=== PID → power (EMA) (pid_to_power) [comm="stress_core"] ===
PID      power             
140370   37                

=== PID → cumulative energy (pid_to_consumption) [comm="stress_core"] ===
PID      energy            
140370   11093320000       

[H[JPolling energy-fair scheduler maps every 100 millisecond(s)...
Real time since poller start: 11.915774 s
Filter: comm "stress_core"
Maps shown: power consumption 

=== PID → power (EMA) (pid_to_power) [comm="stress_core"] ===
PID      power             
140370   37                

=== PID → cumulative energy (pid_to_consumption) [comm="stress_core"] ===
PID      energy            
140370   11093320000       

[H[JPolling energy-fair scheduler maps every 100 millisecond(s)...
Real time since poller start: 12.017824 s
Filter: comm "stress_core"
Maps shown: power consumption 

=== PID → power (EMA) (pid_to_power) [comm="stress_core"] ===
PID      power             
140370   37                

=== PID → cumulative energy (pid_to_consumption) [comm="stress_core"] ===
PID      energy            
140370   11093320000       

[H[JPolling energy-fair scheduler maps every 100 millisecond(s)...
Real time since poller start: 12.119861 s
Filter: comm "stress_core"
Maps shown: power consumption 

=== PID → power (EMA) (pid_to_power) [comm="stress_core"] ===
PID      power             
140370   37                

=== PID → cumulative energy (pid_to_consumption) [comm="stress_core"] ===
PID      energy            
140370   11093320000       

[H[JPolling energy-fair scheduler maps every 100 millisecond(s)...
Real time since poller start: 12.221876 s
Filter: comm "stress_core"
Maps shown: power consumption 

=== PID → power (EMA) (pid_to_power) [comm="stress_core"] ===
PID      power             
140370   37                

=== PID → cumulative energy (pid_to_consumption) [comm="stress_core"] ===
PID      energy            
140370   11093320000       

[H[JPolling energy-fair scheduler maps every 100 millisecond(s)...
Real time since poller start: 12.323930 s
Filter: comm "stress_core"
Maps shown: power consumption 

=== PID → power (EMA) (pid_to_power) [comm="stress_core"] ===
PID      power             
140370   37                

=== PID → cumulative energy (pid_to_consumption) [comm="stress_core"] ===
PID      energy            
140370   11093320000       

[H[JPolling energy-fair scheduler maps every 100 millisecond(s)...
Real time since poller start: 12.425992 s
Filter: comm "stress_core"
Maps shown: power consumption 

=== PID → power (EMA) (pid_to_power) [comm="stress_core"] ===
PID      power             
140370   37                

=== PID → cumulative energy (pid_to_consumption) [comm="stress_core"] ===
PID      energy            
140370   11093320000       

[H[JPolling energy-fair scheduler maps every 100 millisecond(s)...
Real time since poller start: 12.528083 s
Filter: comm "stress_core"
Maps shown: power consumption 

=== PID → power (EMA) (pid_to_power) [comm="stress_core"] ===
PID      power             
140370   37                

=== PID → cumulative energy (pid_to_consumption) [comm="stress_core"] ===
PID      energy            
140370   11093320000       

[H[JPolling energy-fair scheduler maps every 100 millisecond(s)...
Real time since poller start: 12.630129 s
Filter: comm "stress_core"
Maps shown: power consumption 

=== PID → power (EMA) (pid_to_power) [comm="stress_core"] ===
PID      power             
140370   37                

=== PID → cumulative energy (pid_to_consumption) [comm="stress_core"] ===
PID      energy            
140370   11093320000       

[H[JPolling energy-fair scheduler maps every 100 millisecond(s)...
Real time since poller start: 12.732178 s
Filter: comm "stress_core"
Maps shown: power consumption 

=== PID → power (EMA) (pid_to_power) [comm="stress_core"] ===
PID      power             
140370   37                

=== PID → cumulative energy (pid_to_consumption) [comm="stress_core"] ===
PID      energy            
140370   11093320000       

[H[JPolling energy-fair scheduler maps every 100 millisecond(s)...
Real time since poller start: 12.834231 s
Filter: comm "stress_core"
Maps shown: power consumption 

=== PID → power (EMA) (pid_to_power) [comm="stress_core"] ===
PID      power             
140370   37                

=== PID → cumulative energy (pid_to_consumption) [comm="stress_core"] ===
PID      energy            
140370   11093320000       

[H[JPolling energy-fair scheduler maps every 100 millisecond(s)...
Real time since poller start: 12.936280 s
Filter: comm "stress_core"
Maps shown: power consumption 

=== PID → power (EMA) (pid_to_power) [comm="stress_core"] ===
PID      power             
140370   37                

=== PID → cumulative energy (pid_to_consumption) [comm="stress_core"] ===
PID      energy            
140370   11093320000       

[H[JPolling energy-fair scheduler maps every 100 millisecond(s)...
Real time since poller start: 13.038357 s
Filter: comm "stress_core"
Maps shown: power consumption 

=== PID → power (EMA) (pid_to_power) [comm="stress_core"] ===
PID      power             
140370   37                

=== PID → cumulative energy (pid_to_consumption) [comm="stress_core"] ===
PID      energy            
140370   11093320000       

[H[JPolling energy-fair scheduler maps every 100 millisecond(s)...
Real time since poller start: 13.140407 s
Filter: comm "stress_core"
Maps shown: power consumption 

=== PID → power (EMA) (pid_to_power) [comm="stress_core"] ===
PID      power             
140370   37                

=== PID → cumulative energy (pid_to_consumption) [comm="stress_core"] ===
PID      energy            
140370   11093320000       

[H[JPolling energy-fair scheduler maps every 100 millisecond(s)...
Real time since poller start: 13.242443 s
Filter: comm "stress_core"
Maps shown: power consumption 

=== PID → power (EMA) (pid_to_power) [comm="stress_core"] ===
PID      power             
140370   37                

=== PID → cumulative energy (pid_to_consumption) [comm="stress_core"] ===
PID      energy            
140370   11093320000       

[H[JPolling energy-fair scheduler maps every 100 millisecond(s)...
Real time since poller start: 13.344478 s
Filter: comm "stress_core"
Maps shown: power consumption 

=== PID → power (EMA) (pid_to_power) [comm="stress_core"] ===
PID      power             
140370   37                

=== PID → cumulative energy (pid_to_consumption) [comm="stress_core"] ===
PID      energy            
140370   11093320000       

[H[JPolling energy-fair scheduler maps every 100 millisecond(s)...
Real time since poller start: 13.446529 s
Filter: comm "stress_core"
Maps shown: power consumption 

=== PID → power (EMA) (pid_to_power) [comm="stress_core"] ===
PID      power             
140370   24                

=== PID → cumulative energy (pid_to_consumption) [comm="stress_core"] ===
PID      energy            
140370   12209500000       

[H[JPolling energy-fair scheduler maps every 100 millisecond(s)...
Real time since poller start: 13.548581 s
Filter: comm "stress_core"
Maps shown: power consumption 

=== PID → power (EMA) (pid_to_power) [comm="stress_core"] ===
PID      power             
140370   20                

=== PID → cumulative energy (pid_to_consumption) [comm="stress_core"] ===
PID      energy            
140370   12395640000       

[H[JPolling energy-fair scheduler maps every 100 millisecond(s)...
Real time since poller start: 13.650623 s
Filter: comm "stress_core"
Maps shown: power consumption 

=== PID → power (EMA) (pid_to_power) [comm="stress_core"] ===
PID      power             
140370   20                

=== PID → cumulative energy (pid_to_consumption) [comm="stress_core"] ===
PID      energy            
140370   12558920000       

[H[JPolling energy-fair scheduler maps every 100 millisecond(s)...
Real time since poller start: 13.752667 s
Filter: comm "stress_core"
Maps shown: power consumption 

=== PID → power (EMA) (pid_to_power) [comm="stress_core"] ===
PID      power             
140370   34                

=== PID → cumulative energy (pid_to_consumption) [comm="stress_core"] ===
PID      energy            
140370   12819410000       

[H[JPolling energy-fair scheduler maps every 100 millisecond(s)...
Real time since poller start: 13.854724 s
Filter: comm "stress_core"
Maps shown: power consumption 

=== PID → power (EMA) (pid_to_power) [comm="stress_core"] ===
PID      power             
140370   26                

=== PID → cumulative energy (pid_to_consumption) [comm="stress_core"] ===
PID      energy            
140370   13149590000       

[H[JPolling energy-fair scheduler maps every 100 millisecond(s)...
Real time since poller start: 13.956768 s
Filter: comm "stress_core"
Maps shown: power consumption 

=== PID → power (EMA) (pid_to_power) [comm="stress_core"] ===
PID      power             
140370   36                

=== PID → cumulative energy (pid_to_consumption) [comm="stress_core"] ===
PID      energy            
140370   13418770000       

[H[JPolling energy-fair scheduler maps every 100 millisecond(s)...
Real time since poller start: 14.058810 s
Filter: comm "stress_core"
Maps shown: power consumption 

=== PID → power (EMA) (pid_to_power) [comm="stress_core"] ===
PID      power             
140370   22                

=== PID → cumulative energy (pid_to_consumption) [comm="stress_core"] ===
PID      energy            
140370   13607840000       

[H[JPolling energy-fair scheduler maps every 100 millisecond(s)...
Real time since poller start: 14.160849 s
Filter: comm "stress_core"
Maps shown: power consumption 

=== PID → power (EMA) (pid_to_power) [comm="stress_core"] ===
PID      power             
140370   40                

=== PID → cumulative energy (pid_to_consumption) [comm="stress_core"] ===
PID      energy            
140370   14028350000       

[H[JPolling energy-fair scheduler maps every 100 millisecond(s)...
Real time since poller start: 14.262969 s
Filter: comm "stress_core"
Maps shown: power consumption 

=== PID → power (EMA) (pid_to_power) [comm="stress_core"] ===
PID      power             
140370   28                

=== PID → cumulative energy (pid_to_consumption) [comm="stress_core"] ===
PID      energy            
140370   14376090000       

[H[JPolling energy-fair scheduler maps every 100 millisecond(s)...
Real time since poller start: 14.365059 s
Filter: comm "stress_core"
Maps shown: power consumption 

=== PID → power (EMA) (pid_to_power) [comm="stress_core"] ===
PID      power             
140370   30                

=== PID → cumulative energy (pid_to_consumption) [comm="stress_core"] ===
PID      energy            
140370   14735270000       

[H[JPolling energy-fair scheduler maps every 100 millisecond(s)...
Real time since poller start: 14.467169 s
Filter: comm "stress_core"
Maps shown: power consumption 

=== PID → power (EMA) (pid_to_power) [comm="stress_core"] ===
PID      power             
140370   21                

=== PID → cumulative energy (pid_to_consumption) [comm="stress_core"] ===
PID      energy            
140370   15044420000       

[H[JPolling energy-fair scheduler maps every 100 millisecond(s)...
Real time since poller start: 14.569262 s
Filter: comm "stress_core"
Maps shown: power consumption 

=== PID → power (EMA) (pid_to_power) [comm="stress_core"] ===
PID      power             
140370   23                

=== PID → cumulative energy (pid_to_consumption) [comm="stress_core"] ===
PID      energy            
140370   15300910000       

[H[JPolling energy-fair scheduler maps every 100 millisecond(s)...
Real time since poller start: 14.671356 s
Filter: comm "stress_core"
Maps shown: power consumption 

=== PID → power (EMA) (pid_to_power) [comm="stress_core"] ===
PID      power             
140370   26                

=== PID → cumulative energy (pid_to_consumption) [comm="stress_core"] ===
PID      energy            
140370   15745250000       

[H[JPolling energy-fair scheduler maps every 100 millisecond(s)...
Real time since poller start: 14.773436 s
Filter: comm "stress_core"
Maps shown: power consumption 

=== PID → power (EMA) (pid_to_power) [comm="stress_core"] ===
PID      power             
140370   25                

=== PID → cumulative energy (pid_to_consumption) [comm="stress_core"] ===
PID      energy            
140370   16080630000       

[H[JPolling energy-fair scheduler maps every 100 millisecond(s)...
Real time since poller start: 14.875563 s
Filter: comm "stress_core"
Maps shown: power consumption 

=== PID → power (EMA) (pid_to_power) [comm="stress_core"] ===
PID      power             
140370   19                

=== PID → cumulative energy (pid_to_consumption) [comm="stress_core"] ===
PID      energy            
140370   16327060000       

[H[JPolling energy-fair scheduler maps every 100 millisecond(s)...
Real time since poller start: 14.977666 s
Filter: comm "stress_core"
Maps shown: power consumption 

=== PID → power (EMA) (pid_to_power) [comm="stress_core"] ===
PID      power             
140370   26                

=== PID → cumulative energy (pid_to_consumption) [comm="stress_core"] ===
PID      energy            
140370   16702580000       

[H[JPolling energy-fair scheduler maps every 100 millisecond(s)...
Real time since poller start: 15.079756 s
Filter: comm "stress_core"
Maps shown: power consumption 

=== PID → power (EMA) (pid_to_power) [comm="stress_core"] ===
PID      power             
140370   24                

=== PID → cumulative energy (pid_to_consumption) [comm="stress_core"] ===
PID      energy            
140370   17113930000       

[H[JPolling energy-fair scheduler maps every 100 millisecond(s)...
Real time since poller start: 15.181854 s
Filter: comm "stress_core"
Maps shown: power consumption 

=== PID → power (EMA) (pid_to_power) [comm="stress_core"] ===
PID      power             
140370   21                

=== PID → cumulative energy (pid_to_consumption) [comm="stress_core"] ===
PID      energy            
140370   17346630000       

[H[JPolling energy-fair scheduler maps every 100 millisecond(s)...
Real time since poller start: 15.283956 s
Filter: comm "stress_core"
Maps shown: power consumption 

=== PID → power (EMA) (pid_to_power) [comm="stress_core"] ===
PID      power             
140370   16                

=== PID → cumulative energy (pid_to_consumption) [comm="stress_core"] ===
PID      energy            
140370   17734070000       

[H[JPolling energy-fair scheduler maps every 100 millisecond(s)...
Real time since poller start: 15.386061 s
Filter: comm "stress_core"
Maps shown: power consumption 

=== PID → power (EMA) (pid_to_power) [comm="stress_core"] ===
PID      power             
140370   23                

=== PID → cumulative energy (pid_to_consumption) [comm="stress_core"] ===
PID      energy            
140370   18101840000       

[H[JPolling energy-fair scheduler maps every 100 millisecond(s)...
Real time since poller start: 15.488131 s
Filter: comm "stress_core"
Maps shown: power consumption 

=== PID → power (EMA) (pid_to_power) [comm="stress_core"] ===
PID      power             
140370   38                

=== PID → cumulative energy (pid_to_consumption) [comm="stress_core"] ===
PID      energy            
140370   18396040000       

[H[JPolling energy-fair scheduler maps every 100 millisecond(s)...
Real time since poller start: 15.590203 s
Filter: comm "stress_core"
Maps shown: power consumption 

=== PID → power (EMA) (pid_to_power) [comm="stress_core"] ===
PID      power             
140370   42                

=== PID → cumulative energy (pid_to_consumption) [comm="stress_core"] ===
PID      energy            
140370   18891510000       

[H[JPolling energy-fair scheduler maps every 100 millisecond(s)...
Real time since poller start: 15.692280 s
Filter: comm "stress_core"
Maps shown: power consumption 

=== PID → power (EMA) (pid_to_power) [comm="stress_core"] ===
PID      power             
140370   33                

=== PID → cumulative energy (pid_to_consumption) [comm="stress_core"] ===
PID      energy            
140370   19141300000       

[H[JPolling energy-fair scheduler maps every 100 millisecond(s)...
Real time since poller start: 15.794409 s
Filter: comm "stress_core"
Maps shown: power consumption 

=== PID → power (EMA) (pid_to_power) [comm="stress_core"] ===
PID      power             
140370   20                

=== PID → cumulative energy (pid_to_consumption) [comm="stress_core"] ===
PID      energy            
140370   19415810000       

[H[JPolling energy-fair scheduler maps every 100 millisecond(s)...
Real time since poller start: 15.896497 s
Filter: comm "stress_core"
Maps shown: power consumption 

=== PID → power (EMA) (pid_to_power) [comm="stress_core"] ===
PID      power             
140370   19                

=== PID → cumulative energy (pid_to_consumption) [comm="stress_core"] ===
PID      energy            
140370   19767990000       

[H[JPolling energy-fair scheduler maps every 100 millisecond(s)...
Real time since poller start: 15.998562 s
Filter: comm "stress_core"
Maps shown: power consumption 

=== PID → power (EMA) (pid_to_power) [comm="stress_core"] ===
PID      power             
140370   26                

=== PID → cumulative energy (pid_to_consumption) [comm="stress_core"] ===
PID      energy            
140370   20016730000       

[H[JPolling energy-fair scheduler maps every 100 millisecond(s)...
Real time since poller start: 16.100663 s
Filter: comm "stress_core"
Maps shown: power consumption 

=== PID → power (EMA) (pid_to_power) [comm="stress_core"] ===
PID      power             
140370   22                

=== PID → cumulative energy (pid_to_consumption) [comm="stress_core"] ===
PID      energy            
140370   20411620000       

[H[JPolling energy-fair scheduler maps every 100 millisecond(s)...
Real time since poller start: 16.202732 s
Filter: comm "stress_core"
Maps shown: power consumption 

=== PID → power (EMA) (pid_to_power) [comm="stress_core"] ===
PID      power             
140370   20                

=== PID → cumulative energy (pid_to_consumption) [comm="stress_core"] ===
PID      energy            
140370   20710710000       

[H[JPolling energy-fair scheduler maps every 100 millisecond(s)...
Real time since poller start: 16.304797 s
Filter: comm "stress_core"
Maps shown: power consumption 

=== PID → power (EMA) (pid_to_power) [comm="stress_core"] ===
PID      power             
140370   37                

=== PID → cumulative energy (pid_to_consumption) [comm="stress_core"] ===
PID      energy            
140370   21073250000       

[H[JPolling energy-fair scheduler maps every 100 millisecond(s)...
Real time since poller start: 16.406833 s
Filter: comm "stress_core"
Maps shown: power consumption 

=== PID → power (EMA) (pid_to_power) [comm="stress_core"] ===
PID      power             
140370   24                

=== PID → cumulative energy (pid_to_consumption) [comm="stress_core"] ===
PID      energy            
140370   21465400000       

[H[JPolling energy-fair scheduler maps every 100 millisecond(s)...
Real time since poller start: 16.508863 s
Filter: comm "stress_core"
Maps shown: power consumption 

=== PID → power (EMA) (pid_to_power) [comm="stress_core"] ===
PID      power             
140370   21                

=== PID → cumulative energy (pid_to_consumption) [comm="stress_core"] ===
PID      energy            
140370   21719140000       

[H[JPolling energy-fair scheduler maps every 100 millisecond(s)...
Real time since poller start: 16.610931 s
Filter: comm "stress_core"
Maps shown: power consumption 

=== PID → power (EMA) (pid_to_power) [comm="stress_core"] ===
PID      power             
140370   27                

=== PID → cumulative energy (pid_to_consumption) [comm="stress_core"] ===
PID      energy            
140370   21941610000       

[H[JPolling energy-fair scheduler maps every 100 millisecond(s)...
Real time since poller start: 16.712981 s
Filter: comm "stress_core"
Maps shown: power consumption 

=== PID → power (EMA) (pid_to_power) [comm="stress_core"] ===
PID      power             
140370   17                

=== PID → cumulative energy (pid_to_consumption) [comm="stress_core"] ===
PID      energy            
140370   22154910000       

[H[JPolling energy-fair scheduler maps every 100 millisecond(s)...
Real time since poller start: 16.815028 s
Filter: comm "stress_core"
Maps shown: power consumption 

=== PID → power (EMA) (pid_to_power) [comm="stress_core"] ===
PID      power             
140370   26                

=== PID → cumulative energy (pid_to_consumption) [comm="stress_core"] ===
PID      energy            
140370   22392030000       

[H[JPolling energy-fair scheduler maps every 100 millisecond(s)...
Real time since poller start: 16.917078 s
Filter: comm "stress_core"
Maps shown: power consumption 

=== PID → power (EMA) (pid_to_power) [comm="stress_core"] ===
PID      power             
140370   20                

=== PID → cumulative energy (pid_to_consumption) [comm="stress_core"] ===
PID      energy            
140370   22717190000       

[H[JPolling energy-fair scheduler maps every 100 millisecond(s)...
Real time since poller start: 17.019121 s
Filter: comm "stress_core"
Maps shown: power consumption 

=== PID → power (EMA) (pid_to_power) [comm="stress_core"] ===
PID      power             
140370   14                

=== PID → cumulative energy (pid_to_consumption) [comm="stress_core"] ===
PID      energy            
140370   23001930000       

[H[JPolling energy-fair scheduler maps every 100 millisecond(s)...
Real time since poller start: 17.121162 s
Filter: comm "stress_core"
Maps shown: power consumption 

=== PID → power (EMA) (pid_to_power) [comm="stress_core"] ===
PID      power             
140370   37                

=== PID → cumulative energy (pid_to_consumption) [comm="stress_core"] ===
PID      energy            
140370   23326950000       

[H[JPolling energy-fair scheduler maps every 100 millisecond(s)...
Real time since poller start: 17.223200 s
Filter: comm "stress_core"
Maps shown: power consumption 

=== PID → power (EMA) (pid_to_power) [comm="stress_core"] ===
PID      power             
140370   30                

=== PID → cumulative energy (pid_to_consumption) [comm="stress_core"] ===
PID      energy            
140370   23779070000       

[H[JPolling energy-fair scheduler maps every 100 millisecond(s)...
Real time since poller start: 17.325230 s
Filter: comm "stress_core"
Maps shown: power consumption 

=== PID → power (EMA) (pid_to_power) [comm="stress_core"] ===
PID      power             
140370   38                

=== PID → cumulative energy (pid_to_consumption) [comm="stress_core"] ===
PID      energy            
140370   24116310000       

[H[JPolling energy-fair scheduler maps every 100 millisecond(s)...
Real time since poller start: 17.427261 s
Filter: comm "stress_core"
Maps shown: power consumption 

=== PID → power (EMA) (pid_to_power) [comm="stress_core"] ===
PID      power             
140370   20                

=== PID → cumulative energy (pid_to_consumption) [comm="stress_core"] ===
PID      energy            
140370   24437830000       

[H[JPolling energy-fair scheduler maps every 100 millisecond(s)...
Real time since poller start: 17.529314 s
Filter: comm "stress_core"
Maps shown: power consumption 

=== PID → power (EMA) (pid_to_power) [comm="stress_core"] ===
PID      power             
140370   39                

=== PID → cumulative energy (pid_to_consumption) [comm="stress_core"] ===
PID      energy            
140370   24774140000       

[H[JPolling energy-fair scheduler maps every 100 millisecond(s)...
Real time since poller start: 17.631430 s
Filter: comm "stress_core"
Maps shown: power consumption 

=== PID → power (EMA) (pid_to_power) [comm="stress_core"] ===
PID      power             
140370   19                

=== PID → cumulative energy (pid_to_consumption) [comm="stress_core"] ===
PID      energy            
140370   24966400000       

[H[JPolling energy-fair scheduler maps every 100 millisecond(s)...
Real time since poller start: 17.733539 s
Filter: comm "stress_core"
Maps shown: power consumption 

=== PID → power (EMA) (pid_to_power) [comm="stress_core"] ===
PID      power             
140370   22                

=== PID → cumulative energy (pid_to_consumption) [comm="stress_core"] ===
PID      energy            
140370   25237390000       

[H[JPolling energy-fair scheduler maps every 100 millisecond(s)...
Real time since poller start: 17.835626 s
Filter: comm "stress_core"
Maps shown: power consumption 

=== PID → power (EMA) (pid_to_power) [comm="stress_core"] ===
PID      power             
140370   25                

=== PID → cumulative energy (pid_to_consumption) [comm="stress_core"] ===
PID      energy            
140370   25505350000       

[H[JPolling energy-fair scheduler maps every 100 millisecond(s)...
Real time since poller start: 17.937731 s
Filter: comm "stress_core"
Maps shown: power consumption 

=== PID → power (EMA) (pid_to_power) [comm="stress_core"] ===
PID      power             
140370   26                

=== PID → cumulative energy (pid_to_consumption) [comm="stress_core"] ===
PID      energy            
140370   25830060000       

[H[JPolling energy-fair scheduler maps every 100 millisecond(s)...
Real time since poller start: 18.039824 s
Filter: comm "stress_core"
Maps shown: power consumption 

=== PID → power (EMA) (pid_to_power) [comm="stress_core"] ===
PID      power             
140370   25                

=== PID → cumulative energy (pid_to_consumption) [comm="stress_core"] ===
PID      energy            
140370   26140140000       

[H[JPolling energy-fair scheduler maps every 100 millisecond(s)...
Real time since poller start: 18.141921 s
Filter: comm "stress_core"
Maps shown: power consumption 

=== PID → power (EMA) (pid_to_power) [comm="stress_core"] ===
PID      power             
140370   38                

=== PID → cumulative energy (pid_to_consumption) [comm="stress_core"] ===
PID      energy            
140370   26491830000       

[H[JPolling energy-fair scheduler maps every 100 millisecond(s)...
Real time since poller start: 18.244029 s
Filter: comm "stress_core"
Maps shown: power consumption 

=== PID → power (EMA) (pid_to_power) [comm="stress_core"] ===
PID      power             
140370   24                

=== PID → cumulative energy (pid_to_consumption) [comm="stress_core"] ===
PID      energy            
140370   26751700000       

[H[JPolling energy-fair scheduler maps every 100 millisecond(s)...
Real time since poller start: 18.346130 s
Filter: comm "stress_core"
Maps shown: power consumption 

=== PID → power (EMA) (pid_to_power) [comm="stress_core"] ===
PID      power             
140370   27                

=== PID → cumulative energy (pid_to_consumption) [comm="stress_core"] ===
PID      energy            
140370   27091970000       

[H[JPolling energy-fair scheduler maps every 100 millisecond(s)...
Real time since poller start: 18.448239 s
Filter: comm "stress_core"
Maps shown: power consumption 

=== PID → power (EMA) (pid_to_power) [comm="stress_core"] ===
PID      power             
140370   34                

=== PID → cumulative energy (pid_to_consumption) [comm="stress_core"] ===
PID      energy            
140370   27340700000       

[H[JPolling energy-fair scheduler maps every 100 millisecond(s)...
Real time since poller start: 18.550352 s
Filter: comm "stress_core"
Maps shown: power consumption 

=== PID → power (EMA) (pid_to_power) [comm="stress_core"] ===
PID      power             
140370   34                

=== PID → cumulative energy (pid_to_consumption) [comm="stress_core"] ===
PID      energy            
140370   27340700000       

[H[JPolling energy-fair scheduler maps every 100 millisecond(s)...
Real time since poller start: 18.652447 s
Filter: comm "stress_core"
Maps shown: power consumption 

=== PID → power (EMA) (pid_to_power) [comm="stress_core"] ===
PID      power             
140370   34                

=== PID → cumulative energy (pid_to_consumption) [comm="stress_core"] ===
PID      energy            
140370   27340700000       

[H[JPolling energy-fair scheduler maps every 100 millisecond(s)...
Real time since poller start: 18.754542 s
Filter: comm "stress_core"
Maps shown: power consumption 

=== PID → power (EMA) (pid_to_power) [comm="stress_core"] ===
PID      power             
140370   34                

=== PID → cumulative energy (pid_to_consumption) [comm="stress_core"] ===
PID      energy            
140370   27340700000       

[H[JPolling energy-fair scheduler maps every 100 millisecond(s)...
Real time since poller start: 18.856697 s
Filter: comm "stress_core"
Maps shown: power consumption 

=== PID → power (EMA) (pid_to_power) [comm="stress_core"] ===
PID      power             
140370   34                

=== PID → cumulative energy (pid_to_consumption) [comm="stress_core"] ===
PID      energy            
140370   27340700000       

[H[JPolling energy-fair scheduler maps every 100 millisecond(s)...
Real time since poller start: 18.958814 s
Filter: comm "stress_core"
Maps shown: power consumption 

=== PID → power (EMA) (pid_to_power) [comm="stress_core"] ===
PID      power             
140370   34                

=== PID → cumulative energy (pid_to_consumption) [comm="stress_core"] ===
PID      energy            
140370   27340700000       

[H[JPolling energy-fair scheduler maps every 100 millisecond(s)...
Real time since poller start: 19.060951 s
Filter: comm "stress_core"
Maps shown: power consumption 

=== PID → power (EMA) (pid_to_power) [comm="stress_core"] ===
PID      power             
140370   34                

=== PID → cumulative energy (pid_to_consumption) [comm="stress_core"] ===
PID      energy            
140370   27340700000       

[H[JPolling energy-fair scheduler maps every 100 millisecond(s)...
Real time since poller start: 19.163079 s
Filter: comm "stress_core"
Maps shown: power consumption 

=== PID → power (EMA) (pid_to_power) [comm="stress_core"] ===
PID      power             
140370   34                

=== PID → cumulative energy (pid_to_consumption) [comm="stress_core"] ===
PID      energy            
140370   27340700000       

[H[JPolling energy-fair scheduler maps every 100 millisecond(s)...
Real time since poller start: 19.265195 s
Filter: comm "stress_core"
Maps shown: power consumption 

=== PID → power (EMA) (pid_to_power) [comm="stress_core"] ===
PID      power             
140370   34                

=== PID → cumulative energy (pid_to_consumption) [comm="stress_core"] ===
PID      energy            
140370   27340700000       

[H[JPolling energy-fair scheduler maps every 100 millisecond(s)...
Real time since poller start: 19.367306 s
Filter: comm "stress_core"
Maps shown: power consumption 

=== PID → power (EMA) (pid_to_power) [comm="stress_core"] ===
PID      power             
140370   34                

=== PID → cumulative energy (pid_to_consumption) [comm="stress_core"] ===
PID      energy            
140370   27340700000       

[H[JPolling energy-fair scheduler maps every 100 millisecond(s)...
Real time since poller start: 19.469416 s
Filter: comm "stress_core"
Maps shown: power consumption 

=== PID → power (EMA) (pid_to_power) [comm="stress_core"] ===
PID      power             
140370   34                

=== PID → cumulative energy (pid_to_consumption) [comm="stress_core"] ===
PID      energy            
140370   27340700000       

[H[JPolling energy-fair scheduler maps every 100 millisecond(s)...
Real time since poller start: 19.571531 s
Filter: comm "stress_core"
Maps shown: power consumption 

=== PID → power (EMA) (pid_to_power) [comm="stress_core"] ===
PID      power             
140370   34                

=== PID → cumulative energy (pid_to_consumption) [comm="stress_core"] ===
PID      energy            
140370   27340700000       

[H[JPolling energy-fair scheduler maps every 100 millisecond(s)...
Real time since poller start: 19.673627 s
Filter: comm "stress_core"
Maps shown: power consumption 

=== PID → power (EMA) (pid_to_power) [comm="stress_core"] ===
PID      power             
140370   34                

=== PID → cumulative energy (pid_to_consumption) [comm="stress_core"] ===
PID      energy            
140370   27340700000       

[H[JPolling energy-fair scheduler maps every 100 millisecond(s)...
Real time since poller start: 19.775742 s
Filter: comm "stress_core"
Maps shown: power consumption 

=== PID → power (EMA) (pid_to_power) [comm="stress_core"] ===
PID      power             
140370   34                

=== PID → cumulative energy (pid_to_consumption) [comm="stress_core"] ===
PID      energy            
140370   27340700000       

[H[JPolling energy-fair scheduler maps every 100 millisecond(s)...
Real time since poller start: 19.877857 s
Filter: comm "stress_core"
Maps shown: power consumption 

=== PID → power (EMA) (pid_to_power) [comm="stress_core"] ===
PID      power             
140370   34                

=== PID → cumulative energy (pid_to_consumption) [comm="stress_core"] ===
PID      energy            
140370   27340700000       

[H[JPolling energy-fair scheduler maps every 100 millisecond(s)...
Real time since poller start: 19.979974 s
Filter: comm "stress_core"
Maps shown: power consumption 

=== PID → power (EMA) (pid_to_power) [comm="stress_core"] ===
PID      power             
140370   34                

=== PID → cumulative energy (pid_to_consumption) [comm="stress_core"] ===
PID      energy            
140370   27340700000       

[H[JPolling energy-fair scheduler maps every 100 millisecond(s)...
Real time since poller start: 20.082082 s
Filter: comm "stress_core"
Maps shown: power consumption 

=== PID → power (EMA) (pid_to_power) [comm="stress_core"] ===
PID      power             
140370   34                

=== PID → cumulative energy (pid_to_consumption) [comm="stress_core"] ===
PID      energy            
140370   27340700000       

[H[JPolling energy-fair scheduler maps every 100 millisecond(s)...
Real time since poller start: 20.184193 s
Filter: comm "stress_core"
Maps shown: power consumption 

=== PID → power (EMA) (pid_to_power) [comm="stress_core"] ===
PID      power             
140370   34                

=== PID → cumulative energy (pid_to_consumption) [comm="stress_core"] ===
PID      energy            
140370   27340700000       

[H[JPolling energy-fair scheduler maps every 100 millisecond(s)...
Real time since poller start: 20.286319 s
Filter: comm "stress_core"
Maps shown: power consumption 

=== PID → power (EMA) (pid_to_power) [comm="stress_core"] ===
PID      power             
140370   34                

=== PID → cumulative energy (pid_to_consumption) [comm="stress_core"] ===
PID      energy            
140370   27340700000       

[H[JPolling energy-fair scheduler maps every 100 millisecond(s)...
Real time since poller start: 20.388448 s
Filter: comm "stress_core"
Maps shown: power consumption 

=== PID → power (EMA) (pid_to_power) [comm="stress_core"] ===
PID      power             
140370   34                

=== PID → cumulative energy (pid_to_consumption) [comm="stress_core"] ===
PID      energy            
140370   27340700000       

[H[JPolling energy-fair scheduler maps every 100 millisecond(s)...
Real time since poller start: 20.490577 s
Filter: comm "stress_core"
Maps shown: power consumption 

=== PID → power (EMA) (pid_to_power) [comm="stress_core"] ===
PID      power             
140370   34                

=== PID → cumulative energy (pid_to_consumption) [comm="stress_core"] ===
PID      energy            
140370   27340700000       

[H[JPolling energy-fair scheduler maps every 100 millisecond(s)...
Real time since poller start: 20.592702 s
Filter: comm "stress_core"
Maps shown: power consumption 

=== PID → power (EMA) (pid_to_power) [comm="stress_core"] ===
PID      power             
140370   34                

=== PID → cumulative energy (pid_to_consumption) [comm="stress_core"] ===
PID      energy            
140370   27340700000       

[H[JPolling energy-fair scheduler maps every 100 millisecond(s)...
Real time since poller start: 20.694812 s
Filter: comm "stress_core"
Maps shown: power consumption 

=== PID → power (EMA) (pid_to_power) [comm="stress_core"] ===
PID      power             
140370   34                

=== PID → cumulative energy (pid_to_consumption) [comm="stress_core"] ===
PID      energy            
140370   27340700000       

[H[JPolling energy-fair scheduler maps every 100 millisecond(s)...
Real time since poller start: 20.796932 s
Filter: comm "stress_core"
Maps shown: power consumption 

=== PID → power (EMA) (pid_to_power) [comm="stress_core"] ===
PID      power             
140370   34                

=== PID → cumulative energy (pid_to_consumption) [comm="stress_core"] ===
PID      energy            
140370   27340700000       

[H[JPolling energy-fair scheduler maps every 100 millisecond(s)...
Real time since poller start: 20.899022 s
Filter: comm "stress_core"
Maps shown: power consumption 

=== PID → power (EMA) (pid_to_power) [comm="stress_core"] ===
PID      power             
140370   34                

=== PID → cumulative energy (pid_to_consumption) [comm="stress_core"] ===
PID      energy            
140370   27340700000       

[H[JPolling energy-fair scheduler maps every 100 millisecond(s)...
Real time since poller start: 21.001083 s
Filter: comm "stress_core"
Maps shown: power consumption 

=== PID → power (EMA) (pid_to_power) [comm="stress_core"] ===
PID      power             
140370   34                

=== PID → cumulative energy (pid_to_consumption) [comm="stress_core"] ===
PID      energy            
140370   27340700000       

[H[JPolling energy-fair scheduler maps every 100 millisecond(s)...
Real time since poller start: 21.103140 s
Filter: comm "stress_core"
Maps shown: power consumption 

=== PID → power (EMA) (pid_to_power) [comm="stress_core"] ===
PID      power             
140370   34                

=== PID → cumulative energy (pid_to_consumption) [comm="stress_core"] ===
PID      energy            
140370   27340700000       

[H[JPolling energy-fair scheduler maps every 100 millisecond(s)...
Real time since poller start: 21.205182 s
Filter: comm "stress_core"
Maps shown: power consumption 

=== PID → power (EMA) (pid_to_power) [comm="stress_core"] ===
PID      power             
140370   34                

=== PID → cumulative energy (pid_to_consumption) [comm="stress_core"] ===
PID      energy            
140370   27340700000       

[H[JPolling energy-fair scheduler maps every 100 millisecond(s)...
Real time since poller start: 21.307234 s
Filter: comm "stress_core"
Maps shown: power consumption 

=== PID → power (EMA) (pid_to_power) [comm="stress_core"] ===
PID      power             
140370   34                

=== PID → cumulative energy (pid_to_consumption) [comm="stress_core"] ===
PID      energy            
140370   27340700000       

[H[JPolling energy-fair scheduler maps every 100 millisecond(s)...
Real time since poller start: 21.409302 s
Filter: comm "stress_core"
Maps shown: power consumption 

=== PID → power (EMA) (pid_to_power) [comm="stress_core"] ===
PID      power             
140370   34                

=== PID → cumulative energy (pid_to_consumption) [comm="stress_core"] ===
PID      energy            
140370   27340700000       

[H[JPolling energy-fair scheduler maps every 100 millisecond(s)...
Real time since poller start: 21.511376 s
Filter: comm "stress_core"
Maps shown: power consumption 

=== PID → power (EMA) (pid_to_power) [comm="stress_core"] ===
PID      power             
140370   34                

=== PID → cumulative energy (pid_to_consumption) [comm="stress_core"] ===
PID      energy            
140370   27340700000       

[H[JPolling energy-fair scheduler maps every 100 millisecond(s)...
Real time since poller start: 21.613455 s
Filter: comm "stress_core"
Maps shown: power consumption 

=== PID → power (EMA) (pid_to_power) [comm="stress_core"] ===
PID      power             
140370   34                

=== PID → cumulative energy (pid_to_consumption) [comm="stress_core"] ===
PID      energy            
140370   27340700000       

[H[JPolling energy-fair scheduler maps every 100 millisecond(s)...
Real time since poller start: 21.715530 s
Filter: comm "stress_core"
Maps shown: power consumption 

=== PID → power (EMA) (pid_to_power) [comm="stress_core"] ===
PID      power             
140370   34                

=== PID → cumulative energy (pid_to_consumption) [comm="stress_core"] ===
PID      energy            
140370   27340700000       

[H[JPolling energy-fair scheduler maps every 100 millisecond(s)...
Real time since poller start: 21.817584 s
Filter: comm "stress_core"
Maps shown: power consumption 

=== PID → power (EMA) (pid_to_power) [comm="stress_core"] ===
PID      power             
140370   34                

=== PID → cumulative energy (pid_to_consumption) [comm="stress_core"] ===
PID      energy            
140370   27340700000       

[H[JPolling energy-fair scheduler maps every 100 millisecond(s)...
Real time since poller start: 21.919647 s
Filter: comm "stress_core"
Maps shown: power consumption 

=== PID → power (EMA) (pid_to_power) [comm="stress_core"] ===
PID      power             
140370   34                

=== PID → cumulative energy (pid_to_consumption) [comm="stress_core"] ===
PID      energy            
140370   27340700000       

[H[JPolling energy-fair scheduler maps every 100 millisecond(s)...
Real time since poller start: 22.021703 s
Filter: comm "stress_core"
Maps shown: power consumption 

=== PID → power (EMA) (pid_to_power) [comm="stress_core"] ===
PID      power             
140370   34                

=== PID → cumulative energy (pid_to_consumption) [comm="stress_core"] ===
PID      energy            
140370   27340700000       

[H[JPolling energy-fair scheduler maps every 100 millisecond(s)...
Real time since poller start: 22.123762 s
Filter: comm "stress_core"
Maps shown: power consumption 

=== PID → power (EMA) (pid_to_power) [comm="stress_core"] ===
PID      power             
140370   34                

=== PID → cumulative energy (pid_to_consumption) [comm="stress_core"] ===
PID      energy            
140370   27340700000       

[H[JPolling energy-fair scheduler maps every 100 millisecond(s)...
Real time since poller start: 22.225843 s
Filter: comm "stress_core"
Maps shown: power consumption 

=== PID → power (EMA) (pid_to_power) [comm="stress_core"] ===
PID      power             
140370   34                

=== PID → cumulative energy (pid_to_consumption) [comm="stress_core"] ===
PID      energy            
140370   27340700000       

[H[JPolling energy-fair scheduler maps every 100 millisecond(s)...
Real time since poller start: 22.327960 s
Filter: comm "stress_core"
Maps shown: power consumption 

=== PID → power (EMA) (pid_to_power) [comm="stress_core"] ===
PID      power             
140370   34                

=== PID → cumulative energy (pid_to_consumption) [comm="stress_core"] ===
PID      energy            
140370   27340700000       

[H[JPolling energy-fair scheduler maps every 100 millisecond(s)...
Real time since poller start: 22.430053 s
Filter: comm "stress_core"
Maps shown: power consumption 

=== PID → power (EMA) (pid_to_power) [comm="stress_core"] ===
PID      power             
140370   34                

=== PID → cumulative energy (pid_to_consumption) [comm="stress_core"] ===
PID      energy            
140370   27340700000       

[H[JPolling energy-fair scheduler maps every 100 millisecond(s)...
Real time since poller start: 22.532142 s
Filter: comm "stress_core"
Maps shown: power consumption 

=== PID → power (EMA) (pid_to_power) [comm="stress_core"] ===
PID      power             
140370   34                

=== PID → cumulative energy (pid_to_consumption) [comm="stress_core"] ===
PID      energy            
140370   27340700000       

[H[JPolling energy-fair scheduler maps every 100 millisecond(s)...
Real time since poller start: 22.634231 s
Filter: comm "stress_core"
Maps shown: power consumption 

=== PID → power (EMA) (pid_to_power) [comm="stress_core"] ===
PID      power             
140370   34                

=== PID → cumulative energy (pid_to_consumption) [comm="stress_core"] ===
PID      energy            
140370   27340700000       

[H[JPolling energy-fair scheduler maps every 100 millisecond(s)...
Real time since poller start: 22.736369 s
Filter: comm "stress_core"
Maps shown: power consumption 

=== PID → power (EMA) (pid_to_power) [comm="stress_core"] ===
PID      power             
140370   34                

=== PID → cumulative energy (pid_to_consumption) [comm="stress_core"] ===
PID      energy            
140370   27340700000       

[H[JPolling energy-fair scheduler maps every 100 millisecond(s)...
Real time since poller start: 22.838465 s
Filter: comm "stress_core"
Maps shown: power consumption 

=== PID → power (EMA) (pid_to_power) [comm="stress_core"] ===
PID      power             
140370   34                

=== PID → cumulative energy (pid_to_consumption) [comm="stress_core"] ===
PID      energy            
140370   27340700000       

[H[JPolling energy-fair scheduler maps every 100 millisecond(s)...
Real time since poller start: 22.940561 s
Filter: comm "stress_core"
Maps shown: power consumption 

=== PID → power (EMA) (pid_to_power) [comm="stress_core"] ===
PID      power             
140370   34                

=== PID → cumulative energy (pid_to_consumption) [comm="stress_core"] ===
PID      energy            
140370   27340700000       

[H[JPolling energy-fair scheduler maps every 100 millisecond(s)...
Real time since poller start: 23.042637 s
Filter: comm "stress_core"
Maps shown: power consumption 

=== PID → power (EMA) (pid_to_power) [comm="stress_core"] ===
PID      power             
140370   34                

=== PID → cumulative energy (pid_to_consumption) [comm="stress_core"] ===
PID      energy            
140370   27340700000       

[H[JPolling energy-fair scheduler maps every 100 millisecond(s)...
Real time since poller start: 23.144710 s
Filter: comm "stress_core"
Maps shown: power consumption 

=== PID → power (EMA) (pid_to_power) [comm="stress_core"] ===
PID      power             
140370   34                

=== PID → cumulative energy (pid_to_consumption) [comm="stress_core"] ===
PID      energy            
140370   27340700000       

[H[JPolling energy-fair scheduler maps every 100 millisecond(s)...
Real time since poller start: 23.246780 s
Filter: comm "stress_core"
Maps shown: power consumption 

=== PID → power (EMA) (pid_to_power) [comm="stress_core"] ===
PID      power             
140370   34                

=== PID → cumulative energy (pid_to_consumption) [comm="stress_core"] ===
PID      energy            
140370   27340700000       

[H[JPolling energy-fair scheduler maps every 100 millisecond(s)...
Real time since poller start: 23.348862 s
Filter: comm "stress_core"
Maps shown: power consumption 

=== PID → power (EMA) (pid_to_power) [comm="stress_core"] ===
PID      power             
140370   34                

=== PID → cumulative energy (pid_to_consumption) [comm="stress_core"] ===
PID      energy            
140370   27340700000       

[H[JPolling energy-fair scheduler maps every 100 millisecond(s)...
Real time since poller start: 23.450935 s
Filter: comm "stress_core"
Maps shown: power consumption 

=== PID → power (EMA) (pid_to_power) [comm="stress_core"] ===
PID      power             
140370   39                

=== PID → cumulative energy (pid_to_consumption) [comm="stress_core"] ===
PID      energy            
140370   28513030000       

[H[JPolling energy-fair scheduler maps every 100 millisecond(s)...
Real time since poller start: 23.552993 s
Filter: comm "stress_core"
Maps shown: power consumption 

=== PID → power (EMA) (pid_to_power) [comm="stress_core"] ===
PID      power             
140370   32                

=== PID → cumulative energy (pid_to_consumption) [comm="stress_core"] ===
PID      energy            
140370   28861510000       

[H[JPolling energy-fair scheduler maps every 100 millisecond(s)...
Real time since poller start: 23.655068 s
Filter: comm "stress_core"
Maps shown: power consumption 

=== PID → power (EMA) (pid_to_power) [comm="stress_core"] ===
PID      power             
140370   44                

=== PID → cumulative energy (pid_to_consumption) [comm="stress_core"] ===
PID      energy            
140370   29234270000       

[H[JPolling energy-fair scheduler maps every 100 millisecond(s)...
Real time since poller start: 23.757135 s
Filter: comm "stress_core"
Maps shown: power consumption 

=== PID → power (EMA) (pid_to_power) [comm="stress_core"] ===
PID      power             
140370   24                

=== PID → cumulative energy (pid_to_consumption) [comm="stress_core"] ===
PID      energy            
140370   29612820000       

[H[JPolling energy-fair scheduler maps every 100 millisecond(s)...
Real time since poller start: 23.859256 s
Filter: comm "stress_core"
Maps shown: power consumption 

=== PID → power (EMA) (pid_to_power) [comm="stress_core"] ===
PID      power             
140370   28                

=== PID → cumulative energy (pid_to_consumption) [comm="stress_core"] ===
PID      energy            
140370   30113470000       

[H[JPolling energy-fair scheduler maps every 100 millisecond(s)...
Real time since poller start: 23.961337 s
Filter: comm "stress_core"
Maps shown: power consumption 

=== PID → power (EMA) (pid_to_power) [comm="stress_core"] ===
PID      power             
140370   31                

=== PID → cumulative energy (pid_to_consumption) [comm="stress_core"] ===
PID      energy            
140370   30420790000       

[H[JPolling energy-fair scheduler maps every 100 millisecond(s)...
Real time since poller start: 24.063416 s
Filter: comm "stress_core"
Maps shown: power consumption 

=== PID → power (EMA) (pid_to_power) [comm="stress_core"] ===
PID      power             
140370   26                

=== PID → cumulative energy (pid_to_consumption) [comm="stress_core"] ===
PID      energy            
140370   30686590000       

[H[JPolling energy-fair scheduler maps every 100 millisecond(s)...
Real time since poller start: 24.165529 s
Filter: comm "stress_core"
Maps shown: power consumption 

=== PID → power (EMA) (pid_to_power) [comm="stress_core"] ===
PID      power             
140370   25                

=== PID → cumulative energy (pid_to_consumption) [comm="stress_core"] ===
PID      energy            
140370   31034460000       

[H[JPolling energy-fair scheduler maps every 100 millisecond(s)...
Real time since poller start: 24.267661 s
Filter: comm "stress_core"
Maps shown: power consumption 

=== PID → power (EMA) (pid_to_power) [comm="stress_core"] ===
PID      power             
140370   25                

=== PID → cumulative energy (pid_to_consumption) [comm="stress_core"] ===
PID      energy            
140370   31313370000       

[H[JPolling energy-fair scheduler maps every 100 millisecond(s)...
Real time since poller start: 24.369771 s
Filter: comm "stress_core"
Maps shown: power consumption 

=== PID → power (EMA) (pid_to_power) [comm="stress_core"] ===
PID      power             
140370   26                

=== PID → cumulative energy (pid_to_consumption) [comm="stress_core"] ===
PID      energy            
140370   31650440000       

[H[JPolling energy-fair scheduler maps every 100 millisecond(s)...
Real time since poller start: 24.471910 s
Filter: comm "stress_core"
Maps shown: power consumption 

=== PID → power (EMA) (pid_to_power) [comm="stress_core"] ===
PID      power             
140370   30                

=== PID → cumulative energy (pid_to_consumption) [comm="stress_core"] ===
PID      energy            
140370   32142540000       

[H[JPolling energy-fair scheduler maps every 100 millisecond(s)...
Real time since poller start: 24.574088 s
Filter: comm "stress_core"
Maps shown: power consumption 

=== PID → power (EMA) (pid_to_power) [comm="stress_core"] ===
PID      power             
140370   25                

=== PID → cumulative energy (pid_to_consumption) [comm="stress_core"] ===
PID      energy            
140370   32673510000       

[H[JPolling energy-fair scheduler maps every 100 millisecond(s)...
Real time since poller start: 24.676319 s
Filter: comm "stress_core"
Maps shown: power consumption 

=== PID → power (EMA) (pid_to_power) [comm="stress_core"] ===
PID      power             
140370   22                

=== PID → cumulative energy (pid_to_consumption) [comm="stress_core"] ===
PID      energy            
140370   32968600000       

[H[JPolling energy-fair scheduler maps every 100 millisecond(s)...
Real time since poller start: 24.778513 s
Filter: comm "stress_core"
Maps shown: power consumption 

=== PID → power (EMA) (pid_to_power) [comm="stress_core"] ===
PID      power             
140370   26                

=== PID → cumulative energy (pid_to_consumption) [comm="stress_core"] ===
PID      energy            
140370   33395390000       

[H[JPolling energy-fair scheduler maps every 100 millisecond(s)...
Real time since poller start: 24.880706 s
Filter: comm "stress_core"
Maps shown: power consumption 

=== PID → power (EMA) (pid_to_power) [comm="stress_core"] ===
PID      power             
140370   40                

=== PID → cumulative energy (pid_to_consumption) [comm="stress_core"] ===
PID      energy            
140370   36894380000       

[H[JPolling energy-fair scheduler maps every 100 millisecond(s)...
Real time since poller start: 24.982900 s
Filter: comm "stress_core"
Maps shown: power consumption 

=== PID → power (EMA) (pid_to_power) [comm="stress_core"] ===
PID      power             
140370   39                

=== PID → cumulative energy (pid_to_consumption) [comm="stress_core"] ===
PID      energy            
140370   37452390000       

[H[JPolling energy-fair scheduler maps every 100 millisecond(s)...
Real time since poller start: 25.085094 s
Filter: comm "stress_core"
Maps shown: power consumption 

=== PID → power (EMA) (pid_to_power) [comm="stress_core"] ===
PID      power             
140370   47                

=== PID → cumulative energy (pid_to_consumption) [comm="stress_core"] ===
PID      energy            
140370   37934260000       

[H[JPolling energy-fair scheduler maps every 100 millisecond(s)...
Real time since poller start: 25.187275 s
Filter: comm "stress_core"
Maps shown: power consumption 

=== PID → power (EMA) (pid_to_power) [comm="stress_core"] ===
PID      power             
140370   26                

=== PID → cumulative energy (pid_to_consumption) [comm="stress_core"] ===
PID      energy            
140370   38287660000       

[H[JPolling energy-fair scheduler maps every 100 millisecond(s)...
Real time since poller start: 25.289433 s
Filter: comm "stress_core"
Maps shown: power consumption 

=== PID → power (EMA) (pid_to_power) [comm="stress_core"] ===
PID      power             
140370   35                

=== PID → cumulative energy (pid_to_consumption) [comm="stress_core"] ===
PID      energy            
140370   38641810000       

[H[JPolling energy-fair scheduler maps every 100 millisecond(s)...
Real time since poller start: 25.391578 s
Filter: comm "stress_core"
Maps shown: power consumption 

=== PID → power (EMA) (pid_to_power) [comm="stress_core"] ===
PID      power             
140370   25                

=== PID → cumulative energy (pid_to_consumption) [comm="stress_core"] ===
PID      energy            
140370   39047270000       

[H[JPolling energy-fair scheduler maps every 100 millisecond(s)...
Real time since poller start: 25.493729 s
Filter: comm "stress_core"
Maps shown: power consumption 

=== PID → power (EMA) (pid_to_power) [comm="stress_core"] ===
PID      power             
140370   41                

=== PID → cumulative energy (pid_to_consumption) [comm="stress_core"] ===
PID      energy            
140370   39462780000       

[H[JPolling energy-fair scheduler maps every 100 millisecond(s)...
Real time since poller start: 25.595887 s
Filter: comm "stress_core"
Maps shown: power consumption 

=== PID → power (EMA) (pid_to_power) [comm="stress_core"] ===
PID      power             
140370   22                

=== PID → cumulative energy (pid_to_consumption) [comm="stress_core"] ===
PID      energy            
140370   39800020000       

[H[JPolling energy-fair scheduler maps every 100 millisecond(s)...
Real time since poller start: 25.698063 s
Filter: comm "stress_core"
Maps shown: power consumption 

=== PID → power (EMA) (pid_to_power) [comm="stress_core"] ===
PID      power             
140370   45                

=== PID → cumulative energy (pid_to_consumption) [comm="stress_core"] ===
PID      energy            
140370   40290320000       

[H[JPolling energy-fair scheduler maps every 100 millisecond(s)...
Real time since poller start: 25.800216 s
Filter: comm "stress_core"
Maps shown: power consumption 

=== PID → power (EMA) (pid_to_power) [comm="stress_core"] ===
PID      power             
140370   32                

=== PID → cumulative energy (pid_to_consumption) [comm="stress_core"] ===
PID      energy            
140370   40954980000       

[H[JPolling energy-fair scheduler maps every 100 millisecond(s)...
Real time since poller start: 25.902376 s
Filter: comm "stress_core"
Maps shown: power consumption 

=== PID → power (EMA) (pid_to_power) [comm="stress_core"] ===
PID      power             
140370   24                

=== PID → cumulative energy (pid_to_consumption) [comm="stress_core"] ===
PID      energy            
140370   41228100000       

[H[JPolling energy-fair scheduler maps every 100 millisecond(s)...
Real time since poller start: 26.004553 s
Filter: comm "stress_core"
Maps shown: power consumption 

=== PID → power (EMA) (pid_to_power) [comm="stress_core"] ===
PID      power             
140370   29                

=== PID → cumulative energy (pid_to_consumption) [comm="stress_core"] ===
PID      energy            
140370   41543190000       

[H[JPolling energy-fair scheduler maps every 100 millisecond(s)...
Real time since poller start: 26.106708 s
Filter: comm "stress_core"
Maps shown: power consumption 

=== PID → power (EMA) (pid_to_power) [comm="stress_core"] ===
PID      power             
140370   30                

=== PID → cumulative energy (pid_to_consumption) [comm="stress_core"] ===
PID      energy            
140370   42263560000       

[H[JPolling energy-fair scheduler maps every 100 millisecond(s)...
Real time since poller start: 26.208874 s
Filter: comm "stress_core"
Maps shown: power consumption 

=== PID → power (EMA) (pid_to_power) [comm="stress_core"] ===
PID      power             
140370   28                

=== PID → cumulative energy (pid_to_consumption) [comm="stress_core"] ===
PID      energy            
140370   42752330000       

[H[JPolling energy-fair scheduler maps every 100 millisecond(s)...
Real time since poller start: 26.311040 s
Filter: comm "stress_core"
Maps shown: power consumption 

=== PID → power (EMA) (pid_to_power) [comm="stress_core"] ===
PID      power             
140370   44                

=== PID → cumulative energy (pid_to_consumption) [comm="stress_core"] ===
PID      energy            
140370   43222270000       

[H[JPolling energy-fair scheduler maps every 100 millisecond(s)...
Real time since poller start: 26.413189 s
Filter: comm "stress_core"
Maps shown: power consumption 

=== PID → power (EMA) (pid_to_power) [comm="stress_core"] ===
PID      power             
140370   23                

=== PID → cumulative energy (pid_to_consumption) [comm="stress_core"] ===
PID      energy            
140370   43731280000       

[H[JPolling energy-fair scheduler maps every 100 millisecond(s)...
Real time since poller start: 26.515377 s
Filter: comm "stress_core"
Maps shown: power consumption 

=== PID → power (EMA) (pid_to_power) [comm="stress_core"] ===
PID      power             
140370   40                

=== PID → cumulative energy (pid_to_consumption) [comm="stress_core"] ===
PID      energy            
140370   44154420000       

[H[JPolling energy-fair scheduler maps every 100 millisecond(s)...
Real time since poller start: 26.617558 s
Filter: comm "stress_core"
Maps shown: power consumption 

=== PID → power (EMA) (pid_to_power) [comm="stress_core"] ===
PID      power             
140370   36                

=== PID → cumulative energy (pid_to_consumption) [comm="stress_core"] ===
PID      energy            
140370   44677330000       

[H[JPolling energy-fair scheduler maps every 100 millisecond(s)...
Real time since poller start: 26.719747 s
Filter: comm "stress_core"
Maps shown: power consumption 

=== PID → power (EMA) (pid_to_power) [comm="stress_core"] ===
PID      power             
140370   26                

=== PID → cumulative energy (pid_to_consumption) [comm="stress_core"] ===
PID      energy            
140370   45087650000       

[H[JPolling energy-fair scheduler maps every 100 millisecond(s)...
Real time since poller start: 26.821926 s
Filter: comm "stress_core"
Maps shown: power consumption 

=== PID → power (EMA) (pid_to_power) [comm="stress_core"] ===
PID      power             
140370   28                

=== PID → cumulative energy (pid_to_consumption) [comm="stress_core"] ===
PID      energy            
140370   45535960000       

[H[JPolling energy-fair scheduler maps every 100 millisecond(s)...
Real time since poller start: 26.924124 s
Filter: comm "stress_core"
Maps shown: power consumption 

=== PID → power (EMA) (pid_to_power) [comm="stress_core"] ===
PID      power             
140370   23                

=== PID → cumulative energy (pid_to_consumption) [comm="stress_core"] ===
PID      energy            
140370   46053370000       

[H[JPolling energy-fair scheduler maps every 100 millisecond(s)...
Real time since poller start: 27.026324 s
Filter: comm "stress_core"
Maps shown: power consumption 

=== PID → power (EMA) (pid_to_power) [comm="stress_core"] ===
PID      power             
140370   27                

=== PID → cumulative energy (pid_to_consumption) [comm="stress_core"] ===
PID      energy            
140370   46528990000       

[H[JPolling energy-fair scheduler maps every 100 millisecond(s)...
Real time since poller start: 27.128528 s
Filter: comm "stress_core"
Maps shown: power consumption 

=== PID → power (EMA) (pid_to_power) [comm="stress_core"] ===
PID      power             
140370   27                

=== PID → cumulative energy (pid_to_consumption) [comm="stress_core"] ===
PID      energy            
140370   46798940000       

[H[JPolling energy-fair scheduler maps every 100 millisecond(s)...
Real time since poller start: 27.230732 s
Filter: comm "stress_core"
Maps shown: power consumption 

=== PID → power (EMA) (pid_to_power) [comm="stress_core"] ===
PID      power             
140370   43                

=== PID → cumulative energy (pid_to_consumption) [comm="stress_core"] ===
PID      energy            
140370   47095410000       

[H[JPolling energy-fair scheduler maps every 100 millisecond(s)...
Real time since poller start: 27.332919 s
Filter: comm "stress_core"
Maps shown: power consumption 

=== PID → power (EMA) (pid_to_power) [comm="stress_core"] ===
PID      power             
140370   31                

=== PID → cumulative energy (pid_to_consumption) [comm="stress_core"] ===
PID      energy            
140370   47547830000       

[H[JPolling energy-fair scheduler maps every 100 millisecond(s)...
Real time since poller start: 27.435098 s
Filter: comm "stress_core"
Maps shown: power consumption 

=== PID → power (EMA) (pid_to_power) [comm="stress_core"] ===
PID      power             
140370   39                

=== PID → cumulative energy (pid_to_consumption) [comm="stress_core"] ===
PID      energy            
140370   48136640000       

[H[JPolling energy-fair scheduler maps every 100 millisecond(s)...
Real time since poller start: 27.537298 s
Filter: comm "stress_core"
Maps shown: power consumption 

=== PID → power (EMA) (pid_to_power) [comm="stress_core"] ===
PID      power             
140370   31                

=== PID → cumulative energy (pid_to_consumption) [comm="stress_core"] ===
PID      energy            
140370   48515040000       

[H[JPolling energy-fair scheduler maps every 100 millisecond(s)...
Real time since poller start: 27.639497 s
Filter: comm "stress_core"
Maps shown: power consumption 

=== PID → power (EMA) (pid_to_power) [comm="stress_core"] ===
PID      power             
140370   31                

=== PID → cumulative energy (pid_to_consumption) [comm="stress_core"] ===
PID      energy            
140370   48857320000       

[H[JPolling energy-fair scheduler maps every 100 millisecond(s)...
Real time since poller start: 27.741694 s
Filter: comm "stress_core"
Maps shown: power consumption 

=== PID → power (EMA) (pid_to_power) [comm="stress_core"] ===
PID      power             
140370   26                

=== PID → cumulative energy (pid_to_consumption) [comm="stress_core"] ===
PID      energy            
140370   49190250000       

[H[JPolling energy-fair scheduler maps every 100 millisecond(s)...
Real time since poller start: 27.843885 s
Filter: comm "stress_core"
Maps shown: power consumption 

=== PID → power (EMA) (pid_to_power) [comm="stress_core"] ===
PID      power             
140370   32                

=== PID → cumulative energy (pid_to_consumption) [comm="stress_core"] ===
PID      energy            
140370   49655180000       

[H[JPolling energy-fair scheduler maps every 100 millisecond(s)...
Real time since poller start: 27.946091 s
Filter: comm "stress_core"
Maps shown: power consumption 

=== PID → power (EMA) (pid_to_power) [comm="stress_core"] ===
PID      power             
140370   30                

=== PID → cumulative energy (pid_to_consumption) [comm="stress_core"] ===
PID      energy            
140370   50021090000       

[H[JPolling energy-fair scheduler maps every 100 millisecond(s)...
Real time since poller start: 28.048283 s
Filter: comm "stress_core"
Maps shown: power consumption 

=== PID → power (EMA) (pid_to_power) [comm="stress_core"] ===
PID      power             
140370   28                

=== PID → cumulative energy (pid_to_consumption) [comm="stress_core"] ===
PID      energy            
140370   50618910000       

[H[JPolling energy-fair scheduler maps every 100 millisecond(s)...
Real time since poller start: 28.150479 s
Filter: comm "stress_core"
Maps shown: power consumption 

=== PID → power (EMA) (pid_to_power) [comm="stress_core"] ===
PID      power             
140370   38                

=== PID → cumulative energy (pid_to_consumption) [comm="stress_core"] ===
PID      energy            
140370   50959180000       

[H[JPolling energy-fair scheduler maps every 100 millisecond(s)...
Real time since poller start: 28.252680 s
Filter: comm "stress_core"
Maps shown: power consumption 

=== PID → power (EMA) (pid_to_power) [comm="stress_core"] ===
PID      power             
140370   32                

=== PID → cumulative energy (pid_to_consumption) [comm="stress_core"] ===
PID      energy            
140370   51327060000       

[H[JPolling energy-fair scheduler maps every 100 millisecond(s)...
Real time since poller start: 28.354908 s
Filter: comm "stress_core"
Maps shown: power consumption 

=== PID → power (EMA) (pid_to_power) [comm="stress_core"] ===
PID      power             
140370   27                

=== PID → cumulative energy (pid_to_consumption) [comm="stress_core"] ===
PID      energy            
140370   51797000000       

[H[JPolling energy-fair scheduler maps every 100 millisecond(s)...
Real time since poller start: 28.457136 s
Filter: comm "stress_core"
Maps shown: power consumption 

=== PID → power (EMA) (pid_to_power) [comm="stress_core"] ===
PID      power             
140370   27                

=== PID → cumulative energy (pid_to_consumption) [comm="stress_core"] ===
PID      energy            
140370   52047710000       

[H[JPolling energy-fair scheduler maps every 100 millisecond(s)...
Real time since poller start: 28.559365 s
Filter: comm "stress_core"
Maps shown: power consumption 

=== PID → power (EMA) (pid_to_power) [comm="stress_core"] ===
PID      power             
140370   27                

=== PID → cumulative energy (pid_to_consumption) [comm="stress_core"] ===
PID      energy            
140370   52047710000       

[H[JPolling energy-fair scheduler maps every 100 millisecond(s)...
Real time since poller start: 28.661566 s
Filter: comm "stress_core"
Maps shown: power consumption 

=== PID → power (EMA) (pid_to_power) [comm="stress_core"] ===
PID      power             
140370   27                

=== PID → cumulative energy (pid_to_consumption) [comm="stress_core"] ===
PID      energy            
140370   52047710000       

[H[JPolling energy-fair scheduler maps every 100 millisecond(s)...
Real time since poller start: 28.763778 s
Filter: comm "stress_core"
Maps shown: power consumption 

=== PID → power (EMA) (pid_to_power) [comm="stress_core"] ===
PID      power             
140370   27                

=== PID → cumulative energy (pid_to_consumption) [comm="stress_core"] ===
PID      energy            
140370   52047710000       

[H[JPolling energy-fair scheduler maps every 100 millisecond(s)...
Real time since poller start: 28.865975 s
Filter: comm "stress_core"
Maps shown: power consumption 

=== PID → power (EMA) (pid_to_power) [comm="stress_core"] ===
PID      power             
140370   27                

=== PID → cumulative energy (pid_to_consumption) [comm="stress_core"] ===
PID      energy            
140370   52047710000       

[H[JPolling energy-fair scheduler maps every 100 millisecond(s)...
Real time since poller start: 28.968184 s
Filter: comm "stress_core"
Maps shown: power consumption 

=== PID → power (EMA) (pid_to_power) [comm="stress_core"] ===
PID      power             
140370   27                

=== PID → cumulative energy (pid_to_consumption) [comm="stress_core"] ===
PID      energy            
140370   52047710000       

[H[JPolling energy-fair scheduler maps every 100 millisecond(s)...
Real time since poller start: 29.070388 s
Filter: comm "stress_core"
Maps shown: power consumption 

=== PID → power (EMA) (pid_to_power) [comm="stress_core"] ===
PID      power             
140370   27                

=== PID → cumulative energy (pid_to_consumption) [comm="stress_core"] ===
PID      energy            
140370   52047710000       

[H[JPolling energy-fair scheduler maps every 100 millisecond(s)...
Real time since poller start: 29.172595 s
Filter: comm "stress_core"
Maps shown: power consumption 

=== PID → power (EMA) (pid_to_power) [comm="stress_core"] ===
PID      power             
140370   27                

=== PID → cumulative energy (pid_to_consumption) [comm="stress_core"] ===
PID      energy            
140370   52047710000       

[H[JPolling energy-fair scheduler maps every 100 millisecond(s)...
Real time since poller start: 29.274800 s
Filter: comm "stress_core"
Maps shown: power consumption 

=== PID → power (EMA) (pid_to_power) [comm="stress_core"] ===
PID      power             
140370   27                

=== PID → cumulative energy (pid_to_consumption) [comm="stress_core"] ===
PID      energy            
140370   52047710000       

[H[JPolling energy-fair scheduler maps every 100 millisecond(s)...
Real time since poller start: 29.377005 s
Filter: comm "stress_core"
Maps shown: power consumption 

=== PID → power (EMA) (pid_to_power) [comm="stress_core"] ===
PID      power             
140370   27                

=== PID → cumulative energy (pid_to_consumption) [comm="stress_core"] ===
PID      energy            
140370   52047710000       

[H[JPolling energy-fair scheduler maps every 100 millisecond(s)...
Real time since poller start: 29.479240 s
Filter: comm "stress_core"
Maps shown: power consumption 

=== PID → power (EMA) (pid_to_power) [comm="stress_core"] ===
PID      power             
140370   27                

=== PID → cumulative energy (pid_to_consumption) [comm="stress_core"] ===
PID      energy            
140370   52047710000       

[H[JPolling energy-fair scheduler maps every 100 millisecond(s)...
Real time since poller start: 29.581456 s
Filter: comm "stress_core"
Maps shown: power consumption 

=== PID → power (EMA) (pid_to_power) [comm="stress_core"] ===
PID      power             
140370   27                

=== PID → cumulative energy (pid_to_consumption) [comm="stress_core"] ===
PID      energy            
140370   52047710000       

[H[JPolling energy-fair scheduler maps every 100 millisecond(s)...
Real time since poller start: 29.683665 s
Filter: comm "stress_core"
Maps shown: power consumption 

=== PID → power (EMA) (pid_to_power) [comm="stress_core"] ===
PID      power             
140370   27                

=== PID → cumulative energy (pid_to_consumption) [comm="stress_core"] ===
PID      energy            
140370   52047710000       

[H[JPolling energy-fair scheduler maps every 100 millisecond(s)...
Real time since poller start: 29.785863 s
Filter: comm "stress_core"
Maps shown: power consumption 

=== PID → power (EMA) (pid_to_power) [comm="stress_core"] ===
PID      power             
140370   27                

=== PID → cumulative energy (pid_to_consumption) [comm="stress_core"] ===
PID      energy            
140370   52047710000       

[H[JPolling energy-fair scheduler maps every 100 millisecond(s)...
Real time since poller start: 29.888068 s
Filter: comm "stress_core"
Maps shown: power consumption 

=== PID → power (EMA) (pid_to_power) [comm="stress_core"] ===
PID      power             
140370   27                

=== PID → cumulative energy (pid_to_consumption) [comm="stress_core"] ===
PID      energy            
140370   52047710000       

[H[JPolling energy-fair scheduler maps every 100 millisecond(s)...
Real time since poller start: 29.990277 s
Filter: comm "stress_core"
Maps shown: power consumption 

=== PID → power (EMA) (pid_to_power) [comm="stress_core"] ===
PID      power             
140370   27                

=== PID → cumulative energy (pid_to_consumption) [comm="stress_core"] ===
PID      energy            
140370   52047710000       

[H[JPolling energy-fair scheduler maps every 100 millisecond(s)...
Real time since poller start: 30.092486 s
Filter: comm "stress_core"
Maps shown: power consumption 

=== PID → power (EMA) (pid_to_power) [comm="stress_core"] ===
PID      power             
140370   27                

=== PID → cumulative energy (pid_to_consumption) [comm="stress_core"] ===
PID      energy            
140370   52047710000       

[H[JPolling energy-fair scheduler maps every 100 millisecond(s)...
Real time since poller start: 30.194698 s
Filter: comm "stress_core"
Maps shown: power consumption 

=== PID → power (EMA) (pid_to_power) [comm="stress_core"] ===
PID      power             
140370   27                

=== PID → cumulative energy (pid_to_consumption) [comm="stress_core"] ===
PID      energy            
140370   52047710000       

[H[JPolling energy-fair scheduler maps every 100 millisecond(s)...
Real time since poller start: 30.296925 s
Filter: comm "stress_core"
Maps shown: power consumption 

=== PID → power (EMA) (pid_to_power) [comm="stress_core"] ===
PID      power             
140370   27                

=== PID → cumulative energy (pid_to_consumption) [comm="stress_core"] ===
PID      energy            
140370   52047710000       

[H[JPolling energy-fair scheduler maps every 100 millisecond(s)...
Real time since poller start: 30.399139 s
Filter: comm "stress_core"
Maps shown: power consumption 

=== PID → power (EMA) (pid_to_power) [comm="stress_core"] ===
PID      power             
140370   27                

=== PID → cumulative energy (pid_to_consumption) [comm="stress_core"] ===
PID      energy            
140370   52047710000       

[H[JPolling energy-fair scheduler maps every 100 millisecond(s)...
Real time since poller start: 30.501353 s
Filter: comm "stress_core"
Maps shown: power consumption 

=== PID → power (EMA) (pid_to_power) [comm="stress_core"] ===
PID      power             
140370   27                

=== PID → cumulative energy (pid_to_consumption) [comm="stress_core"] ===
PID      energy            
140370   52047710000       

[H[JPolling energy-fair scheduler maps every 100 millisecond(s)...
Real time since poller start: 30.603560 s
Filter: comm "stress_core"
Maps shown: power consumption 

=== PID → power (EMA) (pid_to_power) [comm="stress_core"] ===
PID      power             
140370   27                

=== PID → cumulative energy (pid_to_consumption) [comm="stress_core"] ===
PID      energy            
140370   52047710000       

[H[JPolling energy-fair scheduler maps every 100 millisecond(s)...
Real time since poller start: 30.705800 s
Filter: comm "stress_core"
Maps shown: power consumption 

=== PID → power (EMA) (pid_to_power) [comm="stress_core"] ===
PID      power             
140370   27                

=== PID → cumulative energy (pid_to_consumption) [comm="stress_core"] ===
PID      energy            
140370   52047710000       

[H[JPolling energy-fair scheduler maps every 100 millisecond(s)...
Real time since poller start: 30.808026 s
Filter: comm "stress_core"
Maps shown: power consumption 

=== PID → power (EMA) (pid_to_power) [comm="stress_core"] ===
PID      power             
140370   27                

=== PID → cumulative energy (pid_to_consumption) [comm="stress_core"] ===
PID      energy            
140370   52047710000       

[H[JPolling energy-fair scheduler maps every 100 millisecond(s)...
Real time since poller start: 30.910237 s
Filter: comm "stress_core"
Maps shown: power consumption 

=== PID → power (EMA) (pid_to_power) [comm="stress_core"] ===
PID      power             
140370   27                

=== PID → cumulative energy (pid_to_consumption) [comm="stress_core"] ===
PID      energy            
140370   52047710000       

[H[JPolling energy-fair scheduler maps every 100 millisecond(s)...
Real time since poller start: 31.012457 s
Filter: comm "stress_core"
Maps shown: power consumption 

=== PID → power (EMA) (pid_to_power) [comm="stress_core"] ===
PID      power             
140370   27                

=== PID → cumulative energy (pid_to_consumption) [comm="stress_core"] ===
PID      energy            
140370   52047710000       

[H[JPolling energy-fair scheduler maps every 100 millisecond(s)...
Real time since poller start: 31.114682 s
Filter: comm "stress_core"
Maps shown: power consumption 

=== PID → power (EMA) (pid_to_power) [comm="stress_core"] ===
PID      power             
140370   27                

=== PID → cumulative energy (pid_to_consumption) [comm="stress_core"] ===
PID      energy            
140370   52047710000       

[H[JPolling energy-fair scheduler maps every 100 millisecond(s)...
Real time since poller start: 31.216916 s
Filter: comm "stress_core"
Maps shown: power consumption 

=== PID → power (EMA) (pid_to_power) [comm="stress_core"] ===
PID      power             
140370   27                

=== PID → cumulative energy (pid_to_consumption) [comm="stress_core"] ===
PID      energy            
140370   52047710000       

[H[JPolling energy-fair scheduler maps every 100 millisecond(s)...
Real time since poller start: 31.319151 s
Filter: comm "stress_core"
Maps shown: power consumption 

=== PID → power (EMA) (pid_to_power) [comm="stress_core"] ===
PID      power             
140370   27                

=== PID → cumulative energy (pid_to_consumption) [comm="stress_core"] ===
PID      energy            
140370   52047710000       

[H[JPolling energy-fair scheduler maps every 100 millisecond(s)...
Real time since poller start: 31.421384 s
Filter: comm "stress_core"
Maps shown: power consumption 

=== PID → power (EMA) (pid_to_power) [comm="stress_core"] ===
PID      power             
140370   27                

=== PID → cumulative energy (pid_to_consumption) [comm="stress_core"] ===
PID      energy            
140370   52047710000       

[H[JPolling energy-fair scheduler maps every 100 millisecond(s)...
Real time since poller start: 31.523632 s
Filter: comm "stress_core"
Maps shown: power consumption 

=== PID → power (EMA) (pid_to_power) [comm="stress_core"] ===
PID      power             
140370   27                

=== PID → cumulative energy (pid_to_consumption) [comm="stress_core"] ===
PID      energy            
140370   52047710000       

[H[JPolling energy-fair scheduler maps every 100 millisecond(s)...
Real time since poller start: 31.625872 s
Filter: comm "stress_core"
Maps shown: power consumption 

=== PID → power (EMA) (pid_to_power) [comm="stress_core"] ===
PID      power             
140370   27                

=== PID → cumulative energy (pid_to_consumption) [comm="stress_core"] ===
PID      energy            
140370   52047710000       

[H[JPolling energy-fair scheduler maps every 100 millisecond(s)...
Real time since poller start: 31.728130 s
Filter: comm "stress_core"
Maps shown: power consumption 

=== PID → power (EMA) (pid_to_power) [comm="stress_core"] ===
PID      power             
140370   27                

=== PID → cumulative energy (pid_to_consumption) [comm="stress_core"] ===
PID      energy            
140370   52047710000       

[H[JPolling energy-fair scheduler maps every 100 millisecond(s)...
Real time since poller start: 31.830367 s
Filter: comm "stress_core"
Maps shown: power consumption 

=== PID → power (EMA) (pid_to_power) [comm="stress_core"] ===
PID      power             
140370   27                

=== PID → cumulative energy (pid_to_consumption) [comm="stress_core"] ===
PID      energy            
140370   52047710000       

[H[JPolling energy-fair scheduler maps every 100 millisecond(s)...
Real time since poller start: 31.932602 s
Filter: comm "stress_core"
Maps shown: power consumption 

=== PID → power (EMA) (pid_to_power) [comm="stress_core"] ===
PID      power             
140370   27                

=== PID → cumulative energy (pid_to_consumption) [comm="stress_core"] ===
PID      energy            
140370   52047710000       

[H[JPolling energy-fair scheduler maps every 100 millisecond(s)...
Real time since poller start: 32.034839 s
Filter: comm "stress_core"
Maps shown: power consumption 

=== PID → power (EMA) (pid_to_power) [comm="stress_core"] ===
PID      power             
140370   27                

=== PID → cumulative energy (pid_to_consumption) [comm="stress_core"] ===
PID      energy            
140370   52047710000       

[H[JPolling energy-fair scheduler maps every 100 millisecond(s)...
Real time since poller start: 32.137071 s
Filter: comm "stress_core"
Maps shown: power consumption 

=== PID → power (EMA) (pid_to_power) [comm="stress_core"] ===
PID      power             
140370   27                

=== PID → cumulative energy (pid_to_consumption) [comm="stress_core"] ===
PID      energy            
140370   52047710000       

[H[JPolling energy-fair scheduler maps every 100 millisecond(s)...
Real time since poller start: 32.239310 s
Filter: comm "stress_core"
Maps shown: power consumption 

=== PID → power (EMA) (pid_to_power) [comm="stress_core"] ===
PID      power             
140370   27                

=== PID → cumulative energy (pid_to_consumption) [comm="stress_core"] ===
PID      energy            
140370   52047710000       

[H[JPolling energy-fair scheduler maps every 100 millisecond(s)...
Real time since poller start: 32.341535 s
Filter: comm "stress_core"
Maps shown: power consumption 

=== PID → power (EMA) (pid_to_power) [comm="stress_core"] ===
PID      power             
140370   27                

=== PID → cumulative energy (pid_to_consumption) [comm="stress_core"] ===
PID      energy            
140370   52047710000       

[H[JPolling energy-fair scheduler maps every 100 millisecond(s)...
Real time since poller start: 32.443751 s
Filter: comm "stress_core"
Maps shown: power consumption 

=== PID → power (EMA) (pid_to_power) [comm="stress_core"] ===
PID      power             
140370   27                

=== PID → cumulative energy (pid_to_consumption) [comm="stress_core"] ===
PID      energy            
140370   52047710000       

[H[JPolling energy-fair scheduler maps every 100 millisecond(s)...
Real time since poller start: 32.545993 s
Filter: comm "stress_core"
Maps shown: power consumption 

=== PID → power (EMA) (pid_to_power) [comm="stress_core"] ===
PID      power             
140370   27                

=== PID → cumulative energy (pid_to_consumption) [comm="stress_core"] ===
PID      energy            
140370   52047710000       

[H[JPolling energy-fair scheduler maps every 100 millisecond(s)...
Real time since poller start: 32.648222 s
Filter: comm "stress_core"
Maps shown: power consumption 

=== PID → power (EMA) (pid_to_power) [comm="stress_core"] ===
PID      power             
140370   27                

=== PID → cumulative energy (pid_to_consumption) [comm="stress_core"] ===
PID      energy            
140370   52047710000       

[H[JPolling energy-fair scheduler maps every 100 millisecond(s)...
Real time since poller start: 32.750466 s
Filter: comm "stress_core"
Maps shown: power consumption 

=== PID → power (EMA) (pid_to_power) [comm="stress_core"] ===
PID      power             
140370   27                

=== PID → cumulative energy (pid_to_consumption) [comm="stress_core"] ===
PID      energy            
140370   52047710000       

[H[JPolling energy-fair scheduler maps every 100 millisecond(s)...
Real time since poller start: 32.852694 s
Filter: comm "stress_core"
Maps shown: power consumption 

=== PID → power (EMA) (pid_to_power) [comm="stress_core"] ===
PID      power             
140370   27                

=== PID → cumulative energy (pid_to_consumption) [comm="stress_core"] ===
PID      energy            
140370   52047710000       

[H[JPolling energy-fair scheduler maps every 100 millisecond(s)...
Real time since poller start: 32.954918 s
Filter: comm "stress_core"
Maps shown: power consumption 

=== PID → power (EMA) (pid_to_power) [comm="stress_core"] ===
PID      power             
140370   27                

=== PID → cumulative energy (pid_to_consumption) [comm="stress_core"] ===
PID      energy            
140370   52047710000       

[H[JPolling energy-fair scheduler maps every 100 millisecond(s)...
Real time since poller start: 33.057165 s
Filter: comm "stress_core"
Maps shown: power consumption 

=== PID → power (EMA) (pid_to_power) [comm="stress_core"] ===
PID      power             
140370   27                

=== PID → cumulative energy (pid_to_consumption) [comm="stress_core"] ===
PID      energy            
140370   52047710000       

[H[JPolling energy-fair scheduler maps every 100 millisecond(s)...
Real time since poller start: 33.159392 s
Filter: comm "stress_core"
Maps shown: power consumption 

=== PID → power (EMA) (pid_to_power) [comm="stress_core"] ===
PID      power             
140370   27                

=== PID → cumulative energy (pid_to_consumption) [comm="stress_core"] ===
PID      energy            
140370   52047710000       

[H[JPolling energy-fair scheduler maps every 100 millisecond(s)...
Real time since poller start: 33.261629 s
Filter: comm "stress_core"
Maps shown: power consumption 

=== PID → power (EMA) (pid_to_power) [comm="stress_core"] ===
PID      power             
140370   27                

=== PID → cumulative energy (pid_to_consumption) [comm="stress_core"] ===
PID      energy            
140370   52047710000       

[H[JPolling energy-fair scheduler maps every 100 millisecond(s)...
Real time since poller start: 33.363870 s
Filter: comm "stress_core"
Maps shown: power consumption 

=== PID → power (EMA) (pid_to_power) [comm="stress_core"] ===
PID      power             
140370   27                

=== PID → cumulative energy (pid_to_consumption) [comm="stress_core"] ===
PID      energy            
140370   52047710000       

[H[JPolling energy-fair scheduler maps every 100 millisecond(s)...
Real time since poller start: 33.466115 s
Filter: comm "stress_core"
Maps shown: power consumption 

=== PID → power (EMA) (pid_to_power) [comm="stress_core"] ===
PID      power             
140370   37                

=== PID → cumulative energy (pid_to_consumption) [comm="stress_core"] ===
PID      energy            
140370   53337090000       

[H[JPolling energy-fair scheduler maps every 100 millisecond(s)...
Real time since poller start: 33.568376 s
Filter: comm "stress_core"
Maps shown: power consumption 

=== PID → power (EMA) (pid_to_power) [comm="stress_core"] ===
PID      power             
140370   38                

=== PID → cumulative energy (pid_to_consumption) [comm="stress_core"] ===
PID      energy            
140370   53808120000       

[H[JPolling energy-fair scheduler maps every 100 millisecond(s)...
Real time since poller start: 33.670604 s
Filter: comm "stress_core"
Maps shown: power consumption 

=== PID → power (EMA) (pid_to_power) [comm="stress_core"] ===
PID      power             
140370   32                

=== PID → cumulative energy (pid_to_consumption) [comm="stress_core"] ===
PID      energy            
140370   54258710000       

[H[JPolling energy-fair scheduler maps every 100 millisecond(s)...
Real time since poller start: 33.772843 s
Filter: comm "stress_core"
Maps shown: power consumption 

=== PID → power (EMA) (pid_to_power) [comm="stress_core"] ===
PID      power             
140370   29                

=== PID → cumulative energy (pid_to_consumption) [comm="stress_core"] ===
PID      energy            
140370   54665490000       

[H[JPolling energy-fair scheduler maps every 100 millisecond(s)...
Real time since poller start: 33.875086 s
Filter: comm "stress_core"
Maps shown: power consumption 

=== PID → power (EMA) (pid_to_power) [comm="stress_core"] ===
PID      power             
140370   37                

=== PID → cumulative energy (pid_to_consumption) [comm="stress_core"] ===
PID      energy            
140370   55441670000       

[H[JPolling energy-fair scheduler maps every 100 millisecond(s)...
Real time since poller start: 33.977357 s
Filter: comm "stress_core"
Maps shown: power consumption 

=== PID → power (EMA) (pid_to_power) [comm="stress_core"] ===
PID      power             
140370   42                

=== PID → cumulative energy (pid_to_consumption) [comm="stress_core"] ===
PID      energy            
140370   55786360000       

[H[JPolling energy-fair scheduler maps every 100 millisecond(s)...
Real time since poller start: 34.079616 s
Filter: comm "stress_core"
Maps shown: power consumption 

=== PID → power (EMA) (pid_to_power) [comm="stress_core"] ===
PID      power             
140370   34                

=== PID → cumulative energy (pid_to_consumption) [comm="stress_core"] ===
PID      energy            
140370   56416390000       

[H[JPolling energy-fair scheduler maps every 100 millisecond(s)...
Real time since poller start: 34.181847 s
Filter: comm "stress_core"
Maps shown: power consumption 

=== PID → power (EMA) (pid_to_power) [comm="stress_core"] ===
PID      power             
140370   32                

=== PID → cumulative energy (pid_to_consumption) [comm="stress_core"] ===
PID      energy            
140370   56827620000       

[H[JPolling energy-fair scheduler maps every 100 millisecond(s)...
Real time since poller start: 34.284084 s
Filter: comm "stress_core"
Maps shown: power consumption 

=== PID → power (EMA) (pid_to_power) [comm="stress_core"] ===
PID      power             
140370   42                

=== PID → cumulative energy (pid_to_consumption) [comm="stress_core"] ===
PID      energy            
140370   57279270000       

[H[JPolling energy-fair scheduler maps every 100 millisecond(s)...
Real time since poller start: 34.386329 s
Filter: comm "stress_core"
Maps shown: power consumption 

=== PID → power (EMA) (pid_to_power) [comm="stress_core"] ===
PID      power             
140370   32                

=== PID → cumulative energy (pid_to_consumption) [comm="stress_core"] ===
PID      energy            
140370   57776250000       

[H[JPolling energy-fair scheduler maps every 100 millisecond(s)...
Real time since poller start: 34.488570 s
Filter: comm "stress_core"
Maps shown: power consumption 

=== PID → power (EMA) (pid_to_power) [comm="stress_core"] ===
PID      power             
140370   34                

=== PID → cumulative energy (pid_to_consumption) [comm="stress_core"] ===
PID      energy            
140370   58259060000       

[H[JPolling energy-fair scheduler maps every 100 millisecond(s)...
Real time since poller start: 34.590806 s
Filter: comm "stress_core"
Maps shown: power consumption 

=== PID → power (EMA) (pid_to_power) [comm="stress_core"] ===
PID      power             
140370   35                

=== PID → cumulative energy (pid_to_consumption) [comm="stress_core"] ===
PID      energy            
140370   58911980000       

[H[JPolling energy-fair scheduler maps every 100 millisecond(s)...
Real time since poller start: 34.693032 s
Filter: comm "stress_core"
Maps shown: power consumption 

=== PID → power (EMA) (pid_to_power) [comm="stress_core"] ===
PID      power             
140370   36                

=== PID → cumulative energy (pid_to_consumption) [comm="stress_core"] ===
PID      energy            
140370   59658880000       

[H[JPolling energy-fair scheduler maps every 100 millisecond(s)...
Real time since poller start: 34.795277 s
Filter: comm "stress_core"
Maps shown: power consumption 

=== PID → power (EMA) (pid_to_power) [comm="stress_core"] ===
PID      power             
140370   37                

=== PID → cumulative energy (pid_to_consumption) [comm="stress_core"] ===
PID      energy            
140370   60018080000       

[H[JPolling energy-fair scheduler maps every 100 millisecond(s)...
Real time since poller start: 34.897517 s
Filter: comm "stress_core"
Maps shown: power consumption 

=== PID → power (EMA) (pid_to_power) [comm="stress_core"] ===
PID      power             
140370   36                

=== PID → cumulative energy (pid_to_consumption) [comm="stress_core"] ===
PID      energy            
140370   60652540000       

[H[JPolling energy-fair scheduler maps every 100 millisecond(s)...
Real time since poller start: 34.999775 s
Filter: comm "stress_core"
Maps shown: power consumption 

=== PID → power (EMA) (pid_to_power) [comm="stress_core"] ===
PID      power             
140370   47                

=== PID → cumulative energy (pid_to_consumption) [comm="stress_core"] ===
PID      energy            
140370   61079480000       

[H[JPolling energy-fair scheduler maps every 100 millisecond(s)...
Real time since poller start: 35.102023 s
Filter: comm "stress_core"
Maps shown: power consumption 

=== PID → power (EMA) (pid_to_power) [comm="stress_core"] ===
PID      power             
140370   40                

=== PID → cumulative energy (pid_to_consumption) [comm="stress_core"] ===
PID      energy            
140370   61668000000       

[H[JPolling energy-fair scheduler maps every 100 millisecond(s)...
Real time since poller start: 35.204261 s
Filter: comm "stress_core"
Maps shown: power consumption 

=== PID → power (EMA) (pid_to_power) [comm="stress_core"] ===
PID      power             
140370   35                

=== PID → cumulative energy (pid_to_consumption) [comm="stress_core"] ===
PID      energy            
140370   62155690000       

[H[JPolling energy-fair scheduler maps every 100 millisecond(s)...
Real time since poller start: 35.306506 s
Filter: comm "stress_core"
Maps shown: power consumption 

=== PID → power (EMA) (pid_to_power) [comm="stress_core"] ===
PID      power             
140370   32                

=== PID → cumulative energy (pid_to_consumption) [comm="stress_core"] ===
PID      energy            
140370   62579290000       

[H[JPolling energy-fair scheduler maps every 100 millisecond(s)...
Real time since poller start: 35.408747 s
Filter: comm "stress_core"
Maps shown: power consumption 

=== PID → power (EMA) (pid_to_power) [comm="stress_core"] ===
PID      power             
140370   36                

=== PID → cumulative energy (pid_to_consumption) [comm="stress_core"] ===
PID      energy            
140370   63028340000       

[H[JPolling energy-fair scheduler maps every 100 millisecond(s)...
Real time since poller start: 35.510989 s
Filter: comm "stress_core"
Maps shown: power consumption 

=== PID → power (EMA) (pid_to_power) [comm="stress_core"] ===
PID      power             
140370   40                

=== PID → cumulative energy (pid_to_consumption) [comm="stress_core"] ===
PID      energy            
140370   63596280000       

[H[JPolling energy-fair scheduler maps every 100 millisecond(s)...
Real time since poller start: 35.613222 s
Filter: comm "stress_core"
Maps shown: power consumption 

=== PID → power (EMA) (pid_to_power) [comm="stress_core"] ===
PID      power             
140370   40                

=== PID → cumulative energy (pid_to_consumption) [comm="stress_core"] ===
PID      energy            
140370   64224780000       

[H[JPolling energy-fair scheduler maps every 100 millisecond(s)...
Real time since poller start: 35.715467 s
Filter: comm "stress_core"
Maps shown: power consumption 

=== PID → power (EMA) (pid_to_power) [comm="stress_core"] ===
PID      power             
140370   30                

=== PID → cumulative energy (pid_to_consumption) [comm="stress_core"] ===
PID      energy            
140370   64669270000       

[H[JPolling energy-fair scheduler maps every 100 millisecond(s)...
Real time since poller start: 35.817710 s
Filter: comm "stress_core"
Maps shown: power consumption 

=== PID → power (EMA) (pid_to_power) [comm="stress_core"] ===
PID      power             
140370   35                

=== PID → cumulative energy (pid_to_consumption) [comm="stress_core"] ===
PID      energy            
140370   65005260000       

[H[JPolling energy-fair scheduler maps every 100 millisecond(s)...
Real time since poller start: 35.919952 s
Filter: comm "stress_core"
Maps shown: power consumption 

=== PID → power (EMA) (pid_to_power) [comm="stress_core"] ===
PID      power             
140370   35                

=== PID → cumulative energy (pid_to_consumption) [comm="stress_core"] ===
PID      energy            
140370   65512160000       

[H[JPolling energy-fair scheduler maps every 100 millisecond(s)...
Real time since poller start: 36.022214 s
Filter: comm "stress_core"
Maps shown: power consumption 

=== PID → power (EMA) (pid_to_power) [comm="stress_core"] ===
PID      power             
140370   40                

=== PID → cumulative energy (pid_to_consumption) [comm="stress_core"] ===
PID      energy            
140370   66118990000       

[H[JPolling energy-fair scheduler maps every 100 millisecond(s)...
Real time since poller start: 36.124461 s
Filter: comm "stress_core"
Maps shown: power consumption 

=== PID → power (EMA) (pid_to_power) [comm="stress_core"] ===
PID      power             
140370   31                

=== PID → cumulative energy (pid_to_consumption) [comm="stress_core"] ===
PID      energy            
140370   66674260000       

[H[JPolling energy-fair scheduler maps every 100 millisecond(s)...
Real time since poller start: 36.226729 s
Filter: comm "stress_core"
Maps shown: power consumption 

=== PID → power (EMA) (pid_to_power) [comm="stress_core"] ===
PID      power             
140370   35                

=== PID → cumulative energy (pid_to_consumption) [comm="stress_core"] ===
PID      energy            
140370   67234550000       

[H[JPolling energy-fair scheduler maps every 100 millisecond(s)...
Real time since poller start: 36.328973 s
Filter: comm "stress_core"
Maps shown: power consumption 

=== PID → power (EMA) (pid_to_power) [comm="stress_core"] ===
PID      power             
140370   36                

=== PID → cumulative energy (pid_to_consumption) [comm="stress_core"] ===
PID      energy            
140370   67716120000       

[H[JPolling energy-fair scheduler maps every 100 millisecond(s)...
Real time since poller start: 36.431236 s
Filter: comm "stress_core"
Maps shown: power consumption 

=== PID → power (EMA) (pid_to_power) [comm="stress_core"] ===
PID      power             
140370   33                

=== PID → cumulative energy (pid_to_consumption) [comm="stress_core"] ===
PID      energy            
140370   68256900000       

[H[JPolling energy-fair scheduler maps every 100 millisecond(s)...
Real time since poller start: 36.533495 s
Filter: comm "stress_core"
Maps shown: power consumption 

=== PID → power (EMA) (pid_to_power) [comm="stress_core"] ===
PID      power             
140370   40                

=== PID → cumulative energy (pid_to_consumption) [comm="stress_core"] ===
PID      energy            
140370   68782110000       

[H[JPolling energy-fair scheduler maps every 100 millisecond(s)...
Real time since poller start: 36.635756 s
Filter: comm "stress_core"
Maps shown: power consumption 

=== PID → power (EMA) (pid_to_power) [comm="stress_core"] ===
PID      power             
140370   29                

=== PID → cumulative energy (pid_to_consumption) [comm="stress_core"] ===
PID      energy            
140370   69215620000       

[H[JPolling energy-fair scheduler maps every 100 millisecond(s)...
Real time since poller start: 36.737999 s
Filter: comm "stress_core"
Maps shown: power consumption 

=== PID → power (EMA) (pid_to_power) [comm="stress_core"] ===
PID      power             
140370   36                

=== PID → cumulative energy (pid_to_consumption) [comm="stress_core"] ===
PID      energy            
140370   69684220000       

[H[JPolling energy-fair scheduler maps every 100 millisecond(s)...
Real time since poller start: 36.840280 s
Filter: comm "stress_core"
Maps shown: power consumption 

=== PID → power (EMA) (pid_to_power) [comm="stress_core"] ===
PID      power             
140370   36                

=== PID → cumulative energy (pid_to_consumption) [comm="stress_core"] ===
PID      energy            
140370   70137250000       

[H[JPolling energy-fair scheduler maps every 100 millisecond(s)...
Real time since poller start: 36.942522 s
Filter: comm "stress_core"
Maps shown: power consumption 

=== PID → power (EMA) (pid_to_power) [comm="stress_core"] ===
PID      power             
140370   32                

=== PID → cumulative energy (pid_to_consumption) [comm="stress_core"] ===
PID      energy            
140370   70610110000       

[H[JPolling energy-fair scheduler maps every 100 millisecond(s)...
Real time since poller start: 37.044775 s
Filter: comm "stress_core"
Maps shown: power consumption 

=== PID → power (EMA) (pid_to_power) [comm="stress_core"] ===
PID      power             
140370   37                

=== PID → cumulative energy (pid_to_consumption) [comm="stress_core"] ===
PID      energy            
140370   71075660000       

[H[JPolling energy-fair scheduler maps every 100 millisecond(s)...
Real time since poller start: 37.147031 s
Filter: comm "stress_core"
Maps shown: power consumption 

=== PID → power (EMA) (pid_to_power) [comm="stress_core"] ===
PID      power             
140370   38                

=== PID → cumulative energy (pid_to_consumption) [comm="stress_core"] ===
PID      energy            
140370   72038930000       

[H[JPolling energy-fair scheduler maps every 100 millisecond(s)...
Real time since poller start: 37.249287 s
Filter: comm "stress_core"
Maps shown: power consumption 

=== PID → power (EMA) (pid_to_power) [comm="stress_core"] ===
PID      power             
140370   38                

=== PID → cumulative energy (pid_to_consumption) [comm="stress_core"] ===
PID      energy            
140370   72517890000       

[H[JPolling energy-fair scheduler maps every 100 millisecond(s)...
Real time since poller start: 37.351557 s
Filter: comm "stress_core"
Maps shown: power consumption 

=== PID → power (EMA) (pid_to_power) [comm="stress_core"] ===
PID      power             
140370   34                

=== PID → cumulative energy (pid_to_consumption) [comm="stress_core"] ===
PID      energy            
140370   72963000000       

[H[JPolling energy-fair scheduler maps every 100 millisecond(s)...
Real time since poller start: 37.453818 s
Filter: comm "stress_core"
Maps shown: power consumption 

=== PID → power (EMA) (pid_to_power) [comm="stress_core"] ===
PID      power             
140370   45                

=== PID → cumulative energy (pid_to_consumption) [comm="stress_core"] ===
PID      energy            
140370   73379100000       

[H[JPolling energy-fair scheduler maps every 100 millisecond(s)...
Real time since poller start: 37.556085 s
Filter: comm "stress_core"
Maps shown: power consumption 

=== PID → power (EMA) (pid_to_power) [comm="stress_core"] ===
PID      power             
140370   38                

=== PID → cumulative energy (pid_to_consumption) [comm="stress_core"] ===
PID      energy            
140370   73875900000       

[H[JPolling energy-fair scheduler maps every 100 millisecond(s)...
Real time since poller start: 37.658347 s
Filter: comm "stress_core"
Maps shown: power consumption 

=== PID → power (EMA) (pid_to_power) [comm="stress_core"] ===
PID      power             
140370   38                

=== PID → cumulative energy (pid_to_consumption) [comm="stress_core"] ===
PID      energy            
140370   74424600000       

[H[JPolling energy-fair scheduler maps every 100 millisecond(s)...
Real time since poller start: 37.760611 s
Filter: comm "stress_core"
Maps shown: power consumption 

=== PID → power (EMA) (pid_to_power) [comm="stress_core"] ===
PID      power             
140370   39                

=== PID → cumulative energy (pid_to_consumption) [comm="stress_core"] ===
PID      energy            
140370   74930300000       

[H[JPolling energy-fair scheduler maps every 100 millisecond(s)...
Real time since poller start: 37.862866 s
Filter: comm "stress_core"
Maps shown: power consumption 

=== PID → power (EMA) (pid_to_power) [comm="stress_core"] ===
PID      power             
140370   37                

=== PID → cumulative energy (pid_to_consumption) [comm="stress_core"] ===
PID      energy            
140370   75469240000       

[H[JPolling energy-fair scheduler maps every 100 millisecond(s)...
Real time since poller start: 37.965125 s
Filter: comm "stress_core"
Maps shown: power consumption 

=== PID → power (EMA) (pid_to_power) [comm="stress_core"] ===
PID      power             
140370   41                

=== PID → cumulative energy (pid_to_consumption) [comm="stress_core"] ===
PID      energy            
140370   75961630000       

[H[JPolling energy-fair scheduler maps every 100 millisecond(s)...
Real time since poller start: 38.067387 s
Filter: comm "stress_core"
Maps shown: power consumption 

=== PID → power (EMA) (pid_to_power) [comm="stress_core"] ===
PID      power             
140370   31                

=== PID → cumulative energy (pid_to_consumption) [comm="stress_core"] ===
PID      energy            
140370   76428540000       

[H[JPolling energy-fair scheduler maps every 100 millisecond(s)...
Real time since poller start: 38.169664 s
Filter: comm "stress_core"
Maps shown: power consumption 

=== PID → power (EMA) (pid_to_power) [comm="stress_core"] ===
PID      power             
140370   41                

=== PID → cumulative energy (pid_to_consumption) [comm="stress_core"] ===
PID      energy            
140370   76967350000       

[H[JPolling energy-fair scheduler maps every 100 millisecond(s)...
Real time since poller start: 38.271966 s
Filter: comm "stress_core"
Maps shown: power consumption 

=== PID → power (EMA) (pid_to_power) [comm="stress_core"] ===
PID      power             
140370   39                

=== PID → cumulative energy (pid_to_consumption) [comm="stress_core"] ===
PID      energy            
140370   77585020000       

[H[JPolling energy-fair scheduler maps every 100 millisecond(s)...
Real time since poller start: 38.374253 s
Filter: comm "stress_core"
Maps shown: power consumption 

=== PID → power (EMA) (pid_to_power) [comm="stress_core"] ===
PID      power             
140370   52                

=== PID → cumulative energy (pid_to_consumption) [comm="stress_core"] ===
PID      energy            
140370   78087170000       

[H[JPolling energy-fair scheduler maps every 100 millisecond(s)...
Real time since poller start: 38.476535 s
Filter: comm "stress_core"
Maps shown: power consumption 

=== PID → power (EMA) (pid_to_power) [comm="stress_core"] ===
PID      power             
140370   33                

=== PID → cumulative energy (pid_to_consumption) [comm="stress_core"] ===
PID      energy            
140370   78389140000       

[H[JPolling energy-fair scheduler maps every 100 millisecond(s)...
Real time since poller start: 38.578822 s
Filter: comm "stress_core"
Maps shown: power consumption 

=== PID → power (EMA) (pid_to_power) [comm="stress_core"] ===
PID      power             
140370   33                

=== PID → cumulative energy (pid_to_consumption) [comm="stress_core"] ===
PID      energy            
140370   78389140000       

[H[JPolling energy-fair scheduler maps every 100 millisecond(s)...
Real time since poller start: 38.681103 s
Filter: comm "stress_core"
Maps shown: power consumption 

=== PID → power (EMA) (pid_to_power) [comm="stress_core"] ===
PID      power             
140370   33                

=== PID → cumulative energy (pid_to_consumption) [comm="stress_core"] ===
PID      energy            
140370   78389140000       

[H[JPolling energy-fair scheduler maps every 100 millisecond(s)...
Real time since poller start: 38.783410 s
Filter: comm "stress_core"
Maps shown: power consumption 

=== PID → power (EMA) (pid_to_power) [comm="stress_core"] ===
PID      power             
140370   33                

=== PID → cumulative energy (pid_to_consumption) [comm="stress_core"] ===
PID      energy            
140370   78389140000       

[H[JPolling energy-fair scheduler maps every 100 millisecond(s)...
Real time since poller start: 38.885680 s
Filter: comm "stress_core"
Maps shown: power consumption 

=== PID → power (EMA) (pid_to_power) [comm="stress_core"] ===
PID      power             
140370   33                

=== PID → cumulative energy (pid_to_consumption) [comm="stress_core"] ===
PID      energy            
140370   78389140000       

[H[JPolling energy-fair scheduler maps every 100 millisecond(s)...
Real time since poller start: 38.987936 s
Filter: comm "stress_core"
Maps shown: power consumption 

=== PID → power (EMA) (pid_to_power) [comm="stress_core"] ===
PID      power             
140370   33                

=== PID → cumulative energy (pid_to_consumption) [comm="stress_core"] ===
PID      energy            
140370   78389140000       

[H[JPolling energy-fair scheduler maps every 100 millisecond(s)...
Real time since poller start: 39.090201 s
Filter: comm "stress_core"
Maps shown: power consumption 

=== PID → power (EMA) (pid_to_power) [comm="stress_core"] ===
PID      power             
140370   33                

=== PID → cumulative energy (pid_to_consumption) [comm="stress_core"] ===
PID      energy            
140370   78389140000       

[H[JPolling energy-fair scheduler maps every 100 millisecond(s)...
Real time since poller start: 39.192462 s
Filter: comm "stress_core"
Maps shown: power consumption 

=== PID → power (EMA) (pid_to_power) [comm="stress_core"] ===
PID      power             
140370   33                

=== PID → cumulative energy (pid_to_consumption) [comm="stress_core"] ===
PID      energy            
140370   78389140000       

[H[JPolling energy-fair scheduler maps every 100 millisecond(s)...
Real time since poller start: 39.294745 s
Filter: comm "stress_core"
Maps shown: power consumption 

=== PID → power (EMA) (pid_to_power) [comm="stress_core"] ===
PID      power             
140370   33                

=== PID → cumulative energy (pid_to_consumption) [comm="stress_core"] ===
PID      energy            
140370   78389140000       

[H[JPolling energy-fair scheduler maps every 100 millisecond(s)...
Real time since poller start: 39.397001 s
Filter: comm "stress_core"
Maps shown: power consumption 

=== PID → power (EMA) (pid_to_power) [comm="stress_core"] ===
PID      power             
140370   33                

=== PID → cumulative energy (pid_to_consumption) [comm="stress_core"] ===
PID      energy            
140370   78389140000       

[H[JPolling energy-fair scheduler maps every 100 millisecond(s)...
Real time since poller start: 39.499253 s
Filter: comm "stress_core"
Maps shown: power consumption 

=== PID → power (EMA) (pid_to_power) [comm="stress_core"] ===
PID      power             
140370   33                

=== PID → cumulative energy (pid_to_consumption) [comm="stress_core"] ===
PID      energy            
140370   78389140000       

[H[JPolling energy-fair scheduler maps every 100 millisecond(s)...
Real time since poller start: 39.601516 s
Filter: comm "stress_core"
Maps shown: power consumption 

=== PID → power (EMA) (pid_to_power) [comm="stress_core"] ===
PID      power             
140370   33                

=== PID → cumulative energy (pid_to_consumption) [comm="stress_core"] ===
PID      energy            
140370   78389140000       

[H[JPolling energy-fair scheduler maps every 100 millisecond(s)...
Real time since poller start: 39.703790 s
Filter: comm "stress_core"
Maps shown: power consumption 

=== PID → power (EMA) (pid_to_power) [comm="stress_core"] ===
PID      power             
140370   33                

=== PID → cumulative energy (pid_to_consumption) [comm="stress_core"] ===
PID      energy            
140370   78389140000       

[H[JPolling energy-fair scheduler maps every 100 millisecond(s)...
Real time since poller start: 39.806057 s
Filter: comm "stress_core"
Maps shown: power consumption 

=== PID → power (EMA) (pid_to_power) [comm="stress_core"] ===
PID      power             
140370   33                

=== PID → cumulative energy (pid_to_consumption) [comm="stress_core"] ===
PID      energy            
140370   78389140000       

[H[JPolling energy-fair scheduler maps every 100 millisecond(s)...
Real time since poller start: 39.908324 s
Filter: comm "stress_core"
Maps shown: power consumption 

=== PID → power (EMA) (pid_to_power) [comm="stress_core"] ===
PID      power             
140370   33                

=== PID → cumulative energy (pid_to_consumption) [comm="stress_core"] ===
PID      energy            
140370   78389140000       

[H[JPolling energy-fair scheduler maps every 100 millisecond(s)...
Real time since poller start: 40.010594 s
Filter: comm "stress_core"
Maps shown: power consumption 

=== PID → power (EMA) (pid_to_power) [comm="stress_core"] ===
PID      power             
140370   33                

=== PID → cumulative energy (pid_to_consumption) [comm="stress_core"] ===
PID      energy            
140370   78389140000       

[H[JPolling energy-fair scheduler maps every 100 millisecond(s)...
Real time since poller start: 40.112884 s
Filter: comm "stress_core"
Maps shown: power consumption 

=== PID → power (EMA) (pid_to_power) [comm="stress_core"] ===
PID      power             
140370   33                

=== PID → cumulative energy (pid_to_consumption) [comm="stress_core"] ===
PID      energy            
140370   78389140000       

[H[JPolling energy-fair scheduler maps every 100 millisecond(s)...
Real time since poller start: 40.215153 s
Filter: comm "stress_core"
Maps shown: power consumption 

=== PID → power (EMA) (pid_to_power) [comm="stress_core"] ===
PID      power             
140370   33                

=== PID → cumulative energy (pid_to_consumption) [comm="stress_core"] ===
PID      energy            
140370   78389140000       

[H[JPolling energy-fair scheduler maps every 100 millisecond(s)...
Real time since poller start: 40.317436 s
Filter: comm "stress_core"
Maps shown: power consumption 

=== PID → power (EMA) (pid_to_power) [comm="stress_core"] ===
PID      power             
140370   33                

=== PID → cumulative energy (pid_to_consumption) [comm="stress_core"] ===
PID      energy            
140370   78389140000       

[H[JPolling energy-fair scheduler maps every 100 millisecond(s)...
Real time since poller start: 40.419703 s
Filter: comm "stress_core"
Maps shown: power consumption 

=== PID → power (EMA) (pid_to_power) [comm="stress_core"] ===
PID      power             
140370   33                

=== PID → cumulative energy (pid_to_consumption) [comm="stress_core"] ===
PID      energy            
140370   78389140000       

[H[JPolling energy-fair scheduler maps every 100 millisecond(s)...
Real time since poller start: 40.521977 s
Filter: comm "stress_core"
Maps shown: power consumption 

=== PID → power (EMA) (pid_to_power) [comm="stress_core"] ===
PID      power             
140370   33                

=== PID → cumulative energy (pid_to_consumption) [comm="stress_core"] ===
PID      energy            
140370   78389140000       

[H[JPolling energy-fair scheduler maps every 100 millisecond(s)...
Real time since poller start: 40.624269 s
Filter: comm "stress_core"
Maps shown: power consumption 

=== PID → power (EMA) (pid_to_power) [comm="stress_core"] ===
PID      power             
140370   33                

=== PID → cumulative energy (pid_to_consumption) [comm="stress_core"] ===
PID      energy            
140370   78389140000       

[H[JPolling energy-fair scheduler maps every 100 millisecond(s)...
Real time since poller start: 40.726551 s
Filter: comm "stress_core"
Maps shown: power consumption 

=== PID → power (EMA) (pid_to_power) [comm="stress_core"] ===
PID      power             
140370   33                

=== PID → cumulative energy (pid_to_consumption) [comm="stress_core"] ===
PID      energy            
140370   78389140000       

[H[JPolling energy-fair scheduler maps every 100 millisecond(s)...
Real time since poller start: 40.828847 s
Filter: comm "stress_core"
Maps shown: power consumption 

=== PID → power (EMA) (pid_to_power) [comm="stress_core"] ===
PID      power             
140370   33                

=== PID → cumulative energy (pid_to_consumption) [comm="stress_core"] ===
PID      energy            
140370   78389140000       

[H[JPolling energy-fair scheduler maps every 100 millisecond(s)...
Real time since poller start: 40.931121 s
Filter: comm "stress_core"
Maps shown: power consumption 

=== PID → power (EMA) (pid_to_power) [comm="stress_core"] ===
PID      power             
140370   33                

=== PID → cumulative energy (pid_to_consumption) [comm="stress_core"] ===
PID      energy            
140370   78389140000       

[H[JPolling energy-fair scheduler maps every 100 millisecond(s)...
Real time since poller start: 41.033406 s
Filter: comm "stress_core"
Maps shown: power consumption 

=== PID → power (EMA) (pid_to_power) [comm="stress_core"] ===
PID      power             
140370   33                

=== PID → cumulative energy (pid_to_consumption) [comm="stress_core"] ===
PID      energy            
140370   78389140000       

[H[JPolling energy-fair scheduler maps every 100 millisecond(s)...
Real time since poller start: 41.135677 s
Filter: comm "stress_core"
Maps shown: power consumption 

=== PID → power (EMA) (pid_to_power) [comm="stress_core"] ===
PID      power             
140370   33                

=== PID → cumulative energy (pid_to_consumption) [comm="stress_core"] ===
PID      energy            
140370   78389140000       

[H[JPolling energy-fair scheduler maps every 100 millisecond(s)...
Real time since poller start: 41.237957 s
Filter: comm "stress_core"
Maps shown: power consumption 

=== PID → power (EMA) (pid_to_power) [comm="stress_core"] ===
PID      power             
140370   33                

=== PID → cumulative energy (pid_to_consumption) [comm="stress_core"] ===
PID      energy            
140370   78389140000       

[H[JPolling energy-fair scheduler maps every 100 millisecond(s)...
Real time since poller start: 41.340233 s
Filter: comm "stress_core"
Maps shown: power consumption 

=== PID → power (EMA) (pid_to_power) [comm="stress_core"] ===
PID      power             
140370   33                

=== PID → cumulative energy (pid_to_consumption) [comm="stress_core"] ===
PID      energy            
140370   78389140000       

[H[JPolling energy-fair scheduler maps every 100 millisecond(s)...
Real time since poller start: 41.442527 s
Filter: comm "stress_core"
Maps shown: power consumption 

=== PID → power (EMA) (pid_to_power) [comm="stress_core"] ===
PID      power             
140370   33                

=== PID → cumulative energy (pid_to_consumption) [comm="stress_core"] ===
PID      energy            
140370   78389140000       

[H[JPolling energy-fair scheduler maps every 100 millisecond(s)...
Real time since poller start: 41.544789 s
Filter: comm "stress_core"
Maps shown: power consumption 

=== PID → power (EMA) (pid_to_power) [comm="stress_core"] ===
PID      power             
140370   33                

=== PID → cumulative energy (pid_to_consumption) [comm="stress_core"] ===
PID      energy            
140370   78389140000       

[H[JPolling energy-fair scheduler maps every 100 millisecond(s)...
Real time since poller start: 41.647080 s
Filter: comm "stress_core"
Maps shown: power consumption 

=== PID → power (EMA) (pid_to_power) [comm="stress_core"] ===
PID      power             
140370   33                

=== PID → cumulative energy (pid_to_consumption) [comm="stress_core"] ===
PID      energy            
140370   78389140000       

[H[JPolling energy-fair scheduler maps every 100 millisecond(s)...
Real time since poller start: 41.749366 s
Filter: comm "stress_core"
Maps shown: power consumption 

=== PID → power (EMA) (pid_to_power) [comm="stress_core"] ===
PID      power             
140370   33                

=== PID → cumulative energy (pid_to_consumption) [comm="stress_core"] ===
PID      energy            
140370   78389140000       

[H[JPolling energy-fair scheduler maps every 100 millisecond(s)...
Real time since poller start: 41.851656 s
Filter: comm "stress_core"
Maps shown: power consumption 

=== PID → power (EMA) (pid_to_power) [comm="stress_core"] ===
PID      power             
140370   33                

=== PID → cumulative energy (pid_to_consumption) [comm="stress_core"] ===
PID      energy            
140370   78389140000       

[H[JPolling energy-fair scheduler maps every 100 millisecond(s)...
Real time since poller start: 41.953979 s
Filter: comm "stress_core"
Maps shown: power consumption 

=== PID → power (EMA) (pid_to_power) [comm="stress_core"] ===
PID      power             
140370   33                

=== PID → cumulative energy (pid_to_consumption) [comm="stress_core"] ===
PID      energy            
140370   78389140000       

[H[JPolling energy-fair scheduler maps every 100 millisecond(s)...
Real time since poller start: 42.056263 s
Filter: comm "stress_core"
Maps shown: power consumption 

=== PID → power (EMA) (pid_to_power) [comm="stress_core"] ===
PID      power             
140370   33                

=== PID → cumulative energy (pid_to_consumption) [comm="stress_core"] ===
PID      energy            
140370   78389140000       

[H[JPolling energy-fair scheduler maps every 100 millisecond(s)...
Real time since poller start: 42.158536 s
Filter: comm "stress_core"
Maps shown: power consumption 

=== PID → power (EMA) (pid_to_power) [comm="stress_core"] ===
PID      power             
140370   33                

=== PID → cumulative energy (pid_to_consumption) [comm="stress_core"] ===
PID      energy            
140370   78389140000       

[H[JPolling energy-fair scheduler maps every 100 millisecond(s)...
Real time since poller start: 42.260823 s
Filter: comm "stress_core"
Maps shown: power consumption 

=== PID → power (EMA) (pid_to_power) [comm="stress_core"] ===
PID      power             
140370   33                

=== PID → cumulative energy (pid_to_consumption) [comm="stress_core"] ===
PID      energy            
140370   78389140000       

[H[JPolling energy-fair scheduler maps every 100 millisecond(s)...
Real time since poller start: 42.363102 s
Filter: comm "stress_core"
Maps shown: power consumption 

=== PID → power (EMA) (pid_to_power) [comm="stress_core"] ===
PID      power             
140370   33                

=== PID → cumulative energy (pid_to_consumption) [comm="stress_core"] ===
PID      energy            
140370   78389140000       

[H[JPolling energy-fair scheduler maps every 100 millisecond(s)...
Real time since poller start: 42.465394 s
Filter: comm "stress_core"
Maps shown: power consumption 

=== PID → power (EMA) (pid_to_power) [comm="stress_core"] ===
PID      power             
140370   33                

=== PID → cumulative energy (pid_to_consumption) [comm="stress_core"] ===
PID      energy            
140370   78389140000       

[H[JPolling energy-fair scheduler maps every 100 millisecond(s)...
Real time since poller start: 42.567673 s
Filter: comm "stress_core"
Maps shown: power consumption 

=== PID → power (EMA) (pid_to_power) [comm="stress_core"] ===
PID      power             
140370   33                

=== PID → cumulative energy (pid_to_consumption) [comm="stress_core"] ===
PID      energy            
140370   78389140000       

[H[JPolling energy-fair scheduler maps every 100 millisecond(s)...
Real time since poller start: 42.669965 s
Filter: comm "stress_core"
Maps shown: power consumption 

=== PID → power (EMA) (pid_to_power) [comm="stress_core"] ===
PID      power             
140370   33                

=== PID → cumulative energy (pid_to_consumption) [comm="stress_core"] ===
PID      energy            
140370   78389140000       

[H[JPolling energy-fair scheduler maps every 100 millisecond(s)...
Real time since poller start: 42.772261 s
Filter: comm "stress_core"
Maps shown: power consumption 

=== PID → power (EMA) (pid_to_power) [comm="stress_core"] ===
PID      power             
140370   33                

=== PID → cumulative energy (pid_to_consumption) [comm="stress_core"] ===
PID      energy            
140370   78389140000       

[H[JPolling energy-fair scheduler maps every 100 millisecond(s)...
Real time since poller start: 42.874552 s
Filter: comm "stress_core"
Maps shown: power consumption 

=== PID → power (EMA) (pid_to_power) [comm="stress_core"] ===
PID      power             
140370   33                

=== PID → cumulative energy (pid_to_consumption) [comm="stress_core"] ===
PID      energy            
140370   78389140000       

[H[JPolling energy-fair scheduler maps every 100 millisecond(s)...
Real time since poller start: 42.976834 s
Filter: comm "stress_core"
Maps shown: power consumption 

=== PID → power (EMA) (pid_to_power) [comm="stress_core"] ===
PID      power             
140370   33                

=== PID → cumulative energy (pid_to_consumption) [comm="stress_core"] ===
PID      energy            
140370   78389140000       

[H[JPolling energy-fair scheduler maps every 100 millisecond(s)...
Real time since poller start: 43.079123 s
Filter: comm "stress_core"
Maps shown: power consumption 

=== PID → power (EMA) (pid_to_power) [comm="stress_core"] ===
PID      power             
140370   33                

=== PID → cumulative energy (pid_to_consumption) [comm="stress_core"] ===
PID      energy            
140370   78389140000       

[H[JPolling energy-fair scheduler maps every 100 millisecond(s)...
Real time since poller start: 43.181400 s
Filter: comm "stress_core"
Maps shown: power consumption 

=== PID → power (EMA) (pid_to_power) [comm="stress_core"] ===
PID      power             
140370   33                

=== PID → cumulative energy (pid_to_consumption) [comm="stress_core"] ===
PID      energy            
140370   78389140000       

[H[JPolling energy-fair scheduler maps every 100 millisecond(s)...
Real time since poller start: 43.283694 s
Filter: comm "stress_core"
Maps shown: power consumption 

=== PID → power (EMA) (pid_to_power) [comm="stress_core"] ===
PID      power             
140370   33                

=== PID → cumulative energy (pid_to_consumption) [comm="stress_core"] ===
PID      energy            
140370   78389140000       

[H[JPolling energy-fair scheduler maps every 100 millisecond(s)...
Real time since poller start: 43.385982 s
Filter: comm "stress_core"
Maps shown: power consumption 

=== PID → power (EMA) (pid_to_power) [comm="stress_core"] ===
PID      power             
140370   33                

=== PID → cumulative energy (pid_to_consumption) [comm="stress_core"] ===
PID      energy            
140370   78389140000       

[H[JPolling energy-fair scheduler maps every 100 millisecond(s)...
Real time since poller start: 43.488290 s
Filter: comm "stress_core"
Maps shown: power consumption 

=== PID → power (EMA) (pid_to_power) [comm="stress_core"] ===
PID      power             
140370   52                

=== PID → cumulative energy (pid_to_consumption) [comm="stress_core"] ===
PID      energy            
140370   79745480000       

[H[JPolling energy-fair scheduler maps every 100 millisecond(s)...
Real time since poller start: 43.590582 s
Filter: comm "stress_core"
Maps shown: power consumption 

=== PID → power (EMA) (pid_to_power) [comm="stress_core"] ===
PID      power             
140370   41                

=== PID → cumulative energy (pid_to_consumption) [comm="stress_core"] ===
PID      energy            
140370   80161120000       

[H[JPolling energy-fair scheduler maps every 100 millisecond(s)...
Real time since poller start: 43.692892 s
Filter: comm "stress_core"
Maps shown: power consumption 

=== PID → power (EMA) (pid_to_power) [comm="stress_core"] ===
PID      power             
140370   44                

=== PID → cumulative energy (pid_to_consumption) [comm="stress_core"] ===
PID      energy            
140370   80718370000       

[H[JPolling energy-fair scheduler maps every 100 millisecond(s)...
Real time since poller start: 43.795193 s
Filter: comm "stress_core"
Maps shown: power consumption 

=== PID → power (EMA) (pid_to_power) [comm="stress_core"] ===
PID      power             
140370   44                

=== PID → cumulative energy (pid_to_consumption) [comm="stress_core"] ===
PID      energy            
140370   81272900000       

[H[JPolling energy-fair scheduler maps every 100 millisecond(s)...
Real time since poller start: 43.897502 s
Filter: comm "stress_core"
Maps shown: power consumption 

=== PID → power (EMA) (pid_to_power) [comm="stress_core"] ===
PID      power             
140370   44                

=== PID → cumulative energy (pid_to_consumption) [comm="stress_core"] ===
PID      energy            
140370   81959250000       

[H[JPolling energy-fair scheduler maps every 100 millisecond(s)...
Real time since poller start: 43.999793 s
Filter: comm "stress_core"
Maps shown: power consumption 

=== PID → power (EMA) (pid_to_power) [comm="stress_core"] ===
PID      power             
140370   42                

=== PID → cumulative energy (pid_to_consumption) [comm="stress_core"] ===
PID      energy            
140370   82502930000       

[H[JPolling energy-fair scheduler maps every 100 millisecond(s)...
Real time since poller start: 44.102096 s
Filter: comm "stress_core"
Maps shown: power consumption 

=== PID → power (EMA) (pid_to_power) [comm="stress_core"] ===
PID      power             

=== PID → cumulative energy (pid_to_consumption) [comm="stress_core"] ===
PID      energy            

[H[JPolling energy-fair scheduler maps every 100 millisecond(s)...
Real time since poller start: 44.204378 s
Filter: comm "stress_core"
Maps shown: power consumption 

=== PID → power (EMA) (pid_to_power) [comm="stress_core"] ===
PID      power             

=== PID → cumulative energy (pid_to_consumption) [comm="stress_core"] ===
PID      energy            

[H[JPolling energy-fair scheduler maps every 100 millisecond(s)...
Real time since poller start: 44.306678 s
Filter: comm "stress_core"
Maps shown: power consumption 

=== PID → power (EMA) (pid_to_power) [comm="stress_core"] ===
PID      power             

=== PID → cumulative energy (pid_to_consumption) [comm="stress_core"] ===
PID      energy            

[H[JPolling energy-fair scheduler maps every 100 millisecond(s)...
Real time since poller start: 44.408957 s
Filter: comm "stress_core"
Maps shown: power consumption 

=== PID → power (EMA) (pid_to_power) [comm="stress_core"] ===
PID      power             

=== PID → cumulative energy (pid_to_consumption) [comm="stress_core"] ===
PID      energy            

[H[JPolling energy-fair scheduler maps every 100 millisecond(s)...
Real time since poller start: 44.511242 s
Filter: comm "stress_core"
Maps shown: power consumption 

=== PID → power (EMA) (pid_to_power) [comm="stress_core"] ===
PID      power             

=== PID → cumulative energy (pid_to_consumption) [comm="stress_core"] ===
PID      energy            

[H[JPolling energy-fair scheduler maps every 100 millisecond(s)...
Real time since poller start: 44.613517 s
Filter: comm "stress_core"
Maps shown: power consumption 

=== PID → power (EMA) (pid_to_power) [comm="stress_core"] ===
PID      power             

=== PID → cumulative energy (pid_to_consumption) [comm="stress_core"] ===
PID      energy            

[H[JPolling energy-fair scheduler maps every 100 millisecond(s)...
Real time since poller start: 44.715803 s
Filter: comm "stress_core"
Maps shown: power consumption 

=== PID → power (EMA) (pid_to_power) [comm="stress_core"] ===
PID      power             

=== PID → cumulative energy (pid_to_consumption) [comm="stress_core"] ===
PID      energy            

[H[JPolling energy-fair scheduler maps every 100 millisecond(s)...
Real time since poller start: 44.818092 s
Filter: comm "stress_core"
Maps shown: power consumption 

=== PID → power (EMA) (pid_to_power) [comm="stress_core"] ===
PID      power             

=== PID → cumulative energy (pid_to_consumption) [comm="stress_core"] ===
PID      energy            

[H[JPolling energy-fair scheduler maps every 100 millisecond(s)...
Real time since poller start: 44.920370 s
Filter: comm "stress_core"
Maps shown: power consumption 

=== PID → power (EMA) (pid_to_power) [comm="stress_core"] ===
PID      power             

=== PID → cumulative energy (pid_to_consumption) [comm="stress_core"] ===
PID      energy            

[H[JPolling energy-fair scheduler maps every 100 millisecond(s)...
Real time since poller start: 45.022642 s
Filter: comm "stress_core"
Maps shown: power consumption 

=== PID → power (EMA) (pid_to_power) [comm="stress_core"] ===
PID      power             

=== PID → cumulative energy (pid_to_consumption) [comm="stress_core"] ===
PID      energy            

[H[JPolling energy-fair scheduler maps every 100 millisecond(s)...
Real time since poller start: 45.124915 s
Filter: comm "stress_core"
Maps shown: power consumption 

=== PID → power (EMA) (pid_to_power) [comm="stress_core"] ===
PID      power             

=== PID → cumulative energy (pid_to_consumption) [comm="stress_core"] ===
PID      energy            

[H[JPolling energy-fair scheduler maps every 100 millisecond(s)...
Real time since poller start: 45.227184 s
Filter: comm "stress_core"
Maps shown: power consumption 

=== PID → power (EMA) (pid_to_power) [comm="stress_core"] ===
PID      power             

=== PID → cumulative energy (pid_to_consumption) [comm="stress_core"] ===
PID      energy            

