Polling energy-fair scheduler maps every 100 millisecond(s)...
Filtering on comm "mem_miss"
Maps shown: total power consumption 
Press Ctrl+C to stop.

[H[JPolling energy-fair scheduler maps every 100 millisecond(s)...
Real time since poller start: 0.000025 s
Filter: comm "mem_miss"
Maps shown: total power consumption 

=== System totals (total) ===
  cpu_time:  898959009984 ns
  energy:    41158648880000 (units of your kfunc)
  uncore_energy:    973494304641830000 (units of your kfunc)

=== PID → power (EMA) (pid_to_power) [comm="mem_miss"] ===
PID      power             

=== PID → cumulative energy (pid_to_consumption) [comm="mem_miss"] ===
PID      energy            

[H[JPolling energy-fair scheduler maps every 100 millisecond(s)...
Real time since poller start: 0.124014 s
Filter: comm "mem_miss"
Maps shown: total power consumption 

=== System totals (total) ===
  cpu_time:  899004209052 ns
  energy:    41162930510000 (units of your kfunc)
  uncore_energy:    973494464171080000 (units of your kfunc)

=== PID → power (EMA) (pid_to_power) [comm="mem_miss"] ===
PID      power             

=== PID → cumulative energy (pid_to_consumption) [comm="mem_miss"] ===
PID      energy            

[H[JPolling energy-fair scheduler maps every 100 millisecond(s)...
Real time since poller start: 0.245375 s
Filter: comm "mem_miss"
Maps shown: total power consumption 

=== System totals (total) ===
  cpu_time:  899047109828 ns
  energy:    41167054490000 (units of your kfunc)
  uncore_energy:    973494614922280000 (units of your kfunc)

=== PID → power (EMA) (pid_to_power) [comm="mem_miss"] ===
PID      power             

=== PID → cumulative energy (pid_to_consumption) [comm="mem_miss"] ===
PID      energy            

[H[JPolling energy-fair scheduler maps every 100 millisecond(s)...
Real time since poller start: 0.366485 s
Filter: comm "mem_miss"
Maps shown: total power consumption 

=== System totals (total) ===
  cpu_time:  899092687955 ns
  energy:    41171216960000 (units of your kfunc)
  uncore_energy:    973494765554430000 (units of your kfunc)

=== PID → power (EMA) (pid_to_power) [comm="mem_miss"] ===
PID      power             

=== PID → cumulative energy (pid_to_consumption) [comm="mem_miss"] ===
PID      energy            

[H[JPolling energy-fair scheduler maps every 100 millisecond(s)...
Real time since poller start: 0.487599 s
Filter: comm "mem_miss"
Maps shown: total power consumption 

=== System totals (total) ===
  cpu_time:  899135528373 ns
  energy:    41175296410000 (units of your kfunc)
  uncore_energy:    973494916445220000 (units of your kfunc)

=== PID → power (EMA) (pid_to_power) [comm="mem_miss"] ===
PID      power             

=== PID → cumulative energy (pid_to_consumption) [comm="mem_miss"] ===
PID      energy            

[H[JPolling energy-fair scheduler maps every 100 millisecond(s)...
Real time since poller start: 0.608402 s
Filter: comm "mem_miss"
Maps shown: total power consumption 

=== System totals (total) ===
  cpu_time:  899179524540 ns
  energy:    41179392640000 (units of your kfunc)
  uncore_energy:    973495066775420000 (units of your kfunc)

=== PID → power (EMA) (pid_to_power) [comm="mem_miss"] ===
PID      power             

=== PID → cumulative energy (pid_to_consumption) [comm="mem_miss"] ===
PID      energy            

[H[JPolling energy-fair scheduler maps every 100 millisecond(s)...
Real time since poller start: 0.729434 s
Filter: comm "mem_miss"
Maps shown: total power consumption 

=== System totals (total) ===
  cpu_time:  899227664668 ns
  energy:    41183801040000 (units of your kfunc)
  uncore_energy:    973495217675400000 (units of your kfunc)

=== PID → power (EMA) (pid_to_power) [comm="mem_miss"] ===
PID      power             

=== PID → cumulative energy (pid_to_consumption) [comm="mem_miss"] ===
PID      energy            

[H[JPolling energy-fair scheduler maps every 100 millisecond(s)...
Real time since poller start: 0.850750 s
Filter: comm "mem_miss"
Maps shown: total power consumption 

=== System totals (total) ===
  cpu_time:  899273521005 ns
  energy:    41188367390000 (units of your kfunc)
  uncore_energy:    973495369296940000 (units of your kfunc)

=== PID → power (EMA) (pid_to_power) [comm="mem_miss"] ===
PID      power             

=== PID → cumulative energy (pid_to_consumption) [comm="mem_miss"] ===
PID      energy            

[H[JPolling energy-fair scheduler maps every 100 millisecond(s)...
Real time since poller start: 0.971446 s
Filter: comm "mem_miss"
Maps shown: total power consumption 

=== System totals (total) ===
  cpu_time:  899318432118 ns
  energy:    41193058250000 (units of your kfunc)
  uncore_energy:    973495517600310000 (units of your kfunc)

=== PID → power (EMA) (pid_to_power) [comm="mem_miss"] ===
PID      power             

=== PID → cumulative energy (pid_to_consumption) [comm="mem_miss"] ===
PID      energy            

[H[JPolling energy-fair scheduler maps every 100 millisecond(s)...
Real time since poller start: 1.092758 s
Filter: comm "mem_miss"
Maps shown: total power consumption 

=== System totals (total) ===
  cpu_time:  899367113927 ns
  energy:    41198057040000 (units of your kfunc)
  uncore_energy:    973495668446250000 (units of your kfunc)

=== PID → power (EMA) (pid_to_power) [comm="mem_miss"] ===
PID      power             

=== PID → cumulative energy (pid_to_consumption) [comm="mem_miss"] ===
PID      energy            

[H[JPolling energy-fair scheduler maps every 100 millisecond(s)...
Real time since poller start: 1.213867 s
Filter: comm "mem_miss"
Maps shown: total power consumption 

=== System totals (total) ===
  cpu_time:  899413900668 ns
  energy:    41202916190000 (units of your kfunc)
  uncore_energy:    973495818062660000 (units of your kfunc)

=== PID → power (EMA) (pid_to_power) [comm="mem_miss"] ===
PID      power             

=== PID → cumulative energy (pid_to_consumption) [comm="mem_miss"] ===
PID      energy            

[H[JPolling energy-fair scheduler maps every 100 millisecond(s)...
Real time since poller start: 1.334745 s
Filter: comm "mem_miss"
Maps shown: total power consumption 

=== System totals (total) ===
  cpu_time:  899470387147 ns
  energy:    41208221680000 (units of your kfunc)
  uncore_energy:    973495967943020000 (units of your kfunc)

=== PID → power (EMA) (pid_to_power) [comm="mem_miss"] ===
PID      power             

=== PID → cumulative energy (pid_to_consumption) [comm="mem_miss"] ===
PID      energy            

[H[JPolling energy-fair scheduler maps every 100 millisecond(s)...
Real time since poller start: 1.455558 s
Filter: comm "mem_miss"
Maps shown: total power consumption 

=== System totals (total) ===
  cpu_time:  899516776141 ns
  energy:    41212905050000 (units of your kfunc)
  uncore_energy:    973496116672280000 (units of your kfunc)

=== PID → power (EMA) (pid_to_power) [comm="mem_miss"] ===
PID      power             

=== PID → cumulative energy (pid_to_consumption) [comm="mem_miss"] ===
PID      energy            

[H[JPolling energy-fair scheduler maps every 100 millisecond(s)...
Real time since poller start: 1.576447 s
Filter: comm "mem_miss"
Maps shown: total power consumption 

=== System totals (total) ===
  cpu_time:  899576301803 ns
  energy:    41218077030000 (units of your kfunc)
  uncore_energy:    973496266785330000 (units of your kfunc)

=== PID → power (EMA) (pid_to_power) [comm="mem_miss"] ===
PID      power             

=== PID → cumulative energy (pid_to_consumption) [comm="mem_miss"] ===
PID      energy            

[H[JPolling energy-fair scheduler maps every 100 millisecond(s)...
Real time since poller start: 1.697357 s
Filter: comm "mem_miss"
Maps shown: total power consumption 

=== System totals (total) ===
  cpu_time:  899622243885 ns
  energy:    41222578390000 (units of your kfunc)
  uncore_energy:    973496416825140000 (units of your kfunc)

=== PID → power (EMA) (pid_to_power) [comm="mem_miss"] ===
PID      power             

=== PID → cumulative energy (pid_to_consumption) [comm="mem_miss"] ===
PID      energy            

[H[JPolling energy-fair scheduler maps every 100 millisecond(s)...
Real time since poller start: 1.818771 s
Filter: comm "mem_miss"
Maps shown: total power consumption 

=== System totals (total) ===
  cpu_time:  899673105935 ns
  energy:    41227005140000 (units of your kfunc)
  uncore_energy:    973496568938310000 (units of your kfunc)

=== PID → power (EMA) (pid_to_power) [comm="mem_miss"] ===
PID      power             

=== PID → cumulative energy (pid_to_consumption) [comm="mem_miss"] ===
PID      energy            

[H[JPolling energy-fair scheduler maps every 100 millisecond(s)...
Real time since poller start: 1.940077 s
Filter: comm "mem_miss"
Maps shown: total power consumption 

=== System totals (total) ===
  cpu_time:  899718580429 ns
  energy:    41231077260000 (units of your kfunc)
  uncore_energy:    973496719738780000 (units of your kfunc)

=== PID → power (EMA) (pid_to_power) [comm="mem_miss"] ===
PID      power             

=== PID → cumulative energy (pid_to_consumption) [comm="mem_miss"] ===
PID      energy            

[H[JPolling energy-fair scheduler maps every 100 millisecond(s)...
Real time since poller start: 2.061451 s
Filter: comm "mem_miss"
Maps shown: total power consumption 

=== System totals (total) ===
  cpu_time:  899767232327 ns
  energy:    41235294630000 (units of your kfunc)
  uncore_energy:    973496870849320000 (units of your kfunc)

=== PID → power (EMA) (pid_to_power) [comm="mem_miss"] ===
PID      power             

=== PID → cumulative energy (pid_to_consumption) [comm="mem_miss"] ===
PID      energy            

[H[JPolling energy-fair scheduler maps every 100 millisecond(s)...
Real time since poller start: 2.182379 s
Filter: comm "mem_miss"
Maps shown: total power consumption 

=== System totals (total) ===
  cpu_time:  899812835751 ns
  energy:    41239426110000 (units of your kfunc)
  uncore_energy:    973497022071380000 (units of your kfunc)

=== PID → power (EMA) (pid_to_power) [comm="mem_miss"] ===
PID      power             

=== PID → cumulative energy (pid_to_consumption) [comm="mem_miss"] ===
PID      energy            

[H[JPolling energy-fair scheduler maps every 100 millisecond(s)...
Real time since poller start: 2.303844 s
Filter: comm "mem_miss"
Maps shown: total power consumption 

=== System totals (total) ===
  cpu_time:  899889806352 ns
  energy:    41244264080000 (units of your kfunc)
  uncore_energy:    973497176666550000 (units of your kfunc)

=== PID → power (EMA) (pid_to_power) [comm="mem_miss"] ===
PID      power             

=== PID → cumulative energy (pid_to_consumption) [comm="mem_miss"] ===
PID      energy            

[H[JPolling energy-fair scheduler maps every 100 millisecond(s)...
Real time since poller start: 2.424660 s
Filter: comm "mem_miss"
Maps shown: total power consumption 

=== System totals (total) ===
  cpu_time:  900028045244 ns
  energy:    41250416790000 (units of your kfunc)
  uncore_energy:    973497330106730000 (units of your kfunc)

=== PID → power (EMA) (pid_to_power) [comm="mem_miss"] ===
PID      power             

=== PID → cumulative energy (pid_to_consumption) [comm="mem_miss"] ===
PID      energy            

[H[JPolling energy-fair scheduler maps every 100 millisecond(s)...
Real time since poller start: 2.545771 s
Filter: comm "mem_miss"
Maps shown: total power consumption 

=== System totals (total) ===
  cpu_time:  900177900016 ns
  energy:    41257515150000 (units of your kfunc)
  uncore_energy:    973497493214670000 (units of your kfunc)

=== PID → power (EMA) (pid_to_power) [comm="mem_miss"] ===
PID      power             

=== PID → cumulative energy (pid_to_consumption) [comm="mem_miss"] ===
PID      energy            

[H[JPolling energy-fair scheduler maps every 100 millisecond(s)...
Real time since poller start: 2.667874 s
Filter: comm "mem_miss"
Maps shown: total power consumption 

=== System totals (total) ===
  cpu_time:  900223875191 ns
  energy:    41261177000000 (units of your kfunc)
  uncore_energy:    973497647229060000 (units of your kfunc)

=== PID → power (EMA) (pid_to_power) [comm="mem_miss"] ===
PID      power             

=== PID → cumulative energy (pid_to_consumption) [comm="mem_miss"] ===
PID      energy            

[H[JPolling energy-fair scheduler maps every 100 millisecond(s)...
Real time since poller start: 2.788812 s
Filter: comm "mem_miss"
Maps shown: total power consumption 

=== System totals (total) ===
  cpu_time:  900265258400 ns
  energy:    41264364400000 (units of your kfunc)
  uncore_energy:    973497798735270000 (units of your kfunc)

=== PID → power (EMA) (pid_to_power) [comm="mem_miss"] ===
PID      power             

=== PID → cumulative energy (pid_to_consumption) [comm="mem_miss"] ===
PID      energy            

[H[JPolling energy-fair scheduler maps every 100 millisecond(s)...
Real time since poller start: 2.910189 s
Filter: comm "mem_miss"
Maps shown: total power consumption 

=== System totals (total) ===
  cpu_time:  900305635904 ns
  energy:    41267454750000 (units of your kfunc)
  uncore_energy:    973497950434950000 (units of your kfunc)

=== PID → power (EMA) (pid_to_power) [comm="mem_miss"] ===
PID      power             

=== PID → cumulative energy (pid_to_consumption) [comm="mem_miss"] ===
PID      energy            

[H[JPolling energy-fair scheduler maps every 100 millisecond(s)...
Real time since poller start: 3.031149 s
Filter: comm "mem_miss"
Maps shown: total power consumption 

=== System totals (total) ===
  cpu_time:  900358935658 ns
  energy:    41270976010000 (units of your kfunc)
  uncore_energy:    973498102086270000 (units of your kfunc)

=== PID → power (EMA) (pid_to_power) [comm="mem_miss"] ===
PID      power             

=== PID → cumulative energy (pid_to_consumption) [comm="mem_miss"] ===
PID      energy            

[H[JPolling energy-fair scheduler maps every 100 millisecond(s)...
Real time since poller start: 3.151981 s
Filter: comm "mem_miss"
Maps shown: total power consumption 

=== System totals (total) ===
  cpu_time:  900399486442 ns
  energy:    41273978320000 (units of your kfunc)
  uncore_energy:    973498253506720000 (units of your kfunc)

=== PID → power (EMA) (pid_to_power) [comm="mem_miss"] ===
PID      power             

=== PID → cumulative energy (pid_to_consumption) [comm="mem_miss"] ===
PID      energy            

[H[JPolling energy-fair scheduler maps every 100 millisecond(s)...
Real time since poller start: 3.273146 s
Filter: comm "mem_miss"
Maps shown: total power consumption 

=== System totals (total) ===
  cpu_time:  900437621299 ns
  energy:    41276796140000 (units of your kfunc)
  uncore_energy:    973498405505490000 (units of your kfunc)

=== PID → power (EMA) (pid_to_power) [comm="mem_miss"] ===
PID      power             

=== PID → cumulative energy (pid_to_consumption) [comm="mem_miss"] ===
PID      energy            

[H[JPolling energy-fair scheduler maps every 100 millisecond(s)...
Real time since poller start: 3.394174 s
Filter: comm "mem_miss"
Maps shown: total power consumption 

=== System totals (total) ===
  cpu_time:  900476652932 ns
  energy:    41279600380000 (units of your kfunc)
  uncore_energy:    973498556815480000 (units of your kfunc)

=== PID → power (EMA) (pid_to_power) [comm="mem_miss"] ===
PID      power             

=== PID → cumulative energy (pid_to_consumption) [comm="mem_miss"] ===
PID      energy            

[H[JPolling energy-fair scheduler maps every 100 millisecond(s)...
Real time since poller start: 3.515144 s
Filter: comm "mem_miss"
Maps shown: total power consumption 

=== System totals (total) ===
  cpu_time:  900519516322 ns
  energy:    41282686660000 (units of your kfunc)
  uncore_energy:    973498708761700000 (units of your kfunc)

=== PID → power (EMA) (pid_to_power) [comm="mem_miss"] ===
PID      power             

=== PID → cumulative energy (pid_to_consumption) [comm="mem_miss"] ===
PID      energy            

[H[JPolling energy-fair scheduler maps every 100 millisecond(s)...
Real time since poller start: 3.636174 s
Filter: comm "mem_miss"
Maps shown: total power consumption 

=== System totals (total) ===
  cpu_time:  900560334929 ns
  energy:    41285549190000 (units of your kfunc)
  uncore_energy:    973498860582240000 (units of your kfunc)

=== PID → power (EMA) (pid_to_power) [comm="mem_miss"] ===
PID      power             

=== PID → cumulative energy (pid_to_consumption) [comm="mem_miss"] ===
PID      energy            

[H[JPolling energy-fair scheduler maps every 100 millisecond(s)...
Real time since poller start: 3.757340 s
Filter: comm "mem_miss"
Maps shown: total power consumption 

=== System totals (total) ===
  cpu_time:  900599850099 ns
  energy:    41288367810000 (units of your kfunc)
  uncore_energy:    973499012210340000 (units of your kfunc)

=== PID → power (EMA) (pid_to_power) [comm="mem_miss"] ===
PID      power             

=== PID → cumulative energy (pid_to_consumption) [comm="mem_miss"] ===
PID      energy            

[H[JPolling energy-fair scheduler maps every 100 millisecond(s)...
Real time since poller start: 3.878224 s
Filter: comm "mem_miss"
Maps shown: total power consumption 

=== System totals (total) ===
  cpu_time:  900638552493 ns
  energy:    41291116220000 (units of your kfunc)
  uncore_energy:    973499163863020000 (units of your kfunc)

=== PID → power (EMA) (pid_to_power) [comm="mem_miss"] ===
PID      power             

=== PID → cumulative energy (pid_to_consumption) [comm="mem_miss"] ===
PID      energy            

[H[JPolling energy-fair scheduler maps every 100 millisecond(s)...
Real time since poller start: 3.999099 s
Filter: comm "mem_miss"
Maps shown: total power consumption 

=== System totals (total) ===
  cpu_time:  900678683043 ns
  energy:    41293927490000 (units of your kfunc)
  uncore_energy:    973499316010400000 (units of your kfunc)

=== PID → power (EMA) (pid_to_power) [comm="mem_miss"] ===
PID      power             

=== PID → cumulative energy (pid_to_consumption) [comm="mem_miss"] ===
PID      energy            

[H[JPolling energy-fair scheduler maps every 100 millisecond(s)...
Real time since poller start: 4.120160 s
Filter: comm "mem_miss"
Maps shown: total power consumption 

=== System totals (total) ===
  cpu_time:  900719128967 ns
  energy:    41296775860000 (units of your kfunc)
  uncore_energy:    973499467773390000 (units of your kfunc)

=== PID → power (EMA) (pid_to_power) [comm="mem_miss"] ===
PID      power             

=== PID → cumulative energy (pid_to_consumption) [comm="mem_miss"] ===
PID      energy            

[H[JPolling energy-fair scheduler maps every 100 millisecond(s)...
Real time since poller start: 4.241173 s
Filter: comm "mem_miss"
Maps shown: total power consumption 

=== System totals (total) ===
  cpu_time:  900771128681 ns
  energy:    41300044420000 (units of your kfunc)
  uncore_energy:    973499619919260000 (units of your kfunc)

=== PID → power (EMA) (pid_to_power) [comm="mem_miss"] ===
PID      power             

=== PID → cumulative energy (pid_to_consumption) [comm="mem_miss"] ===
PID      energy            

[H[JPolling energy-fair scheduler maps every 100 millisecond(s)...
Real time since poller start: 4.361980 s
Filter: comm "mem_miss"
Maps shown: total power consumption 

=== System totals (total) ===
  cpu_time:  900811489992 ns
  energy:    41302958090000 (units of your kfunc)
  uncore_energy:    973499771888550000 (units of your kfunc)

=== PID → power (EMA) (pid_to_power) [comm="mem_miss"] ===
PID      power             

=== PID → cumulative energy (pid_to_consumption) [comm="mem_miss"] ===
PID      energy            

[H[JPolling energy-fair scheduler maps every 100 millisecond(s)...
Real time since poller start: 4.482994 s
Filter: comm "mem_miss"
Maps shown: total power consumption 

=== System totals (total) ===
  cpu_time:  900854184284 ns
  energy:    41305952910000 (units of your kfunc)
  uncore_energy:    973499923433380000 (units of your kfunc)

=== PID → power (EMA) (pid_to_power) [comm="mem_miss"] ===
PID      power             

=== PID → cumulative energy (pid_to_consumption) [comm="mem_miss"] ===
PID      energy            

[H[JPolling energy-fair scheduler maps every 100 millisecond(s)...
Real time since poller start: 4.604439 s
Filter: comm "mem_miss"
Maps shown: total power consumption 

=== System totals (total) ===
  cpu_time:  900894858598 ns
  energy:    41308802780000 (units of your kfunc)
  uncore_energy:    973500075253920000 (units of your kfunc)

=== PID → power (EMA) (pid_to_power) [comm="mem_miss"] ===
PID      power             

=== PID → cumulative energy (pid_to_consumption) [comm="mem_miss"] ===
PID      energy            

[H[JPolling energy-fair scheduler maps every 100 millisecond(s)...
Real time since poller start: 4.725365 s
Filter: comm "mem_miss"
Maps shown: total power consumption 

=== System totals (total) ===
  cpu_time:  900934185637 ns
  energy:    41311582790000 (units of your kfunc)
  uncore_energy:    973500227194060000 (units of your kfunc)

=== PID → power (EMA) (pid_to_power) [comm="mem_miss"] ===
PID      power             

=== PID → cumulative energy (pid_to_consumption) [comm="mem_miss"] ===
PID      energy            

[H[JPolling energy-fair scheduler maps every 100 millisecond(s)...
Real time since poller start: 4.846759 s
Filter: comm "mem_miss"
Maps shown: total power consumption 

=== System totals (total) ===
  cpu_time:  900973186274 ns
  energy:    41314307400000 (units of your kfunc)
  uncore_energy:    973500379975890000 (units of your kfunc)

=== PID → power (EMA) (pid_to_power) [comm="mem_miss"] ===
PID      power             

=== PID → cumulative energy (pid_to_consumption) [comm="mem_miss"] ===
PID      energy            

[H[JPolling energy-fair scheduler maps every 100 millisecond(s)...
Real time since poller start: 4.967618 s
Filter: comm "mem_miss"
Maps shown: total power consumption 

=== System totals (total) ===
  cpu_time:  901013124216 ns
  energy:    41317026970000 (units of your kfunc)
  uncore_energy:    973500530554050000 (units of your kfunc)

=== PID → power (EMA) (pid_to_power) [comm="mem_miss"] ===
PID      power             

=== PID → cumulative energy (pid_to_consumption) [comm="mem_miss"] ===
PID      energy            

[H[JPolling energy-fair scheduler maps every 100 millisecond(s)...
Real time since poller start: 5.088875 s
Filter: comm "mem_miss"
Maps shown: total power consumption 

=== System totals (total) ===
  cpu_time:  901054098170 ns
  energy:    41319945180000 (units of your kfunc)
  uncore_energy:    973500683379250000 (units of your kfunc)

=== PID → power (EMA) (pid_to_power) [comm="mem_miss"] ===
PID      power             

=== PID → cumulative energy (pid_to_consumption) [comm="mem_miss"] ===
PID      energy            

[H[JPolling energy-fair scheduler maps every 100 millisecond(s)...
Real time since poller start: 5.210179 s
Filter: comm "mem_miss"
Maps shown: total power consumption 

=== System totals (total) ===
  cpu_time:  901092910991 ns
  energy:    41322650710000 (units of your kfunc)
  uncore_energy:    973500835050700000 (units of your kfunc)

=== PID → power (EMA) (pid_to_power) [comm="mem_miss"] ===
PID      power             

=== PID → cumulative energy (pid_to_consumption) [comm="mem_miss"] ===
PID      energy            

[H[JPolling energy-fair scheduler maps every 100 millisecond(s)...
Real time since poller start: 5.331423 s
Filter: comm "mem_miss"
Maps shown: total power consumption 

=== System totals (total) ===
  cpu_time:  901132688165 ns
  energy:    41325355190000 (units of your kfunc)
  uncore_energy:    973500986853510000 (units of your kfunc)

=== PID → power (EMA) (pid_to_power) [comm="mem_miss"] ===
PID      power             

=== PID → cumulative energy (pid_to_consumption) [comm="mem_miss"] ===
PID      energy            

[H[JPolling energy-fair scheduler maps every 100 millisecond(s)...
Real time since poller start: 5.452954 s
Filter: comm "mem_miss"
Maps shown: total power consumption 

=== System totals (total) ===
  cpu_time:  901174032317 ns
  energy:    41328223350000 (units of your kfunc)
  uncore_energy:    973501140125030000 (units of your kfunc)

=== PID → power (EMA) (pid_to_power) [comm="mem_miss"] ===
PID      power             

=== PID → cumulative energy (pid_to_consumption) [comm="mem_miss"] ===
PID      energy            

[H[JPolling energy-fair scheduler maps every 100 millisecond(s)...
Real time since poller start: 5.574256 s
Filter: comm "mem_miss"
Maps shown: total power consumption 

=== System totals (total) ===
  cpu_time:  901212748945 ns
  energy:    41330890900000 (units of your kfunc)
  uncore_energy:    973501291338250000 (units of your kfunc)

=== PID → power (EMA) (pid_to_power) [comm="mem_miss"] ===
PID      power             

=== PID → cumulative energy (pid_to_consumption) [comm="mem_miss"] ===
PID      energy            

[H[JPolling energy-fair scheduler maps every 100 millisecond(s)...
Real time since poller start: 5.695175 s
Filter: comm "mem_miss"
Maps shown: total power consumption 

=== System totals (total) ===
  cpu_time:  901252436002 ns
  energy:    41333690120000 (units of your kfunc)
  uncore_energy:    973501440927790000 (units of your kfunc)

=== PID → power (EMA) (pid_to_power) [comm="mem_miss"] ===
PID      power             

=== PID → cumulative energy (pid_to_consumption) [comm="mem_miss"] ===
PID      energy            

[H[JPolling energy-fair scheduler maps every 100 millisecond(s)...
Real time since poller start: 5.816157 s
Filter: comm "mem_miss"
Maps shown: total power consumption 

=== System totals (total) ===
  cpu_time:  901307448327 ns
  energy:    41337183010000 (units of your kfunc)
  uncore_energy:    973501594957030000 (units of your kfunc)

=== PID → power (EMA) (pid_to_power) [comm="mem_miss"] ===
PID      power             

=== PID → cumulative energy (pid_to_consumption) [comm="mem_miss"] ===
PID      energy            

[H[JPolling energy-fair scheduler maps every 100 millisecond(s)...
Real time since poller start: 5.936930 s
Filter: comm "mem_miss"
Maps shown: total power consumption 

=== System totals (total) ===
  cpu_time:  901349065106 ns
  energy:    41340085510000 (units of your kfunc)
  uncore_energy:    973501746787040000 (units of your kfunc)

=== PID → power (EMA) (pid_to_power) [comm="mem_miss"] ===
PID      power             

=== PID → cumulative energy (pid_to_consumption) [comm="mem_miss"] ===
PID      energy            

[H[JPolling energy-fair scheduler maps every 100 millisecond(s)...
Real time since poller start: 6.057590 s
Filter: comm "mem_miss"
Maps shown: total power consumption 

=== System totals (total) ===
  cpu_time:  901388939625 ns
  energy:    41342836210000 (units of your kfunc)
  uncore_energy:    973501896911710000 (units of your kfunc)

=== PID → power (EMA) (pid_to_power) [comm="mem_miss"] ===
PID      power             

=== PID → cumulative energy (pid_to_consumption) [comm="mem_miss"] ===
PID      energy            

[H[JPolling energy-fair scheduler maps every 100 millisecond(s)...
Real time since poller start: 6.178972 s
Filter: comm "mem_miss"
Maps shown: total power consumption 

=== System totals (total) ===
  cpu_time:  901432421636 ns
  energy:    41345819150000 (units of your kfunc)
  uncore_energy:    973502049966210000 (units of your kfunc)

=== PID → power (EMA) (pid_to_power) [comm="mem_miss"] ===
PID      power             

=== PID → cumulative energy (pid_to_consumption) [comm="mem_miss"] ===
PID      energy            

[H[JPolling energy-fair scheduler maps every 100 millisecond(s)...
Real time since poller start: 6.299939 s
Filter: comm "mem_miss"
Maps shown: total power consumption 

=== System totals (total) ===
  cpu_time:  901473574721 ns
  energy:    41348687500000 (units of your kfunc)
  uncore_energy:    973502201520010000 (units of your kfunc)

=== PID → power (EMA) (pid_to_power) [comm="mem_miss"] ===
PID      power             

=== PID → cumulative energy (pid_to_consumption) [comm="mem_miss"] ===
PID      energy            

[H[JPolling energy-fair scheduler maps every 100 millisecond(s)...
Real time since poller start: 6.420732 s
Filter: comm "mem_miss"
Maps shown: total power consumption 

=== System totals (total) ===
  cpu_time:  901512383023 ns
  energy:    41351412870000 (units of your kfunc)
  uncore_energy:    973502353668000000 (units of your kfunc)

=== PID → power (EMA) (pid_to_power) [comm="mem_miss"] ===
PID      power             

=== PID → cumulative energy (pid_to_consumption) [comm="mem_miss"] ===
PID      energy            

[H[JPolling energy-fair scheduler maps every 100 millisecond(s)...
Real time since poller start: 6.542015 s
Filter: comm "mem_miss"
Maps shown: total power consumption 

=== System totals (total) ===
  cpu_time:  901552479512 ns
  energy:    41354182200000 (units of your kfunc)
  uncore_energy:    973502505864790000 (units of your kfunc)

=== PID → power (EMA) (pid_to_power) [comm="mem_miss"] ===
PID      power             

=== PID → cumulative energy (pid_to_consumption) [comm="mem_miss"] ===
PID      energy            

[H[JPolling energy-fair scheduler maps every 100 millisecond(s)...
Real time since poller start: 6.662721 s
Filter: comm "mem_miss"
Maps shown: total power consumption 

=== System totals (total) ===
  cpu_time:  901591559909 ns
  energy:    41356866390000 (units of your kfunc)
  uncore_energy:    973502656972560000 (units of your kfunc)

=== PID → power (EMA) (pid_to_power) [comm="mem_miss"] ===
PID      power             

=== PID → cumulative energy (pid_to_consumption) [comm="mem_miss"] ===
PID      energy            

[H[JPolling energy-fair scheduler maps every 100 millisecond(s)...
Real time since poller start: 6.783907 s
Filter: comm "mem_miss"
Maps shown: total power consumption 

=== System totals (total) ===
  cpu_time:  901633196166 ns
  energy:    41359694450000 (units of your kfunc)
  uncore_energy:    973502810060180000 (units of your kfunc)

=== PID → power (EMA) (pid_to_power) [comm="mem_miss"] ===
PID      power             

=== PID → cumulative energy (pid_to_consumption) [comm="mem_miss"] ===
PID      energy            

[H[JPolling energy-fair scheduler maps every 100 millisecond(s)...
Real time since poller start: 6.904619 s
Filter: comm "mem_miss"
Maps shown: total power consumption 

=== System totals (total) ===
  cpu_time:  901680960567 ns
  energy:    41362585220000 (units of your kfunc)
  uncore_energy:    973502961409680000 (units of your kfunc)

=== PID → power (EMA) (pid_to_power) [comm="mem_miss"] ===
PID      power             

=== PID → cumulative energy (pid_to_consumption) [comm="mem_miss"] ===
PID      energy            

[H[JPolling energy-fair scheduler maps every 100 millisecond(s)...
Real time since poller start: 7.025368 s
Filter: comm "mem_miss"
Maps shown: total power consumption 

=== System totals (total) ===
  cpu_time:  901719497359 ns
  energy:    41365216450000 (units of your kfunc)
  uncore_energy:    973503112352510000 (units of your kfunc)

=== PID → power (EMA) (pid_to_power) [comm="mem_miss"] ===
PID      power             

=== PID → cumulative energy (pid_to_consumption) [comm="mem_miss"] ===
PID      energy            

[H[JPolling energy-fair scheduler maps every 100 millisecond(s)...
Real time since poller start: 7.146206 s
Filter: comm "mem_miss"
Maps shown: total power consumption 

=== System totals (total) ===
  cpu_time:  901757816830 ns
  energy:    41367612250000 (units of your kfunc)
  uncore_energy:    973503266297810000 (units of your kfunc)

=== PID → power (EMA) (pid_to_power) [comm="mem_miss"] ===
PID      power             

=== PID → cumulative energy (pid_to_consumption) [comm="mem_miss"] ===
PID      energy            

[H[JPolling energy-fair scheduler maps every 100 millisecond(s)...
Real time since poller start: 7.267058 s
Filter: comm "mem_miss"
Maps shown: total power consumption 

=== System totals (total) ===
  cpu_time:  901804464944 ns
  energy:    41370232290000 (units of your kfunc)
  uncore_energy:    973503419351140000 (units of your kfunc)

=== PID → power (EMA) (pid_to_power) [comm="mem_miss"] ===
PID      power             

=== PID → cumulative energy (pid_to_consumption) [comm="mem_miss"] ===
PID      energy            

[H[JPolling energy-fair scheduler maps every 100 millisecond(s)...
Real time since poller start: 7.388395 s
Filter: comm "mem_miss"
Maps shown: total power consumption 

=== System totals (total) ===
  cpu_time:  901837576246 ns
  energy:    41372302870000 (units of your kfunc)
  uncore_energy:    973503569234910000 (units of your kfunc)

=== PID → power (EMA) (pid_to_power) [comm="mem_miss"] ===
PID      power             

=== PID → cumulative energy (pid_to_consumption) [comm="mem_miss"] ===
PID      energy            

[H[JPolling energy-fair scheduler maps every 100 millisecond(s)...
Real time since poller start: 7.509767 s
Filter: comm "mem_miss"
Maps shown: total power consumption 

=== System totals (total) ===
  cpu_time:  901873032305 ns
  energy:    41374250200000 (units of your kfunc)
  uncore_energy:    973503725187660000 (units of your kfunc)

=== PID → power (EMA) (pid_to_power) [comm="mem_miss"] ===
PID      power             

=== PID → cumulative energy (pid_to_consumption) [comm="mem_miss"] ===
PID      energy            

[H[JPolling energy-fair scheduler maps every 100 millisecond(s)...
Real time since poller start: 7.630551 s
Filter: comm "mem_miss"
Maps shown: total power consumption 

=== System totals (total) ===
  cpu_time:  901914204053 ns
  energy:    41377031410000 (units of your kfunc)
  uncore_energy:    973503884347370000 (units of your kfunc)

=== PID → power (EMA) (pid_to_power) [comm="mem_miss"] ===
PID      power             

=== PID → cumulative energy (pid_to_consumption) [comm="mem_miss"] ===
PID      energy            

[H[JPolling energy-fair scheduler maps every 100 millisecond(s)...
Real time since poller start: 7.751528 s
Filter: comm "mem_miss"
Maps shown: total power consumption 

=== System totals (total) ===
  cpu_time:  901953241763 ns
  energy:    41379606030000 (units of your kfunc)
  uncore_energy:    973504036127150000 (units of your kfunc)

=== PID → power (EMA) (pid_to_power) [comm="mem_miss"] ===
PID      power             

=== PID → cumulative energy (pid_to_consumption) [comm="mem_miss"] ===
PID      energy            

[H[JPolling energy-fair scheduler maps every 100 millisecond(s)...
Real time since poller start: 7.872464 s
Filter: comm "mem_miss"
Maps shown: total power consumption 

=== System totals (total) ===
  cpu_time:  901993998031 ns
  energy:    41382433030000 (units of your kfunc)
  uncore_energy:    973504188857860000 (units of your kfunc)

=== PID → power (EMA) (pid_to_power) [comm="mem_miss"] ===
PID      power             

=== PID → cumulative energy (pid_to_consumption) [comm="mem_miss"] ===
PID      energy            

[H[JPolling energy-fair scheduler maps every 100 millisecond(s)...
Real time since poller start: 7.993901 s
Filter: comm "mem_miss"
Maps shown: total power consumption 

=== System totals (total) ===
  cpu_time:  902048694680 ns
  energy:    41385931860000 (units of your kfunc)
  uncore_energy:    973504341759630000 (units of your kfunc)

=== PID → power (EMA) (pid_to_power) [comm="mem_miss"] ===
PID      power             

=== PID → cumulative energy (pid_to_consumption) [comm="mem_miss"] ===
PID      energy            

[H[JPolling energy-fair scheduler maps every 100 millisecond(s)...
Real time since poller start: 8.115165 s
Filter: comm "mem_miss"
Maps shown: total power consumption 

=== System totals (total) ===
  cpu_time:  902206597592 ns
  energy:    41391349540000 (units of your kfunc)
  uncore_energy:    973504496677190000 (units of your kfunc)

=== PID → power (EMA) (pid_to_power) [comm="mem_miss"] ===
PID      power             

=== PID → cumulative energy (pid_to_consumption) [comm="mem_miss"] ===
PID      energy            

[H[JPolling energy-fair scheduler maps every 100 millisecond(s)...
Real time since poller start: 8.236456 s
Filter: comm "mem_miss"
Maps shown: total power consumption 

=== System totals (total) ===
  cpu_time:  902364367773 ns
  energy:    41396088130000 (units of your kfunc)
  uncore_energy:    973504652168700000 (units of your kfunc)

=== PID → power (EMA) (pid_to_power) [comm="mem_miss"] ===
PID      power             

=== PID → cumulative energy (pid_to_consumption) [comm="mem_miss"] ===
PID      energy            

[H[JPolling energy-fair scheduler maps every 100 millisecond(s)...
Real time since poller start: 8.359387 s
Filter: comm "mem_miss"
Maps shown: total power consumption 

=== System totals (total) ===
  cpu_time:  902435748077 ns
  energy:    41399563800000 (units of your kfunc)
  uncore_energy:    973504801075540000 (units of your kfunc)

=== PID → power (EMA) (pid_to_power) [comm="mem_miss"] ===
PID      power             

=== PID → cumulative energy (pid_to_consumption) [comm="mem_miss"] ===
PID      energy            

[H[JPolling energy-fair scheduler maps every 100 millisecond(s)...
Real time since poller start: 8.480869 s
Filter: comm "mem_miss"
Maps shown: total power consumption 

=== System totals (total) ===
  cpu_time:  902464508486 ns
  energy:    41401096240000 (units of your kfunc)
  uncore_energy:    973504967770640000 (units of your kfunc)

=== PID → power (EMA) (pid_to_power) [comm="mem_miss"] ===
PID      power             

=== PID → cumulative energy (pid_to_consumption) [comm="mem_miss"] ===
PID      energy            

[H[JPolling energy-fair scheduler maps every 100 millisecond(s)...
Real time since poller start: 8.601897 s
Filter: comm "mem_miss"
Maps shown: total power consumption 

=== System totals (total) ===
  cpu_time:  902493125603 ns
  energy:    41402496860000 (units of your kfunc)
  uncore_energy:    973505118031090000 (units of your kfunc)

=== PID → power (EMA) (pid_to_power) [comm="mem_miss"] ===
PID      power             

=== PID → cumulative energy (pid_to_consumption) [comm="mem_miss"] ===
PID      energy            

[H[JPolling energy-fair scheduler maps every 100 millisecond(s)...
Real time since poller start: 8.723347 s
Filter: comm "mem_miss"
Maps shown: total power consumption 

=== System totals (total) ===
  cpu_time:  902534867329 ns
  energy:    41404520060000 (units of your kfunc)
  uncore_energy:    973505269156240000 (units of your kfunc)

=== PID → power (EMA) (pid_to_power) [comm="mem_miss"] ===
PID      power             

=== PID → cumulative energy (pid_to_consumption) [comm="mem_miss"] ===
PID      energy            

[H[JPolling energy-fair scheduler maps every 100 millisecond(s)...
Real time since poller start: 8.844794 s
Filter: comm "mem_miss"
Maps shown: total power consumption 

=== System totals (total) ===
  cpu_time:  902564477771 ns
  energy:    41405944290000 (units of your kfunc)
  uncore_energy:    973505426348340000 (units of your kfunc)

=== PID → power (EMA) (pid_to_power) [comm="mem_miss"] ===
PID      power             

=== PID → cumulative energy (pid_to_consumption) [comm="mem_miss"] ===
PID      energy            

[H[JPolling energy-fair scheduler maps every 100 millisecond(s)...
Real time since poller start: 8.966132 s
Filter: comm "mem_miss"
Maps shown: total power consumption 

=== System totals (total) ===
  cpu_time:  902591639837 ns
  energy:    41407268910000 (units of your kfunc)
  uncore_energy:    973505583000860000 (units of your kfunc)

=== PID → power (EMA) (pid_to_power) [comm="mem_miss"] ===
PID      power             

=== PID → cumulative energy (pid_to_consumption) [comm="mem_miss"] ===
PID      energy            

[H[JPolling energy-fair scheduler maps every 100 millisecond(s)...
Real time since poller start: 9.087405 s
Filter: comm "mem_miss"
Maps shown: total power consumption 

=== System totals (total) ===
  cpu_time:  902619614349 ns
  energy:    41408666310000 (units of your kfunc)
  uncore_energy:    973505734624850000 (units of your kfunc)

=== PID → power (EMA) (pid_to_power) [comm="mem_miss"] ===
PID      power             

=== PID → cumulative energy (pid_to_consumption) [comm="mem_miss"] ===
PID      energy            

[H[JPolling energy-fair scheduler maps every 100 millisecond(s)...
Real time since poller start: 9.208805 s
Filter: comm "mem_miss"
Maps shown: total power consumption 

=== System totals (total) ===
  cpu_time:  902646476623 ns
  energy:    41409932000000 (units of your kfunc)
  uncore_energy:    973505883286680000 (units of your kfunc)

=== PID → power (EMA) (pid_to_power) [comm="mem_miss"] ===
PID      power             

=== PID → cumulative energy (pid_to_consumption) [comm="mem_miss"] ===
PID      energy            

[H[JPolling energy-fair scheduler maps every 100 millisecond(s)...
Real time since poller start: 9.330066 s
Filter: comm "mem_miss"
Maps shown: total power consumption 

=== System totals (total) ===
  cpu_time:  902674065225 ns
  energy:    41411345250000 (units of your kfunc)
  uncore_energy:    973506040708120000 (units of your kfunc)

=== PID → power (EMA) (pid_to_power) [comm="mem_miss"] ===
PID      power             

=== PID → cumulative energy (pid_to_consumption) [comm="mem_miss"] ===
PID      energy            

[H[JPolling energy-fair scheduler maps every 100 millisecond(s)...
Real time since poller start: 9.451196 s
Filter: comm "mem_miss"
Maps shown: total power consumption 

=== System totals (total) ===
  cpu_time:  902701161334 ns
  energy:    41412644660000 (units of your kfunc)
  uncore_energy:    973506198060600000 (units of your kfunc)

=== PID → power (EMA) (pid_to_power) [comm="mem_miss"] ===
PID      power             

=== PID → cumulative energy (pid_to_consumption) [comm="mem_miss"] ===
PID      energy            

[H[JPolling energy-fair scheduler maps every 100 millisecond(s)...
Real time since poller start: 9.572472 s
Filter: comm "mem_miss"
Maps shown: total power consumption 

=== System totals (total) ===
  cpu_time:  902728274528 ns
  energy:    41413951450000 (units of your kfunc)
  uncore_energy:    973506348088950000 (units of your kfunc)

=== PID → power (EMA) (pid_to_power) [comm="mem_miss"] ===
PID      power             

=== PID → cumulative energy (pid_to_consumption) [comm="mem_miss"] ===
PID      energy            

[H[JPolling energy-fair scheduler maps every 100 millisecond(s)...
Real time since poller start: 9.693422 s
Filter: comm "mem_miss"
Maps shown: total power consumption 

=== System totals (total) ===
  cpu_time:  902758889492 ns
  energy:    41415407870000 (units of your kfunc)
  uncore_energy:    973506495354150000 (units of your kfunc)

=== PID → power (EMA) (pid_to_power) [comm="mem_miss"] ===
PID      power             

=== PID → cumulative energy (pid_to_consumption) [comm="mem_miss"] ===
PID      energy            

[H[JPolling energy-fair scheduler maps every 100 millisecond(s)...
Real time since poller start: 9.814450 s
Filter: comm "mem_miss"
Maps shown: total power consumption 

=== System totals (total) ===
  cpu_time:  902784475714 ns
  energy:    41416637120000 (units of your kfunc)
  uncore_energy:    973506643938280000 (units of your kfunc)

=== PID → power (EMA) (pid_to_power) [comm="mem_miss"] ===
PID      power             

=== PID → cumulative energy (pid_to_consumption) [comm="mem_miss"] ===
PID      energy            

[H[JPolling energy-fair scheduler maps every 100 millisecond(s)...
Real time since poller start: 9.935769 s
Filter: comm "mem_miss"
Maps shown: total power consumption 

=== System totals (total) ===
  cpu_time:  902823939339 ns
  energy:    41418468660000 (units of your kfunc)
  uncore_energy:    973506816034970000 (units of your kfunc)

=== PID → power (EMA) (pid_to_power) [comm="mem_miss"] ===
PID      power             

=== PID → cumulative energy (pid_to_consumption) [comm="mem_miss"] ===
PID      energy            

[H[JPolling energy-fair scheduler maps every 100 millisecond(s)...
Real time since poller start: 10.057089 s
Filter: comm "mem_miss"
Maps shown: total power consumption 

=== System totals (total) ===
  cpu_time:  902852591034 ns
  energy:    41419895300000 (units of your kfunc)
  uncore_energy:    973506969949360000 (units of your kfunc)

=== PID → power (EMA) (pid_to_power) [comm="mem_miss"] ===
PID      power             

=== PID → cumulative energy (pid_to_consumption) [comm="mem_miss"] ===
PID      energy            

[H[JPolling energy-fair scheduler maps every 100 millisecond(s)...
Real time since poller start: 10.178344 s
Filter: comm "mem_miss"
Maps shown: total power consumption 

=== System totals (total) ===
  cpu_time:  902878864075 ns
  energy:    41421156590000 (units of your kfunc)
  uncore_energy:    973507125466020000 (units of your kfunc)

=== PID → power (EMA) (pid_to_power) [comm="mem_miss"] ===
PID      power             

=== PID → cumulative energy (pid_to_consumption) [comm="mem_miss"] ===
PID      energy            

[H[JPolling energy-fair scheduler maps every 100 millisecond(s)...
Real time since poller start: 10.299743 s
Filter: comm "mem_miss"
Maps shown: total power consumption 

=== System totals (total) ===
  cpu_time:  902903553630 ns
  energy:    41422309220000 (units of your kfunc)
  uncore_energy:    973507220444220000 (units of your kfunc)

=== PID → power (EMA) (pid_to_power) [comm="mem_miss"] ===
PID      power             

=== PID → cumulative energy (pid_to_consumption) [comm="mem_miss"] ===
PID      energy            

[H[JPolling energy-fair scheduler maps every 100 millisecond(s)...
Real time since poller start: 10.420804 s
Filter: comm "mem_miss"
Maps shown: total power consumption 

=== System totals (total) ===
  cpu_time:  902925958483 ns
  energy:    41423316900000 (units of your kfunc)
  uncore_energy:    973507376323140000 (units of your kfunc)

=== PID → power (EMA) (pid_to_power) [comm="mem_miss"] ===
PID      power             

=== PID → cumulative energy (pid_to_consumption) [comm="mem_miss"] ===
PID      energy            

[H[JPolling energy-fair scheduler maps every 100 millisecond(s)...
Real time since poller start: 10.541748 s
Filter: comm "mem_miss"
Maps shown: total power consumption 

=== System totals (total) ===
  cpu_time:  902949528403 ns
  energy:    41424385620000 (units of your kfunc)
  uncore_energy:    973507532649590000 (units of your kfunc)

=== PID → power (EMA) (pid_to_power) [comm="mem_miss"] ===
PID      power             

=== PID → cumulative energy (pid_to_consumption) [comm="mem_miss"] ===
PID      energy            

[H[JPolling energy-fair scheduler maps every 100 millisecond(s)...
Real time since poller start: 10.663231 s
Filter: comm "mem_miss"
Maps shown: total power consumption 

=== System totals (total) ===
  cpu_time:  902973773954 ns
  energy:    41425512460000 (units of your kfunc)
  uncore_energy:    973507714007340000 (units of your kfunc)

=== PID → power (EMA) (pid_to_power) [comm="mem_miss"] ===
PID      power             

=== PID → cumulative energy (pid_to_consumption) [comm="mem_miss"] ===
PID      energy            

[H[JPolling energy-fair scheduler maps every 100 millisecond(s)...
Real time since poller start: 10.784223 s
Filter: comm "mem_miss"
Maps shown: total power consumption 

=== System totals (total) ===
  cpu_time:  902998593762 ns
  energy:    41426653990000 (units of your kfunc)
  uncore_energy:    973507909805510000 (units of your kfunc)

=== PID → power (EMA) (pid_to_power) [comm="mem_miss"] ===
PID      power             

=== PID → cumulative energy (pid_to_consumption) [comm="mem_miss"] ===
PID      energy            

[H[JPolling energy-fair scheduler maps every 100 millisecond(s)...
Real time since poller start: 10.905252 s
Filter: comm "mem_miss"
Maps shown: total power consumption 

=== System totals (total) ===
  cpu_time:  903021125975 ns
  energy:    41427647200000 (units of your kfunc)
  uncore_energy:    973508003493540000 (units of your kfunc)

=== PID → power (EMA) (pid_to_power) [comm="mem_miss"] ===
PID      power             

=== PID → cumulative energy (pid_to_consumption) [comm="mem_miss"] ===
PID      energy            

[H[JPolling energy-fair scheduler maps every 100 millisecond(s)...
Real time since poller start: 11.026586 s
Filter: comm "mem_miss"
Maps shown: total power consumption 

=== System totals (total) ===
  cpu_time:  903045226316 ns
  energy:    41428704900000 (units of your kfunc)
  uncore_energy:    973508162622760000 (units of your kfunc)

=== PID → power (EMA) (pid_to_power) [comm="mem_miss"] ===
PID      power             

=== PID → cumulative energy (pid_to_consumption) [comm="mem_miss"] ===
PID      energy            

[H[JPolling energy-fair scheduler maps every 100 millisecond(s)...
Real time since poller start: 11.147466 s
Filter: comm "mem_miss"
Maps shown: total power consumption 

=== System totals (total) ===
  cpu_time:  903070137299 ns
  energy:    41429862300000 (units of your kfunc)
  uncore_energy:    973508319270390000 (units of your kfunc)

=== PID → power (EMA) (pid_to_power) [comm="mem_miss"] ===
PID      power             

=== PID → cumulative energy (pid_to_consumption) [comm="mem_miss"] ===
PID      energy            

[H[JPolling energy-fair scheduler maps every 100 millisecond(s)...
Real time since poller start: 11.268494 s
Filter: comm "mem_miss"
Maps shown: total power consumption 

=== System totals (total) ===
  cpu_time:  903096738304 ns
  energy:    41431023320000 (units of your kfunc)
  uncore_energy:    973508496013720000 (units of your kfunc)

=== PID → power (EMA) (pid_to_power) [comm="mem_miss"] ===
PID      power             

=== PID → cumulative energy (pid_to_consumption) [comm="mem_miss"] ===
PID      energy            

[H[JPolling energy-fair scheduler maps every 100 millisecond(s)...
Real time since poller start: 11.389944 s
Filter: comm "mem_miss"
Maps shown: total power consumption 

=== System totals (total) ===
  cpu_time:  903120277192 ns
  energy:    41432072070000 (units of your kfunc)
  uncore_energy:    973508637055730000 (units of your kfunc)

=== PID → power (EMA) (pid_to_power) [comm="mem_miss"] ===
PID      power             

=== PID → cumulative energy (pid_to_consumption) [comm="mem_miss"] ===
PID      energy            

[H[JPolling energy-fair scheduler maps every 100 millisecond(s)...
Real time since poller start: 11.511273 s
Filter: comm "mem_miss"
Maps shown: total power consumption 

=== System totals (total) ===
  cpu_time:  903144211141 ns
  energy:    41433133150000 (units of your kfunc)
  uncore_energy:    973508796882100000 (units of your kfunc)

=== PID → power (EMA) (pid_to_power) [comm="mem_miss"] ===
PID      power             

=== PID → cumulative energy (pid_to_consumption) [comm="mem_miss"] ===
PID      energy            

[H[JPolling energy-fair scheduler maps every 100 millisecond(s)...
Real time since poller start: 11.632593 s
Filter: comm "mem_miss"
Maps shown: total power consumption 

=== System totals (total) ===
  cpu_time:  903182497979 ns
  energy:    41434908800000 (units of your kfunc)
  uncore_energy:    973508955114850000 (units of your kfunc)

=== PID → power (EMA) (pid_to_power) [comm="mem_miss"] ===
PID      power             

=== PID → cumulative energy (pid_to_consumption) [comm="mem_miss"] ===
PID      energy            

[H[JPolling energy-fair scheduler maps every 100 millisecond(s)...
Real time since poller start: 11.754015 s
Filter: comm "mem_miss"
Maps shown: total power consumption 

=== System totals (total) ===
  cpu_time:  903205937838 ns
  energy:    41435971600000 (units of your kfunc)
  uncore_energy:    973509161868670000 (units of your kfunc)

=== PID → power (EMA) (pid_to_power) [comm="mem_miss"] ===
PID      power             

=== PID → cumulative energy (pid_to_consumption) [comm="mem_miss"] ===
PID      energy            

[H[JPolling energy-fair scheduler maps every 100 millisecond(s)...
Real time since poller start: 11.874943 s
Filter: comm "mem_miss"
Maps shown: total power consumption 

=== System totals (total) ===
  cpu_time:  903229892710 ns
  energy:    41437083980000 (units of your kfunc)
  uncore_energy:    973509288274750000 (units of your kfunc)

=== PID → power (EMA) (pid_to_power) [comm="mem_miss"] ===
PID      power             

=== PID → cumulative energy (pid_to_consumption) [comm="mem_miss"] ===
PID      energy            

[H[JPolling energy-fair scheduler maps every 100 millisecond(s)...
Real time since poller start: 11.996112 s
Filter: comm "mem_miss"
Maps shown: total power consumption 

=== System totals (total) ===
  cpu_time:  903253232205 ns
  energy:    41438152530000 (units of your kfunc)
  uncore_energy:    973509433208240000 (units of your kfunc)

=== PID → power (EMA) (pid_to_power) [comm="mem_miss"] ===
PID      power             

=== PID → cumulative energy (pid_to_consumption) [comm="mem_miss"] ===
PID      energy            

[H[JPolling energy-fair scheduler maps every 100 millisecond(s)...
Real time since poller start: 12.116996 s
Filter: comm "mem_miss"
Maps shown: total power consumption 

=== System totals (total) ===
  cpu_time:  903278159076 ns
  energy:    41439254820000 (units of your kfunc)
  uncore_energy:    973509627815640000 (units of your kfunc)

=== PID → power (EMA) (pid_to_power) [comm="mem_miss"] ===
PID      power             

=== PID → cumulative energy (pid_to_consumption) [comm="mem_miss"] ===
PID      energy            

[H[JPolling energy-fair scheduler maps every 100 millisecond(s)...
Real time since poller start: 12.238064 s
Filter: comm "mem_miss"
Maps shown: total power consumption 

=== System totals (total) ===
  cpu_time:  903303171152 ns
  energy:    41440378210000 (units of your kfunc)
  uncore_energy:    973509776051380000 (units of your kfunc)

=== PID → power (EMA) (pid_to_power) [comm="mem_miss"] ===
PID      power             

=== PID → cumulative energy (pid_to_consumption) [comm="mem_miss"] ===
PID      energy            

[H[JPolling energy-fair scheduler maps every 100 millisecond(s)...
Real time since poller start: 12.359430 s
Filter: comm "mem_miss"
Maps shown: total power consumption 

=== System totals (total) ===
  cpu_time:  903328500157 ns
  energy:    41441464190000 (units of your kfunc)
  uncore_energy:    973509956951940000 (units of your kfunc)

=== PID → power (EMA) (pid_to_power) [comm="mem_miss"] ===
PID      power             

=== PID → cumulative energy (pid_to_consumption) [comm="mem_miss"] ===
PID      energy            

[H[JPolling energy-fair scheduler maps every 100 millisecond(s)...
Real time since poller start: 12.480884 s
Filter: comm "mem_miss"
Maps shown: total power consumption 

=== System totals (total) ===
  cpu_time:  903352596890 ns
  energy:    41442504240000 (units of your kfunc)
  uncore_energy:    973510111240570000 (units of your kfunc)

=== PID → power (EMA) (pid_to_power) [comm="mem_miss"] ===
PID      power             

=== PID → cumulative energy (pid_to_consumption) [comm="mem_miss"] ===
PID      energy            

[H[JPolling energy-fair scheduler maps every 100 millisecond(s)...
Real time since poller start: 12.602138 s
Filter: comm "mem_miss"
Maps shown: total power consumption 

=== System totals (total) ===
  cpu_time:  903376842081 ns
  energy:    41443604680000 (units of your kfunc)
  uncore_energy:    973510298744250000 (units of your kfunc)

=== PID → power (EMA) (pid_to_power) [comm="mem_miss"] ===
PID      power             

=== PID → cumulative energy (pid_to_consumption) [comm="mem_miss"] ===
PID      energy            

[H[JPolling energy-fair scheduler maps every 100 millisecond(s)...
Real time since poller start: 12.723395 s
Filter: comm "mem_miss"
Maps shown: total power consumption 

=== System totals (total) ===
  cpu_time:  903403984628 ns
  energy:    41444886860000 (units of your kfunc)
  uncore_energy:    973510450895760000 (units of your kfunc)

=== PID → power (EMA) (pid_to_power) [comm="mem_miss"] ===
PID      power             

=== PID → cumulative energy (pid_to_consumption) [comm="mem_miss"] ===
PID      energy            

[H[JPolling energy-fair scheduler maps every 100 millisecond(s)...
Real time since poller start: 12.844855 s
Filter: comm "mem_miss"
Maps shown: total power consumption 

=== System totals (total) ===
  cpu_time:  903429289095 ns
  energy:    41446031280000 (units of your kfunc)
  uncore_energy:    973510625698910000 (units of your kfunc)

=== PID → power (EMA) (pid_to_power) [comm="mem_miss"] ===
PID      power             

=== PID → cumulative energy (pid_to_consumption) [comm="mem_miss"] ===
PID      energy            

[H[JPolling energy-fair scheduler maps every 100 millisecond(s)...
Real time since poller start: 12.966268 s
Filter: comm "mem_miss"
Maps shown: total power consumption 

=== System totals (total) ===
  cpu_time:  903454677422 ns
  energy:    41447117530000 (units of your kfunc)
  uncore_energy:    973510745430840000 (units of your kfunc)

=== PID → power (EMA) (pid_to_power) [comm="mem_miss"] ===
PID      power             

=== PID → cumulative energy (pid_to_consumption) [comm="mem_miss"] ===
PID      energy            

[H[JPolling energy-fair scheduler maps every 100 millisecond(s)...
Real time since poller start: 13.087249 s
Filter: comm "mem_miss"
Maps shown: total power consumption 

=== System totals (total) ===
  cpu_time:  903480173094 ns
  energy:    41448260870000 (units of your kfunc)
  uncore_energy:    973510947855460000 (units of your kfunc)

=== PID → power (EMA) (pid_to_power) [comm="mem_miss"] ===
PID      power             

=== PID → cumulative energy (pid_to_consumption) [comm="mem_miss"] ===
PID      energy            

[H[JPolling energy-fair scheduler maps every 100 millisecond(s)...
Real time since poller start: 13.208545 s
Filter: comm "mem_miss"
Maps shown: total power consumption 

=== System totals (total) ===
  cpu_time:  903518755415 ns
  energy:    41450038370000 (units of your kfunc)
  uncore_energy:    973511112486040000 (units of your kfunc)

=== PID → power (EMA) (pid_to_power) [comm="mem_miss"] ===
PID      power             

=== PID → cumulative energy (pid_to_consumption) [comm="mem_miss"] ===
PID      energy            

[H[JPolling energy-fair scheduler maps every 100 millisecond(s)...
Real time since poller start: 13.329984 s
Filter: comm "mem_miss"
Maps shown: total power consumption 

=== System totals (total) ===
  cpu_time:  903546320914 ns
  energy:    41451394900000 (units of your kfunc)
  uncore_energy:    973511262651880000 (units of your kfunc)

=== PID → power (EMA) (pid_to_power) [comm="mem_miss"] ===
PID      power             

=== PID → cumulative energy (pid_to_consumption) [comm="mem_miss"] ===
PID      energy            

[H[JPolling energy-fair scheduler maps every 100 millisecond(s)...
Real time since poller start: 13.451297 s
Filter: comm "mem_miss"
Maps shown: total power consumption 

=== System totals (total) ===
  cpu_time:  903571305372 ns
  energy:    41452472320000 (units of your kfunc)
  uncore_energy:    973511421111960000 (units of your kfunc)

=== PID → power (EMA) (pid_to_power) [comm="mem_miss"] ===
PID      power             

=== PID → cumulative energy (pid_to_consumption) [comm="mem_miss"] ===
PID      energy            

[H[JPolling energy-fair scheduler maps every 100 millisecond(s)...
Real time since poller start: 13.572761 s
Filter: comm "mem_miss"
Maps shown: total power consumption 

=== System totals (total) ===
  cpu_time:  903597782144 ns
  energy:    41453693650000 (units of your kfunc)
  uncore_energy:    973511603266950000 (units of your kfunc)

=== PID → power (EMA) (pid_to_power) [comm="mem_miss"] ===
PID      power             

=== PID → cumulative energy (pid_to_consumption) [comm="mem_miss"] ===
PID      energy            

[H[JPolling energy-fair scheduler maps every 100 millisecond(s)...
Real time since poller start: 13.694195 s
Filter: comm "mem_miss"
Maps shown: total power consumption 

=== System totals (total) ===
  cpu_time:  903622077575 ns
  energy:    41454775960000 (units of your kfunc)
  uncore_energy:    973511739530520000 (units of your kfunc)

=== PID → power (EMA) (pid_to_power) [comm="mem_miss"] ===
PID      power             

=== PID → cumulative energy (pid_to_consumption) [comm="mem_miss"] ===
PID      energy            

[H[JPolling energy-fair scheduler maps every 100 millisecond(s)...
Real time since poller start: 13.815462 s
Filter: comm "mem_miss"
Maps shown: total power consumption 

=== System totals (total) ===
  cpu_time:  903647862486 ns
  energy:    41455928620000 (units of your kfunc)
  uncore_energy:    973511906428400000 (units of your kfunc)

=== PID → power (EMA) (pid_to_power) [comm="mem_miss"] ===
PID      power             

=== PID → cumulative energy (pid_to_consumption) [comm="mem_miss"] ===
PID      energy            

[H[JPolling energy-fair scheduler maps every 100 millisecond(s)...
Real time since poller start: 13.936959 s
Filter: comm "mem_miss"
Maps shown: total power consumption 

=== System totals (total) ===
  cpu_time:  903674057971 ns
  energy:    41457019010000 (units of your kfunc)
  uncore_energy:    973512080419190000 (units of your kfunc)

=== PID → power (EMA) (pid_to_power) [comm="mem_miss"] ===
PID      power             

=== PID → cumulative energy (pid_to_consumption) [comm="mem_miss"] ===
PID      energy            

[H[JPolling energy-fair scheduler maps every 100 millisecond(s)...
Real time since poller start: 14.058210 s
Filter: comm "mem_miss"
Maps shown: total power consumption 

=== System totals (total) ===
  cpu_time:  903839288634 ns
  energy:    41461727300000 (units of your kfunc)
  uncore_energy:    973512260365130000 (units of your kfunc)

=== PID → power (EMA) (pid_to_power) [comm="mem_miss"] ===
PID      power             

=== PID → cumulative energy (pid_to_consumption) [comm="mem_miss"] ===
PID      energy            

[H[JPolling energy-fair scheduler maps every 100 millisecond(s)...
Real time since poller start: 14.179788 s
Filter: comm "mem_miss"
Maps shown: total power consumption 

=== System totals (total) ===
  cpu_time:  903976598348 ns
  energy:    41465283010000 (units of your kfunc)
  uncore_energy:    973512428200870000 (units of your kfunc)

=== PID → power (EMA) (pid_to_power) [comm="mem_miss"] ===
PID      power             

=== PID → cumulative energy (pid_to_consumption) [comm="mem_miss"] ===
PID      energy            

[H[JPolling energy-fair scheduler maps every 100 millisecond(s)...
Real time since poller start: 14.303516 s
Filter: comm "mem_miss"
Maps shown: total power consumption 

=== System totals (total) ===
  cpu_time:  904009590257 ns
  energy:    41466942550000 (units of your kfunc)
  uncore_energy:    973512516374100000 (units of your kfunc)

=== PID → power (EMA) (pid_to_power) [comm="mem_miss"] ===
PID      power             

=== PID → cumulative energy (pid_to_consumption) [comm="mem_miss"] ===
PID      energy            

[H[JPolling energy-fair scheduler maps every 100 millisecond(s)...
Real time since poller start: 14.425059 s
Filter: comm "mem_miss"
Maps shown: total power consumption 

=== System totals (total) ===
  cpu_time:  904035352316 ns
  energy:    41468025310000 (units of your kfunc)
  uncore_energy:    973512693458140000 (units of your kfunc)

=== PID → power (EMA) (pid_to_power) [comm="mem_miss"] ===
PID      power             

=== PID → cumulative energy (pid_to_consumption) [comm="mem_miss"] ===
PID      energy            

[H[JPolling energy-fair scheduler maps every 100 millisecond(s)...
Real time since poller start: 14.546344 s
Filter: comm "mem_miss"
Maps shown: total power consumption 

=== System totals (total) ===
  cpu_time:  904061113335 ns
  energy:    41469233950000 (units of your kfunc)
  uncore_energy:    973512853396510000 (units of your kfunc)

=== PID → power (EMA) (pid_to_power) [comm="mem_miss"] ===
PID      power             

=== PID → cumulative energy (pid_to_consumption) [comm="mem_miss"] ===
PID      energy            

[H[JPolling energy-fair scheduler maps every 100 millisecond(s)...
Real time since poller start: 14.667725 s
Filter: comm "mem_miss"
Maps shown: total power consumption 

=== System totals (total) ===
  cpu_time:  904104659093 ns
  energy:    41471194550000 (units of your kfunc)
  uncore_energy:    973513072424220000 (units of your kfunc)

=== PID → power (EMA) (pid_to_power) [comm="mem_miss"] ===
PID      power             

=== PID → cumulative energy (pid_to_consumption) [comm="mem_miss"] ===
PID      energy            

[H[JPolling energy-fair scheduler maps every 100 millisecond(s)...
Real time since poller start: 14.788745 s
Filter: comm "mem_miss"
Maps shown: total power consumption 

=== System totals (total) ===
  cpu_time:  904127255885 ns
  energy:    41472180130000 (units of your kfunc)
  uncore_energy:    973513173004950000 (units of your kfunc)

=== PID → power (EMA) (pid_to_power) [comm="mem_miss"] ===
PID      power             

=== PID → cumulative energy (pid_to_consumption) [comm="mem_miss"] ===
PID      energy            

[H[JPolling energy-fair scheduler maps every 100 millisecond(s)...
Real time since poller start: 14.909589 s
Filter: comm "mem_miss"
Maps shown: total power consumption 

=== System totals (total) ===
  cpu_time:  904150294429 ns
  energy:    41473213770000 (units of your kfunc)
  uncore_energy:    973513358390990000 (units of your kfunc)

=== PID → power (EMA) (pid_to_power) [comm="mem_miss"] ===
PID      power             

=== PID → cumulative energy (pid_to_consumption) [comm="mem_miss"] ===
PID      energy            

[H[JPolling energy-fair scheduler maps every 100 millisecond(s)...
Real time since poller start: 15.030479 s
Filter: comm "mem_miss"
Maps shown: total power consumption 

=== System totals (total) ===
  cpu_time:  904175086906 ns
  energy:    41474255020000 (units of your kfunc)
  uncore_energy:    973513557404370000 (units of your kfunc)

=== PID → power (EMA) (pid_to_power) [comm="mem_miss"] ===
PID      power             

=== PID → cumulative energy (pid_to_consumption) [comm="mem_miss"] ===
PID      energy            

[H[JPolling energy-fair scheduler maps every 100 millisecond(s)...
Real time since poller start: 15.151521 s
Filter: comm "mem_miss"
Maps shown: total power consumption 

=== System totals (total) ===
  cpu_time:  904201792118 ns
  energy:    41475501210000 (units of your kfunc)
  uncore_energy:    973513675754430000 (units of your kfunc)

=== PID → power (EMA) (pid_to_power) [comm="mem_miss"] ===
PID      power             

=== PID → cumulative energy (pid_to_consumption) [comm="mem_miss"] ===
PID      energy            

[H[JPolling energy-fair scheduler maps every 100 millisecond(s)...
Real time since poller start: 15.272889 s
Filter: comm "mem_miss"
Maps shown: total power consumption 

=== System totals (total) ===
  cpu_time:  904224558884 ns
  energy:    41476461890000 (units of your kfunc)
  uncore_energy:    973513820302330000 (units of your kfunc)

=== PID → power (EMA) (pid_to_power) [comm="mem_miss"] ===
PID      power             

=== PID → cumulative energy (pid_to_consumption) [comm="mem_miss"] ===
PID      energy            

[H[JPolling energy-fair scheduler maps every 100 millisecond(s)...
Real time since poller start: 15.394178 s
Filter: comm "mem_miss"
Maps shown: total power consumption 

=== System totals (total) ===
  cpu_time:  904247748689 ns
  energy:    41477469890000 (units of your kfunc)
  uncore_energy:    973513984087570000 (units of your kfunc)

=== PID → power (EMA) (pid_to_power) [comm="mem_miss"] ===
PID      power             

=== PID → cumulative energy (pid_to_consumption) [comm="mem_miss"] ===
PID      energy            

[H[JPolling energy-fair scheduler maps every 100 millisecond(s)...
Real time since poller start: 15.515796 s
Filter: comm "mem_miss"
Maps shown: total power consumption 

=== System totals (total) ===
  cpu_time:  904272084374 ns
  energy:    41478492250000 (units of your kfunc)
  uncore_energy:    973514148153560000 (units of your kfunc)

=== PID → power (EMA) (pid_to_power) [comm="mem_miss"] ===
PID      power             

=== PID → cumulative energy (pid_to_consumption) [comm="mem_miss"] ===
PID      energy            

[H[JPolling energy-fair scheduler maps every 100 millisecond(s)...
Real time since poller start: 15.637238 s
Filter: comm "mem_miss"
Maps shown: total power consumption 

=== System totals (total) ===
  cpu_time:  904295903805 ns
  energy:    41479535470000 (units of your kfunc)
  uncore_energy:    973514382933700000 (units of your kfunc)

=== PID → power (EMA) (pid_to_power) [comm="mem_miss"] ===
PID      power             

=== PID → cumulative energy (pid_to_consumption) [comm="mem_miss"] ===
PID      energy            

[H[JPolling energy-fair scheduler maps every 100 millisecond(s)...
Real time since poller start: 15.758969 s
Filter: comm "mem_miss"
Maps shown: total power consumption 

=== System totals (total) ===
  cpu_time:  904321492926 ns
  energy:    41480525870000 (units of your kfunc)
  uncore_energy:    973514527638950000 (units of your kfunc)

=== PID → power (EMA) (pid_to_power) [comm="mem_miss"] ===
PID      power             

=== PID → cumulative energy (pid_to_consumption) [comm="mem_miss"] ===
PID      energy            

[H[JPolling energy-fair scheduler maps every 100 millisecond(s)...
Real time since poller start: 15.880351 s
Filter: comm "mem_miss"
Maps shown: total power consumption 

=== System totals (total) ===
  cpu_time:  904358531929 ns
  energy:    41482161310000 (units of your kfunc)
  uncore_energy:    973514668229000000 (units of your kfunc)

=== PID → power (EMA) (pid_to_power) [comm="mem_miss"] ===
PID      power             

=== PID → cumulative energy (pid_to_consumption) [comm="mem_miss"] ===
PID      energy            

[H[JPolling energy-fair scheduler maps every 100 millisecond(s)...
Real time since poller start: 16.002039 s
Filter: comm "mem_miss"
Maps shown: total power consumption 

=== System totals (total) ===
  cpu_time:  904382797264 ns
  energy:    41483057740000 (units of your kfunc)
  uncore_energy:    973514800431480000 (units of your kfunc)

=== PID → power (EMA) (pid_to_power) [comm="mem_miss"] ===
PID      power             

=== PID → cumulative energy (pid_to_consumption) [comm="mem_miss"] ===
PID      energy            

[H[JPolling energy-fair scheduler maps every 100 millisecond(s)...
Real time since poller start: 16.122931 s
Filter: comm "mem_miss"
Maps shown: total power consumption 

=== System totals (total) ===
  cpu_time:  904412464018 ns
  energy:    41484355510000 (units of your kfunc)
  uncore_energy:    973515004283100000 (units of your kfunc)

=== PID → power (EMA) (pid_to_power) [comm="mem_miss"] ===
PID      power             

=== PID → cumulative energy (pid_to_consumption) [comm="mem_miss"] ===
PID      energy            

[H[JPolling energy-fair scheduler maps every 100 millisecond(s)...
Real time since poller start: 16.244407 s
Filter: comm "mem_miss"
Maps shown: total power consumption 

=== System totals (total) ===
  cpu_time:  904437933889 ns
  energy:    41485450320000 (units of your kfunc)
  uncore_energy:    973515193945120000 (units of your kfunc)

=== PID → power (EMA) (pid_to_power) [comm="mem_miss"] ===
PID      power             

=== PID → cumulative energy (pid_to_consumption) [comm="mem_miss"] ===
PID      energy            

[H[JPolling energy-fair scheduler maps every 100 millisecond(s)...
Real time since poller start: 16.365814 s
Filter: comm "mem_miss"
Maps shown: total power consumption 

=== System totals (total) ===
  cpu_time:  904492609243 ns
  energy:    41487605320000 (units of your kfunc)
  uncore_energy:    973515345120200000 (units of your kfunc)

=== PID → power (EMA) (pid_to_power) [comm="mem_miss"] ===
PID      power             

=== PID → cumulative energy (pid_to_consumption) [comm="mem_miss"] ===
PID      energy            

[H[JPolling energy-fair scheduler maps every 100 millisecond(s)...
Real time since poller start: 16.486772 s
Filter: comm "mem_miss"
Maps shown: total power consumption 

=== System totals (total) ===
  cpu_time:  904519505338 ns
  energy:    41488741170000 (units of your kfunc)
  uncore_energy:    973515464056680000 (units of your kfunc)

=== PID → power (EMA) (pid_to_power) [comm="mem_miss"] ===
PID      power             

=== PID → cumulative energy (pid_to_consumption) [comm="mem_miss"] ===
PID      energy            

[H[JPolling energy-fair scheduler maps every 100 millisecond(s)...
Real time since poller start: 16.607798 s
Filter: comm "mem_miss"
Maps shown: total power consumption 

=== System totals (total) ===
  cpu_time:  904546756406 ns
  energy:    41489889550000 (units of your kfunc)
  uncore_energy:    973515630238010000 (units of your kfunc)

=== PID → power (EMA) (pid_to_power) [comm="mem_miss"] ===
PID      power             

=== PID → cumulative energy (pid_to_consumption) [comm="mem_miss"] ===
PID      energy            

[H[JPolling energy-fair scheduler maps every 100 millisecond(s)...
Real time since poller start: 16.729029 s
Filter: comm "mem_miss"
Maps shown: total power consumption 

=== System totals (total) ===
  cpu_time:  904571562081 ns
  energy:    41490874050000 (units of your kfunc)
  uncore_energy:    973515844215970000 (units of your kfunc)

=== PID → power (EMA) (pid_to_power) [comm="mem_miss"] ===
PID      power             

=== PID → cumulative energy (pid_to_consumption) [comm="mem_miss"] ===
PID      energy            

[H[JPolling energy-fair scheduler maps every 100 millisecond(s)...
Real time since poller start: 16.850322 s
Filter: comm "mem_miss"
Maps shown: total power consumption 

=== System totals (total) ===
  cpu_time:  904603002325 ns
  energy:    41492109110000 (units of your kfunc)
  uncore_energy:    973516001384380000 (units of your kfunc)

=== PID → power (EMA) (pid_to_power) [comm="mem_miss"] ===
PID      power             

=== PID → cumulative energy (pid_to_consumption) [comm="mem_miss"] ===
PID      energy            

[H[JPolling energy-fair scheduler maps every 100 millisecond(s)...
Real time since poller start: 16.971540 s
Filter: comm "mem_miss"
Maps shown: total power consumption 

=== System totals (total) ===
  cpu_time:  904626774204 ns
  energy:    41493146410000 (units of your kfunc)
  uncore_energy:    973516126577250000 (units of your kfunc)

=== PID → power (EMA) (pid_to_power) [comm="mem_miss"] ===
PID      power             

=== PID → cumulative energy (pid_to_consumption) [comm="mem_miss"] ===
PID      energy            

[H[JPolling energy-fair scheduler maps every 100 millisecond(s)...
Real time since poller start: 17.092919 s
Filter: comm "mem_miss"
Maps shown: total power consumption 

=== System totals (total) ===
  cpu_time:  904650038191 ns
  energy:    41494123140000 (units of your kfunc)
  uncore_energy:    973516321510400000 (units of your kfunc)

=== PID → power (EMA) (pid_to_power) [comm="mem_miss"] ===
PID      power             

=== PID → cumulative energy (pid_to_consumption) [comm="mem_miss"] ===
PID      energy            

[H[JPolling energy-fair scheduler maps every 100 millisecond(s)...
Real time since poller start: 17.214245 s
Filter: comm "mem_miss"
Maps shown: total power consumption 

=== System totals (total) ===
  cpu_time:  904678800196 ns
  energy:    41495382130000 (units of your kfunc)
  uncore_energy:    973516477010750000 (units of your kfunc)

=== PID → power (EMA) (pid_to_power) [comm="mem_miss"] ===
PID      power             

=== PID → cumulative energy (pid_to_consumption) [comm="mem_miss"] ===
PID      energy            

[H[JPolling energy-fair scheduler maps every 100 millisecond(s)...
Real time since poller start: 17.335635 s
Filter: comm "mem_miss"
Maps shown: total power consumption 

=== System totals (total) ===
  cpu_time:  904700820176 ns
  energy:    41496325110000 (units of your kfunc)
  uncore_energy:    973516587141070000 (units of your kfunc)

=== PID → power (EMA) (pid_to_power) [comm="mem_miss"] ===
PID      power             

=== PID → cumulative energy (pid_to_consumption) [comm="mem_miss"] ===
PID      energy            

[H[JPolling energy-fair scheduler maps every 100 millisecond(s)...
Real time since poller start: 17.456589 s
Filter: comm "mem_miss"
Maps shown: total power consumption 

=== System totals (total) ===
  cpu_time:  904739343987 ns
  energy:    41498120610000 (units of your kfunc)
  uncore_energy:    973516811443140000 (units of your kfunc)

=== PID → power (EMA) (pid_to_power) [comm="mem_miss"] ===
PID      power             

=== PID → cumulative energy (pid_to_consumption) [comm="mem_miss"] ===
PID      energy            

[H[JPolling energy-fair scheduler maps every 100 millisecond(s)...
Real time since poller start: 17.577593 s
Filter: comm "mem_miss"
Maps shown: total power consumption 

=== System totals (total) ===
  cpu_time:  904762839694 ns
  energy:    41499159280000 (units of your kfunc)
  uncore_energy:    973516924164840000 (units of your kfunc)

=== PID → power (EMA) (pid_to_power) [comm="mem_miss"] ===
PID      power             

=== PID → cumulative energy (pid_to_consumption) [comm="mem_miss"] ===
PID      energy            

[H[JPolling energy-fair scheduler maps every 100 millisecond(s)...
Real time since poller start: 17.698932 s
Filter: comm "mem_miss"
Maps shown: total power consumption 

=== System totals (total) ===
  cpu_time:  904786334262 ns
  energy:    41500173390000 (units of your kfunc)
  uncore_energy:    973517052244210000 (units of your kfunc)

=== PID → power (EMA) (pid_to_power) [comm="mem_miss"] ===
PID      power             

=== PID → cumulative energy (pid_to_consumption) [comm="mem_miss"] ===
PID      energy            

[H[JPolling energy-fair scheduler maps every 100 millisecond(s)...
Real time since poller start: 17.819987 s
Filter: comm "mem_miss"
Maps shown: total power consumption 

=== System totals (total) ===
  cpu_time:  904810730917 ns
  energy:    41501215550000 (units of your kfunc)
  uncore_energy:    973517293272210000 (units of your kfunc)

=== PID → power (EMA) (pid_to_power) [comm="mem_miss"] ===
PID      power             

=== PID → cumulative energy (pid_to_consumption) [comm="mem_miss"] ===
PID      energy            

[H[JPolling energy-fair scheduler maps every 100 millisecond(s)...
Real time since poller start: 17.941532 s
Filter: comm "mem_miss"
Maps shown: total power consumption 

=== System totals (total) ===
  cpu_time:  904834845428 ns
  energy:    41502246580000 (units of your kfunc)
  uncore_energy:    973517392375000000 (units of your kfunc)

=== PID → power (EMA) (pid_to_power) [comm="mem_miss"] ===
PID      power             

=== PID → cumulative energy (pid_to_consumption) [comm="mem_miss"] ===
PID      energy            

[H[JPolling energy-fair scheduler maps every 100 millisecond(s)...
Real time since poller start: 18.063150 s
Filter: comm "mem_miss"
Maps shown: total power consumption 

=== System totals (total) ===
  cpu_time:  904861436392 ns
  energy:    41503346130000 (units of your kfunc)
  uncore_energy:    973517578090170000 (units of your kfunc)

=== PID → power (EMA) (pid_to_power) [comm="mem_miss"] ===
PID      power             

=== PID → cumulative energy (pid_to_consumption) [comm="mem_miss"] ===
PID      energy            

[H[JPolling energy-fair scheduler maps every 100 millisecond(s)...
Real time since poller start: 18.184112 s
Filter: comm "mem_miss"
Maps shown: total power consumption 

=== System totals (total) ===
  cpu_time:  904884943460 ns
  energy:    41504340240000 (units of your kfunc)
  uncore_energy:    973517693094450000 (units of your kfunc)

=== PID → power (EMA) (pid_to_power) [comm="mem_miss"] ===
PID      power             

=== PID → cumulative energy (pid_to_consumption) [comm="mem_miss"] ===
PID      energy            

[H[JPolling energy-fair scheduler maps every 100 millisecond(s)...
Real time since poller start: 18.305135 s
Filter: comm "mem_miss"
Maps shown: total power consumption 

=== System totals (total) ===
  cpu_time:  904907826074 ns
  energy:    41505322740000 (units of your kfunc)
  uncore_energy:    973517849860820000 (units of your kfunc)

=== PID → power (EMA) (pid_to_power) [comm="mem_miss"] ===
PID      power             

=== PID → cumulative energy (pid_to_consumption) [comm="mem_miss"] ===
PID      energy            

[H[JPolling energy-fair scheduler maps every 100 millisecond(s)...
Real time since poller start: 18.426315 s
Filter: comm "mem_miss"
Maps shown: total power consumption 

=== System totals (total) ===
  cpu_time:  904934731548 ns
  energy:    41506440010000 (units of your kfunc)
  uncore_energy:    973518089241140000 (units of your kfunc)

=== PID → power (EMA) (pid_to_power) [comm="mem_miss"] ===
PID      power             

=== PID → cumulative energy (pid_to_consumption) [comm="mem_miss"] ===
PID      energy            

[H[JPolling energy-fair scheduler maps every 100 millisecond(s)...
Real time since poller start: 18.547234 s
Filter: comm "mem_miss"
Maps shown: total power consumption 

=== System totals (total) ===
  cpu_time:  904957012620 ns
  energy:    41507398880000 (units of your kfunc)
  uncore_energy:    973518154993390000 (units of your kfunc)

=== PID → power (EMA) (pid_to_power) [comm="mem_miss"] ===
PID      power             

=== PID → cumulative energy (pid_to_consumption) [comm="mem_miss"] ===
PID      energy            

[H[JPolling energy-fair scheduler maps every 100 millisecond(s)...
Real time since poller start: 18.668424 s
Filter: comm "mem_miss"
Maps shown: total power consumption 

=== System totals (total) ===
  cpu_time:  904980457297 ns
  energy:    41508437250000 (units of your kfunc)
  uncore_energy:    973518339708950000 (units of your kfunc)

=== PID → power (EMA) (pid_to_power) [comm="mem_miss"] ===
PID      power             

=== PID → cumulative energy (pid_to_consumption) [comm="mem_miss"] ===
PID      energy            

[H[JPolling energy-fair scheduler maps every 100 millisecond(s)...
Real time since poller start: 18.789914 s
Filter: comm "mem_miss"
Maps shown: total power consumption 

=== System totals (total) ===
  cpu_time:  905003446834 ns
  energy:    41509410900000 (units of your kfunc)
  uncore_energy:    973518571323960000 (units of your kfunc)

=== PID → power (EMA) (pid_to_power) [comm="mem_miss"] ===
PID      power             

=== PID → cumulative energy (pid_to_consumption) [comm="mem_miss"] ===
PID      energy            

[H[JPolling energy-fair scheduler maps every 100 millisecond(s)...
Real time since poller start: 18.911338 s
Filter: comm "mem_miss"
Maps shown: total power consumption 

=== System totals (total) ===
  cpu_time:  905027275844 ns
  energy:    41510433380000 (units of your kfunc)
  uncore_energy:    973518679315150000 (units of your kfunc)

=== PID → power (EMA) (pid_to_power) [comm="mem_miss"] ===
PID      power             

=== PID → cumulative energy (pid_to_consumption) [comm="mem_miss"] ===
PID      energy            

[H[JPolling energy-fair scheduler maps every 100 millisecond(s)...
Real time since poller start: 19.032835 s
Filter: comm "mem_miss"
Maps shown: total power consumption 

=== System totals (total) ===
  cpu_time:  905063867365 ns
  energy:    41512058580000 (units of your kfunc)
  uncore_energy:    973518837376230000 (units of your kfunc)

=== PID → power (EMA) (pid_to_power) [comm="mem_miss"] ===
PID      power             

=== PID → cumulative energy (pid_to_consumption) [comm="mem_miss"] ===
PID      energy            

[H[JPolling energy-fair scheduler maps every 100 millisecond(s)...
Real time since poller start: 19.154314 s
Filter: comm "mem_miss"
Maps shown: total power consumption 

=== System totals (total) ===
  cpu_time:  905088540429 ns
  energy:    41513147130000 (units of your kfunc)
  uncore_energy:    973519048953700000 (units of your kfunc)

=== PID → power (EMA) (pid_to_power) [comm="mem_miss"] ===
PID      power             

=== PID → cumulative energy (pid_to_consumption) [comm="mem_miss"] ===
PID      energy            

[H[JPolling energy-fair scheduler maps every 100 millisecond(s)...
Real time since poller start: 19.275859 s
Filter: comm "mem_miss"
Maps shown: total power consumption 

=== System totals (total) ===
  cpu_time:  905112745250 ns
  energy:    41514207310000 (units of your kfunc)
  uncore_energy:    973519195500480000 (units of your kfunc)

=== PID → power (EMA) (pid_to_power) [comm="mem_miss"] ===
PID      power             

=== PID → cumulative energy (pid_to_consumption) [comm="mem_miss"] ===
PID      energy            

[H[JPolling energy-fair scheduler maps every 100 millisecond(s)...
Real time since poller start: 19.397496 s
Filter: comm "mem_miss"
Maps shown: total power consumption 

=== System totals (total) ===
  cpu_time:  905137263553 ns
  energy:    41515253760000 (units of your kfunc)
  uncore_energy:    973519371461320000 (units of your kfunc)

=== PID → power (EMA) (pid_to_power) [comm="mem_miss"] ===
PID      power             

=== PID → cumulative energy (pid_to_consumption) [comm="mem_miss"] ===
PID      energy            

[H[JPolling energy-fair scheduler maps every 100 millisecond(s)...
Real time since poller start: 19.518786 s
Filter: comm "mem_miss"
Maps shown: total power consumption 

=== System totals (total) ===
  cpu_time:  905161390996 ns
  energy:    41516282350000 (units of your kfunc)
  uncore_energy:    973519456586300000 (units of your kfunc)

=== PID → power (EMA) (pid_to_power) [comm="mem_miss"] ===
PID      power             

=== PID → cumulative energy (pid_to_consumption) [comm="mem_miss"] ===
PID      energy            

[H[JPolling energy-fair scheduler maps every 100 millisecond(s)...
Real time since poller start: 19.640242 s
Filter: comm "mem_miss"
Maps shown: total power consumption 

=== System totals (total) ===
  cpu_time:  905184321971 ns
  energy:    41517278750000 (units of your kfunc)
  uncore_energy:    973519646252280000 (units of your kfunc)

=== PID → power (EMA) (pid_to_power) [comm="mem_miss"] ===
PID      power             

=== PID → cumulative energy (pid_to_consumption) [comm="mem_miss"] ===
PID      energy            

[H[JPolling energy-fair scheduler maps every 100 millisecond(s)...
Real time since poller start: 19.761780 s
Filter: comm "mem_miss"
Maps shown: total power consumption 

=== System totals (total) ===
  cpu_time:  905245106121 ns
  energy:    41519939590000 (units of your kfunc)
  uncore_energy:    973519852272320000 (units of your kfunc)

=== PID → power (EMA) (pid_to_power) [comm="mem_miss"] ===
PID      power             

=== PID → cumulative energy (pid_to_consumption) [comm="mem_miss"] ===
PID      energy            

[H[JPolling energy-fair scheduler maps every 100 millisecond(s)...
Real time since poller start: 19.882610 s
Filter: comm "mem_miss"
Maps shown: total power consumption 

=== System totals (total) ===
  cpu_time:  905394743479 ns
  energy:    41523885070000 (units of your kfunc)
  uncore_energy:    973520012837640000 (units of your kfunc)

=== PID → power (EMA) (pid_to_power) [comm="mem_miss"] ===
PID      power             

=== PID → cumulative energy (pid_to_consumption) [comm="mem_miss"] ===
PID      energy            

[H[JPolling energy-fair scheduler maps every 100 millisecond(s)...
Real time since poller start: 20.004031 s
Filter: comm "mem_miss"
Maps shown: total power consumption 

=== System totals (total) ===
  cpu_time:  905525189650 ns
  energy:    41527150120000 (units of your kfunc)
  uncore_energy:    973520162124620000 (units of your kfunc)

=== PID → power (EMA) (pid_to_power) [comm="mem_miss"] ===
PID      power             

=== PID → cumulative energy (pid_to_consumption) [comm="mem_miss"] ===
PID      energy            

[H[JPolling energy-fair scheduler maps every 100 millisecond(s)...
Real time since poller start: 20.126985 s
Filter: comm "mem_miss"
Maps shown: total power consumption 

=== System totals (total) ===
  cpu_time:  905565209728 ns
  energy:    41528919250000 (units of your kfunc)
  uncore_energy:    973520290122490000 (units of your kfunc)

=== PID → power (EMA) (pid_to_power) [comm="mem_miss"] ===
PID      power             

=== PID → cumulative energy (pid_to_consumption) [comm="mem_miss"] ===
PID      energy            

[H[JPolling energy-fair scheduler maps every 100 millisecond(s)...
Real time since poller start: 20.248352 s
Filter: comm "mem_miss"
Maps shown: total power consumption 

=== System totals (total) ===
  cpu_time:  905589202942 ns
  energy:    41529914270000 (units of your kfunc)
  uncore_energy:    973520484643830000 (units of your kfunc)

=== PID → power (EMA) (pid_to_power) [comm="mem_miss"] ===
PID      power             

=== PID → cumulative energy (pid_to_consumption) [comm="mem_miss"] ===
PID      energy            

[H[JPolling energy-fair scheduler maps every 100 millisecond(s)...
Real time since poller start: 20.369814 s
Filter: comm "mem_miss"
Maps shown: total power consumption 

=== System totals (total) ===
  cpu_time:  905611436102 ns
  energy:    41530843220000 (units of your kfunc)
  uncore_energy:    973520537927980000 (units of your kfunc)

=== PID → power (EMA) (pid_to_power) [comm="mem_miss"] ===
PID      power             

=== PID → cumulative energy (pid_to_consumption) [comm="mem_miss"] ===
PID      energy            

[H[JPolling energy-fair scheduler maps every 100 millisecond(s)...
Real time since poller start: 20.491489 s
Filter: comm "mem_miss"
Maps shown: total power consumption 

=== System totals (total) ===
  cpu_time:  905648859616 ns
  energy:    41532490110000 (units of your kfunc)
  uncore_energy:    973520800651820000 (units of your kfunc)

=== PID → power (EMA) (pid_to_power) [comm="mem_miss"] ===
PID      power             

=== PID → cumulative energy (pid_to_consumption) [comm="mem_miss"] ===
PID      energy            

[H[JPolling energy-fair scheduler maps every 100 millisecond(s)...
Real time since poller start: 20.613068 s
Filter: comm "mem_miss"
Maps shown: total power consumption 

=== System totals (total) ===
  cpu_time:  905671197318 ns
  energy:    41533431410000 (units of your kfunc)
  uncore_energy:    973520904804970000 (units of your kfunc)

=== PID → power (EMA) (pid_to_power) [comm="mem_miss"] ===
PID      power             

=== PID → cumulative energy (pid_to_consumption) [comm="mem_miss"] ===
PID      energy            

[H[JPolling energy-fair scheduler maps every 100 millisecond(s)...
Real time since poller start: 20.734723 s
Filter: comm "mem_miss"
Maps shown: total power consumption 

=== System totals (total) ===
  cpu_time:  905693909112 ns
  energy:    41534415600000 (units of your kfunc)
  uncore_energy:    973521070227640000 (units of your kfunc)

=== PID → power (EMA) (pid_to_power) [comm="mem_miss"] ===
PID      power             

=== PID → cumulative energy (pid_to_consumption) [comm="mem_miss"] ===
PID      energy            

[H[JPolling energy-fair scheduler maps every 100 millisecond(s)...
Real time since poller start: 20.856079 s
Filter: comm "mem_miss"
Maps shown: total power consumption 

=== System totals (total) ===
  cpu_time:  905719085780 ns
  energy:    41535529800000 (units of your kfunc)
  uncore_energy:    973521275432260000 (units of your kfunc)

=== PID → power (EMA) (pid_to_power) [comm="mem_miss"] ===
PID      power             

=== PID → cumulative energy (pid_to_consumption) [comm="mem_miss"] ===
PID      energy            

[H[JPolling energy-fair scheduler maps every 100 millisecond(s)...
Real time since poller start: 20.977418 s
Filter: comm "mem_miss"
Maps shown: total power consumption 

=== System totals (total) ===
  cpu_time:  905741699341 ns
  energy:    41536519330000 (units of your kfunc)
  uncore_energy:    973521419324780000 (units of your kfunc)

=== PID → power (EMA) (pid_to_power) [comm="mem_miss"] ===
PID      power             

=== PID → cumulative energy (pid_to_consumption) [comm="mem_miss"] ===
PID      energy            

[H[JPolling energy-fair scheduler maps every 100 millisecond(s)...
Real time since poller start: 21.098890 s
Filter: comm "mem_miss"
Maps shown: total power consumption 

=== System totals (total) ===
  cpu_time:  905765701035 ns
  energy:    41537532190000 (units of your kfunc)
  uncore_energy:    973521590708470000 (units of your kfunc)

=== PID → power (EMA) (pid_to_power) [comm="mem_miss"] ===
PID      power             

=== PID → cumulative energy (pid_to_consumption) [comm="mem_miss"] ===
PID      energy            

[H[JPolling energy-fair scheduler maps every 100 millisecond(s)...
Real time since poller start: 21.219973 s
Filter: comm "mem_miss"
Maps shown: total power consumption 

=== System totals (total) ===
  cpu_time:  905788431068 ns
  energy:    41538551470000 (units of your kfunc)
  uncore_energy:    973521689140480000 (units of your kfunc)

=== PID → power (EMA) (pid_to_power) [comm="mem_miss"] ===
PID      power             

=== PID → cumulative energy (pid_to_consumption) [comm="mem_miss"] ===
PID      energy            

[H[JPolling energy-fair scheduler maps every 100 millisecond(s)...
Real time since poller start: 21.341216 s
Filter: comm "mem_miss"
Maps shown: total power consumption 

=== System totals (total) ===
  cpu_time:  905811932395 ns
  energy:    41539564960000 (units of your kfunc)
  uncore_energy:    973521893420420000 (units of your kfunc)

=== PID → power (EMA) (pid_to_power) [comm="mem_miss"] ===
PID      power             

=== PID → cumulative energy (pid_to_consumption) [comm="mem_miss"] ===
PID      energy            

[H[JPolling energy-fair scheduler maps every 100 millisecond(s)...
Real time since poller start: 21.462808 s
Filter: comm "mem_miss"
Maps shown: total power consumption 

=== System totals (total) ===
  cpu_time:  905834368617 ns
  energy:    41540524580000 (units of your kfunc)
  uncore_energy:    973522041799480000 (units of your kfunc)

=== PID → power (EMA) (pid_to_power) [comm="mem_miss"] ===
PID      power             

=== PID → cumulative energy (pid_to_consumption) [comm="mem_miss"] ===
PID      energy            

[H[JPolling energy-fair scheduler maps every 100 millisecond(s)...
Real time since poller start: 21.584376 s
Filter: comm "mem_miss"
Maps shown: total power consumption 

=== System totals (total) ===
  cpu_time:  905858998731 ns
  energy:    41541549210000 (units of your kfunc)
  uncore_energy:    973522227622080000 (units of your kfunc)

=== PID → power (EMA) (pid_to_power) [comm="mem_miss"] ===
PID      power             

=== PID → cumulative energy (pid_to_consumption) [comm="mem_miss"] ===
PID      energy            

[H[JPolling energy-fair scheduler maps every 100 millisecond(s)...
Real time since poller start: 21.706056 s
Filter: comm "mem_miss"
Maps shown: total power consumption 

=== System totals (total) ===
  cpu_time:  905896909088 ns
  energy:    41543226760000 (units of your kfunc)
  uncore_energy:    973522300716560000 (units of your kfunc)

=== PID → power (EMA) (pid_to_power) [comm="mem_miss"] ===
PID      power             

=== PID → cumulative energy (pid_to_consumption) [comm="mem_miss"] ===
PID      energy            

[H[JPolling energy-fair scheduler maps every 100 millisecond(s)...
Real time since poller start: 21.827310 s
Filter: comm "mem_miss"
Maps shown: total power consumption 

=== System totals (total) ===
  cpu_time:  905920391763 ns
  energy:    41544218440000 (units of your kfunc)
  uncore_energy:    973522541396940000 (units of your kfunc)

=== PID → power (EMA) (pid_to_power) [comm="mem_miss"] ===
PID      power             

=== PID → cumulative energy (pid_to_consumption) [comm="mem_miss"] ===
PID      energy            

[H[JPolling energy-fair scheduler maps every 100 millisecond(s)...
Real time since poller start: 21.948604 s
Filter: comm "mem_miss"
Maps shown: total power consumption 

=== System totals (total) ===
  cpu_time:  905944114513 ns
  energy:    41545249330000 (units of your kfunc)
  uncore_energy:    973522659008940000 (units of your kfunc)

=== PID → power (EMA) (pid_to_power) [comm="mem_miss"] ===
PID      power             

=== PID → cumulative energy (pid_to_consumption) [comm="mem_miss"] ===
PID      energy            

[H[JPolling energy-fair scheduler maps every 100 millisecond(s)...
Real time since poller start: 22.069542 s
Filter: comm "mem_miss"
Maps shown: total power consumption 

=== System totals (total) ===
  cpu_time:  905967479310 ns
  energy:    41546310890000 (units of your kfunc)
  uncore_energy:    973522794147940000 (units of your kfunc)

=== PID → power (EMA) (pid_to_power) [comm="mem_miss"] ===
PID      power             

=== PID → cumulative energy (pid_to_consumption) [comm="mem_miss"] ===
PID      energy            

[H[JPolling energy-fair scheduler maps every 100 millisecond(s)...
Real time since poller start: 22.191032 s
Filter: comm "mem_miss"
Maps shown: total power consumption 

=== System totals (total) ===
  cpu_time:  905992523586 ns
  energy:    41547383720000 (units of your kfunc)
  uncore_energy:    973523015822910000 (units of your kfunc)

=== PID → power (EMA) (pid_to_power) [comm="mem_miss"] ===
PID      power             

=== PID → cumulative energy (pid_to_consumption) [comm="mem_miss"] ===
PID      energy            

[H[JPolling energy-fair scheduler maps every 100 millisecond(s)...
Real time since poller start: 22.312145 s
Filter: comm "mem_miss"
Maps shown: total power consumption 

=== System totals (total) ===
  cpu_time:  906016712548 ns
  energy:    41548467980000 (units of your kfunc)
  uncore_energy:    973523102215000000 (units of your kfunc)

=== PID → power (EMA) (pid_to_power) [comm="mem_miss"] ===
PID      power             

=== PID → cumulative energy (pid_to_consumption) [comm="mem_miss"] ===
PID      energy            

[H[JPolling energy-fair scheduler maps every 100 millisecond(s)...
Real time since poller start: 22.433895 s
Filter: comm "mem_miss"
Maps shown: total power consumption 

=== System totals (total) ===
  cpu_time:  906039487663 ns
  energy:    41549423800000 (units of your kfunc)
  uncore_energy:    973523251879750000 (units of your kfunc)

=== PID → power (EMA) (pid_to_power) [comm="mem_miss"] ===
PID      power             

=== PID → cumulative energy (pid_to_consumption) [comm="mem_miss"] ===
PID      energy            

[H[JPolling energy-fair scheduler maps every 100 millisecond(s)...
Real time since poller start: 22.555434 s
Filter: comm "mem_miss"
Maps shown: total power consumption 

=== System totals (total) ===
  cpu_time:  906064817681 ns
  energy:    41550516180000 (units of your kfunc)
  uncore_energy:    973523438931600000 (units of your kfunc)

=== PID → power (EMA) (pid_to_power) [comm="mem_miss"] ===
PID      power             

=== PID → cumulative energy (pid_to_consumption) [comm="mem_miss"] ===
PID      energy            

[H[JPolling energy-fair scheduler maps every 100 millisecond(s)...
Real time since poller start: 22.676987 s
Filter: comm "mem_miss"
Maps shown: total power consumption 

=== System totals (total) ===
  cpu_time:  906086639199 ns
  energy:    41551487860000 (units of your kfunc)
  uncore_energy:    973523569100670000 (units of your kfunc)

=== PID → power (EMA) (pid_to_power) [comm="mem_miss"] ===
PID      power             

=== PID → cumulative energy (pid_to_consumption) [comm="mem_miss"] ===
PID      energy            

[H[JPolling energy-fair scheduler maps every 100 millisecond(s)...
Real time since poller start: 22.798526 s
Filter: comm "mem_miss"
Maps shown: total power consumption 

=== System totals (total) ===
  cpu_time:  906111873036 ns
  energy:    41552575210000 (units of your kfunc)
  uncore_energy:    973523727153180000 (units of your kfunc)

=== PID → power (EMA) (pid_to_power) [comm="mem_miss"] ===
PID      power             

=== PID → cumulative energy (pid_to_consumption) [comm="mem_miss"] ===
PID      energy            

[H[JPolling energy-fair scheduler maps every 100 millisecond(s)...
Real time since poller start: 22.919462 s
Filter: comm "mem_miss"
Maps shown: total power consumption 

=== System totals (total) ===
  cpu_time:  906140445262 ns
  energy:    41553772100000 (units of your kfunc)
  uncore_energy:    973523933293320000 (units of your kfunc)

=== PID → power (EMA) (pid_to_power) [comm="mem_miss"] ===
PID      power             

=== PID → cumulative energy (pid_to_consumption) [comm="mem_miss"] ===
PID      energy            

[H[JPolling energy-fair scheduler maps every 100 millisecond(s)...
Real time since poller start: 23.041135 s
Filter: comm "mem_miss"
Maps shown: total power consumption 

=== System totals (total) ===
  cpu_time:  906164173821 ns
  energy:    41554766520000 (units of your kfunc)
  uncore_energy:    973524083624130000 (units of your kfunc)

=== PID → power (EMA) (pid_to_power) [comm="mem_miss"] ===
PID      power             

=== PID → cumulative energy (pid_to_consumption) [comm="mem_miss"] ===
PID      energy            

[H[JPolling energy-fair scheduler maps every 100 millisecond(s)...
Real time since poller start: 23.162329 s
Filter: comm "mem_miss"
Maps shown: total power consumption 

=== System totals (total) ===
  cpu_time:  906206795023 ns
  energy:    41556657700000 (units of your kfunc)
  uncore_energy:    973524189583900000 (units of your kfunc)

=== PID → power (EMA) (pid_to_power) [comm="mem_miss"] ===
PID      power             

=== PID → cumulative energy (pid_to_consumption) [comm="mem_miss"] ===
PID      energy            

[H[JPolling energy-fair scheduler maps every 100 millisecond(s)...
Real time since poller start: 23.283408 s
Filter: comm "mem_miss"
Maps shown: total power consumption 

=== System totals (total) ===
  cpu_time:  906231320189 ns
  energy:    41557708430000 (units of your kfunc)
  uncore_energy:    973524350459590000 (units of your kfunc)

=== PID → power (EMA) (pid_to_power) [comm="mem_miss"] ===
PID      power             

=== PID → cumulative energy (pid_to_consumption) [comm="mem_miss"] ===
PID      energy            

[H[JPolling energy-fair scheduler maps every 100 millisecond(s)...
Real time since poller start: 23.404928 s
Filter: comm "mem_miss"
Maps shown: total power consumption 

=== System totals (total) ===
  cpu_time:  906258527927 ns
  energy:    41558821080000 (units of your kfunc)
  uncore_energy:    973524538347650000 (units of your kfunc)

=== PID → power (EMA) (pid_to_power) [comm="mem_miss"] ===
PID      power             

=== PID → cumulative energy (pid_to_consumption) [comm="mem_miss"] ===
PID      energy            

[H[JPolling energy-fair scheduler maps every 100 millisecond(s)...
Real time since poller start: 23.525801 s
Filter: comm "mem_miss"
Maps shown: total power consumption 

=== System totals (total) ===
  cpu_time:  906282417736 ns
  energy:    41559861570000 (units of your kfunc)
  uncore_energy:    973524720864740000 (units of your kfunc)

=== PID → power (EMA) (pid_to_power) [comm="mem_miss"] ===
PID      power             

=== PID → cumulative energy (pid_to_consumption) [comm="mem_miss"] ===
PID      energy            

[H[JPolling energy-fair scheduler maps every 100 millisecond(s)...
Real time since poller start: 23.647262 s
Filter: comm "mem_miss"
Maps shown: total power consumption 

=== System totals (total) ===
  cpu_time:  906305603733 ns
  energy:    41560862090000 (units of your kfunc)
  uncore_energy:    973524815262940000 (units of your kfunc)

=== PID → power (EMA) (pid_to_power) [comm="mem_miss"] ===
PID      power             

=== PID → cumulative energy (pid_to_consumption) [comm="mem_miss"] ===
PID      energy            

[H[JPolling energy-fair scheduler maps every 100 millisecond(s)...
Real time since poller start: 23.768216 s
Filter: comm "mem_miss"
Maps shown: total power consumption 

=== System totals (total) ===
  cpu_time:  906327690564 ns
  energy:    41561816840000 (units of your kfunc)
  uncore_energy:    973524970327470000 (units of your kfunc)

=== PID → power (EMA) (pid_to_power) [comm="mem_miss"] ===
PID      power             

=== PID → cumulative energy (pid_to_consumption) [comm="mem_miss"] ===
PID      energy            

[H[JPolling energy-fair scheduler maps every 100 millisecond(s)...
Real time since poller start: 23.889084 s
Filter: comm "mem_miss"
Maps shown: total power consumption 

=== System totals (total) ===
  cpu_time:  906349082341 ns
  energy:    41562787910000 (units of your kfunc)
  uncore_energy:    973525122115340000 (units of your kfunc)

=== PID → power (EMA) (pid_to_power) [comm="mem_miss"] ===
PID      power             

=== PID → cumulative energy (pid_to_consumption) [comm="mem_miss"] ===
PID      energy            

[H[JPolling energy-fair scheduler maps every 100 millisecond(s)...
Real time since poller start: 24.010562 s
Filter: comm "mem_miss"
Maps shown: total power consumption 

=== System totals (total) ===
  cpu_time:  906373543014 ns
  energy:    41563849780000 (units of your kfunc)
  uncore_energy:    973525307396550000 (units of your kfunc)

=== PID → power (EMA) (pid_to_power) [comm="mem_miss"] ===
PID      power             

=== PID → cumulative energy (pid_to_consumption) [comm="mem_miss"] ===
PID      energy            

[H[JPolling energy-fair scheduler maps every 100 millisecond(s)...
Real time since poller start: 24.132072 s
Filter: comm "mem_miss"
Maps shown: total power consumption 

=== System totals (total) ===
  cpu_time:  906395797485 ns
  energy:    41564797820000 (units of your kfunc)
  uncore_energy:    973525452580260000 (units of your kfunc)

=== PID → power (EMA) (pid_to_power) [comm="mem_miss"] ===
PID      power             

=== PID → cumulative energy (pid_to_consumption) [comm="mem_miss"] ===
PID      energy            

[H[JPolling energy-fair scheduler maps every 100 millisecond(s)...
Real time since poller start: 24.253494 s
Filter: comm "mem_miss"
Maps shown: total power consumption 

=== System totals (total) ===
  cpu_time:  906417429293 ns
  energy:    41565764610000 (units of your kfunc)
  uncore_energy:    973525585131690000 (units of your kfunc)

=== PID → power (EMA) (pid_to_power) [comm="mem_miss"] ===
PID      power             

=== PID → cumulative energy (pid_to_consumption) [comm="mem_miss"] ===
PID      energy            

[H[JPolling energy-fair scheduler maps every 100 millisecond(s)...
Real time since poller start: 24.375158 s
Filter: comm "mem_miss"
Maps shown: total power consumption 

=== System totals (total) ===
  cpu_time:  906439417142 ns
  energy:    41566697080000 (units of your kfunc)
  uncore_energy:    973525742129060000 (units of your kfunc)

=== PID → power (EMA) (pid_to_power) [comm="mem_miss"] ===
PID      power             

=== PID → cumulative energy (pid_to_consumption) [comm="mem_miss"] ===
PID      energy            

[H[JPolling energy-fair scheduler maps every 100 millisecond(s)...
Real time since poller start: 24.496701 s
Filter: comm "mem_miss"
Maps shown: total power consumption 

=== System totals (total) ===
  cpu_time:  906461576523 ns
  energy:    41567643120000 (units of your kfunc)
  uncore_energy:    973525897915500000 (units of your kfunc)

=== PID → power (EMA) (pid_to_power) [comm="mem_miss"] ===
PID      power             

=== PID → cumulative energy (pid_to_consumption) [comm="mem_miss"] ===
PID      energy            

[H[JPolling energy-fair scheduler maps every 100 millisecond(s)...
Real time since poller start: 24.618147 s
Filter: comm "mem_miss"
Maps shown: total power consumption 

=== System totals (total) ===
  cpu_time:  906488581101 ns
  energy:    41568789820000 (units of your kfunc)
  uncore_energy:    973526053524170000 (units of your kfunc)

=== PID → power (EMA) (pid_to_power) [comm="mem_miss"] ===
PID      power             

=== PID → cumulative energy (pid_to_consumption) [comm="mem_miss"] ===
PID      energy            

[H[JPolling energy-fair scheduler maps every 100 millisecond(s)...
Real time since poller start: 24.739600 s
Filter: comm "mem_miss"
Maps shown: total power consumption 

=== System totals (total) ===
  cpu_time:  906527367163 ns
  energy:    41570574180000 (units of your kfunc)
  uncore_energy:    973526233866120000 (units of your kfunc)

=== PID → power (EMA) (pid_to_power) [comm="mem_miss"] ===
PID      power             

=== PID → cumulative energy (pid_to_consumption) [comm="mem_miss"] ===
PID      energy            

[H[JPolling energy-fair scheduler maps every 100 millisecond(s)...
Real time since poller start: 24.860908 s
Filter: comm "mem_miss"
Maps shown: total power consumption 

=== System totals (total) ===
  cpu_time:  906552035777 ns
  energy:    41571672350000 (units of your kfunc)
  uncore_energy:    973526369308940000 (units of your kfunc)

=== PID → power (EMA) (pid_to_power) [comm="mem_miss"] ===
PID      power             

=== PID → cumulative energy (pid_to_consumption) [comm="mem_miss"] ===
PID      energy            

[H[JPolling energy-fair scheduler maps every 100 millisecond(s)...
Real time since poller start: 24.982347 s
Filter: comm "mem_miss"
Maps shown: total power consumption 

=== System totals (total) ===
  cpu_time:  906573907717 ns
  energy:    41572629520000 (units of your kfunc)
  uncore_energy:    973526518888270000 (units of your kfunc)

=== PID → power (EMA) (pid_to_power) [comm="mem_miss"] ===
PID      power             

=== PID → cumulative energy (pid_to_consumption) [comm="mem_miss"] ===
PID      energy            

[H[JPolling energy-fair scheduler maps every 100 millisecond(s)...
Real time since poller start: 25.103731 s
Filter: comm "mem_miss"
Maps shown: total power consumption 

=== System totals (total) ===
  cpu_time:  906598110571 ns
  energy:    41573652470000 (units of your kfunc)
  uncore_energy:    973526738174460000 (units of your kfunc)

=== PID → power (EMA) (pid_to_power) [comm="mem_miss"] ===
PID      power             

=== PID → cumulative energy (pid_to_consumption) [comm="mem_miss"] ===
PID      energy            

[H[JPolling energy-fair scheduler maps every 100 millisecond(s)...
Real time since poller start: 25.224908 s
Filter: comm "mem_miss"
Maps shown: total power consumption 

=== System totals (total) ===
  cpu_time:  906624039591 ns
  energy:    41574790320000 (units of your kfunc)
  uncore_energy:    973526797049580000 (units of your kfunc)

=== PID → power (EMA) (pid_to_power) [comm="mem_miss"] ===
PID      power             

=== PID → cumulative energy (pid_to_consumption) [comm="mem_miss"] ===
PID      energy            

[H[JPolling energy-fair scheduler maps every 100 millisecond(s)...
Real time since poller start: 25.346480 s
Filter: comm "mem_miss"
Maps shown: total power consumption 

=== System totals (total) ===
  cpu_time:  906648560235 ns
  energy:    41575844410000 (units of your kfunc)
  uncore_energy:    973526997295540000 (units of your kfunc)

=== PID → power (EMA) (pid_to_power) [comm="mem_miss"] ===
PID      power             

=== PID → cumulative energy (pid_to_consumption) [comm="mem_miss"] ===
PID      energy            

[H[JPolling energy-fair scheduler maps every 100 millisecond(s)...
Real time since poller start: 25.467957 s
Filter: comm "mem_miss"
Maps shown: total power consumption 

=== System totals (total) ===
  cpu_time:  906686106178 ns
  energy:    41577529440000 (units of your kfunc)
  uncore_energy:    973527167077340000 (units of your kfunc)

=== PID → power (EMA) (pid_to_power) [comm="mem_miss"] ===
PID      power             

=== PID → cumulative energy (pid_to_consumption) [comm="mem_miss"] ===
PID      energy            

[H[JPolling energy-fair scheduler maps every 100 millisecond(s)...
Real time since poller start: 25.589053 s
Filter: comm "mem_miss"
Maps shown: total power consumption 

=== System totals (total) ===
  cpu_time:  906814904309 ns
  energy:    41581786190000 (units of your kfunc)
  uncore_energy:    973527380060120000 (units of your kfunc)

=== PID → power (EMA) (pid_to_power) [comm="mem_miss"] ===
PID      power             

=== PID → cumulative energy (pid_to_consumption) [comm="mem_miss"] ===
PID      energy            

[H[JPolling energy-fair scheduler maps every 100 millisecond(s)...
Real time since poller start: 25.710179 s
Filter: comm "mem_miss"
Maps shown: total power consumption 

=== System totals (total) ===
  cpu_time:  906955050478 ns
  energy:    41585482980000 (units of your kfunc)
  uncore_energy:    973527537042950000 (units of your kfunc)

=== PID → power (EMA) (pid_to_power) [comm="mem_miss"] ===
PID      power             

=== PID → cumulative energy (pid_to_consumption) [comm="mem_miss"] ===
PID      energy            

[H[JPolling energy-fair scheduler maps every 100 millisecond(s)...
Real time since poller start: 25.831237 s
Filter: comm "mem_miss"
Maps shown: total power consumption 

=== System totals (total) ===
  cpu_time:  907025001567 ns
  energy:    41587823170000 (units of your kfunc)
  uncore_energy:    973527662207190000 (units of your kfunc)

=== PID → power (EMA) (pid_to_power) [comm="mem_miss"] ===
PID      power             

=== PID → cumulative energy (pid_to_consumption) [comm="mem_miss"] ===
PID      energy            

[H[JPolling energy-fair scheduler maps every 100 millisecond(s)...
Real time since poller start: 25.952920 s
Filter: comm "mem_miss"
Maps shown: total power consumption 

=== System totals (total) ===
  cpu_time:  907047442672 ns
  energy:    41588752900000 (units of your kfunc)
  uncore_energy:    973527778855890000 (units of your kfunc)

=== PID → power (EMA) (pid_to_power) [comm="mem_miss"] ===
PID      power             

=== PID → cumulative energy (pid_to_consumption) [comm="mem_miss"] ===
PID      energy            

[H[JPolling energy-fair scheduler maps every 100 millisecond(s)...
Real time since poller start: 26.073873 s
Filter: comm "mem_miss"
Maps shown: total power consumption 

=== System totals (total) ===
  cpu_time:  907068424557 ns
  energy:    41589685360000 (units of your kfunc)
  uncore_energy:    973527933034510000 (units of your kfunc)

=== PID → power (EMA) (pid_to_power) [comm="mem_miss"] ===
PID      power             

=== PID → cumulative energy (pid_to_consumption) [comm="mem_miss"] ===
PID      energy            

[H[JPolling energy-fair scheduler maps every 100 millisecond(s)...
Real time since poller start: 26.195361 s
Filter: comm "mem_miss"
Maps shown: total power consumption 

=== System totals (total) ===
  cpu_time:  907106662095 ns
  energy:    41591375410000 (units of your kfunc)
  uncore_energy:    973528157785660000 (units of your kfunc)

=== PID → power (EMA) (pid_to_power) [comm="mem_miss"] ===
PID      power             

=== PID → cumulative energy (pid_to_consumption) [comm="mem_miss"] ===
PID      energy            

[H[JPolling energy-fair scheduler maps every 100 millisecond(s)...
Real time since poller start: 26.316720 s
Filter: comm "mem_miss"
Maps shown: total power consumption 

=== System totals (total) ===
  cpu_time:  907128930155 ns
  energy:    41592345120000 (units of your kfunc)
  uncore_energy:    973528243226620000 (units of your kfunc)

=== PID → power (EMA) (pid_to_power) [comm="mem_miss"] ===
PID      power             

=== PID → cumulative energy (pid_to_consumption) [comm="mem_miss"] ===
PID      energy            

[H[JPolling energy-fair scheduler maps every 100 millisecond(s)...
Real time since poller start: 26.437748 s
Filter: comm "mem_miss"
Maps shown: total power consumption 

=== System totals (total) ===
  cpu_time:  907150077381 ns
  energy:    41593307040000 (units of your kfunc)
  uncore_energy:    973528395964040000 (units of your kfunc)

=== PID → power (EMA) (pid_to_power) [comm="mem_miss"] ===
PID      power             

=== PID → cumulative energy (pid_to_consumption) [comm="mem_miss"] ===
PID      energy            

[H[JPolling energy-fair scheduler maps every 100 millisecond(s)...
Real time since poller start: 26.558976 s
Filter: comm "mem_miss"
Maps shown: total power consumption 

=== System totals (total) ===
  cpu_time:  907171990240 ns
  energy:    41594296420000 (units of your kfunc)
  uncore_energy:    973528542361900000 (units of your kfunc)

=== PID → power (EMA) (pid_to_power) [comm="mem_miss"] ===
PID      power             

=== PID → cumulative energy (pid_to_consumption) [comm="mem_miss"] ===
PID      energy            

[H[JPolling energy-fair scheduler maps every 100 millisecond(s)...
Real time since poller start: 26.679946 s
Filter: comm "mem_miss"
Maps shown: total power consumption 

=== System totals (total) ===
  cpu_time:  907193428745 ns
  energy:    41595318760000 (units of your kfunc)
  uncore_energy:    973528658327320000 (units of your kfunc)

=== PID → power (EMA) (pid_to_power) [comm="mem_miss"] ===
PID      power             

=== PID → cumulative energy (pid_to_consumption) [comm="mem_miss"] ===
PID      energy            

[H[JPolling energy-fair scheduler maps every 100 millisecond(s)...
Real time since poller start: 26.801742 s
Filter: comm "mem_miss"
Maps shown: total power consumption 

=== System totals (total) ===
  cpu_time:  907216000279 ns
  energy:    41596290450000 (units of your kfunc)
  uncore_energy:    973528862305890000 (units of your kfunc)

=== PID → power (EMA) (pid_to_power) [comm="mem_miss"] ===
PID      power             

=== PID → cumulative energy (pid_to_consumption) [comm="mem_miss"] ===
PID      energy            

[H[JPolling energy-fair scheduler maps every 100 millisecond(s)...
Real time since poller start: 26.922766 s
Filter: comm "mem_miss"
Maps shown: total power consumption 

=== System totals (total) ===
  cpu_time:  907238201990 ns
  energy:    41597276330000 (units of your kfunc)
  uncore_energy:    973529078955200000 (units of your kfunc)

=== PID → power (EMA) (pid_to_power) [comm="mem_miss"] ===
PID      power             

=== PID → cumulative energy (pid_to_consumption) [comm="mem_miss"] ===
PID      energy            

[H[JPolling energy-fair scheduler maps every 100 millisecond(s)...
Real time since poller start: 27.044297 s
Filter: comm "mem_miss"
Maps shown: total power consumption 

=== System totals (total) ===
  cpu_time:  907265001867 ns
  energy:    41598445770000 (units of your kfunc)
  uncore_energy:    973529176927610000 (units of your kfunc)

=== PID → power (EMA) (pid_to_power) [comm="mem_miss"] ===
PID      power             

=== PID → cumulative energy (pid_to_consumption) [comm="mem_miss"] ===
PID      energy            

[H[JPolling energy-fair scheduler maps every 100 millisecond(s)...
Real time since poller start: 27.165396 s
Filter: comm "mem_miss"
Maps shown: total power consumption 

=== System totals (total) ===
  cpu_time:  907288181574 ns
  energy:    41599487330000 (units of your kfunc)
  uncore_energy:    973529334006010000 (units of your kfunc)

=== PID → power (EMA) (pid_to_power) [comm="mem_miss"] ===
PID      power             

=== PID → cumulative energy (pid_to_consumption) [comm="mem_miss"] ===
PID      energy            

[H[JPolling energy-fair scheduler maps every 100 millisecond(s)...
Real time since poller start: 27.287118 s
Filter: comm "mem_miss"
Maps shown: total power consumption 

=== System totals (total) ===
  cpu_time:  907311666781 ns
  energy:    41600484800000 (units of your kfunc)
  uncore_energy:    973529480554620000 (units of your kfunc)

=== PID → power (EMA) (pid_to_power) [comm="mem_miss"] ===
PID      power             

=== PID → cumulative energy (pid_to_consumption) [comm="mem_miss"] ===
PID      energy            

[H[JPolling energy-fair scheduler maps every 100 millisecond(s)...
Real time since poller start: 27.408757 s
Filter: comm "mem_miss"
Maps shown: total power consumption 

=== System totals (total) ===
  cpu_time:  907334185455 ns
  energy:    41601449760000 (units of your kfunc)
  uncore_energy:    973529680443850000 (units of your kfunc)

=== PID → power (EMA) (pid_to_power) [comm="mem_miss"] ===
PID      power             

=== PID → cumulative energy (pid_to_consumption) [comm="mem_miss"] ===
PID      energy            

[H[JPolling energy-fair scheduler maps every 100 millisecond(s)...
Real time since poller start: 27.530229 s
Filter: comm "mem_miss"
Maps shown: total power consumption 

=== System totals (total) ===
  cpu_time:  907370681912 ns
  energy:    41603083670000 (units of your kfunc)
  uncore_energy:    973529812392700000 (units of your kfunc)

=== PID → power (EMA) (pid_to_power) [comm="mem_miss"] ===
PID      power             

=== PID → cumulative energy (pid_to_consumption) [comm="mem_miss"] ===
PID      energy            

[H[JPolling energy-fair scheduler maps every 100 millisecond(s)...
Real time since poller start: 27.651555 s
Filter: comm "mem_miss"
Maps shown: total power consumption 

=== System totals (total) ===
  cpu_time:  907392701573 ns
  energy:    41604030490000 (units of your kfunc)
  uncore_energy:    973529944643820000 (units of your kfunc)

=== PID → power (EMA) (pid_to_power) [comm="mem_miss"] ===
PID      power             

=== PID → cumulative energy (pid_to_consumption) [comm="mem_miss"] ===
PID      energy            

[H[JPolling energy-fair scheduler maps every 100 millisecond(s)...
Real time since poller start: 27.772972 s
Filter: comm "mem_miss"
Maps shown: total power consumption 

=== System totals (total) ===
  cpu_time:  907415292867 ns
  energy:    41605016050000 (units of your kfunc)
  uncore_energy:    973530057954070000 (units of your kfunc)

=== PID → power (EMA) (pid_to_power) [comm="mem_miss"] ===
PID      power             

=== PID → cumulative energy (pid_to_consumption) [comm="mem_miss"] ===
PID      energy            

[H[JPolling energy-fair scheduler maps every 100 millisecond(s)...
Real time since poller start: 27.894069 s
Filter: comm "mem_miss"
Maps shown: total power consumption 

=== System totals (total) ===
  cpu_time:  907436834175 ns
  energy:    41605951860000 (units of your kfunc)
  uncore_energy:    973530255728130000 (units of your kfunc)

=== PID → power (EMA) (pid_to_power) [comm="mem_miss"] ===
PID      power             

=== PID → cumulative energy (pid_to_consumption) [comm="mem_miss"] ===
PID      energy            

[H[JPolling energy-fair scheduler maps every 100 millisecond(s)...
Real time since poller start: 28.014968 s
Filter: comm "mem_miss"
Maps shown: total power consumption 

=== System totals (total) ===
  cpu_time:  907458355503 ns
  energy:    41606907810000 (units of your kfunc)
  uncore_energy:    973530407242880000 (units of your kfunc)

=== PID → power (EMA) (pid_to_power) [comm="mem_miss"] ===
PID      power             

=== PID → cumulative energy (pid_to_consumption) [comm="mem_miss"] ===
PID      energy            

[H[JPolling energy-fair scheduler maps every 100 millisecond(s)...
Real time since poller start: 28.136412 s
Filter: comm "mem_miss"
Maps shown: total power consumption 

=== System totals (total) ===
  cpu_time:  907482544934 ns
  energy:    41607935650000 (units of your kfunc)
  uncore_energy:    973530592600390000 (units of your kfunc)

=== PID → power (EMA) (pid_to_power) [comm="mem_miss"] ===
PID      power             

=== PID → cumulative energy (pid_to_consumption) [comm="mem_miss"] ===
PID      energy            

[H[JPolling energy-fair scheduler maps every 100 millisecond(s)...
Real time since poller start: 28.257440 s
Filter: comm "mem_miss"
Maps shown: total power consumption 

=== System totals (total) ===
  cpu_time:  907504881875 ns
  energy:    41608798100000 (units of your kfunc)
  uncore_energy:    973530736987110000 (units of your kfunc)

=== PID → power (EMA) (pid_to_power) [comm="mem_miss"] ===
PID      power             

=== PID → cumulative energy (pid_to_consumption) [comm="mem_miss"] ===
PID      energy            

[H[JPolling energy-fair scheduler maps every 100 millisecond(s)...
Real time since poller start: 28.378506 s
Filter: comm "mem_miss"
Maps shown: total power consumption 

=== System totals (total) ===
  cpu_time:  907527190287 ns
  energy:    41609800150000 (units of your kfunc)
  uncore_energy:    973530870215100000 (units of your kfunc)

=== PID → power (EMA) (pid_to_power) [comm="mem_miss"] ===
PID      power             

=== PID → cumulative energy (pid_to_consumption) [comm="mem_miss"] ===
PID      energy            

[H[JPolling energy-fair scheduler maps every 100 millisecond(s)...
Real time since poller start: 28.499890 s
Filter: comm "mem_miss"
Maps shown: total power consumption 

=== System totals (total) ===
  cpu_time:  907549587887 ns
  energy:    41610759160000 (units of your kfunc)
  uncore_energy:    973531081161610000 (units of your kfunc)

=== PID → power (EMA) (pid_to_power) [comm="mem_miss"] ===
PID      power             

=== PID → cumulative energy (pid_to_consumption) [comm="mem_miss"] ===
PID      energy            

[H[JPolling energy-fair scheduler maps every 100 millisecond(s)...
Real time since poller start: 28.621295 s
Filter: comm "mem_miss"
Maps shown: total power consumption 

=== System totals (total) ===
  cpu_time:  907572015950 ns
  energy:    41611723830000 (units of your kfunc)
  uncore_energy:    973531179005990000 (units of your kfunc)

=== PID → power (EMA) (pid_to_power) [comm="mem_miss"] ===
PID      power             

=== PID → cumulative energy (pid_to_consumption) [comm="mem_miss"] ===
PID      energy            

[H[JPolling energy-fair scheduler maps every 100 millisecond(s)...
Real time since poller start: 28.742981 s
Filter: comm "mem_miss"
Maps shown: total power consumption 

=== System totals (total) ===
  cpu_time:  907593865389 ns
  energy:    41612662260000 (units of your kfunc)
  uncore_energy:    973531331773310000 (units of your kfunc)

=== PID → power (EMA) (pid_to_power) [comm="mem_miss"] ===
PID      power             

=== PID → cumulative energy (pid_to_consumption) [comm="mem_miss"] ===
PID      energy            

[H[JPolling energy-fair scheduler maps every 100 millisecond(s)...
Real time since poller start: 28.864490 s
Filter: comm "mem_miss"
Maps shown: total power consumption 

=== System totals (total) ===
  cpu_time:  907616099900 ns
  energy:    41613609530000 (units of your kfunc)
  uncore_energy:    973531447036370000 (units of your kfunc)

=== PID → power (EMA) (pid_to_power) [comm="mem_miss"] ===
PID      power             

=== PID → cumulative energy (pid_to_consumption) [comm="mem_miss"] ===
PID      energy            

[H[JPolling energy-fair scheduler maps every 100 millisecond(s)...
Real time since poller start: 28.985979 s
Filter: comm "mem_miss"
Maps shown: total power consumption 

=== System totals (total) ===
  cpu_time:  907637317295 ns
  energy:    41614525210000 (units of your kfunc)
  uncore_energy:    973531594683460000 (units of your kfunc)

=== PID → power (EMA) (pid_to_power) [comm="mem_miss"] ===
PID      power             

=== PID → cumulative energy (pid_to_consumption) [comm="mem_miss"] ===
PID      energy            

[H[JPolling energy-fair scheduler maps every 100 millisecond(s)...
Real time since poller start: 29.107301 s
Filter: comm "mem_miss"
Maps shown: total power consumption 

=== System totals (total) ===
  cpu_time:  907660055437 ns
  energy:    41615525570000 (units of your kfunc)
  uncore_energy:    973531850717710000 (units of your kfunc)

=== PID → power (EMA) (pid_to_power) [comm="mem_miss"] ===
PID      power             

=== PID → cumulative energy (pid_to_consumption) [comm="mem_miss"] ===
PID      energy            

[H[JPolling energy-fair scheduler maps every 100 millisecond(s)...
Real time since poller start: 29.229017 s
Filter: comm "mem_miss"
Maps shown: total power consumption 

=== System totals (total) ===
  cpu_time:  907695343290 ns
  energy:    41617085470000 (units of your kfunc)
  uncore_energy:    973531903762300000 (units of your kfunc)

=== PID → power (EMA) (pid_to_power) [comm="mem_miss"] ===
PID      power             

=== PID → cumulative energy (pid_to_consumption) [comm="mem_miss"] ===
PID      energy            

[H[JPolling energy-fair scheduler maps every 100 millisecond(s)...
Real time since poller start: 29.350584 s
Filter: comm "mem_miss"
Maps shown: total power consumption 

=== System totals (total) ===
  cpu_time:  907718126033 ns
  energy:    41618076070000 (units of your kfunc)
  uncore_energy:    973532066891120000 (units of your kfunc)

=== PID → power (EMA) (pid_to_power) [comm="mem_miss"] ===
PID      power             

=== PID → cumulative energy (pid_to_consumption) [comm="mem_miss"] ===
PID      energy            

[H[JPolling energy-fair scheduler maps every 100 millisecond(s)...
Real time since poller start: 29.471462 s
Filter: comm "mem_miss"
Maps shown: total power consumption 

=== System totals (total) ===
  cpu_time:  907740240463 ns
  energy:    41619106490000 (units of your kfunc)
  uncore_energy:    973532265370280000 (units of your kfunc)

=== PID → power (EMA) (pid_to_power) [comm="mem_miss"] ===
PID      power             

=== PID → cumulative energy (pid_to_consumption) [comm="mem_miss"] ===
PID      energy            

[H[JPolling energy-fair scheduler maps every 100 millisecond(s)...
Real time since poller start: 29.592497 s
Filter: comm "mem_miss"
Maps shown: total power consumption 

=== System totals (total) ===
  cpu_time:  907761235219 ns
  energy:    41620064140000 (units of your kfunc)
  uncore_energy:    973532373179870000 (units of your kfunc)

=== PID → power (EMA) (pid_to_power) [comm="mem_miss"] ===
PID      power             

=== PID → cumulative energy (pid_to_consumption) [comm="mem_miss"] ===
PID      energy            

[H[JPolling energy-fair scheduler maps every 100 millisecond(s)...
Real time since poller start: 29.714055 s
Filter: comm "mem_miss"
Maps shown: total power consumption 

=== System totals (total) ===
  cpu_time:  907783184609 ns
  energy:    41621027880000 (units of your kfunc)
  uncore_energy:    973532571511480000 (units of your kfunc)

=== PID → power (EMA) (pid_to_power) [comm="mem_miss"] ===
PID      power             

=== PID → cumulative energy (pid_to_consumption) [comm="mem_miss"] ===
PID      energy            

[H[JPolling energy-fair scheduler maps every 100 millisecond(s)...
Real time since poller start: 29.835496 s
Filter: comm "mem_miss"
Maps shown: total power consumption 

=== System totals (total) ===
  cpu_time:  907804566066 ns
  energy:    41621979260000 (units of your kfunc)
  uncore_energy:    973532674112960000 (units of your kfunc)

=== PID → power (EMA) (pid_to_power) [comm="mem_miss"] ===
PID      power             

=== PID → cumulative energy (pid_to_consumption) [comm="mem_miss"] ===
PID      energy            

[H[JPolling energy-fair scheduler maps every 100 millisecond(s)...
Real time since poller start: 29.957073 s
Filter: comm "mem_miss"
Maps shown: total power consumption 

=== System totals (total) ===
  cpu_time:  907825684541 ns
  energy:    41622910970000 (units of your kfunc)
  uncore_energy:    973532829387300000 (units of your kfunc)

=== PID → power (EMA) (pid_to_power) [comm="mem_miss"] ===
PID      power             

=== PID → cumulative energy (pid_to_consumption) [comm="mem_miss"] ===
PID      energy            

[H[JPolling energy-fair scheduler maps every 100 millisecond(s)...
Real time since poller start: 30.078333 s
Filter: comm "mem_miss"
Maps shown: total power consumption 

=== System totals (total) ===
  cpu_time:  907847656700 ns
  energy:    41623875490000 (units of your kfunc)
  uncore_energy:    973533031697930000 (units of your kfunc)

=== PID → power (EMA) (pid_to_power) [comm="mem_miss"] ===
PID      power             

=== PID → cumulative energy (pid_to_consumption) [comm="mem_miss"] ===
PID      energy            

[H[JPolling energy-fair scheduler maps every 100 millisecond(s)...
Real time since poller start: 30.199706 s
Filter: comm "mem_miss"
Maps shown: total power consumption 

=== System totals (total) ===
  cpu_time:  907870025451 ns
  energy:    41624837720000 (units of your kfunc)
  uncore_energy:    973533191802140000 (units of your kfunc)

=== PID → power (EMA) (pid_to_power) [comm="mem_miss"] ===
PID      power             

=== PID → cumulative energy (pid_to_consumption) [comm="mem_miss"] ===
PID      energy            

[H[JPolling energy-fair scheduler maps every 100 millisecond(s)...
Real time since poller start: 30.320552 s
Filter: comm "mem_miss"
Maps shown: total power consumption 

=== System totals (total) ===
  cpu_time:  907891710338 ns
  energy:    41625702430000 (units of your kfunc)
  uncore_energy:    973533340837020000 (units of your kfunc)

=== PID → power (EMA) (pid_to_power) [comm="mem_miss"] ===
PID      power             

=== PID → cumulative energy (pid_to_consumption) [comm="mem_miss"] ===
PID      energy            

[H[JPolling energy-fair scheduler maps every 100 millisecond(s)...
Real time since poller start: 30.441357 s
Filter: comm "mem_miss"
Maps shown: total power consumption 

=== System totals (total) ===
  cpu_time:  907913575148 ns
  energy:    41626545620000 (units of your kfunc)
  uncore_energy:    973533493234950000 (units of your kfunc)

=== PID → power (EMA) (pid_to_power) [comm="mem_miss"] ===
PID      power             

=== PID → cumulative energy (pid_to_consumption) [comm="mem_miss"] ===
PID      energy            

[H[JPolling energy-fair scheduler maps every 100 millisecond(s)...
Real time since poller start: 30.562853 s
Filter: comm "mem_miss"
Maps shown: total power consumption 

=== System totals (total) ===
  cpu_time:  907935483318 ns
  energy:    41627376920000 (units of your kfunc)
  uncore_energy:    973533664263390000 (units of your kfunc)

=== PID → power (EMA) (pid_to_power) [comm="mem_miss"] ===
PID      power             

=== PID → cumulative energy (pid_to_consumption) [comm="mem_miss"] ===
PID      energy            

[H[JPolling energy-fair scheduler maps every 100 millisecond(s)...
Real time since poller start: 30.684142 s
Filter: comm "mem_miss"
Maps shown: total power consumption 

=== System totals (total) ===
  cpu_time:  907956712854 ns
  energy:    41628216610000 (units of your kfunc)
  uncore_energy:    973533754550410000 (units of your kfunc)

=== PID → power (EMA) (pid_to_power) [comm="mem_miss"] ===
PID      power             

=== PID → cumulative energy (pid_to_consumption) [comm="mem_miss"] ===
PID      energy            

[H[JPolling energy-fair scheduler maps every 100 millisecond(s)...
Real time since poller start: 30.805535 s
Filter: comm "mem_miss"
Maps shown: total power consumption 

=== System totals (total) ===
  cpu_time:  907978745944 ns
  energy:    41629060880000 (units of your kfunc)
  uncore_energy:    973533918048800000 (units of your kfunc)

=== PID → power (EMA) (pid_to_power) [comm="mem_miss"] ===
PID      power             

=== PID → cumulative energy (pid_to_consumption) [comm="mem_miss"] ===
PID      energy            

[H[JPolling energy-fair scheduler maps every 100 millisecond(s)...
Real time since poller start: 30.926526 s
Filter: comm "mem_miss"
Maps shown: total power consumption 

=== System totals (total) ===
  cpu_time:  908015431473 ns
  energy:    41630567070000 (units of your kfunc)
  uncore_energy:    973534124389590000 (units of your kfunc)

=== PID → power (EMA) (pid_to_power) [comm="mem_miss"] ===
PID      power             

=== PID → cumulative energy (pid_to_consumption) [comm="mem_miss"] ===
PID      energy            

[H[JPolling energy-fair scheduler maps every 100 millisecond(s)...
Real time since poller start: 31.048232 s
Filter: comm "mem_miss"
Maps shown: total power consumption 

=== System totals (total) ===
  cpu_time:  908038526909 ns
  energy:    41631559040000 (units of your kfunc)
  uncore_energy:    973534232626750000 (units of your kfunc)

=== PID → power (EMA) (pid_to_power) [comm="mem_miss"] ===
PID      power             

=== PID → cumulative energy (pid_to_consumption) [comm="mem_miss"] ===
PID      energy            

[H[JPolling energy-fair scheduler maps every 100 millisecond(s)...
Real time since poller start: 31.169716 s
Filter: comm "mem_miss"
Maps shown: total power consumption 

=== System totals (total) ===
  cpu_time:  908061548774 ns
  energy:    41632432000000 (units of your kfunc)
  uncore_energy:    973534436980680000 (units of your kfunc)

=== PID → power (EMA) (pid_to_power) [comm="mem_miss"] ===
PID      power             

=== PID → cumulative energy (pid_to_consumption) [comm="mem_miss"] ===
PID      energy            

[H[JPolling energy-fair scheduler maps every 100 millisecond(s)...
Real time since poller start: 31.291141 s
Filter: comm "mem_miss"
Maps shown: total power consumption 

=== System totals (total) ===
  cpu_time:  908085099511 ns
  energy:    41633466230000 (units of your kfunc)
  uncore_energy:    973534584640610000 (units of your kfunc)

=== PID → power (EMA) (pid_to_power) [comm="mem_miss"] ===
PID      power             

=== PID → cumulative energy (pid_to_consumption) [comm="mem_miss"] ===
PID      energy            

[H[JPolling energy-fair scheduler maps every 100 millisecond(s)...
Real time since poller start: 31.412517 s
Filter: comm "mem_miss"
Maps shown: total power consumption 

=== System totals (total) ===
  cpu_time:  908107666123 ns
  energy:    41634435770000 (units of your kfunc)
  uncore_energy:    973534779483750000 (units of your kfunc)

=== PID → power (EMA) (pid_to_power) [comm="mem_miss"] ===
PID      power             

=== PID → cumulative energy (pid_to_consumption) [comm="mem_miss"] ===
PID      energy            

[H[JPolling energy-fair scheduler maps every 100 millisecond(s)...
Real time since poller start: 31.534079 s
Filter: comm "mem_miss"
Maps shown: total power consumption 

=== System totals (total) ===
  cpu_time:  908129128400 ns
  energy:    41635240830000 (units of your kfunc)
  uncore_energy:    973534891758680000 (units of your kfunc)

=== PID → power (EMA) (pid_to_power) [comm="mem_miss"] ===
PID      power             

=== PID → cumulative energy (pid_to_consumption) [comm="mem_miss"] ===
PID      energy            

[H[JPolling energy-fair scheduler maps every 100 millisecond(s)...
Real time since poller start: 31.654973 s
Filter: comm "mem_miss"
Maps shown: total power consumption 

=== System totals (total) ===
  cpu_time:  908164809884 ns
  energy:    41636777090000 (units of your kfunc)
  uncore_energy:    973535063331090000 (units of your kfunc)

=== PID → power (EMA) (pid_to_power) [comm="mem_miss"] ===
PID      power             

=== PID → cumulative energy (pid_to_consumption) [comm="mem_miss"] ===
PID      energy            

[H[JPolling energy-fair scheduler maps every 100 millisecond(s)...
Real time since poller start: 31.777047 s
Filter: comm "mem_miss"
Maps shown: total power consumption 

=== System totals (total) ===
  cpu_time:  908291253610 ns
  energy:    41640957250000 (units of your kfunc)
  uncore_energy:    973535281635060000 (units of your kfunc)

=== PID → power (EMA) (pid_to_power) [comm="mem_miss"] ===
PID      power             

=== PID → cumulative energy (pid_to_consumption) [comm="mem_miss"] ===
PID      energy            

[H[JPolling energy-fair scheduler maps every 100 millisecond(s)...
Real time since poller start: 31.898585 s
Filter: comm "mem_miss"
Maps shown: total power consumption 

=== System totals (total) ===
  cpu_time:  908430533787 ns
  energy:    41644900390000 (units of your kfunc)
  uncore_energy:    973535439094050000 (units of your kfunc)

=== PID → power (EMA) (pid_to_power) [comm="mem_miss"] ===
PID      power             

=== PID → cumulative energy (pid_to_consumption) [comm="mem_miss"] ===
PID      energy            

[H[JPolling energy-fair scheduler maps every 100 millisecond(s)...
Real time since poller start: 32.019719 s
Filter: comm "mem_miss"
Maps shown: total power consumption 

=== System totals (total) ===
  cpu_time:  908504313941 ns
  energy:    41647457300000 (units of your kfunc)
  uncore_energy:    973535524143490000 (units of your kfunc)

=== PID → power (EMA) (pid_to_power) [comm="mem_miss"] ===
PID      power             

=== PID → cumulative energy (pid_to_consumption) [comm="mem_miss"] ===
PID      energy            

[H[JPolling energy-fair scheduler maps every 100 millisecond(s)...
Real time since poller start: 32.141181 s
Filter: comm "mem_miss"
Maps shown: total power consumption 

=== System totals (total) ===
  cpu_time:  908526613093 ns
  energy:    41648469560000 (units of your kfunc)
  uncore_energy:    973535689995860000 (units of your kfunc)

=== PID → power (EMA) (pid_to_power) [comm="mem_miss"] ===
PID      power             

=== PID → cumulative energy (pid_to_consumption) [comm="mem_miss"] ===
PID      energy            

[H[JPolling energy-fair scheduler maps every 100 millisecond(s)...
Real time since poller start: 32.262549 s
Filter: comm "mem_miss"
Maps shown: total power consumption 

=== System totals (total) ===
  cpu_time:  908550604944 ns
  energy:    41649486560000 (units of your kfunc)
  uncore_energy:    973535835596900000 (units of your kfunc)

=== PID → power (EMA) (pid_to_power) [comm="mem_miss"] ===
PID      power             

=== PID → cumulative energy (pid_to_consumption) [comm="mem_miss"] ===
PID      energy            

[H[JPolling energy-fair scheduler maps every 100 millisecond(s)...
Real time since poller start: 32.383425 s
Filter: comm "mem_miss"
Maps shown: total power consumption 

=== System totals (total) ===
  cpu_time:  908586465620 ns
  energy:    41651053940000 (units of your kfunc)
  uncore_energy:    973536003366220000 (units of your kfunc)

=== PID → power (EMA) (pid_to_power) [comm="mem_miss"] ===
PID      power             

=== PID → cumulative energy (pid_to_consumption) [comm="mem_miss"] ===
PID      energy            

[H[JPolling energy-fair scheduler maps every 100 millisecond(s)...
Real time since poller start: 32.504958 s
Filter: comm "mem_miss"
Maps shown: total power consumption 

=== System totals (total) ===
  cpu_time:  908609380895 ns
  energy:    41652021500000 (units of your kfunc)
  uncore_energy:    973536142354720000 (units of your kfunc)

=== PID → power (EMA) (pid_to_power) [comm="mem_miss"] ===
PID      power             

=== PID → cumulative energy (pid_to_consumption) [comm="mem_miss"] ===
PID      energy            

[H[JPolling energy-fair scheduler maps every 100 millisecond(s)...
Real time since poller start: 32.625871 s
Filter: comm "mem_miss"
Maps shown: total power consumption 

=== System totals (total) ===
  cpu_time:  908630262570 ns
  energy:    41652888350000 (units of your kfunc)
  uncore_energy:    973536295899790000 (units of your kfunc)

=== PID → power (EMA) (pid_to_power) [comm="mem_miss"] ===
PID      power             

=== PID → cumulative energy (pid_to_consumption) [comm="mem_miss"] ===
PID      energy            

[H[JPolling energy-fair scheduler maps every 100 millisecond(s)...
Real time since poller start: 32.746722 s
Filter: comm "mem_miss"
Maps shown: total power consumption 

=== System totals (total) ===
  cpu_time:  908651543345 ns
  energy:    41653845230000 (units of your kfunc)
  uncore_energy:    973536493428780000 (units of your kfunc)

=== PID → power (EMA) (pid_to_power) [comm="mem_miss"] ===
PID      power             

=== PID → cumulative energy (pid_to_consumption) [comm="mem_miss"] ===
PID      energy            

[H[JPolling energy-fair scheduler maps every 100 millisecond(s)...
Real time since poller start: 32.867587 s
Filter: comm "mem_miss"
Maps shown: total power consumption 

=== System totals (total) ===
  cpu_time:  908674005217 ns
  energy:    41654822250000 (units of your kfunc)
  uncore_energy:    973536607611370000 (units of your kfunc)

=== PID → power (EMA) (pid_to_power) [comm="mem_miss"] ===
PID      power             

=== PID → cumulative energy (pid_to_consumption) [comm="mem_miss"] ===
PID      energy            

[H[JPolling energy-fair scheduler maps every 100 millisecond(s)...
Real time since poller start: 32.988439 s
Filter: comm "mem_miss"
Maps shown: total power consumption 

=== System totals (total) ===
  cpu_time:  908694970511 ns
  energy:    41655781580000 (units of your kfunc)
  uncore_energy:    973536757923710000 (units of your kfunc)

=== PID → power (EMA) (pid_to_power) [comm="mem_miss"] ===
PID      power             

=== PID → cumulative energy (pid_to_consumption) [comm="mem_miss"] ===
PID      energy            

[H[JPolling energy-fair scheduler maps every 100 millisecond(s)...
Real time since poller start: 33.109307 s
Filter: comm "mem_miss"
Maps shown: total power consumption 

=== System totals (total) ===
  cpu_time:  908718178747 ns
  energy:    41656795830000 (units of your kfunc)
  uncore_energy:    973536962490510000 (units of your kfunc)

=== PID → power (EMA) (pid_to_power) [comm="mem_miss"] ===
PID      power             

=== PID → cumulative energy (pid_to_consumption) [comm="mem_miss"] ===
PID      energy            

[H[JPolling energy-fair scheduler maps every 100 millisecond(s)...
Real time since poller start: 33.230926 s
Filter: comm "mem_miss"
Maps shown: total power consumption 

=== System totals (total) ===
  cpu_time:  908739466604 ns
  energy:    41657653690000 (units of your kfunc)
  uncore_energy:    973537080994830000 (units of your kfunc)

=== PID → power (EMA) (pid_to_power) [comm="mem_miss"] ===
PID      power             

=== PID → cumulative energy (pid_to_consumption) [comm="mem_miss"] ===
PID      energy            

[H[JPolling energy-fair scheduler maps every 100 millisecond(s)...
Real time since poller start: 33.352436 s
Filter: comm "mem_miss"
Maps shown: total power consumption 

=== System totals (total) ===
  cpu_time:  908760913341 ns
  energy:    41658551360000 (units of your kfunc)
  uncore_energy:    973537170793730000 (units of your kfunc)

=== PID → power (EMA) (pid_to_power) [comm="mem_miss"] ===
PID      power             

=== PID → cumulative energy (pid_to_consumption) [comm="mem_miss"] ===
PID      energy            

[H[JPolling energy-fair scheduler maps every 100 millisecond(s)...
Real time since poller start: 33.473855 s
Filter: comm "mem_miss"
Maps shown: total power consumption 

=== System totals (total) ===
  cpu_time:  908784226757 ns
  energy:    41659500610000 (units of your kfunc)
  uncore_energy:    973537377963530000 (units of your kfunc)

=== PID → power (EMA) (pid_to_power) [comm="mem_miss"] ===
PID      power             

=== PID → cumulative energy (pid_to_consumption) [comm="mem_miss"] ===
PID      energy            

[H[JPolling energy-fair scheduler maps every 100 millisecond(s)...
Real time since poller start: 33.594705 s
Filter: comm "mem_miss"
Maps shown: total power consumption 

=== System totals (total) ===
  cpu_time:  908828443637 ns
  energy:    41661454040000 (units of your kfunc)
  uncore_energy:    973537599740410000 (units of your kfunc)

=== PID → power (EMA) (pid_to_power) [comm="mem_miss"] ===
PID      power             

=== PID → cumulative energy (pid_to_consumption) [comm="mem_miss"] ===
PID      energy            

[H[JPolling energy-fair scheduler maps every 100 millisecond(s)...
Real time since poller start: 33.715704 s
Filter: comm "mem_miss"
Maps shown: total power consumption 

=== System totals (total) ===
  cpu_time:  908851415451 ns
  energy:    41662484460000 (units of your kfunc)
  uncore_energy:    973537699168520000 (units of your kfunc)

=== PID → power (EMA) (pid_to_power) [comm="mem_miss"] ===
PID      power             

=== PID → cumulative energy (pid_to_consumption) [comm="mem_miss"] ===
PID      energy            

[H[JPolling energy-fair scheduler maps every 100 millisecond(s)...
Real time since poller start: 33.836596 s
Filter: comm "mem_miss"
Maps shown: total power consumption 

=== System totals (total) ===
  cpu_time:  908884097820 ns
  energy:    41663821580000 (units of your kfunc)
  uncore_energy:    973537802069220000 (units of your kfunc)

=== PID → power (EMA) (pid_to_power) [comm="mem_miss"] ===
PID      power             

=== PID → cumulative energy (pid_to_consumption) [comm="mem_miss"] ===
PID      energy            

[H[JPolling energy-fair scheduler maps every 100 millisecond(s)...
Real time since poller start: 33.957502 s
Filter: comm "mem_miss"
Maps shown: total power consumption 

=== System totals (total) ===
  cpu_time:  908905632908 ns
  energy:    41664792800000 (units of your kfunc)
  uncore_energy:    973537949614240000 (units of your kfunc)

=== PID → power (EMA) (pid_to_power) [comm="mem_miss"] ===
PID      power             

=== PID → cumulative energy (pid_to_consumption) [comm="mem_miss"] ===
PID      energy            

[H[JPolling energy-fair scheduler maps every 100 millisecond(s)...
Real time since poller start: 34.078522 s
Filter: comm "mem_miss"
Maps shown: total power consumption 

=== System totals (total) ===
  cpu_time:  908930281873 ns
  energy:    41665878310000 (units of your kfunc)
  uncore_energy:    973538204196610000 (units of your kfunc)

=== PID → power (EMA) (pid_to_power) [comm="mem_miss"] ===
PID      power             

=== PID → cumulative energy (pid_to_consumption) [comm="mem_miss"] ===
PID      energy            

[H[JPolling energy-fair scheduler maps every 100 millisecond(s)...
Real time since poller start: 34.200097 s
Filter: comm "mem_miss"
Maps shown: total power consumption 

=== System totals (total) ===
  cpu_time:  908952213263 ns
  energy:    41666863570000 (units of your kfunc)
  uncore_energy:    973538298846420000 (units of your kfunc)

=== PID → power (EMA) (pid_to_power) [comm="mem_miss"] ===
PID      power             

=== PID → cumulative energy (pid_to_consumption) [comm="mem_miss"] ===
PID      energy            

[H[JPolling energy-fair scheduler maps every 100 millisecond(s)...
Real time since poller start: 34.321720 s
Filter: comm "mem_miss"
Maps shown: total power consumption 

=== System totals (total) ===
  cpu_time:  908977223620 ns
  energy:    41667959460000 (units of your kfunc)
  uncore_energy:    973538523022900000 (units of your kfunc)

=== PID → power (EMA) (pid_to_power) [comm="mem_miss"] ===
PID      power             

=== PID → cumulative energy (pid_to_consumption) [comm="mem_miss"] ===
PID      energy            

[H[JPolling energy-fair scheduler maps every 100 millisecond(s)...
Real time since poller start: 34.443024 s
Filter: comm "mem_miss"
Maps shown: total power consumption 

=== System totals (total) ===
  cpu_time:  908999769974 ns
  energy:    41668946100000 (units of your kfunc)
  uncore_energy:    973538660282870000 (units of your kfunc)

=== PID → power (EMA) (pid_to_power) [comm="mem_miss"] ===
PID      power             

=== PID → cumulative energy (pid_to_consumption) [comm="mem_miss"] ===
PID      energy            

[H[JPolling energy-fair scheduler maps every 100 millisecond(s)...
Real time since poller start: 34.564585 s
Filter: comm "mem_miss"
Maps shown: total power consumption 

=== System totals (total) ===
  cpu_time:  909022106365 ns
  energy:    41669914890000 (units of your kfunc)
  uncore_energy:    973538764557910000 (units of your kfunc)

=== PID → power (EMA) (pid_to_power) [comm="mem_miss"] ===
PID      power             

=== PID → cumulative energy (pid_to_consumption) [comm="mem_miss"] ===
PID      energy            

[H[JPolling energy-fair scheduler maps every 100 millisecond(s)...
Real time since poller start: 34.685520 s
Filter: comm "mem_miss"
Maps shown: total power consumption 

=== System totals (total) ===
  cpu_time:  909043410241 ns
  energy:    41670878470000 (units of your kfunc)
  uncore_energy:    973538918122230000 (units of your kfunc)

=== PID → power (EMA) (pid_to_power) [comm="mem_miss"] ===
PID      power             

=== PID → cumulative energy (pid_to_consumption) [comm="mem_miss"] ===
PID      energy            

[H[JPolling energy-fair scheduler maps every 100 millisecond(s)...
Real time since poller start: 34.806531 s
Filter: comm "mem_miss"
Maps shown: total power consumption 

=== System totals (total) ===
  cpu_time:  909065242900 ns
  energy:    41671839910000 (units of your kfunc)
  uncore_energy:    973539073209370000 (units of your kfunc)

=== PID → power (EMA) (pid_to_power) [comm="mem_miss"] ===
PID      power             

=== PID → cumulative energy (pid_to_consumption) [comm="mem_miss"] ===
PID      energy            

[H[JPolling energy-fair scheduler maps every 100 millisecond(s)...
Real time since poller start: 34.928189 s
Filter: comm "mem_miss"
Maps shown: total power consumption 

=== System totals (total) ===
  cpu_time:  909088236055 ns
  energy:    41672832650000 (units of your kfunc)
  uncore_energy:    973539227267900000 (units of your kfunc)

=== PID → power (EMA) (pid_to_power) [comm="mem_miss"] ===
PID      power             

=== PID → cumulative energy (pid_to_consumption) [comm="mem_miss"] ===
PID      energy            

[H[JPolling energy-fair scheduler maps every 100 millisecond(s)...
Real time since poller start: 35.049960 s
Filter: comm "mem_miss"
Maps shown: total power consumption 

=== System totals (total) ===
  cpu_time:  909110701336 ns
  energy:    41673769080000 (units of your kfunc)
  uncore_energy:    973539397124160000 (units of your kfunc)

=== PID → power (EMA) (pid_to_power) [comm="mem_miss"] ===
PID      power             

=== PID → cumulative energy (pid_to_consumption) [comm="mem_miss"] ===
PID      energy            

[H[JPolling energy-fair scheduler maps every 100 millisecond(s)...
Real time since poller start: 35.171395 s
Filter: comm "mem_miss"
Maps shown: total power consumption 

=== System totals (total) ===
  cpu_time:  909148708394 ns
  energy:    41675495610000 (units of your kfunc)
  uncore_energy:    973539600531760000 (units of your kfunc)

=== PID → power (EMA) (pid_to_power) [comm="mem_miss"] ===
PID      power             

=== PID → cumulative energy (pid_to_consumption) [comm="mem_miss"] ===
PID      energy            

[H[JPolling energy-fair scheduler maps every 100 millisecond(s)...
Real time since poller start: 35.292991 s
Filter: comm "mem_miss"
Maps shown: total power consumption 

=== System totals (total) ===
  cpu_time:  909172090992 ns
  energy:    41676457530000 (units of your kfunc)
  uncore_energy:    973539689387040000 (units of your kfunc)

=== PID → power (EMA) (pid_to_power) [comm="mem_miss"] ===
PID      power             

=== PID → cumulative energy (pid_to_consumption) [comm="mem_miss"] ===
PID      energy            

[H[JPolling energy-fair scheduler maps every 100 millisecond(s)...
Real time since poller start: 35.414766 s
Filter: comm "mem_miss"
Maps shown: total power consumption 

=== System totals (total) ===
  cpu_time:  909195836662 ns
  energy:    41677481540000 (units of your kfunc)
  uncore_energy:    973539845866390000 (units of your kfunc)

=== PID → power (EMA) (pid_to_power) [comm="mem_miss"] ===
PID      power             

=== PID → cumulative energy (pid_to_consumption) [comm="mem_miss"] ===
PID      energy            

[H[JPolling energy-fair scheduler maps every 100 millisecond(s)...
Real time since poller start: 35.536350 s
Filter: comm "mem_miss"
Maps shown: total power consumption 

=== System totals (total) ===
  cpu_time:  909220130064 ns
  energy:    41678533930000 (units of your kfunc)
  uncore_energy:    973540009179230000 (units of your kfunc)

=== PID → power (EMA) (pid_to_power) [comm="mem_miss"] ===
PID      power             

=== PID → cumulative energy (pid_to_consumption) [comm="mem_miss"] ===
PID      energy            

[H[JPolling energy-fair scheduler maps every 100 millisecond(s)...
Real time since poller start: 35.658069 s
Filter: comm "mem_miss"
Maps shown: total power consumption 

=== System totals (total) ===
  cpu_time:  909241594810 ns
  energy:    41679485160000 (units of your kfunc)
  uncore_energy:    973540201599580000 (units of your kfunc)

=== PID → power (EMA) (pid_to_power) [comm="mem_miss"] ===
PID      power             

=== PID → cumulative energy (pid_to_consumption) [comm="mem_miss"] ===
PID      energy            

[H[JPolling energy-fair scheduler maps every 100 millisecond(s)...
Real time since poller start: 35.779408 s
Filter: comm "mem_miss"
Maps shown: total power consumption 

=== System totals (total) ===
  cpu_time:  909262871296 ns
  energy:    41680439290000 (units of your kfunc)
  uncore_energy:    973540260948030000 (units of your kfunc)

=== PID → power (EMA) (pid_to_power) [comm="mem_miss"] ===
PID      power             

=== PID → cumulative energy (pid_to_consumption) [comm="mem_miss"] ===
PID      energy            

[H[JPolling energy-fair scheduler maps every 100 millisecond(s)...
Real time since poller start: 35.900988 s
Filter: comm "mem_miss"
Maps shown: total power consumption 

=== System totals (total) ===
  cpu_time:  909284138302 ns
  energy:    41681370830000 (units of your kfunc)
  uncore_energy:    973540479897170000 (units of your kfunc)

=== PID → power (EMA) (pid_to_power) [comm="mem_miss"] ===
PID      power             

=== PID → cumulative energy (pid_to_consumption) [comm="mem_miss"] ===
PID      energy            

[H[JPolling energy-fair scheduler maps every 100 millisecond(s)...
Real time since poller start: 36.022062 s
Filter: comm "mem_miss"
Maps shown: total power consumption 

=== System totals (total) ===
  cpu_time:  909305062737 ns
  energy:    41682284670000 (units of your kfunc)
  uncore_energy:    973540617044400000 (units of your kfunc)

=== PID → power (EMA) (pid_to_power) [comm="mem_miss"] ===
PID      power             

=== PID → cumulative energy (pid_to_consumption) [comm="mem_miss"] ===
PID      energy            

[H[JPolling energy-fair scheduler maps every 100 millisecond(s)...
Real time since poller start: 36.143487 s
Filter: comm "mem_miss"
Maps shown: total power consumption 

=== System totals (total) ===
  cpu_time:  909327831541 ns
  energy:    41683294040000 (units of your kfunc)
  uncore_energy:    973540782425860000 (units of your kfunc)

=== PID → power (EMA) (pid_to_power) [comm="mem_miss"] ===
PID      power             

=== PID → cumulative energy (pid_to_consumption) [comm="mem_miss"] ===
PID      energy            

[H[JPolling energy-fair scheduler maps every 100 millisecond(s)...
Real time since poller start: 36.264558 s
Filter: comm "mem_miss"
Maps shown: total power consumption 

=== System totals (total) ===
  cpu_time:  909349129358 ns
  energy:    41684224820000 (units of your kfunc)
  uncore_energy:    973540927314940000 (units of your kfunc)

=== PID → power (EMA) (pid_to_power) [comm="mem_miss"] ===
PID      power             

=== PID → cumulative energy (pid_to_consumption) [comm="mem_miss"] ===
PID      energy            

[H[JPolling energy-fair scheduler maps every 100 millisecond(s)...
Real time since poller start: 36.386083 s
Filter: comm "mem_miss"
Maps shown: total power consumption 

=== System totals (total) ===
  cpu_time:  909370293064 ns
  energy:    41685158660000 (units of your kfunc)
  uncore_energy:    973541079767640000 (units of your kfunc)

=== PID → power (EMA) (pid_to_power) [comm="mem_miss"] ===
PID      power             

=== PID → cumulative energy (pid_to_consumption) [comm="mem_miss"] ===
PID      energy            

[H[JPolling energy-fair scheduler maps every 100 millisecond(s)...
Real time since poller start: 36.507261 s
Filter: comm "mem_miss"
Maps shown: total power consumption 

=== System totals (total) ===
  cpu_time:  909392491856 ns
  energy:    41686133240000 (units of your kfunc)
  uncore_energy:    973541251205470000 (units of your kfunc)

=== PID → power (EMA) (pid_to_power) [comm="mem_miss"] ===
PID      power             

=== PID → cumulative energy (pid_to_consumption) [comm="mem_miss"] ===
PID      energy            

[H[JPolling energy-fair scheduler maps every 100 millisecond(s)...
Real time since poller start: 36.628584 s
Filter: comm "mem_miss"
Maps shown: total power consumption 

=== System totals (total) ===
  cpu_time:  909413709622 ns
  energy:    41687053960000 (units of your kfunc)
  uncore_energy:    973541339880240000 (units of your kfunc)

=== PID → power (EMA) (pid_to_power) [comm="mem_miss"] ===
PID      power             

=== PID → cumulative energy (pid_to_consumption) [comm="mem_miss"] ===
PID      energy            

[H[JPolling energy-fair scheduler maps every 100 millisecond(s)...
Real time since poller start: 36.749584 s
Filter: comm "mem_miss"
Maps shown: total power consumption 

=== System totals (total) ===
  cpu_time:  909434934697 ns
  energy:    41688006110000 (units of your kfunc)
  uncore_energy:    973541542110160000 (units of your kfunc)

=== PID → power (EMA) (pid_to_power) [comm="mem_miss"] ===
PID      power             

=== PID → cumulative energy (pid_to_consumption) [comm="mem_miss"] ===
PID      energy            

[H[JPolling energy-fair scheduler maps every 100 millisecond(s)...
Real time since poller start: 36.870410 s
Filter: comm "mem_miss"
Maps shown: total power consumption 

=== System totals (total) ===
  cpu_time:  909469869097 ns
  energy:    41689659090000 (units of your kfunc)
  uncore_energy:    973541754469780000 (units of your kfunc)

=== PID → power (EMA) (pid_to_power) [comm="mem_miss"] ===
PID      power             

=== PID → cumulative energy (pid_to_consumption) [comm="mem_miss"] ===
PID      energy            

[H[JPolling energy-fair scheduler maps every 100 millisecond(s)...
Real time since poller start: 36.991355 s
Filter: comm "mem_miss"
Maps shown: total power consumption 

=== System totals (total) ===
  cpu_time:  909492091899 ns
  energy:    41690640390000 (units of your kfunc)
  uncore_energy:    973541850804610000 (units of your kfunc)

=== PID → power (EMA) (pid_to_power) [comm="mem_miss"] ===
PID      power             

=== PID → cumulative energy (pid_to_consumption) [comm="mem_miss"] ===
PID      energy            

[H[JPolling energy-fair scheduler maps every 100 millisecond(s)...
Real time since poller start: 37.112469 s
Filter: comm "mem_miss"
Maps shown: total power consumption 

=== System totals (total) ===
  cpu_time:  909515755587 ns
  energy:    41691674940000 (units of your kfunc)
  uncore_energy:    973542063398450000 (units of your kfunc)

=== PID → power (EMA) (pid_to_power) [comm="mem_miss"] ===
PID      power             

=== PID → cumulative energy (pid_to_consumption) [comm="mem_miss"] ===
PID      energy            

[H[JPolling energy-fair scheduler maps every 100 millisecond(s)...
Real time since poller start: 37.234055 s
Filter: comm "mem_miss"
Maps shown: total power consumption 

=== System totals (total) ===
  cpu_time:  909537946388 ns
  energy:    41692627230000 (units of your kfunc)
  uncore_energy:    973542216203640000 (units of your kfunc)

=== PID → power (EMA) (pid_to_power) [comm="mem_miss"] ===
PID      power             

=== PID → cumulative energy (pid_to_consumption) [comm="mem_miss"] ===
PID      energy            

[H[JPolling energy-fair scheduler maps every 100 millisecond(s)...
Real time since poller start: 37.355586 s
Filter: comm "mem_miss"
Maps shown: total power consumption 

=== System totals (total) ===
  cpu_time:  909559436186 ns
  energy:    41693565950000 (units of your kfunc)
  uncore_energy:    973542323172480000 (units of your kfunc)

=== PID → power (EMA) (pid_to_power) [comm="mem_miss"] ===
PID      power             

=== PID → cumulative energy (pid_to_consumption) [comm="mem_miss"] ===
PID      energy            

[H[JPolling energy-fair scheduler maps every 100 millisecond(s)...
Real time since poller start: 37.477062 s
Filter: comm "mem_miss"
Maps shown: total power consumption 

=== System totals (total) ===
  cpu_time:  909581287635 ns
  energy:    41694543430000 (units of your kfunc)
  uncore_energy:    973542435963310000 (units of your kfunc)

=== PID → power (EMA) (pid_to_power) [comm="mem_miss"] ===
PID      power             

=== PID → cumulative energy (pid_to_consumption) [comm="mem_miss"] ===
PID      energy            

[H[JPolling energy-fair scheduler maps every 100 millisecond(s)...
Real time since poller start: 37.598455 s
Filter: comm "mem_miss"
Maps shown: total power consumption 

=== System totals (total) ===
  cpu_time:  909602906123 ns
  energy:    41695486880000 (units of your kfunc)
  uncore_energy:    973542630180530000 (units of your kfunc)

=== PID → power (EMA) (pid_to_power) [comm="mem_miss"] ===
PID      power             

=== PID → cumulative energy (pid_to_consumption) [comm="mem_miss"] ===
PID      energy            

[H[JPolling energy-fair scheduler maps every 100 millisecond(s)...
Real time since poller start: 37.719759 s
Filter: comm "mem_miss"
Maps shown: total power consumption 

=== System totals (total) ===
  cpu_time:  909734887441 ns
  energy:    41700235880000 (units of your kfunc)
  uncore_energy:    973542863418590000 (units of your kfunc)

=== PID → power (EMA) (pid_to_power) [comm="mem_miss"] ===
PID      power             

=== PID → cumulative energy (pid_to_consumption) [comm="mem_miss"] ===
PID      energy            

[H[JPolling energy-fair scheduler maps every 100 millisecond(s)...
Real time since poller start: 37.841372 s
Filter: comm "mem_miss"
Maps shown: total power consumption 

=== System totals (total) ===
  cpu_time:  909874725673 ns
  energy:    41704483770000 (units of your kfunc)
  uncore_energy:    973543019412860000 (units of your kfunc)

=== PID → power (EMA) (pid_to_power) [comm="mem_miss"] ===
PID      power             

=== PID → cumulative energy (pid_to_consumption) [comm="mem_miss"] ===
PID      energy            

[H[JPolling energy-fair scheduler maps every 100 millisecond(s)...
Real time since poller start: 37.962615 s
Filter: comm "mem_miss"
Maps shown: total power consumption 

=== System totals (total) ===
  cpu_time:  909926959225 ns
  energy:    41706696590000 (units of your kfunc)
  uncore_energy:    973543106331970000 (units of your kfunc)

=== PID → power (EMA) (pid_to_power) [comm="mem_miss"] ===
PID      power             

=== PID → cumulative energy (pid_to_consumption) [comm="mem_miss"] ===
PID      energy            

[H[JPolling energy-fair scheduler maps every 100 millisecond(s)...
Real time since poller start: 38.084181 s
Filter: comm "mem_miss"
Maps shown: total power consumption 

=== System totals (total) ===
  cpu_time:  909948860864 ns
  energy:    41707659120000 (units of your kfunc)
  uncore_energy:    973543264071220000 (units of your kfunc)

=== PID → power (EMA) (pid_to_power) [comm="mem_miss"] ===
PID      power             

=== PID → cumulative energy (pid_to_consumption) [comm="mem_miss"] ===
PID      energy            

[H[JPolling energy-fair scheduler maps every 100 millisecond(s)...
Real time since poller start: 38.205919 s
Filter: comm "mem_miss"
Maps shown: total power consumption 

=== System totals (total) ===
  cpu_time:  909970264061 ns
  energy:    41708594630000 (units of your kfunc)
  uncore_energy:    973543366928280000 (units of your kfunc)

=== PID → power (EMA) (pid_to_power) [comm="mem_miss"] ===
PID      power             

=== PID → cumulative energy (pid_to_consumption) [comm="mem_miss"] ===
PID      energy            

[H[JPolling energy-fair scheduler maps every 100 millisecond(s)...
Real time since poller start: 38.327406 s
Filter: comm "mem_miss"
Maps shown: total power consumption 

=== System totals (total) ===
  cpu_time:  910005572863 ns
  energy:    41710207020000 (units of your kfunc)
  uncore_energy:    973543626278570000 (units of your kfunc)

=== PID → power (EMA) (pid_to_power) [comm="mem_miss"] ===
PID      power             

=== PID → cumulative energy (pid_to_consumption) [comm="mem_miss"] ===
PID      energy            

[H[JPolling energy-fair scheduler maps every 100 millisecond(s)...
Real time since poller start: 38.448470 s
Filter: comm "mem_miss"
Maps shown: total power consumption 

=== System totals (total) ===
  cpu_time:  910026881009 ns
  energy:    41711159930000 (units of your kfunc)
  uncore_energy:    973543724925880000 (units of your kfunc)

=== PID → power (EMA) (pid_to_power) [comm="mem_miss"] ===
PID      power             

=== PID → cumulative energy (pid_to_consumption) [comm="mem_miss"] ===
PID      energy            

[H[JPolling energy-fair scheduler maps every 100 millisecond(s)...
Real time since poller start: 38.569526 s
Filter: comm "mem_miss"
Maps shown: total power consumption 

=== System totals (total) ===
  cpu_time:  910047970404 ns
  energy:    41712098650000 (units of your kfunc)
  uncore_energy:    973543878544050000 (units of your kfunc)

=== PID → power (EMA) (pid_to_power) [comm="mem_miss"] ===
PID      power             

=== PID → cumulative energy (pid_to_consumption) [comm="mem_miss"] ===
PID      energy            

[H[JPolling energy-fair scheduler maps every 100 millisecond(s)...
Real time since poller start: 38.690987 s
Filter: comm "mem_miss"
Maps shown: total power consumption 

=== System totals (total) ===
  cpu_time:  910069856584 ns
  energy:    41713051860000 (units of your kfunc)
  uncore_energy:    973544047903490000 (units of your kfunc)

=== PID → power (EMA) (pid_to_power) [comm="mem_miss"] ===
PID      power             

=== PID → cumulative energy (pid_to_consumption) [comm="mem_miss"] ===
PID      energy            

[H[JPolling energy-fair scheduler maps every 100 millisecond(s)...
Real time since poller start: 38.812317 s
Filter: comm "mem_miss"
Maps shown: total power consumption 

=== System totals (total) ===
  cpu_time:  910091096819 ns
  energy:    41713999730000 (units of your kfunc)
  uncore_energy:    973544138076530000 (units of your kfunc)

=== PID → power (EMA) (pid_to_power) [comm="mem_miss"] ===
PID      power             

=== PID → cumulative energy (pid_to_consumption) [comm="mem_miss"] ===
PID      energy            

[H[JPolling energy-fair scheduler maps every 100 millisecond(s)...
Real time since poller start: 38.934014 s
Filter: comm "mem_miss"
Maps shown: total power consumption 

=== System totals (total) ===
  cpu_time:  910112379365 ns
  energy:    41714922890000 (units of your kfunc)
  uncore_energy:    973544357418870000 (units of your kfunc)

=== PID → power (EMA) (pid_to_power) [comm="mem_miss"] ===
PID      power             

=== PID → cumulative energy (pid_to_consumption) [comm="mem_miss"] ===
PID      energy            

[H[JPolling energy-fair scheduler maps every 100 millisecond(s)...
Real time since poller start: 39.054903 s
Filter: comm "mem_miss"
Maps shown: total power consumption 

=== System totals (total) ===
  cpu_time:  910132949538 ns
  energy:    41715849100000 (units of your kfunc)
  uncore_energy:    973544445940600000 (units of your kfunc)

=== PID → power (EMA) (pid_to_power) [comm="mem_miss"] ===
PID      power             

=== PID → cumulative energy (pid_to_consumption) [comm="mem_miss"] ===
PID      energy            

[H[JPolling energy-fair scheduler maps every 100 millisecond(s)...
Real time since poller start: 39.175821 s
Filter: comm "mem_miss"
Maps shown: total power consumption 

=== System totals (total) ===
  cpu_time:  910155148901 ns
  energy:    41716845200000 (units of your kfunc)
  uncore_energy:    973544617325480000 (units of your kfunc)

=== PID → power (EMA) (pid_to_power) [comm="mem_miss"] ===
PID      power             

=== PID → cumulative energy (pid_to_consumption) [comm="mem_miss"] ===
PID      energy            

[H[JPolling energy-fair scheduler maps every 100 millisecond(s)...
Real time since poller start: 39.297304 s
Filter: comm "mem_miss"
Maps shown: total power consumption 

=== System totals (total) ===
  cpu_time:  910177416473 ns
  energy:    41717846350000 (units of your kfunc)
  uncore_energy:    973544759281030000 (units of your kfunc)

=== PID → power (EMA) (pid_to_power) [comm="mem_miss"] ===
PID      power             

=== PID → cumulative energy (pid_to_consumption) [comm="mem_miss"] ===
PID      energy            

[H[JPolling energy-fair scheduler maps every 100 millisecond(s)...
Real time since poller start: 39.418935 s
Filter: comm "mem_miss"
Maps shown: total power consumption 

=== System totals (total) ===
  cpu_time:  910198743360 ns
  energy:    41718782020000 (units of your kfunc)
  uncore_energy:    973544966584950000 (units of your kfunc)

=== PID → power (EMA) (pid_to_power) [comm="mem_miss"] ===
PID      power             

=== PID → cumulative energy (pid_to_consumption) [comm="mem_miss"] ===
PID      energy            

[H[JPolling energy-fair scheduler maps every 100 millisecond(s)...
Real time since poller start: 39.540378 s
Filter: comm "mem_miss"
Maps shown: total power consumption 

=== System totals (total) ===
  cpu_time:  910220128016 ns
  energy:    41719748970000 (units of your kfunc)
  uncore_energy:    973545062890640000 (units of your kfunc)

=== PID → power (EMA) (pid_to_power) [comm="mem_miss"] ===
PID      power             

=== PID → cumulative energy (pid_to_consumption) [comm="mem_miss"] ===
PID      energy            

[H[JPolling energy-fair scheduler maps every 100 millisecond(s)...
Real time since poller start: 39.661893 s
Filter: comm "mem_miss"
Maps shown: total power consumption 

=== System totals (total) ===
  cpu_time:  910255200957 ns
  energy:    41721338170000 (units of your kfunc)
  uncore_energy:    973545320731680000 (units of your kfunc)

=== PID → power (EMA) (pid_to_power) [comm="mem_miss"] ===
PID      power             

=== PID → cumulative energy (pid_to_consumption) [comm="mem_miss"] ===
PID      energy            

[H[JPolling energy-fair scheduler maps every 100 millisecond(s)...
Real time since poller start: 39.783069 s
Filter: comm "mem_miss"
Maps shown: total power consumption 

=== System totals (total) ===
  cpu_time:  910275965169 ns
  energy:    41722267880000 (units of your kfunc)
  uncore_energy:    973545376363100000 (units of your kfunc)

=== PID → power (EMA) (pid_to_power) [comm="mem_miss"] ===
PID      power             

=== PID → cumulative energy (pid_to_consumption) [comm="mem_miss"] ===
PID      energy            

[H[JPolling energy-fair scheduler maps every 100 millisecond(s)...
Real time since poller start: 39.904450 s
Filter: comm "mem_miss"
Maps shown: total power consumption 

=== System totals (total) ===
  cpu_time:  910298277340 ns
  energy:    41723251170000 (units of your kfunc)
  uncore_energy:    973545575805070000 (units of your kfunc)

=== PID → power (EMA) (pid_to_power) [comm="mem_miss"] ===
PID      power             

=== PID → cumulative energy (pid_to_consumption) [comm="mem_miss"] ===
PID      energy            

[H[JPolling energy-fair scheduler maps every 100 millisecond(s)...
Real time since poller start: 40.025655 s
Filter: comm "mem_miss"
Maps shown: total power consumption 

=== System totals (total) ===
  cpu_time:  910319791899 ns
  energy:    41724193090000 (units of your kfunc)
  uncore_energy:    973545728298820000 (units of your kfunc)

=== PID → power (EMA) (pid_to_power) [comm="mem_miss"] ===
PID      power             

=== PID → cumulative energy (pid_to_consumption) [comm="mem_miss"] ===
PID      energy            

[H[JPolling energy-fair scheduler maps every 100 millisecond(s)...
Real time since poller start: 40.147266 s
Filter: comm "mem_miss"
Maps shown: total power consumption 

=== System totals (total) ===
  cpu_time:  910342319592 ns
  energy:    41725261380000 (units of your kfunc)
  uncore_energy:    973545888699640000 (units of your kfunc)

=== PID → power (EMA) (pid_to_power) [comm="mem_miss"] ===
PID      power             

=== PID → cumulative energy (pid_to_consumption) [comm="mem_miss"] ===
PID      energy            

[H[JPolling energy-fair scheduler maps every 100 millisecond(s)...
Real time since poller start: 40.269140 s
Filter: comm "mem_miss"
Maps shown: total power consumption 

=== System totals (total) ===
  cpu_time:  910363790758 ns
  energy:    41726197660000 (units of your kfunc)
  uncore_energy:    973546057974240000 (units of your kfunc)

=== PID → power (EMA) (pid_to_power) [comm="mem_miss"] ===
PID      power             

=== PID → cumulative energy (pid_to_consumption) [comm="mem_miss"] ===
PID      energy            

[H[JPolling energy-fair scheduler maps every 100 millisecond(s)...
Real time since poller start: 40.390740 s
Filter: comm "mem_miss"
Maps shown: total power consumption 

=== System totals (total) ===
  cpu_time:  910386158880 ns
  energy:    41727151010000 (units of your kfunc)
  uncore_energy:    973546192693960000 (units of your kfunc)

=== PID → power (EMA) (pid_to_power) [comm="mem_miss"] ===
PID      power             

=== PID → cumulative energy (pid_to_consumption) [comm="mem_miss"] ===
PID      energy            

[H[JPolling energy-fair scheduler maps every 100 millisecond(s)...
Real time since poller start: 40.512207 s
Filter: comm "mem_miss"
Maps shown: total power consumption 

=== System totals (total) ===
  cpu_time:  910407627837 ns
  energy:    41728113090000 (units of your kfunc)
  uncore_energy:    973546346372990000 (units of your kfunc)

=== PID → power (EMA) (pid_to_power) [comm="mem_miss"] ===
PID      power             

=== PID → cumulative energy (pid_to_consumption) [comm="mem_miss"] ===
PID      energy            

[H[JPolling energy-fair scheduler maps every 100 millisecond(s)...
Real time since poller start: 40.633730 s
Filter: comm "mem_miss"
Maps shown: total power consumption 

=== System totals (total) ===
  cpu_time:  910428972813 ns
  energy:    41729048920000 (units of your kfunc)
  uncore_energy:    973546451854850000 (units of your kfunc)

=== PID → power (EMA) (pid_to_power) [comm="mem_miss"] ===
PID      power             

=== PID → cumulative energy (pid_to_consumption) [comm="mem_miss"] ===
PID      energy            

[H[JPolling energy-fair scheduler maps every 100 millisecond(s)...
Real time since poller start: 40.755162 s
Filter: comm "mem_miss"
Maps shown: total power consumption 

=== System totals (total) ===
  cpu_time:  910451608077 ns
  energy:    41730042110000 (units of your kfunc)
  uncore_energy:    973546655605770000 (units of your kfunc)

=== PID → power (EMA) (pid_to_power) [comm="mem_miss"] ===
PID      power             

=== PID → cumulative energy (pid_to_consumption) [comm="mem_miss"] ===
PID      energy            

[H[JPolling energy-fair scheduler maps every 100 millisecond(s)...
Real time since poller start: 40.876258 s
Filter: comm "mem_miss"
Maps shown: total power consumption 

=== System totals (total) ===
  cpu_time:  910472153588 ns
  energy:    41730963580000 (units of your kfunc)
  uncore_energy:    973546810930030000 (units of your kfunc)

=== PID → power (EMA) (pid_to_power) [comm="mem_miss"] ===
PID      power             

=== PID → cumulative energy (pid_to_consumption) [comm="mem_miss"] ===
PID      energy            

[H[JPolling energy-fair scheduler maps every 100 millisecond(s)...
Real time since poller start: 40.997817 s
Filter: comm "mem_miss"
Maps shown: total power consumption 

=== System totals (total) ===
  cpu_time:  910493784676 ns
  energy:    41731902460000 (units of your kfunc)
  uncore_energy:    973546963859410000 (units of your kfunc)

=== PID → power (EMA) (pid_to_power) [comm="mem_miss"] ===
PID      power             

=== PID → cumulative energy (pid_to_consumption) [comm="mem_miss"] ===
PID      energy            

[H[JPolling energy-fair scheduler maps every 100 millisecond(s)...
Real time since poller start: 41.119119 s
Filter: comm "mem_miss"
Maps shown: total power consumption 

=== System totals (total) ===
  cpu_time:  910515851956 ns
  energy:    41732875820000 (units of your kfunc)
  uncore_energy:    973547161976780000 (units of your kfunc)

=== PID → power (EMA) (pid_to_power) [comm="mem_miss"] ===
PID      power             

=== PID → cumulative energy (pid_to_consumption) [comm="mem_miss"] ===
PID      energy            

[H[JPolling energy-fair scheduler maps every 100 millisecond(s)...
Real time since poller start: 41.240139 s
Filter: comm "mem_miss"
Maps shown: total power consumption 

=== System totals (total) ===
  cpu_time:  910537556644 ns
  energy:    41733841240000 (units of your kfunc)
  uncore_energy:    973547276192170000 (units of your kfunc)

=== PID → power (EMA) (pid_to_power) [comm="mem_miss"] ===
PID      power             

=== PID → cumulative energy (pid_to_consumption) [comm="mem_miss"] ===
PID      energy            

[H[JPolling energy-fair scheduler maps every 100 millisecond(s)...
Real time since poller start: 41.361390 s
Filter: comm "mem_miss"
Maps shown: total power consumption 

=== System totals (total) ===
  cpu_time:  910572705446 ns
  energy:    41735439290000 (units of your kfunc)
  uncore_energy:    973547377445680000 (units of your kfunc)

=== PID → power (EMA) (pid_to_power) [comm="mem_miss"] ===
PID      power             

=== PID → cumulative energy (pid_to_consumption) [comm="mem_miss"] ===
PID      energy            

[H[JPolling energy-fair scheduler maps every 100 millisecond(s)...
Real time since poller start: 41.482409 s
Filter: comm "mem_miss"
Maps shown: total power consumption 

=== System totals (total) ===
  cpu_time:  910594902627 ns
  energy:    41736438290000 (units of your kfunc)
  uncore_energy:    973547584498750000 (units of your kfunc)

=== PID → power (EMA) (pid_to_power) [comm="mem_miss"] ===
PID      power             

=== PID → cumulative energy (pid_to_consumption) [comm="mem_miss"] ===
PID      energy            

[H[JPolling energy-fair scheduler maps every 100 millisecond(s)...
Real time since poller start: 41.603592 s
Filter: comm "mem_miss"
Maps shown: total power consumption 

=== System totals (total) ===
  cpu_time:  910616072401 ns
  energy:    41737364340000 (units of your kfunc)
  uncore_energy:    973547733197480000 (units of your kfunc)

=== PID → power (EMA) (pid_to_power) [comm="mem_miss"] ===
PID      power             

=== PID → cumulative energy (pid_to_consumption) [comm="mem_miss"] ===
PID      energy            

[H[JPolling energy-fair scheduler maps every 100 millisecond(s)...
Real time since poller start: 41.725111 s
Filter: comm "mem_miss"
Maps shown: total power consumption 

=== System totals (total) ===
  cpu_time:  910637198867 ns
  energy:    41738316490000 (units of your kfunc)
  uncore_energy:    973547894856880000 (units of your kfunc)

=== PID → power (EMA) (pid_to_power) [comm="mem_miss"] ===
PID      power             

=== PID → cumulative energy (pid_to_consumption) [comm="mem_miss"] ===
PID      energy            

[H[JPolling energy-fair scheduler maps every 100 millisecond(s)...
Real time since poller start: 41.846767 s
Filter: comm "mem_miss"
Maps shown: total power consumption 

=== System totals (total) ===
  cpu_time:  910658697163 ns
  energy:    41739258430000 (units of your kfunc)
  uncore_energy:    973548041746050000 (units of your kfunc)

=== PID → power (EMA) (pid_to_power) [comm="mem_miss"] ===
PID      power             

=== PID → cumulative energy (pid_to_consumption) [comm="mem_miss"] ===
PID      energy            

[H[JPolling energy-fair scheduler maps every 100 millisecond(s)...
Real time since poller start: 41.967980 s
Filter: comm "mem_miss"
Maps shown: total power consumption 

=== System totals (total) ===
  cpu_time:  910680367351 ns
  energy:    41740228740000 (units of your kfunc)
  uncore_energy:    973548168594950000 (units of your kfunc)

=== PID → power (EMA) (pid_to_power) [comm="mem_miss"] ===
PID      power             

=== PID → cumulative energy (pid_to_consumption) [comm="mem_miss"] ===
PID      energy            

[H[JPolling energy-fair scheduler maps every 100 millisecond(s)...
Real time since poller start: 42.089587 s
Filter: comm "mem_miss"
Maps shown: total power consumption 

=== System totals (total) ===
  cpu_time:  910702672482 ns
  energy:    41741222560000 (units of your kfunc)
  uncore_energy:    973548429237180000 (units of your kfunc)

=== PID → power (EMA) (pid_to_power) [comm="mem_miss"] ===
PID      power             

=== PID → cumulative energy (pid_to_consumption) [comm="mem_miss"] ===
PID      energy            

[H[JPolling energy-fair scheduler maps every 100 millisecond(s)...
Real time since poller start: 42.210961 s
Filter: comm "mem_miss"
Maps shown: total power consumption 

=== System totals (total) ===
  cpu_time:  910725212517 ns
  energy:    41742274040000 (units of your kfunc)
  uncore_energy:    973548463427100000 (units of your kfunc)

=== PID → power (EMA) (pid_to_power) [comm="mem_miss"] ===
PID      power             

=== PID → cumulative energy (pid_to_consumption) [comm="mem_miss"] ===
PID      energy            

[H[JPolling energy-fair scheduler maps every 100 millisecond(s)...
Real time since poller start: 42.333017 s
Filter: comm "mem_miss"
Maps shown: total power consumption 

=== System totals (total) ===
  cpu_time:  910747173386 ns
  energy:    41743241290000 (units of your kfunc)
  uncore_energy:    973548724569680000 (units of your kfunc)

=== PID → power (EMA) (pid_to_power) [comm="mem_miss"] ===
PID      power             

=== PID → cumulative energy (pid_to_consumption) [comm="mem_miss"] ===
PID      energy            

[H[JPolling energy-fair scheduler maps every 100 millisecond(s)...
Real time since poller start: 42.454462 s
Filter: comm "mem_miss"
Maps shown: total power consumption 

=== System totals (total) ===
  cpu_time:  910768551852 ns
  energy:    41744211290000 (units of your kfunc)
  uncore_energy:    973548766225260000 (units of your kfunc)

=== PID → power (EMA) (pid_to_power) [comm="mem_miss"] ===
PID      power             

=== PID → cumulative energy (pid_to_consumption) [comm="mem_miss"] ===
PID      energy            

[H[JPolling energy-fair scheduler maps every 100 millisecond(s)...
Real time since poller start: 42.575867 s
Filter: comm "mem_miss"
Maps shown: total power consumption 

=== System totals (total) ===
  cpu_time:  910790316580 ns
  energy:    41745171530000 (units of your kfunc)
  uncore_energy:    973548922528810000 (units of your kfunc)

=== PID → power (EMA) (pid_to_power) [comm="mem_miss"] ===
PID      power             

=== PID → cumulative energy (pid_to_consumption) [comm="mem_miss"] ===
PID      energy            

[H[JPolling energy-fair scheduler maps every 100 millisecond(s)...
Real time since poller start: 42.697084 s
Filter: comm "mem_miss"
Maps shown: total power consumption 

=== System totals (total) ===
  cpu_time:  910811186713 ns
  energy:    41746115280000 (units of your kfunc)
  uncore_energy:    973549104730970000 (units of your kfunc)

=== PID → power (EMA) (pid_to_power) [comm="mem_miss"] ===
PID      power             

=== PID → cumulative energy (pid_to_consumption) [comm="mem_miss"] ===
PID      energy            

[H[JPolling energy-fair scheduler maps every 100 millisecond(s)...
Real time since poller start: 42.818527 s
Filter: comm "mem_miss"
Maps shown: total power consumption 

=== System totals (total) ===
  cpu_time:  910832790520 ns
  energy:    41747070480000 (units of your kfunc)
  uncore_energy:    973549278921490000 (units of your kfunc)

=== PID → power (EMA) (pid_to_power) [comm="mem_miss"] ===
PID      power             

=== PID → cumulative energy (pid_to_consumption) [comm="mem_miss"] ===
PID      energy            

[H[JPolling energy-fair scheduler maps every 100 millisecond(s)...
Real time since poller start: 42.939955 s
Filter: comm "mem_miss"
Maps shown: total power consumption 

=== System totals (total) ===
  cpu_time:  910856248757 ns
  energy:    41748063220000 (units of your kfunc)
  uncore_energy:    973549449479190000 (units of your kfunc)

=== PID → power (EMA) (pid_to_power) [comm="mem_miss"] ===
PID      power             

=== PID → cumulative energy (pid_to_consumption) [comm="mem_miss"] ===
PID      energy            

[H[JPolling energy-fair scheduler maps every 100 millisecond(s)...
Real time since poller start: 43.061692 s
Filter: comm "mem_miss"
Maps shown: total power consumption 

=== System totals (total) ===
  cpu_time:  910892862147 ns
  energy:    41749707040000 (units of your kfunc)
  uncore_energy:    973549646430960000 (units of your kfunc)

=== PID → power (EMA) (pid_to_power) [comm="mem_miss"] ===
PID      power             

=== PID → cumulative energy (pid_to_consumption) [comm="mem_miss"] ===
PID      energy            

[H[JPolling energy-fair scheduler maps every 100 millisecond(s)...
Real time since poller start: 43.183102 s
Filter: comm "mem_miss"
Maps shown: total power consumption 

=== System totals (total) ===
  cpu_time:  910914750836 ns
  energy:    41750671850000 (units of your kfunc)
  uncore_energy:    973549764780570000 (units of your kfunc)

=== PID → power (EMA) (pid_to_power) [comm="mem_miss"] ===
PID      power             

=== PID → cumulative energy (pid_to_consumption) [comm="mem_miss"] ===
PID      energy            

[H[JPolling energy-fair scheduler maps every 100 millisecond(s)...
Real time since poller start: 43.304035 s
Filter: comm "mem_miss"
Maps shown: total power consumption 

=== System totals (total) ===
  cpu_time:  910935350748 ns
  energy:    41751612710000 (units of your kfunc)
  uncore_energy:    973549918587480000 (units of your kfunc)

=== PID → power (EMA) (pid_to_power) [comm="mem_miss"] ===
PID      power             

=== PID → cumulative energy (pid_to_consumption) [comm="mem_miss"] ===
PID      energy            

[H[JPolling energy-fair scheduler maps every 100 millisecond(s)...
Real time since poller start: 43.425728 s
Filter: comm "mem_miss"
Maps shown: total power consumption 

=== System totals (total) ===
  cpu_time:  910957702981 ns
  energy:    41752600100000 (units of your kfunc)
  uncore_energy:    973550058149560000 (units of your kfunc)

=== PID → power (EMA) (pid_to_power) [comm="mem_miss"] ===
PID      power             

=== PID → cumulative energy (pid_to_consumption) [comm="mem_miss"] ===
PID      energy            

[H[JPolling energy-fair scheduler maps every 100 millisecond(s)...
Real time since poller start: 43.547520 s
Filter: comm "mem_miss"
Maps shown: total power consumption 

=== System totals (total) ===
  cpu_time:  910979451889 ns
  energy:    41753565370000 (units of your kfunc)
  uncore_energy:    973550213224940000 (units of your kfunc)

=== PID → power (EMA) (pid_to_power) [comm="mem_miss"] ===
PID      power             

=== PID → cumulative energy (pid_to_consumption) [comm="mem_miss"] ===
PID      energy            

[H[JPolling energy-fair scheduler maps every 100 millisecond(s)...
Real time since poller start: 43.668491 s
Filter: comm "mem_miss"
Maps shown: total power consumption 

=== System totals (total) ===
  cpu_time:  911000333632 ns
  energy:    41754518730000 (units of your kfunc)
  uncore_energy:    973550316955420000 (units of your kfunc)

=== PID → power (EMA) (pid_to_power) [comm="mem_miss"] ===
PID      power             

=== PID → cumulative energy (pid_to_consumption) [comm="mem_miss"] ===
PID      energy            

[H[JPolling energy-fair scheduler maps every 100 millisecond(s)...
Real time since poller start: 43.789742 s
Filter: comm "mem_miss"
Maps shown: total power consumption 

=== System totals (total) ===
  cpu_time:  911036083127 ns
  energy:    41756124880000 (units of your kfunc)
  uncore_energy:    973550542293850000 (units of your kfunc)

=== PID → power (EMA) (pid_to_power) [comm="mem_miss"] ===
PID      power             

=== PID → cumulative energy (pid_to_consumption) [comm="mem_miss"] ===
PID      energy            

[H[JPolling energy-fair scheduler maps every 100 millisecond(s)...
Real time since poller start: 43.911449 s
Filter: comm "mem_miss"
Maps shown: total power consumption 

=== System totals (total) ===
  cpu_time:  911173644190 ns
  energy:    41761211210000 (units of your kfunc)
  uncore_energy:    973550754241360000 (units of your kfunc)

=== PID → power (EMA) (pid_to_power) [comm="mem_miss"] ===
PID      power             

=== PID → cumulative energy (pid_to_consumption) [comm="mem_miss"] ===
PID      energy            

[H[JPolling energy-fair scheduler maps every 100 millisecond(s)...
Real time since poller start: 44.032845 s
Filter: comm "mem_miss"
Maps shown: total power consumption 

=== System totals (total) ===
  cpu_time:  911312534748 ns
  energy:    41765662530000 (units of your kfunc)
  uncore_energy:    973550911160890000 (units of your kfunc)

=== PID → power (EMA) (pid_to_power) [comm="mem_miss"] ===
PID      power             

=== PID → cumulative energy (pid_to_consumption) [comm="mem_miss"] ===
PID      energy            

[H[JPolling energy-fair scheduler maps every 100 millisecond(s)...
Real time since poller start: 44.154113 s
Filter: comm "mem_miss"
Maps shown: total power consumption 

=== System totals (total) ===
  cpu_time:  911367707850 ns
  energy:    41767991180000 (units of your kfunc)
  uncore_energy:    973551012933040000 (units of your kfunc)

=== PID → power (EMA) (pid_to_power) [comm="mem_miss"] ===
PID      power             

=== PID → cumulative energy (pid_to_consumption) [comm="mem_miss"] ===
PID      energy            

[H[JPolling energy-fair scheduler maps every 100 millisecond(s)...
Real time since poller start: 44.275380 s
Filter: comm "mem_miss"
Maps shown: total power consumption 

=== System totals (total) ===
  cpu_time:  911388942786 ns
  energy:    41768924400000 (units of your kfunc)
  uncore_energy:    973551153561710000 (units of your kfunc)

=== PID → power (EMA) (pid_to_power) [comm="mem_miss"] ===
PID      power             

=== PID → cumulative energy (pid_to_consumption) [comm="mem_miss"] ===
PID      energy            

[H[JPolling energy-fair scheduler maps every 100 millisecond(s)...
Real time since poller start: 44.397186 s
Filter: comm "mem_miss"
Maps shown: total power consumption 

=== System totals (total) ===
  cpu_time:  911411522748 ns
  energy:    41769904310000 (units of your kfunc)
  uncore_energy:    973551315999460000 (units of your kfunc)

=== PID → power (EMA) (pid_to_power) [comm="mem_miss"] ===
PID      power             

=== PID → cumulative energy (pid_to_consumption) [comm="mem_miss"] ===
PID      energy            

[H[JPolling energy-fair scheduler maps every 100 millisecond(s)...
Real time since poller start: 44.518322 s
Filter: comm "mem_miss"
Maps shown: total power consumption 

=== System totals (total) ===
  cpu_time:  911446601218 ns
  energy:    41771508160000 (units of your kfunc)
  uncore_energy:    973551495206310000 (units of your kfunc)

=== PID → power (EMA) (pid_to_power) [comm="mem_miss"] ===
PID      power             

=== PID → cumulative energy (pid_to_consumption) [comm="mem_miss"] ===
PID      energy            

[H[JPolling energy-fair scheduler maps every 100 millisecond(s)...
Real time since poller start: 44.639800 s
Filter: comm "mem_miss"
Maps shown: total power consumption 

=== System totals (total) ===
  cpu_time:  911467838804 ns
  energy:    41772454670000 (units of your kfunc)
  uncore_energy:    973551566257330000 (units of your kfunc)

=== PID → power (EMA) (pid_to_power) [comm="mem_miss"] ===
PID      power             

=== PID → cumulative energy (pid_to_consumption) [comm="mem_miss"] ===
PID      energy            

[H[JPolling energy-fair scheduler maps every 100 millisecond(s)...
Real time since poller start: 44.761397 s
Filter: comm "mem_miss"
Maps shown: total power consumption 

=== System totals (total) ===
  cpu_time:  911489381352 ns
  energy:    41773419490000 (units of your kfunc)
  uncore_energy:    973551775769040000 (units of your kfunc)

=== PID → power (EMA) (pid_to_power) [comm="mem_miss"] ===
PID      power             

=== PID → cumulative energy (pid_to_consumption) [comm="mem_miss"] ===
PID      energy            

[H[JPolling energy-fair scheduler maps every 100 millisecond(s)...
Real time since poller start: 44.882972 s
Filter: comm "mem_miss"
Maps shown: total power consumption 

=== System totals (total) ===
  cpu_time:  911510532827 ns
  energy:    41774360200000 (units of your kfunc)
  uncore_energy:    973551874563440000 (units of your kfunc)

=== PID → power (EMA) (pid_to_power) [comm="mem_miss"] ===
PID      power             

=== PID → cumulative energy (pid_to_consumption) [comm="mem_miss"] ===
PID      energy            

[H[JPolling energy-fair scheduler maps every 100 millisecond(s)...
Real time since poller start: 45.004086 s
Filter: comm "mem_miss"
Maps shown: total power consumption 

=== System totals (total) ===
  cpu_time:  911531336560 ns
  energy:    41775319200000 (units of your kfunc)
  uncore_energy:    973552120311290000 (units of your kfunc)

=== PID → power (EMA) (pid_to_power) [comm="mem_miss"] ===
PID      power             

=== PID → cumulative energy (pid_to_consumption) [comm="mem_miss"] ===
PID      energy            

[H[JPolling energy-fair scheduler maps every 100 millisecond(s)...
Real time since poller start: 45.125614 s
Filter: comm "mem_miss"
Maps shown: total power consumption 

=== System totals (total) ===
  cpu_time:  911552832718 ns
  energy:    41776283550000 (units of your kfunc)
  uncore_energy:    973552230196090000 (units of your kfunc)

=== PID → power (EMA) (pid_to_power) [comm="mem_miss"] ===
PID      power             

=== PID → cumulative energy (pid_to_consumption) [comm="mem_miss"] ===
PID      energy            

[H[JPolling energy-fair scheduler maps every 100 millisecond(s)...
Real time since poller start: 45.246609 s
Filter: comm "mem_miss"
Maps shown: total power consumption 

=== System totals (total) ===
  cpu_time:  911575136229 ns
  energy:    41777299030000 (units of your kfunc)
  uncore_energy:    973552386703040000 (units of your kfunc)

=== PID → power (EMA) (pid_to_power) [comm="mem_miss"] ===
PID      power             

=== PID → cumulative energy (pid_to_consumption) [comm="mem_miss"] ===
PID      energy            

[H[JPolling energy-fair scheduler maps every 100 millisecond(s)...
Real time since poller start: 45.367588 s
Filter: comm "mem_miss"
Maps shown: total power consumption 

=== System totals (total) ===
  cpu_time:  911596394675 ns
  energy:    41778279720000 (units of your kfunc)
  uncore_energy:    973552540465700000 (units of your kfunc)

=== PID → power (EMA) (pid_to_power) [comm="mem_miss"] ===
PID      power             

=== PID → cumulative energy (pid_to_consumption) [comm="mem_miss"] ===
PID      energy            

[H[JPolling energy-fair scheduler maps every 100 millisecond(s)...
Real time since poller start: 45.488546 s
Filter: comm "mem_miss"
Maps shown: total power consumption 

=== System totals (total) ===
  cpu_time:  911618979778 ns
  energy:    41779295040000 (units of your kfunc)
  uncore_energy:    973552697572480000 (units of your kfunc)

=== PID → power (EMA) (pid_to_power) [comm="mem_miss"] ===
PID      power             

=== PID → cumulative energy (pid_to_consumption) [comm="mem_miss"] ===
PID      energy            

[H[JPolling energy-fair scheduler maps every 100 millisecond(s)...
Real time since poller start: 45.610116 s
Filter: comm "mem_miss"
Maps shown: total power consumption 

=== System totals (total) ===
  cpu_time:  911642976528 ns
  energy:    41780367720000 (units of your kfunc)
  uncore_energy:    973552863055130000 (units of your kfunc)

=== PID → power (EMA) (pid_to_power) [comm="mem_miss"] ===
PID      power             

=== PID → cumulative energy (pid_to_consumption) [comm="mem_miss"] ===
PID      energy            

[H[JPolling energy-fair scheduler maps every 100 millisecond(s)...
Real time since poller start: 45.731116 s
Filter: comm "mem_miss"
Maps shown: total power consumption 

=== System totals (total) ===
  cpu_time:  911663637479 ns
  energy:    41781351610000 (units of your kfunc)
  uncore_energy:    973553016734320000 (units of your kfunc)

=== PID → power (EMA) (pid_to_power) [comm="mem_miss"] ===
PID      power             

=== PID → cumulative energy (pid_to_consumption) [comm="mem_miss"] ===
PID      energy            

[H[JPolling energy-fair scheduler maps every 100 millisecond(s)...
Real time since poller start: 45.852162 s
Filter: comm "mem_miss"
Maps shown: total power consumption 

=== System totals (total) ===
  cpu_time:  911698355608 ns
  energy:    41782956380000 (units of your kfunc)
  uncore_energy:    973553178984230000 (units of your kfunc)

=== PID → power (EMA) (pid_to_power) [comm="mem_miss"] ===
PID      power             

=== PID → cumulative energy (pid_to_consumption) [comm="mem_miss"] ===
PID      energy            

[H[JPolling energy-fair scheduler maps every 100 millisecond(s)...
Real time since poller start: 45.973186 s
Filter: comm "mem_miss"
Maps shown: total power consumption 

=== System totals (total) ===
  cpu_time:  911719029320 ns
  energy:    41783888080000 (units of your kfunc)
  uncore_energy:    973553309613650000 (units of your kfunc)

=== PID → power (EMA) (pid_to_power) [comm="mem_miss"] ===
PID      power             

=== PID → cumulative energy (pid_to_consumption) [comm="mem_miss"] ===
PID      energy            

[H[JPolling energy-fair scheduler maps every 100 millisecond(s)...
Real time since poller start: 46.094252 s
Filter: comm "mem_miss"
Maps shown: total power consumption 

=== System totals (total) ===
  cpu_time:  911740433808 ns
  energy:    41784861310000 (units of your kfunc)
  uncore_energy:    973553538896160000 (units of your kfunc)

=== PID → power (EMA) (pid_to_power) [comm="mem_miss"] ===
PID      power             

=== PID → cumulative energy (pid_to_consumption) [comm="mem_miss"] ===
PID      energy            

[H[JPolling energy-fair scheduler maps every 100 millisecond(s)...
Real time since poller start: 46.215397 s
Filter: comm "mem_miss"
Maps shown: total power consumption 

=== System totals (total) ===
  cpu_time:  911761520423 ns
  energy:    41785816520000 (units of your kfunc)
  uncore_energy:    973553615044990000 (units of your kfunc)

=== PID → power (EMA) (pid_to_power) [comm="mem_miss"] ===
PID      power             

=== PID → cumulative energy (pid_to_consumption) [comm="mem_miss"] ===
PID      energy            

[H[JPolling energy-fair scheduler maps every 100 millisecond(s)...
Real time since poller start: 46.336529 s
Filter: comm "mem_miss"
Maps shown: total power consumption 

=== System totals (total) ===
  cpu_time:  911783549053 ns
  energy:    41786816730000 (units of your kfunc)
  uncore_energy:    973553771165290000 (units of your kfunc)

=== PID → power (EMA) (pid_to_power) [comm="mem_miss"] ===
PID      power             

=== PID → cumulative energy (pid_to_consumption) [comm="mem_miss"] ===
PID      energy            

[H[JPolling energy-fair scheduler maps every 100 millisecond(s)...
Real time since poller start: 46.457606 s
Filter: comm "mem_miss"
Maps shown: total power consumption 

=== System totals (total) ===
  cpu_time:  911804663539 ns
  energy:    41787762170000 (units of your kfunc)
  uncore_energy:    973553925110900000 (units of your kfunc)

=== PID → power (EMA) (pid_to_power) [comm="mem_miss"] ===
PID      power             

=== PID → cumulative energy (pid_to_consumption) [comm="mem_miss"] ===
PID      energy            

[H[JPolling energy-fair scheduler maps every 100 millisecond(s)...
Real time since poller start: 46.578713 s
Filter: comm "mem_miss"
Maps shown: total power consumption 

=== System totals (total) ===
  cpu_time:  911827809145 ns
  energy:    41788789860000 (units of your kfunc)
  uncore_energy:    973554080615650000 (units of your kfunc)

=== PID → power (EMA) (pid_to_power) [comm="mem_miss"] ===
PID      power             

=== PID → cumulative energy (pid_to_consumption) [comm="mem_miss"] ===
PID      energy            

[H[JPolling energy-fair scheduler maps every 100 millisecond(s)...
Real time since poller start: 46.699881 s
Filter: comm "mem_miss"
Maps shown: total power consumption 

=== System totals (total) ===
  cpu_time:  911848728669 ns
  energy:    41789751620000 (units of your kfunc)
  uncore_energy:    973554189956170000 (units of your kfunc)

=== PID → power (EMA) (pid_to_power) [comm="mem_miss"] ===
PID      power             

=== PID → cumulative energy (pid_to_consumption) [comm="mem_miss"] ===
PID      energy            

[H[JPolling energy-fair scheduler maps every 100 millisecond(s)...
Real time since poller start: 46.821406 s
Filter: comm "mem_miss"
Maps shown: total power consumption 

=== System totals (total) ===
  cpu_time:  911870318287 ns
  energy:    41790732320000 (units of your kfunc)
  uncore_energy:    973554361820170000 (units of your kfunc)

=== PID → power (EMA) (pid_to_power) [comm="mem_miss"] ===
PID      power             

=== PID → cumulative energy (pid_to_consumption) [comm="mem_miss"] ===
PID      energy            

[H[JPolling energy-fair scheduler maps every 100 millisecond(s)...
Real time since poller start: 46.943035 s
Filter: comm "mem_miss"
Maps shown: total power consumption 

=== System totals (total) ===
  cpu_time:  911891465653 ns
  energy:    41791708570000 (units of your kfunc)
  uncore_energy:    973554491392160000 (units of your kfunc)

=== PID → power (EMA) (pid_to_power) [comm="mem_miss"] ===
PID      power             

=== PID → cumulative energy (pid_to_consumption) [comm="mem_miss"] ===
PID      energy            

[H[JPolling energy-fair scheduler maps every 100 millisecond(s)...
Real time since poller start: 47.064725 s
Filter: comm "mem_miss"
Maps shown: total power consumption 

=== System totals (total) ===
  cpu_time:  911912997170 ns
  energy:    41792668040000 (units of your kfunc)
  uncore_energy:    973554646443890000 (units of your kfunc)

=== PID → power (EMA) (pid_to_power) [comm="mem_miss"] ===
PID      power             

=== PID → cumulative energy (pid_to_consumption) [comm="mem_miss"] ===
PID      energy            

[H[JPolling energy-fair scheduler maps every 100 millisecond(s)...
Real time since poller start: 47.185825 s
Filter: comm "mem_miss"
Maps shown: total power consumption 

=== System totals (total) ===
  cpu_time:  911935570303 ns
  energy:    41793694030000 (units of your kfunc)
  uncore_energy:    973554808964050000 (units of your kfunc)

=== PID → power (EMA) (pid_to_power) [comm="mem_miss"] ===
PID      power             

=== PID → cumulative energy (pid_to_consumption) [comm="mem_miss"] ===
PID      energy            

[H[JPolling energy-fair scheduler maps every 100 millisecond(s)...
Real time since poller start: 47.307171 s
Filter: comm "mem_miss"
Maps shown: total power consumption 

=== System totals (total) ===
  cpu_time:  911956810338 ns
  energy:    41794641150000 (units of your kfunc)
  uncore_energy:    973555004755360000 (units of your kfunc)

=== PID → power (EMA) (pid_to_power) [comm="mem_miss"] ===
PID      power             

=== PID → cumulative energy (pid_to_consumption) [comm="mem_miss"] ===
PID      energy            

[H[JPolling energy-fair scheduler maps every 100 millisecond(s)...
Real time since poller start: 47.428376 s
Filter: comm "mem_miss"
Maps shown: total power consumption 

=== System totals (total) ===
  cpu_time:  911978228416 ns
  energy:    41795602460000 (units of your kfunc)
  uncore_energy:    973555229377550000 (units of your kfunc)

=== PID → power (EMA) (pid_to_power) [comm="mem_miss"] ===
PID      power             

=== PID → cumulative energy (pid_to_consumption) [comm="mem_miss"] ===
PID      energy            

[H[JPolling energy-fair scheduler maps every 100 millisecond(s)...
Real time since poller start: 47.549453 s
Filter: comm "mem_miss"
Maps shown: total power consumption 

=== System totals (total) ===
  cpu_time:  912013490408 ns
  energy:    41797220650000 (units of your kfunc)
  uncore_energy:    973555312970080000 (units of your kfunc)

=== PID → power (EMA) (pid_to_power) [comm="mem_miss"] ===
PID      power             

=== PID → cumulative energy (pid_to_consumption) [comm="mem_miss"] ===
PID      energy            

[H[JPolling energy-fair scheduler maps every 100 millisecond(s)...
Real time since poller start: 47.670521 s
Filter: comm "mem_miss"
Maps shown: total power consumption 

=== System totals (total) ===
  cpu_time:  912034475173 ns
  energy:    41798155870000 (units of your kfunc)
  uncore_energy:    973555415850780000 (units of your kfunc)

=== PID → power (EMA) (pid_to_power) [comm="mem_miss"] ===
PID      power             

=== PID → cumulative energy (pid_to_consumption) [comm="mem_miss"] ===
PID      energy            

[H[JPolling energy-fair scheduler maps every 100 millisecond(s)...
Real time since poller start: 47.791618 s
Filter: comm "mem_miss"
Maps shown: total power consumption 

=== System totals (total) ===
  cpu_time:  912056827085 ns
  energy:    41799138390000 (units of your kfunc)
  uncore_energy:    973555569037260000 (units of your kfunc)

=== PID → power (EMA) (pid_to_power) [comm="mem_miss"] ===
PID      power             

=== PID → cumulative energy (pid_to_consumption) [comm="mem_miss"] ===
PID      energy            

[H[JPolling energy-fair scheduler maps every 100 millisecond(s)...
Real time since poller start: 47.913264 s
Filter: comm "mem_miss"
Maps shown: total power consumption 

=== System totals (total) ===
  cpu_time:  912077946410 ns
  energy:    41800077260000 (units of your kfunc)
  uncore_energy:    973555730878700000 (units of your kfunc)

=== PID → power (EMA) (pid_to_power) [comm="mem_miss"] ===
PID      power             

=== PID → cumulative energy (pid_to_consumption) [comm="mem_miss"] ===
PID      energy            

[H[JPolling energy-fair scheduler maps every 100 millisecond(s)...
Real time since poller start: 48.034171 s
Filter: comm "mem_miss"
Maps shown: total power consumption 

=== System totals (total) ===
  cpu_time:  912099430059 ns
  energy:    41801069360000 (units of your kfunc)
  uncore_energy:    973555992467320000 (units of your kfunc)

=== PID → power (EMA) (pid_to_power) [comm="mem_miss"] ===
PID      power             

=== PID → cumulative energy (pid_to_consumption) [comm="mem_miss"] ===
PID      energy            

[H[JPolling energy-fair scheduler maps every 100 millisecond(s)...
Real time since poller start: 48.155367 s
Filter: comm "mem_miss"
Maps shown: total power consumption 

=== System totals (total) ===
  cpu_time:  912120215113 ns
  energy:    41802016780000 (units of your kfunc)
  uncore_energy:    973556079866150000 (units of your kfunc)

=== PID → power (EMA) (pid_to_power) [comm="mem_miss"] ===
PID      power             

=== PID → cumulative energy (pid_to_consumption) [comm="mem_miss"] ===
PID      energy            

[H[JPolling energy-fair scheduler maps every 100 millisecond(s)...
Real time since poller start: 48.276562 s
Filter: comm "mem_miss"
Maps shown: total power consumption 

=== System totals (total) ===
  cpu_time:  912141318798 ns
  energy:    41802953050000 (units of your kfunc)
  uncore_energy:    973556185059790000 (units of your kfunc)

=== PID → power (EMA) (pid_to_power) [comm="mem_miss"] ===
PID      power             

=== PID → cumulative energy (pid_to_consumption) [comm="mem_miss"] ===
PID      energy            

[H[JPolling energy-fair scheduler maps every 100 millisecond(s)...
Real time since poller start: 48.398142 s
Filter: comm "mem_miss"
Maps shown: total power consumption 

=== System totals (total) ===
  cpu_time:  912162636645 ns
  energy:    41803891000000 (units of your kfunc)
  uncore_energy:    973556404234300000 (units of your kfunc)

=== PID → power (EMA) (pid_to_power) [comm="mem_miss"] ===
PID      power             

=== PID → cumulative energy (pid_to_consumption) [comm="mem_miss"] ===
PID      energy            

[H[JPolling energy-fair scheduler maps every 100 millisecond(s)...
Real time since poller start: 48.519234 s
Filter: comm "mem_miss"
Maps shown: total power consumption 

=== System totals (total) ===
  cpu_time:  912183387258 ns
  energy:    41804870000000 (units of your kfunc)
  uncore_energy:    973556541065050000 (units of your kfunc)

=== PID → power (EMA) (pid_to_power) [comm="mem_miss"] ===
PID      power             

=== PID → cumulative energy (pid_to_consumption) [comm="mem_miss"] ===
PID      energy            

[H[JPolling energy-fair scheduler maps every 100 millisecond(s)...
Real time since poller start: 48.640305 s
Filter: comm "mem_miss"
Maps shown: total power consumption 

=== System totals (total) ===
  cpu_time:  912204049310 ns
  energy:    41805844430000 (units of your kfunc)
  uncore_energy:    973556756117850000 (units of your kfunc)

=== PID → power (EMA) (pid_to_power) [comm="mem_miss"] ===
PID      power             

=== PID → cumulative energy (pid_to_consumption) [comm="mem_miss"] ===
PID      energy            

[H[JPolling energy-fair scheduler maps every 100 millisecond(s)...
Real time since poller start: 48.761356 s
Filter: comm "mem_miss"
Maps shown: total power consumption 

=== System totals (total) ===
  cpu_time:  912224391041 ns
  energy:    41806768960000 (units of your kfunc)
  uncore_energy:    973556801583540000 (units of your kfunc)

=== PID → power (EMA) (pid_to_power) [comm="mem_miss"] ===
PID      power             

=== PID → cumulative energy (pid_to_consumption) [comm="mem_miss"] ===
PID      energy            

[H[JPolling energy-fair scheduler maps every 100 millisecond(s)...
Real time since poller start: 48.882418 s
Filter: comm "mem_miss"
Maps shown: total power consumption 

=== System totals (total) ===
  cpu_time:  912245706827 ns
  energy:    41807740640000 (units of your kfunc)
  uncore_energy:    973557006818380000 (units of your kfunc)

=== PID → power (EMA) (pid_to_power) [comm="mem_miss"] ===
PID      power             

=== PID → cumulative energy (pid_to_consumption) [comm="mem_miss"] ===
PID      energy            

[H[JPolling energy-fair scheduler maps every 100 millisecond(s)...
Real time since poller start: 49.004072 s
Filter: comm "mem_miss"
Maps shown: total power consumption 

=== System totals (total) ===
  cpu_time:  912266899551 ns
  energy:    41808689270000 (units of your kfunc)
  uncore_energy:    973557229898070000 (units of your kfunc)

=== PID → power (EMA) (pid_to_power) [comm="mem_miss"] ===
PID      power             

=== PID → cumulative energy (pid_to_consumption) [comm="mem_miss"] ===
PID      energy            

[H[JPolling energy-fair scheduler maps every 100 millisecond(s)...
Real time since poller start: 49.125284 s
Filter: comm "mem_miss"
Maps shown: total power consumption 

=== System totals (total) ===
  cpu_time:  912288459317 ns
  energy:    41809698330000 (units of your kfunc)
  uncore_energy:    973557355310520000 (units of your kfunc)

=== PID → power (EMA) (pid_to_power) [comm="mem_miss"] ===
PID      power             

=== PID → cumulative energy (pid_to_consumption) [comm="mem_miss"] ===
PID      energy            

[H[JPolling energy-fair scheduler maps every 100 millisecond(s)...
Real time since poller start: 49.246286 s
Filter: comm "mem_miss"
Maps shown: total power consumption 

=== System totals (total) ===
  cpu_time:  912323140998 ns
  energy:    41811309060000 (units of your kfunc)
  uncore_energy:    973557526539140000 (units of your kfunc)

=== PID → power (EMA) (pid_to_power) [comm="mem_miss"] ===
PID      power             

=== PID → cumulative energy (pid_to_consumption) [comm="mem_miss"] ===
PID      energy            

[H[JPolling energy-fair scheduler maps every 100 millisecond(s)...
Real time since poller start: 49.367227 s
Filter: comm "mem_miss"
Maps shown: total power consumption 

=== System totals (total) ===
  cpu_time:  912344280333 ns
  energy:    41812263350000 (units of your kfunc)
  uncore_energy:    973557587138040000 (units of your kfunc)

=== PID → power (EMA) (pid_to_power) [comm="mem_miss"] ===
PID      power             

=== PID → cumulative energy (pid_to_consumption) [comm="mem_miss"] ===
PID      energy            

[H[JPolling energy-fair scheduler maps every 100 millisecond(s)...
Real time since poller start: 49.488769 s
Filter: comm "mem_miss"
Maps shown: total power consumption 

=== System totals (total) ===
  cpu_time:  912366741877 ns
  energy:    41813251670000 (units of your kfunc)
  uncore_energy:    973557795822120000 (units of your kfunc)

=== PID → power (EMA) (pid_to_power) [comm="mem_miss"] ===
PID      power             

=== PID → cumulative energy (pid_to_consumption) [comm="mem_miss"] ===
PID      energy            

[H[JPolling energy-fair scheduler maps every 100 millisecond(s)...
Real time since poller start: 49.609816 s
Filter: comm "mem_miss"
Maps shown: total power consumption 

=== System totals (total) ===
  cpu_time:  912387914651 ns
  energy:    41814220150000 (units of your kfunc)
  uncore_energy:    973557937176330000 (units of your kfunc)

=== PID → power (EMA) (pid_to_power) [comm="mem_miss"] ===
PID      power             

=== PID → cumulative energy (pid_to_consumption) [comm="mem_miss"] ===
PID      energy            

[H[JPolling energy-fair scheduler maps every 100 millisecond(s)...
Real time since poller start: 49.730920 s
Filter: comm "mem_miss"
Maps shown: total power consumption 

=== System totals (total) ===
  cpu_time:  912408767874 ns
  energy:    41815181910000 (units of your kfunc)
  uncore_energy:    973558092710080000 (units of your kfunc)

=== PID → power (EMA) (pid_to_power) [comm="mem_miss"] ===
PID      power             

=== PID → cumulative energy (pid_to_consumption) [comm="mem_miss"] ===
PID      energy            

[H[JPolling energy-fair scheduler maps every 100 millisecond(s)...
Real time since poller start: 49.852146 s
Filter: comm "mem_miss"
Maps shown: total power consumption 

=== System totals (total) ===
  cpu_time:  912429730159 ns
  energy:    41816165030000 (units of your kfunc)
  uncore_energy:    973558260745370000 (units of your kfunc)

=== PID → power (EMA) (pid_to_power) [comm="mem_miss"] ===
PID      power             

=== PID → cumulative energy (pid_to_consumption) [comm="mem_miss"] ===
PID      energy            

[H[JPolling energy-fair scheduler maps every 100 millisecond(s)...
Real time since poller start: 49.973387 s
Filter: comm "mem_miss"
Maps shown: total power consumption 

=== System totals (total) ===
  cpu_time:  912450233981 ns
  energy:    41817091540000 (units of your kfunc)
  uncore_energy:    973558350661600000 (units of your kfunc)

=== PID → power (EMA) (pid_to_power) [comm="mem_miss"] ===
PID      power             

=== PID → cumulative energy (pid_to_consumption) [comm="mem_miss"] ===
PID      energy            

[H[JPolling energy-fair scheduler maps every 100 millisecond(s)...
Real time since poller start: 50.095080 s
Filter: comm "mem_miss"
Maps shown: total power consumption 

=== System totals (total) ===
  cpu_time:  912485847314 ns
  energy:    41818742240000 (units of your kfunc)
  uncore_energy:    973558567024510000 (units of your kfunc)

=== PID → power (EMA) (pid_to_power) [comm="mem_miss"] ===
PID      power             

=== PID → cumulative energy (pid_to_consumption) [comm="mem_miss"] ===
PID      energy            

[H[JPolling energy-fair scheduler maps every 100 millisecond(s)...
Real time since poller start: 50.216882 s
Filter: comm "mem_miss"
Maps shown: total power consumption 

=== System totals (total) ===
  cpu_time:  912609340342 ns
  energy:    41823523580000 (units of your kfunc)
  uncore_energy:    973558788678260000 (units of your kfunc)

=== PID → power (EMA) (pid_to_power) [comm="mem_miss"] ===
PID      power             

=== PID → cumulative energy (pid_to_consumption) [comm="mem_miss"] ===
PID      energy            

[H[JPolling energy-fair scheduler maps every 100 millisecond(s)...
Real time since poller start: 50.339078 s
Filter: comm "mem_miss"
Maps shown: total power consumption 

=== System totals (total) ===
  cpu_time:  912753442678 ns
  energy:    41828545360000 (units of your kfunc)
  uncore_energy:    973558945878920000 (units of your kfunc)

=== PID → power (EMA) (pid_to_power) [comm="mem_miss"] ===
PID      power             

=== PID → cumulative energy (pid_to_consumption) [comm="mem_miss"] ===
PID      energy            

[H[JPolling energy-fair scheduler maps every 100 millisecond(s)...
Real time since poller start: 50.460160 s
Filter: comm "mem_miss"
Maps shown: total power consumption 

=== System totals (total) ===
  cpu_time:  912827060595 ns
  energy:    41831517470000 (units of your kfunc)
  uncore_energy:    973559085897530000 (units of your kfunc)

=== PID → power (EMA) (pid_to_power) [comm="mem_miss"] ===
PID      power             

=== PID → cumulative energy (pid_to_consumption) [comm="mem_miss"] ===
PID      energy            

[H[JPolling energy-fair scheduler maps every 100 millisecond(s)...
Real time since poller start: 50.582194 s
Filter: comm "mem_miss"
Maps shown: total power consumption 

=== System totals (total) ===
  cpu_time:  912850536633 ns
  energy:    41832508390000 (units of your kfunc)
  uncore_energy:    973559204906770000 (units of your kfunc)

=== PID → power (EMA) (pid_to_power) [comm="mem_miss"] ===
PID      power             

=== PID → cumulative energy (pid_to_consumption) [comm="mem_miss"] ===
PID      energy            

[H[JPolling energy-fair scheduler maps every 100 millisecond(s)...
Real time since poller start: 50.703223 s
Filter: comm "mem_miss"
Maps shown: total power consumption 

=== System totals (total) ===
  cpu_time:  912872091370 ns
  energy:    41833480840000 (units of your kfunc)
  uncore_energy:    973559332550340000 (units of your kfunc)

=== PID → power (EMA) (pid_to_power) [comm="mem_miss"] ===
PID      power             

=== PID → cumulative energy (pid_to_consumption) [comm="mem_miss"] ===
PID      energy            

[H[JPolling energy-fair scheduler maps every 100 millisecond(s)...
Real time since poller start: 50.824318 s
Filter: comm "mem_miss"
Maps shown: total power consumption 

=== System totals (total) ===
  cpu_time:  912910548059 ns
  energy:    41835280600000 (units of your kfunc)
  uncore_energy:    973559533867040000 (units of your kfunc)

=== PID → power (EMA) (pid_to_power) [comm="mem_miss"] ===
PID      power             

=== PID → cumulative energy (pid_to_consumption) [comm="mem_miss"] ===
PID      energy            

[H[JPolling energy-fair scheduler maps every 100 millisecond(s)...
Real time since poller start: 50.946028 s
Filter: comm "mem_miss"
Maps shown: total power consumption 

=== System totals (total) ===
  cpu_time:  912932087207 ns
  energy:    41836250910000 (units of your kfunc)
  uncore_energy:    973559652326200000 (units of your kfunc)

=== PID → power (EMA) (pid_to_power) [comm="mem_miss"] ===
PID      power             

=== PID → cumulative energy (pid_to_consumption) [comm="mem_miss"] ===
PID      energy            

[H[JPolling energy-fair scheduler maps every 100 millisecond(s)...
Real time since poller start: 51.067713 s
Filter: comm "mem_miss"
Maps shown: total power consumption 

=== System totals (total) ===
  cpu_time:  912953718605 ns
  energy:    41837236790000 (units of your kfunc)
  uncore_energy:    973559808982690000 (units of your kfunc)

=== PID → power (EMA) (pid_to_power) [comm="mem_miss"] ===
PID      power             

=== PID → cumulative energy (pid_to_consumption) [comm="mem_miss"] ===
PID      energy            

[H[JPolling energy-fair scheduler maps every 100 millisecond(s)...
Real time since poller start: 51.188784 s
Filter: comm "mem_miss"
Maps shown: total power consumption 

=== System totals (total) ===
  cpu_time:  912975523974 ns
  energy:    41838228770000 (units of your kfunc)
  uncore_energy:    973560022262250000 (units of your kfunc)

=== PID → power (EMA) (pid_to_power) [comm="mem_miss"] ===
PID      power             

=== PID → cumulative energy (pid_to_consumption) [comm="mem_miss"] ===
PID      energy            

[H[JPolling energy-fair scheduler maps every 100 millisecond(s)...
Real time since poller start: 51.309797 s
Filter: comm "mem_miss"
Maps shown: total power consumption 

=== System totals (total) ===
  cpu_time:  912996516768 ns
  energy:    41839213110000 (units of your kfunc)
  uncore_energy:    973560118746020000 (units of your kfunc)

=== PID → power (EMA) (pid_to_power) [comm="mem_miss"] ===
PID      power             

=== PID → cumulative energy (pid_to_consumption) [comm="mem_miss"] ===
PID      energy            

[H[JPolling energy-fair scheduler maps every 100 millisecond(s)...
Real time since poller start: 51.431379 s
Filter: comm "mem_miss"
Maps shown: total power consumption 

=== System totals (total) ===
  cpu_time:  913017524661 ns
  energy:    41840176240000 (units of your kfunc)
  uncore_energy:    973560313525690000 (units of your kfunc)

=== PID → power (EMA) (pid_to_power) [comm="mem_miss"] ===
PID      power             

=== PID → cumulative energy (pid_to_consumption) [comm="mem_miss"] ===
PID      energy            

[H[JPolling energy-fair scheduler maps every 100 millisecond(s)...
Real time since poller start: 51.552999 s
Filter: comm "mem_miss"
Maps shown: total power consumption 

=== System totals (total) ===
  cpu_time:  913038752816 ns
  energy:    41841121510000 (units of your kfunc)
  uncore_energy:    973560424151770000 (units of your kfunc)

=== PID → power (EMA) (pid_to_power) [comm="mem_miss"] ===
PID      power             

=== PID → cumulative energy (pid_to_consumption) [comm="mem_miss"] ===
PID      energy            

[H[JPolling energy-fair scheduler maps every 100 millisecond(s)...
Real time since poller start: 51.674192 s
Filter: comm "mem_miss"
Maps shown: total power consumption 

=== System totals (total) ===
  cpu_time:  913059713870 ns
  energy:    41842100370000 (units of your kfunc)
  uncore_energy:    973560595575250000 (units of your kfunc)

=== PID → power (EMA) (pid_to_power) [comm="mem_miss"] ===
PID      power             

=== PID → cumulative energy (pid_to_consumption) [comm="mem_miss"] ===
PID      energy            

[H[JPolling energy-fair scheduler maps every 100 millisecond(s)...
Real time since poller start: 51.795453 s
Filter: comm "mem_miss"
Maps shown: total power consumption 

=== System totals (total) ===
  cpu_time:  913083867302 ns
  energy:    41843227400000 (units of your kfunc)
  uncore_energy:    973560784176920000 (units of your kfunc)

=== PID → power (EMA) (pid_to_power) [comm="mem_miss"] ===
PID      power             

=== PID → cumulative energy (pid_to_consumption) [comm="mem_miss"] ===
PID      energy            

[H[JPolling energy-fair scheduler maps every 100 millisecond(s)...
Real time since poller start: 51.916497 s
Filter: comm "mem_miss"
Maps shown: total power consumption 

=== System totals (total) ===
  cpu_time:  913104815016 ns
  energy:    41844214800000 (units of your kfunc)
  uncore_energy:    973560840071080000 (units of your kfunc)

=== PID → power (EMA) (pid_to_power) [comm="mem_miss"] ===
PID      power             

=== PID → cumulative energy (pid_to_consumption) [comm="mem_miss"] ===
PID      energy            

[H[JPolling energy-fair scheduler maps every 100 millisecond(s)...
Real time since poller start: 52.037439 s
Filter: comm "mem_miss"
Maps shown: total power consumption 

=== System totals (total) ===
  cpu_time:  913125265126 ns
  energy:    41845130630000 (units of your kfunc)
  uncore_energy:    973561049380320000 (units of your kfunc)

=== PID → power (EMA) (pid_to_power) [comm="mem_miss"] ===
PID      power             

=== PID → cumulative energy (pid_to_consumption) [comm="mem_miss"] ===
PID      energy            

[H[JPolling energy-fair scheduler maps every 100 millisecond(s)...
Real time since poller start: 52.159074 s
Filter: comm "mem_miss"
Maps shown: total power consumption 

=== System totals (total) ===
  cpu_time:  913160378127 ns
  energy:    41846750970000 (units of your kfunc)
  uncore_energy:    973561148042270000 (units of your kfunc)

=== PID → power (EMA) (pid_to_power) [comm="mem_miss"] ===
PID      power             

=== PID → cumulative energy (pid_to_consumption) [comm="mem_miss"] ===
PID      energy            

[H[JPolling energy-fair scheduler maps every 100 millisecond(s)...
Real time since poller start: 52.280294 s
Filter: comm "mem_miss"
Maps shown: total power consumption 

=== System totals (total) ===
  cpu_time:  913181645444 ns
  energy:    41847708000000 (units of your kfunc)
  uncore_energy:    973561430042090000 (units of your kfunc)

=== PID → power (EMA) (pid_to_power) [comm="mem_miss"] ===
PID      power             

=== PID → cumulative energy (pid_to_consumption) [comm="mem_miss"] ===
PID      energy            

[H[JPolling energy-fair scheduler maps every 100 millisecond(s)...
Real time since poller start: 52.401274 s
Filter: comm "mem_miss"
Maps shown: total power consumption 

=== System totals (total) ===
  cpu_time:  913202019575 ns
  energy:    41848672050000 (units of your kfunc)
  uncore_energy:    973561521851470000 (units of your kfunc)

=== PID → power (EMA) (pid_to_power) [comm="mem_miss"] ===
PID      power             

=== PID → cumulative energy (pid_to_consumption) [comm="mem_miss"] ===
PID      energy            

[H[JPolling energy-fair scheduler maps every 100 millisecond(s)...
Real time since poller start: 52.522896 s
Filter: comm "mem_miss"
Maps shown: total power consumption 

=== System totals (total) ===
  cpu_time:  913223315581 ns
  energy:    41849626940000 (units of your kfunc)
  uncore_energy:    973561612164590000 (units of your kfunc)

=== PID → power (EMA) (pid_to_power) [comm="mem_miss"] ===
PID      power             

=== PID → cumulative energy (pid_to_consumption) [comm="mem_miss"] ===
PID      energy            

[H[JPolling energy-fair scheduler maps every 100 millisecond(s)...
Real time since poller start: 52.644468 s
Filter: comm "mem_miss"
Maps shown: total power consumption 

=== System totals (total) ===
  cpu_time:  913245970744 ns
  energy:    41850641040000 (units of your kfunc)
  uncore_energy:    973561833929270000 (units of your kfunc)

=== PID → power (EMA) (pid_to_power) [comm="mem_miss"] ===
PID      power             

=== PID → cumulative energy (pid_to_consumption) [comm="mem_miss"] ===
PID      energy            

[H[JPolling energy-fair scheduler maps every 100 millisecond(s)...
Real time since poller start: 52.766091 s
Filter: comm "mem_miss"
Maps shown: total power consumption 

=== System totals (total) ===
  cpu_time:  913267047949 ns
  energy:    41851572590000 (units of your kfunc)
  uncore_energy:    973561921753670000 (units of your kfunc)

=== PID → power (EMA) (pid_to_power) [comm="mem_miss"] ===
PID      power             

=== PID → cumulative energy (pid_to_consumption) [comm="mem_miss"] ===
PID      energy            

[H[JPolling energy-fair scheduler maps every 100 millisecond(s)...
Real time since poller start: 52.887761 s
Filter: comm "mem_miss"
Maps shown: total power consumption 

=== System totals (total) ===
  cpu_time:  913288580566 ns
  energy:    41852529780000 (units of your kfunc)
  uncore_energy:    973562081997960000 (units of your kfunc)

=== PID → power (EMA) (pid_to_power) [comm="mem_miss"] ===
PID      power             

=== PID → cumulative energy (pid_to_consumption) [comm="mem_miss"] ===
PID      energy            

[H[JPolling energy-fair scheduler maps every 100 millisecond(s)...
Real time since poller start: 53.009018 s
Filter: comm "mem_miss"
Maps shown: total power consumption 

=== System totals (total) ===
  cpu_time:  913309448929 ns
  energy:    41853475980000 (units of your kfunc)
  uncore_energy:    973562238894930000 (units of your kfunc)

=== PID → power (EMA) (pid_to_power) [comm="mem_miss"] ===
PID      power             

=== PID → cumulative energy (pid_to_consumption) [comm="mem_miss"] ===
PID      energy            

[H[JPolling energy-fair scheduler maps every 100 millisecond(s)...
Real time since poller start: 53.130700 s
Filter: comm "mem_miss"
Maps shown: total power consumption 

=== System totals (total) ===
  cpu_time:  913332051172 ns
  energy:    41854472370000 (units of your kfunc)
  uncore_energy:    973562465055210000 (units of your kfunc)

=== PID → power (EMA) (pid_to_power) [comm="mem_miss"] ===
PID      power             

=== PID → cumulative energy (pid_to_consumption) [comm="mem_miss"] ===
PID      energy            

[H[JPolling energy-fair scheduler maps every 100 millisecond(s)...
Real time since poller start: 53.252361 s
Filter: comm "mem_miss"
Maps shown: total power consumption 

=== System totals (total) ===
  cpu_time:  913354667275 ns
  energy:    41855468010000 (units of your kfunc)
  uncore_energy:    973562588528110000 (units of your kfunc)

=== PID → power (EMA) (pid_to_power) [comm="mem_miss"] ===
PID      power             
188303   6                 

=== PID → cumulative energy (pid_to_consumption) [comm="mem_miss"] ===
PID      energy            
188332   1034400000        
188387   50510000          
188346   1025080000        
188352   1073000000        
188341   1078640000        
188354   1042940000        
188361   1113440000        
188342   1147920000        
188315   1119830000        
188309   1156310000        
188303   1202860000        
188327   1193540000        
188314   1144570000        
188333   1062920000        
188362   1082610000        
188310   1111600000        
188302   1123950000        

[H[JPolling energy-fair scheduler maps every 100 millisecond(s)...
Real time since poller start: 53.403923 s
Filter: comm "mem_miss"
Maps shown: total power consumption 

=== System totals (total) ===
  cpu_time:  921307716242 ns
  energy:    42245663410000 (units of your kfunc)
  uncore_energy:    973562681336550000 (units of your kfunc)

=== PID → power (EMA) (pid_to_power) [comm="mem_miss"] ===
PID      power             
188347   45                
188399   49                
188322   45                
188372   49                
188323   50                
188382   48                
188404   47                
188463   52                
188379   44                
188352   43                
188409   50                
188486   38                
188390   49                
188316   47                
188483   50                
188362   50                
188314   48                
188361   52                
188478   45                
188487   40                
188470   55                
188357   48                
188376   61                
188335   48                
188414   54                
188304   43                
188438   49                
188369   50                
188342   45                
188340   56                
188364   42                
188367   44                
188504   17                
188472   47                
188445   47                
188375   60                
188305   48                
188425   48                
188429   46                
188349   45                
188334   50                
188490   49                
188397   40                
188410   46                
188370   51                
188311   52                
188465   44                
188321   61                
188454   53                
188467   45                
188403   52                
188450   47                
188351   45                
188324   49                
188421   46                
188473   48                
188353   41                
188508   24                
188458   51                
188355   48                
188441   50                
188494   53                
188394   46                
188312   49                
188330   54                
188412   42                
188338   48                
188368   51                
188333   47                
188431   43                
188435   47                
188443   51                
188301   48                
188371   50                
188439   41                
188500   48                
188496   37                
188452   53                
188318   54                
188418   44                
188424   60                
188337   50                
188345   50                
188446   49                
188344   47                
188434   52                
188309   44                
188493   46                
188481   54                
188411   58                
188515   25                
188501   51                
188482   49                
188341   42                
188457   49                
188471   45                
188329   51                
188343   50                
188491   42                
188502   45                
188308   54                
188426   43                
188319   54                
188320   57                
188307   49                
188518   49                
188326   50                
188346   52                
188485   50                
188488   40                
188422   47                
188451   53                
188339   42                
188484   46                
188359   52                
188402   44                
188388   51                
188489   47                
188358   59                
188389   42                
188373   46                
188363   47                
188398   55                
188506   48                
188302   45                
188474   41                
188461   48                
188396   46                
188416   40                
188380   40                
188331   46                
188405   49                
188476   45                
188436   36                
188526   49                
188366   47                
188442   51                
188415   42                
188475   50                
188387   50                
188420   57                
188433   47                
188444   54                
188437   49                
188395   48                
188464   46                
188430   48                
188447   48                
188303   49                
188507   43                
188440   53                
188327   44                
188460   49                
188336   53                
188432   50                
188354   49                
188384   45                
188468   46                
188393   33                
188514   47                
188408   50                
188462   46                
188535   44                
188401   51                
188400   53                
188348   45                
188374   52                
188516   54                
188455   51                
188407   49                
188377   45                
188385   35                
188310   42                
188466   45                
188392   50                
188413   42                
188524   44                
188543   49                
188365   52                
188477   44                
188456   47                
188459   44                
188317   51                
188419   44                
188448   41                
188498   53                
188469   50                
188328   44                
188453   44                
188527   48                
188449   40                
188332   42                
188406   45                
188532   53                
188423   45                
188360   50                
188383   51                
188427   48                
188386   45                
188547   39                
188313   50                
188521   58                
188391   50                
188531   44                
188479   48                
188350   47                
188505   44                
188417   57                
188381   40                
188559   24                
188356   42                
188492   45                
188306   46                
188325   52                
188495   56                
188315   52                
188428   68                
188480   43                
188378   49                
188300   53                

=== PID → cumulative energy (pid_to_consumption) [comm="mem_miss"] ===
PID      energy            
188330   4076080000        
188476   2599350000        
188432   3155230000        
188458   2857710000        
188438   3172660000        
188304   4115780000        
188308   4184400000        
188417   3629950000        
188384   3863830000        
188415   3615690000        
188548   1130070000        
188390   3895250000        
188461   2763950000        
188525   1804190000        
188331   4060220000        
188412   3746440000        
188515   1816390000        
188374   3964300000        
188463   2809250000        
188549   1194330000        
188522   1932530000        
188344   4070750000        
188474   2523690000        
188509   2099330000        
188448   3040030000        
188475   2725050000        
188503   2112150000        
188403   3796020000        
188386   3793520000        
188462   2708930000        
188391   3958430000        
188328   4135110000        
188526   1754150000        
188408   3707590000        
188491   2312930000        
188307   4118350000        
188479   2579060000        
188319   4171300000        
188389   3971970000        
188437   3203120000        
188334   4144870000        
188337   4323310000        
188516   1970240000        
188335   4089930000        
188422   3620590000        
188366   3954770000        
188419   3684490000        
188356   4221770000        
188395   4069690000        
188507   2231600000        
188498   2309270000        
188543   1553040000        
188407   3930800000        
188398   4017770000        
188554   1263890000        
188347   4309230000        
188388   3889030000        
188300   4334430000        
188311   4182690000        
188373   4123350000        
188396   4126910000        
188467   3002210000        
188532   1775510000        
188410   3903050000        
188317   4261670000        
188429   3572560000        
188316   4223010000        
188533   1790140000        
188483   2536920000        
188480   2753150000        
188504   2343320000        
188359   4251570000        
188406   3852410000        
188365   4062850000        
188536   1705030000        
188542   1583420000        
188521   1972170000        
188425   3565120000        
188555   1224960000        
188381   4170130000        
188392   4080510000        
188552   1325980000        
188481   2691820000        
188465   2959330000        
188305   4306820000        
188423   3640760000        
188563   1116630000        
188529   1846320000        
188471   2902650000        
188441   3422690000        
188523   2067840000        
188486   2637620000        
188541   1532570000        
188547   1509410000        
188449   3379020000        
188400   4058640000        
188556   1283730000        
188537   1811820000        
188531   1931290000        
188380   4073350000        
188355   4421730000        
188446   3462090000        
188367   4250150000        
188433   3661950000        
188540   1752470000        
188508   2357010000        
188444   3502660000        
188306   4381100000        
188454   3293710000        
188363   4310430000        
188512   2334090000        
188530   2035820000        
188456   3290080000        
188405   4237210000        
188445   3503680000        
188370   4327220000        
188518   2398500000        
188427   3811620000        
188360   4523930000        
188484   2927270000        
188495   2666780000        
188494   2809010000        
188318   4635600000        
188544   1768500000        
188460   3243900000        
188393   4395730000        
188560   1457060000        
188572   1238410000        
188453   3337130000        
188399   4411570000        
188488   2778150000        
188326   4655910000        
188375   4426860000        
188379   4563110000        
188578   1045220000        
188371   4431120000        
188416   4118960000        
188420   4123280000        
188527   2092150000        
188320   4653020000        
188397   4428560000        
188452   3434730000        
188464   3242950000        
188349   4577790000        
188436   3816050000        
188587   1126260000        
188490   2897300000        
188566   1447590000        
188421   4177350000        
188368   4636200000        
188325   4598050000        
188545   2008330000        
188492   2892780000        
188345   4676950000        
188372   4488730000        
188339   4728540000        
188434   3793490000        
188506   2633950000        
188340   4715570000        
188358   4779690000        
188534   2316010000        
188321   4666470000        
188520   2378700000        
188351   4833050000        
188579   1264490000        
188409   4213990000        
188557   1649770000        
188336   4865760000        
188455   3620340000        
188301   4870920000        
188426   4220610000        
188329   4811220000        
188313   4808540000        
188338   4800240000        
188553   1769880000        
188546   1951010000        
188350   4785410000        
188478   3237930000        
188496   2918250000        
188593   1008000000        
188312   4804350000        
188353   4914280000        
188473   3488190000        
188567   1576990000        
188377   4747470000        
188505   2820330000        
188369   4652420000        
188539   2174850000        
188383   4593040000        
188443   3850290000        
188343   4833360000        
188466   3522370000        
188487   3068260000        
188322   4914470000        
188519   2622540000        
188514   2757300000        
188385   4563580000        
188482   3310410000        
188573   1583570000        
188477   3300930000        
188376   4721040000        
188510   2821140000        
188485   3219560000        
188394   4778240000        
188324   4954580000        
188323   4912400000        
188586   1396500000        
188564   1753980000        
188401   4628510000        
188561   1882190000        
188565   1733980000        
188558   1961370000        
188559   1754930000        
188535   2546350000        
188590   1270140000        
188404   4680820000        
188447   4037600000        
188431   4178790000        
188357   4983990000        
188596   1141500000        
188457   3710980000        
188332   4972350000        
188576   1552450000        
188402   4558200000        
188513   2910900000        
188497   3156630000        
188364   4708970000        
188493   3205830000        
188538   2227150000        
188450   3795160000        
188584   1511230000        
188387   4751260000        
188524   2629550000        
188502   2980840000        
188414   4546650000        
188489   3381150000        
188499   3162550000        
188348   5248300000        
188435   4333170000        
188346   5138600000        
188528   2761100000        
188352   5179010000        
188571   1951300000        
188341   5226970000        
188354   5203150000        
188428   4511830000        
188440   4134680000        
188382   4929060000        
188600   1216730000        
188361   5237900000        
188451   4008920000        
188342   5258050000        
188517   3005550000        
188315   5273680000        
188309   5198250000        
188424   4566000000        
188589   1467270000        
188303   5285330000        
188604   1130680000        
188469   3558830000        
188501   3187650000        
188418   4644050000        
188327   5359310000        
188314   5155360000        
188599   1393110000        
188439   4138250000        
188511   3236570000        
188459   4009110000        
188333   5204800000        
188605   1206510000        
188601   1406260000        
188615   40130000          
188468   3777440000        
188575   1792130000        
188500   3428680000        
188411   4790470000        
188470   3724520000        
188550   2406270000        
188472   3759900000        
188569   1966380000        
188378   5083790000        
188442   4343720000        
188413   4773070000        
188551   2371230000        
188362   5134240000        
188310   5216660000        
188594   1432020000        
188430   4470370000        
188570   2046190000        
188608   1161670000        
188603   1309530000        
188302   5303950000        
188562   2132690000        

[H[JPolling energy-fair scheduler maps every 100 millisecond(s)...
Real time since poller start: 53.829069 s
Filter: comm "mem_miss"
Maps shown: total power consumption 

=== System totals (total) ===
  cpu_time:  943990780579 ns
  energy:    43333612300000 (units of your kfunc)
  uncore_energy:    973562767844600000 (units of your kfunc)

=== PID → power (EMA) (pid_to_power) [comm="mem_miss"] ===
PID      power             
188647   40                
188580   47                
188616   42                
188627   51                
188540   53                
188510   44                
188618   47                
188503   47                
188347   45                
188399   47                
188581   50                
188322   42                
188499   46                
188372   49                
188530   49                
188634   48                
188323   48                
188382   48                
188588   58                
188497   52                
188404   47                
188641   49                
188463   45                
188552   42                
188528   55                
188578   41                
188574   48                
188638   49                
188379   52                
188628   42                
188579   49                
188352   47                
188409   44                
188486   48                
188590   50                
188512   53                
188390   56                
188637   38                
188513   48                
188316   45                
188483   52                
188646   56                
188606   54                
188362   49                
188314   53                
188538   35                
188361   49                
188478   51                
188517   54                
188487   54                
188470   63                
188603   42                
188357   47                
188611   40                
188376   43                
188335   46                
188414   48                
188597   51                
188304   49                
188659   23                
188438   41                
188369   42                
188342   50                
188340   43                
188364   44                
188520   55                
188557   48                
188367   46                
188504   51                
188640   41                
188472   55                
188445   47                
188375   46                
188305   58                
188425   42                
188429   44                
188349   43                
188565   49                
188625   47                
188334   46                
188490   44                
188604   58                
188645   66                
188644   66                
188563   49                
188397   49                
188410   47                
188529   51                
188370   44                
188615   42                
188311   55                
188465   46                
188321   45                
188454   41                
188550   48                
188533   54                
188467   40                
188403   44                
188450   51                
188509   39                
188608   41                
188546   50                
188351   42                
188561   39                
188324   63                
188421   41                
188639   51                
188542   54                
188473   58                
188353   45                
188508   44                
188458   41                
188355   52                
188511   44                
188441   40                
188494   42                
188394   49                
188519   54                
188312   44                
188330   40                
188666   34                
188412   56                
188623   48                
188338   49                
188545   49                
188568   50                
188368   42                
188595   46                
188662   43                
188594   47                
188582   57                
188653   49                
188333   45                
188431   55                
188571   40                
188583   54                
188643   57                
188435   31                
188443   41                
188602   44                
188301   42                
188371   42                
188439   36                
188500   40                
188496   44                
188560   67                
188452   47                
188318   51                
188620   39                
188567   42                
188418   49                
188424   44                
188525   50                
188558   44                
188630   59                
188651   40                
188337   42                
188345   46                
188598   47                
188446   48                
188344   44                
188434   48                
188309   44                
188541   50                
188493   48                
188564   46                
188522   44                
188481   48                
188663   45                
188515   44                
188411   46                
188515   51                
188501   47                
188482   48                
188341   47                
188457   42                
188566   44                
188536   43                
188471   53                
188329   45                
188343   49                
188534   41                
188491   43                
188613   52                
188523   58                
188502   61                
188308   51                
188656   48                
188426   47                
188319   41                
188320   49                
188307   42                
188518   53                
188326   51                
188346   54                
188485   57                
188488   54                
188422   45                
188451   43                
188339   49                
188484   47                
188539   40                
188359   50                
188402   53                
188388   50                
188489   43                
188669   56                
188648   36                
188358   50                
188652   50                
188389   48                
188575   45                
188373   63                
188537   61                
188551   39                
188363   49                
188398   48                
188605   51                
188506   54                
188612   44                
188302   47                
188474   48                
188461   56                
188396   51                
188416   50                
188570   45                
188380   53                
188331   55                
188405   39                
188476   46                
188436   49                
188526   56                
188660   54                
188366   52                
188442   48                
188415   60                
188475   46                
188387   47                
188420   55                
188609   46                
188444   48                
188433   43                
188437   41                
188636   47                
188576   54                
188682   43                
188549   63                
188395   53                
188556   53                
188464   42                
188622   35                
188589   47                
188430   42                
188654   49                
188548   52                
188447   60                
188303   66                
188507   36                
188327   49                
188440   61                
188675   41                
188591   49                
188460   63                
188336   53                
188432   38                
188354   52                
188384   56                
188468   37                
188393   48                
188573   47                
188514   56                
188553   49                
188600   61                
188408   52                
188544   43                
188462   43                
188631   45                
188657   62                
188650   43                
188535   40                
188619   48                
188401   54                
188554   55                
188400   41                
188671   47                
188348   51                
188374   44                
188516   59                
188683   51                
188455   42                
188632   41                
188407   48                
188617   51                
188377   47                
188385   48                
188310   48                
188596   40                
188569   55                
188658   52                
188584   49                
188601   46                
188466   41                
188592   57                
188649   40                
188392   44                
188413   57                
188524   47                
188587   47                
188543   57                
188365   47                
188477   46                
188599   46                
188586   47                
188635   48                
188456   44                
188459   54                
188317   49                
188419   41                
188448   63                
188610   48                
188498   46                
188328   51                
188469   55                
188555   49                
188453   48                
188624   59                
188527   49                
188449   47                
188332   57                
188406   47                
188572   49                
188674   40                
188532   67                
188423   45                
188360   46                
188383   57                
188427   49                
188633   48                
188689   42                
188607   38                
188386   57                
188547   47                
188313   46                
188521   54                
188661   47                
188642   43                
188629   54                
188655   53                
188696   55                
188391   39                
188531   47                
188479   44                
188350   44                
188505   40                
188665   42                
188417   53                
188381   50                
188593   50                
188705   41                
188621   55                
188559   47                
188562   40                
188356   46                
188577   52                
188492   44                
188306   43                
188626   40                
188585   42                
188325   49                
188495   40                
188315   38                
188614   44                
188428   50                
188480   48                
188687   52                
188378   51                
188300   46                
188676   42                

=== PID → cumulative energy (pid_to_consumption) [comm="mem_miss"] ===
PID      energy            
188330   7585880000        
188631   3033160000        
188476   6070530000        
188432   6586650000        
188632   2779660000        
188458   6345920000        
188438   6731310000        
188304   7504450000        
188633   2953220000        
188308   7699130000        
188417   7141890000        
188597   3690760000        
188624   3208440000        
188676   1796240000        
188384   7260040000        
188415   7240600000        
188548   4595760000        
188390   7411020000        
188461   6332500000        
188525   5377890000        
188623   3218380000        
188331   7649770000        
188412   7191270000        
188515   5345570000        
188374   7452580000        
188568   4261040000        
188463   6301060000        
188549   4722780000        
188522   5505070000        
188670   2029870000        
188693   1491560000        
188344   7608350000        
188474   5945930000        
188509   5584720000        
188448   6514910000        
188475   6307440000        
188665   2144510000        
188619   3223240000        
188503   5634750000        
188403   7350370000        
188386   7330050000        
188462   6212230000        
188391   7444640000        
188626   3182920000        
188328   7613150000        
188526   5303500000        
188684   1740890000        
188491   5731130000        
188408   7079070000        
188307   7667250000        
188479   6094820000        
188319   7609850000        
188580   4264990000        
188389   7540270000        
188437   6693540000        
188334   7677940000        
188613   3423590000        
188694   1609200000        
188337   7750000000        
188516   5493490000        
188677   1982550000        
188335   7536880000        
188718   948940000         
188422   7151170000        
188612   3455780000        
188366   7477740000        
188419   7205900000        
188356   7773270000        
188395   7565020000        
188507   5654870000        
188498   5717460000        
188543   5123730000        
188398   7559500000        
188407   7496760000        
188577   4172050000        
188669   2121290000        
188554   4787260000        
188347   7956680000        
188388   7447560000        
188300   7839590000        
188311   7761360000        
188699   1551660000        
188373   7716180000        
188396   7682680000        
188467   6600390000        
188583   4262760000        
188618   3460160000        
188598   3972920000        
188532   5312280000        
188574   4643220000        
188410   7529820000        
188682   1925530000        
188317   7870170000        
188429   7206900000        
188316   7853410000        
188716   1205750000        
188639   3073930000        
188646   2897670000        
188533   5371440000        
188713   1352550000        
188483   6078880000        
188480   6373770000        
188504   5954490000        
188359   7724710000        
188406   7528090000        
188365   7698710000        
188536   5274050000        
188683   1988700000        
188542   5154370000        
188521   5484780000        
188610   3767860000        
188425   7156340000        
188555   4924470000        
188381   7791180000        
188392   7632030000        
188552   5004740000        
188582   4526580000        
188721   1132370000        
188481   6261300000        
188465   6471560000        
188305   7964820000        
188423   7225670000        
188563   4674800000        
188663   2565140000        
188529   5461760000        
188471   6601850000        
188441   7030140000        
188678   2162170000        
188523   5668800000        
188651   2813140000        
188486   6281820000        
188674   2327850000        
188541   5275870000        
188547   5234570000        
188449   6925670000        
188400   7783640000        
188691   2020230000        
188715   1315600000        
188696   1878770000        
188585   4493630000        
188661   2569090000        
188712   1555500000        
188625   3370480000        
188556   5042710000        
188537   5460530000        
188531   5641460000        
188380   7786210000        
188641   3401020000        
188606   4032490000        
188355   8089490000        
188722   1161340000        
188609   3818210000        
188446   7180710000        
188581   4566660000        
188367   8013060000        
188607   4042460000        
188433   7236290000        
188540   5300100000        
188508   6029770000        
188640   3281870000        
188666   2616730000        
188444   7120840000        
188707   1582030000        
188616   3795940000        
188306   7963850000        
188660   2795080000        
188454   7004060000        
188363   7938290000        
188602   4037480000        
188512   6125270000        
188530   5683820000        
188667   2669640000        
188695   1937440000        
188456   6951250000        
188405   7894760000        
188654   3100890000        
188445   7164550000        
188370   8041140000        
188518   6038520000        
188664   2727790000        
188427   7519380000        
188360   8166510000        
188671   2644310000        
188484   6516190000        
188495   6404440000        
188627   3735940000        
188595   4429320000        
188701   1933900000        
188494   6464710000        
188638   3688960000        
188318   8241500000        
188588   4577740000        
188544   5431610000        
188704   1867080000        
188460   7004180000        
188393   8183890000        
188643   3250130000        
188572   4939740000        
188560   5239210000        
188659   2977320000        
188628   3748450000        
188453   7088930000        
188399   8048630000        
188711   1677550000        
188488   6473620000        
188326   8368990000        
188375   8187180000        
188379   8365730000        
188578   4723810000        
188371   8101110000        
188416   7822220000        
188420   7865940000        
188649   3247230000        
188592   4627470000        
188527   5757390000        
188620   3684350000        
188320   8359760000        
188397   8139500000        
188452   7185700000        
188464   6871520000        
188349   8334200000        
188436   7527750000        
188746   963590000         
188652   3232590000        
188720   1602170000        
188672   2786420000        
188587   4866390000        
188490   6671560000        
188566   5278000000        
188421   7908320000        
188368   8329540000        
188591   4637430000        
188325   8239680000        
188731   1332720000        
188545   5664650000        
188492   6660800000        
188692   2362200000        
188636   3731260000        
188345   8453000000        
188372   8225440000        
188339   8468490000        
188434   7485990000        
188506   6411330000        
188340   8399450000        
188358   8578380000        
188744   1179200000        
188644   3493830000        
188708   2017190000        
188534   6123930000        
188321   8494460000        
188714   1875150000        
188520   6107800000        
188749   999610000         
188351   8568690000        
188634   3750750000        
188579   4950650000        
188409   7924450000        
188557   5352280000        
188336   8459250000        
188455   7299610000        
188301   8606360000        
188630   3905690000        
188735   1337720000        
188426   7902360000        
188329   8519460000        
188313   8666080000        
188647   3589890000        
188338   8660030000        
188740   1360470000        
188553   5470520000        
188662   3186610000        
188546   5725270000        
188741   1185750000        
188685   2597950000        
188700   2290700000        
188350   8527170000        
188658   3302520000        
188478   7011080000        
188496   6611010000        
188593   4817260000        
188698   2293130000        
188312   8588040000        
188617   4274970000        
188611   4376740000        
188353   8676330000        
188473   7290370000        
188567   5385430000        
188642   3776560000        
188377   8531490000        
188650   3474260000        
188505   6618990000        
188369   8440210000        
188725   1646570000        
188539   5951600000        
188383   8364230000        
188443   7652930000        
188343   8705940000        
188466   7273540000        
188487   7010480000        
188322   8804850000        
188519   6462540000        
188514   6553690000        
188655   3417380000        
188668   3181910000        
188385   8346010000        
188743   1403200000        
188482   7094930000        
188573   5342600000        
188759   938560000         
188689   2662660000        
188477   7128140000        
188376   8465060000        
188510   6670910000        
188485   6983790000        
188629   4241870000        
188394   8583230000        
188717   2092750000        
188719   1949630000        
188730   1744990000        
188324   8748940000        
188323   8805320000        
188586   5241410000        
188564   5589920000        
188401   8551370000        
188561   5670750000        
188558   5793900000        
188565   5547900000        
188726   1895750000        
188559   5580370000        
188535   6445290000        
188690   2699450000        
188733   1611660000        
188645   3910950000        
188590   5015890000        
188673   3148590000        
188404   8505260000        
188703   2503240000        
188447   7947720000        
188653   3688510000        
188431   8093340000        
188357   8825260000        
188596   5137780000        
188747   1301290000        
188457   7484940000        
188332   8904710000        
188576   5455730000        
188402   8391500000        
188513   6861450000        
188497   7068720000        
188364   8558630000        
188614   4664600000        
188493   7002480000        
188538   6134020000        
188450   7639320000        
188584   5373780000        
188387   8545740000        
188524   6407030000        
188765   1076660000        
188681   3076800000        
188502   6885660000        
188637   4189990000        
188414   8451380000        
188697   2700970000        
188489   7262490000        
188499   7015580000        
188706   2422330000        
188348   9266210000        
188435   8189390000        
188656   3895850000        
188738   1771370000        
188346   8967380000        
188528   6706570000        
188675   3279850000        
188352   9133990000        
188571   5790720000        
188657   3913510000        
188622   4587880000        
188753   1452050000        
188341   9069740000        
188354   9107140000        
188428   8428290000        
188440   8000470000        
188710   2511190000        
188382   8940590000        
188600   5148450000        
188361   9114860000        
188451   7856870000        
188728   2108420000        
188342   9146150000        
188517   6968980000        
188315   9147260000        
188635   4346020000        
188309   9164670000        
188742   1622450000        
188424   8368580000        
188589   5356810000        
188303   9236620000        
188604   5143610000        
188748   1701470000        
188469   7398820000        
188688   3164820000        
188501   7049490000        
188687   3202080000        
188418   8530630000        
188327   9250480000        
188314   9049370000        
188599   5231300000        
188439   8093830000        
188511   7090320000        
188757   1489870000        
188459   7914570000        
188333   9059940000        
188605   5188660000        
188648   4129310000        
188601   5266510000        
188615   4860520000        
188468   7704190000        
188575   5756080000        
188500   7321370000        
188411   8731220000        
188470   7644830000        
188621   4802630000        
188472   7748110000        
188550   6277140000        
188745   1809580000        
188569   5852430000        
188378   8969380000        
188442   8234920000        
188413   8699600000        
188751   1715390000        
188551   6243750000        
188362   9138130000        
188709   2752520000        
188762   1379250000        
188679   3388340000        
188310   9130650000        
188594   5391640000        
188430   8377560000        
188570   6084770000        
188705   2870050000        
188702   2930160000        
188777   1075440000        
188608   5066200000        
188603   5164530000        
188302   9225730000        
188680   3427140000        
188686   3173690000        
188562   6136770000        

[H[JPolling energy-fair scheduler maps every 100 millisecond(s)...
Real time since poller start: 54.543127 s
Filter: comm "mem_miss"
Maps shown: total power consumption 

=== System totals (total) ===
  cpu_time:  980795694725 ns
  energy:    45080399910000 (units of your kfunc)
  uncore_energy:    973562990581380000 (units of your kfunc)

=== PID → power (EMA) (pid_to_power) [comm="mem_miss"] ===
PID      power             
188647   54                
188580   53                
188616   47                
188627   42                
188540   47                
188510   43                
188796   40                
188747   38                
188347   44                
188503   49                
188618   48                
188691   46                
188757   56                
188399   49                
188581   48                
188322   43                
188499   40                
188721   45                
188372   42                
188677   50                
188530   41                
188688   41                
188750   41                
188692   40                
188634   57                
188694   31                
188323   50                
188382   58                
188588   43                
188784   49                
188670   52                
188706   47                
188497   39                
188404   52                
188641   43                
188463   47                
188552   44                
188528   52                
188578   46                
188800   54                
188763   33                
188574   39                
188769   45                
188679   49                
188638   39                
188732   50                
188684   57                
188690   53                
188379   52                
188790   47                
188802   48                
188771   47                
188628   48                
188579   48                
188352   42                
188409   51                
188486   50                
188789   48                
188590   43                
188512   40                
188390   51                
188672   48                
188703   48                
188753   36                
188637   51                
188513   51                
188316   44                
188483   47                
188719   46                
188751   51                
188715   52                
188646   46                
188606   58                
188362   53                
188314   45                
188538   52                
188361   49                
188478   54                
188517   57                
188487   33                
188685   45                
188470   53                
188603   52                
188357   57                
188720   43                
188726   49                
188698   38                
188611   50                
188376   49                
188335   49                
188414   58                
188597   49                
188304   48                
188659   49                
188438   52                
188369   52                
188664   53                
188342   44                
188678   45                
188673   50                
188777   43                
188340   42                
188364   48                
188520   49                
188557   59                
188704   50                
188367   57                
188793   44                
188504   45                
188640   40                
188472   39                
188445   46                
188375   46                
188774   45                
188305   58                
188667   47                
188425   36                
188429   51                
188349   39                
188625   46                
188565   42                
188334   52                
188686   59                
188668   46                
188490   40                
188604   54                
188645   60                
188644   49                
188563   53                
188397   62                
188410   45                
188529   38                
188767   47                
188370   50                
188615   40                
188311   55                
188465   47                
188321   47                
188454   49                
188761   45                
188550   47                
188533   50                
188467   42                
188403   60                
188450   46                
188736   49                
188509   57                
188608   53                
188546   59                
188351   54                
188324   44                
188561   67                
188421   52                
188639   42                
188542   45                
188716   42                
188473   52                
188353   47                
188508   55                
188749   38                
188458   39                
188355   48                
188511   48                
188792   47                
188441   41                
188494   53                
188394   49                
188744   44                
188765   50                
188519   45                
188312   50                
188759   46                
188330   46                
188817   42                
188722   43                
188666   40                
188412   53                
188623   39                
188338   56                
188826   23                
188545   50                
188568   46                
188825   39                
188785   49                
188697   48                
188368   49                
188595   46                
188662   48                
188594   46                
188582   55                
188735   51                
188754   58                
188708   42                
188653   33                
188333   36                
188571   42                
188431   50                
188583   33                
188779   47                
188643   43                
188435   50                
188443   48                
188602   40                
188301   49                
188371   50                
188787   46                
188439   60                
188500   54                
188496   67                
188791   58                
188560   50                
188452   50                
188318   52                
188783   43                
188620   52                
188567   59                
188770   43                
188418   50                
188702   54                
188424   54                
188525   41                
188558   53                
188630   41                
188745   71                
188651   46                
188337   53                
188804   45                
188345   54                
188598   48                
188446   51                
188344   54                
188434   43                
188766   51                
188760   56                
188681   41                
188309   62                
188541   46                
188493   49                
188739   46                
188695   41                
188564   53                
188810   52                
188522   52                
188481   48                
188663   39                
188794   46                
188731   63                
188788   45                
188515   59                
188411   55                
188501   49                
188482   43                
188341   46                
188457   52                
188693   50                
188566   63                
188536   57                
188471   34                
188814   40                
188329   46                
188343   54                
188534   44                
188491   37                
188680   46                
188613   43                
188523   44                
188502   48                
188756   52                
188308   57                
188656   44                
188426   46                
188319   50                
188320   52                
188762   46                
188307   50                
188813   45                
188518   40                
188821   48                
188764   56                
188326   35                
188346   39                
188485   56                
188748   56                
188700   49                
188488   51                
188723   46                
188815   49                
188422   41                
188451   54                
188339   44                
188484   53                
188539   46                
188359   40                
188402   48                
188782   44                
188388   58                
188489   48                
188811   48                
188799   55                
188669   45                
188699   40                
188742   50                
188648   55                
188358   49                
188812   42                
188652   60                
188389   44                
188575   44                
188373   54                
188537   49                
188823   57                
188701   57                
188718   41                
188551   39                
188363   50                
188398   47                
188605   41                
188506   54                
188612   42                
188302   54                
188836   43                
188474   63                
188733   50                
188461   54                
188724   43                
188758   49                
188396   54                
188416   47                
188570   45                
188380   43                
188331   48                
188405   44                
188707   56                
188476   47                
188709   48                
188436   53                
188526   45                
188743   43                
188660   52                
188366   59                
188778   40                
188442   48                
188778   43                
188752   49                
188415   40                
188775   47                
188475   43                
188387   49                
188420   50                
188609   53                
188433   60                
188444   48                
188437   43                
188786   51                
188636   53                
188576   43                
188682   78                
188549   54                
188780   51                
188395   53                
188816   46                
188556   62                
188464   47                
188622   41                
188589   41                
188768   49                
188430   62                
188654   48                
188805   51                
188548   40                
188741   53                
188447   49                
188303   47                
188507   39                
188797   54                
188712   47                
188327   42                
188440   45                
188675   45                
188730   56                
188591   49                
188460   51                
188336   43                
188776   42                
188755   53                
188432   42                
188354   35                
188740   45                
188384   52                
188468   45                
188393   46                
188573   39                
188514   48                
188553   58                
188711   47                
188600   40                
188734   47                
188408   52                
188544   47                
188462   48                
188728   47                
188631   44                
188809   50                
188657   63                
188822   59                
188650   35                
188535   50                
188738   53                
188801   43                
188619   47                
188717   53                
188401   50                
188554   51                
188400   40                
188671   46                
188348   57                
188374   60                
188516   46                
188683   56                
188455   44                
188632   47                
188407   49                
188617   34                
188839   42                
188820   53                
188710   55                
188377   54                
188385   53                
188310   53                
188596   56                
188569   56                
188658   50                
188584   49                
188601   50                
188466   64                
188729   44                
188592   51                
188649   39                
188392   43                
188413   48                
188524   61                
188587   54                
188737   55                
188543   55                
188365   48                
188477   62                
188855   47                
188599   44                
188586   42                
188772   44                
188746   43                
188635   56                
188456   42                
188459   51                
188317   41                
188419   56                
188713   46                
188448   49                
188725   47                
188829   50                
188610   44                
188498   46                
188469   47                
188328   45                
188555   55                
188453   41                
188727   43                
188624   45                
188527   50                
188449   60                
188332   44                
188406   45                
188572   54                
188674   51                
188532   48                
188423   45                
188360   44                
188803   39                
188383   42                
188427   49                
188633   51                
188795   45                
188689   50                
188860   46                
188607   64                
188386   47                
188547   52                
188313   45                
188521   42                
188661   53                
188714   51                
188642   54                
188629   40                
188773   47                
188655   42                
188851   37                
188696   56                
188818   51                
188391   41                
188531   55                
188479   48                
188833   51                
188350   47                
188505   50                
188848   51                
188665   58                
188417   47                
188381   49                
188781   42                
188593   66                
188864   39                
188705   42                
188806   39                
188621   38                
188559   38                
188562   49                
188356   46                
188798   46                
188577   46                
188492   44                
188306   39                
188828   47                
188626   40                
188808   39                
188585   43                
188325   43                
188832   51                
188834   40                
188495   44                
188315   44                
188614   46                
188428   60                
188480   56                
188687   41                
188378   46                
188300   44                
188676   43                

=== PID → cumulative energy (pid_to_consumption) [comm="mem_miss"] ===
PID      energy            
188330   11760400000       
188631   7022610000        
188476   10058170000       
188432   10630070000       
188632   6824580000        
188458   10316360000       
188438   10707120000       
188304   11566480000       
188633   7079840000        
188308   11792070000       
188754   3901220000        
188417   11295750000       
188597   7640970000        
188764   3886600000        
188624   7258430000        
188802   2918990000        
188676   5912110000        
188384   11393040000       
188415   11324580000       
188548   8649180000        
188390   11341050000       
188767   3815190000        
188461   10265230000       
188525   9462240000        
188623   7161810000        
188331   11696330000       
188820   2570630000        
188412   11343780000       
188515   9516120000        
188374   11673000000       
188568   8328110000        
188782   3342400000        
188463   10361880000       
188549   8826180000        
188522   9584090000        
188670   6131310000        
188854   1635140000        
188693   5598310000        
188344   11725510000       
188474   10062590000       
188509   9690060000        
188448   10561460000       
188475   10376640000       
188665   6191620000        
188619   7311720000        
188801   2931680000        
188503   9679560000        
188853   1587530000        
188736   4408730000        
188790   3268590000        
188403   11484560000       
188386   11495870000       
188462   10401630000       
188391   11671670000       
188626   7297720000        
188328   11658860000       
188791   3288870000        
188526   9406730000        
188684   5780940000        
188491   9850420000        
188408   11166780000       
188724   4764070000        
188806   2767310000        
188307   11708860000       
188826   2377180000        
188723   4859230000        
188479   10216210000       
188319   11792270000       
188823   2498270000        
188580   8339920000        
188389   11690350000       
188760   3990570000        
188437   10794090000       
188334   11784280000       
188613   7524480000        
188694   5666520000        
188766   3856970000        
188831   2191150000        
188337   11968900000       
188734   4585480000        
188516   9628370000        
188677   6197720000        
188335   11644510000       
188718   4951330000        
188422   11223930000       
188612   7605050000        
188366   11598710000       
188419   11281640000       
188356   11715830000       
188395   11577360000       
188507   9720290000        
188784   3501700000        
188498   9836710000        
188771   3878420000        
188729   4589830000        
188543   9165950000        
188398   11635870000       
188407   11472640000       
188577   8241490000        
188669   6273050000        
188825   2494340000        
188554   8817890000        
188347   11883520000       
188388   11459080000       
188300   11981470000       
188311   11831450000       
188699   5605320000        
188780   3619230000        
188847   1890570000        
188373   11811070000       
188396   11809560000       
188467   10708820000       
188583   8284990000        
188618   7608240000        
188598   8104830000        
188532   9318170000        
188574   8744020000        
188410   11504300000       
188839   2181290000        
188682   5995040000        
188758   4185870000        
188800   3056190000        
188317   12052360000       
188818   2795400000        
188429   11219500000       
188316   11935450000       
188716   5326190000        
188877   1014570000        
188727   5078590000        
188639   7281790000        
188778   3764610000        
188646   6944010000        
188533   9457460000        
188750   4599220000        
188713   5328870000        
188483   10062620000       
188480   10450790000       
188504   9950140000        
188838   2283680000        
188359   11836740000       
188406   11622520000       
188365   11715460000       
188536   9500360000        
188683   6070710000        
188542   9211480000        
188521   9529920000        
188610   7777180000        
188425   11257890000       
188555   8896830000        
188381   11860990000       
188392   11776240000       
188872   1417840000        
188732   4965010000        
188785   3679640000        
188552   9031490000        
188846   2083290000        
188776   3862150000        
188582   8696080000        
188721   5231500000        
188787   3628060000        
188481   10455680000       
188465   10491460000       
188305   12025730000       
188830   2435150000        
188423   11203320000       
188563   8827100000        
188663   6655370000        
188529   9620760000        
188471   10827300000       
188441   11057330000       
188678   6216170000        
188523   9773950000        
188866   1634070000        
188819   2964000000        
188651   6861900000        
188756   4339040000        
188486   10390990000       
188855   1988630000        
188674   6475990000        
188541   9396060000        
188547   9336480000        
188755   4528230000        
188449   11061870000       
188837   2431300000        
188400   11900730000       
188691   6170530000        
188715   5422340000        
188696   5922950000        
188585   8601390000        
188799   3457860000        
188867   1699820000        
188661   6647570000        
188712   5590880000        
188625   7493080000        
188556   9273170000        
188537   9613350000        
188531   9799460000        
188380   11854780000       
188641   7410890000        
188737   4906750000        
188606   8161790000        
188355   12158630000       
188722   5364040000        
188609   7949520000        
188446   11206490000       
188581   8628100000        
188367   12197560000       
188607   8009030000        
188433   11279370000       
188815   3027180000        
188540   9305680000        
188508   10156480000       
188640   7373030000        
188816   2996490000        
188666   6714830000        
188444   11357600000       
188707   5722890000        
188616   7823520000        
188306   12095150000       
188660   6962450000        
188454   10979490000       
188363   11894660000       
188769   4290050000        
188602   8170950000        
188789   3897750000        
188884   1214910000        
188512   10189190000       
188530   9675970000        
188667   6772110000        
188739   5031590000        
188695   6154500000        
188456   10945730000       
188405   11848570000       
188654   7185280000        
188829   2751020000        
188445   11119190000       
188370   12145130000       
188773   4216230000        
188518   10213800000       
188664   6739470000        
188841   2488880000        
188427   11550660000       
188360   12257130000       
188671   6620590000        
188484   10610750000       
188805   3373280000        
188793   3689120000        
188848   2253530000        
188495   10410040000       
188627   7913460000        
188794   3527130000        
188595   8564950000        
188701   6029200000        
188494   10414250000       
188874   1684080000        
188638   7842070000        
188318   12369480000       
188588   8655000000        
188544   9363540000        
188779   4146200000        
188704   5906550000        
188460   11012720000       
188393   12229830000       
188643   7218950000        
188560   9243170000        
188572   9030290000        
188890   1058810000        
188863   1783440000        
188659   6990630000        
188628   7759680000        
188453   11148900000       
188399   12164120000       
188711   5743860000        
188488   10512000000       
188880   1307210000        
188326   12352140000       
188885   1354680000        
188375   12255840000       
188379   12368840000       
188578   8813070000        
188371   12137990000       
188416   11798940000       
188420   11827560000       
188649   7351170000        
188592   8589600000        
188527   9712730000        
188770   4438370000        
188620   7760550000        
188813   3340870000        
188320   12451470000       
188397   12160080000       
188452   11220480000       
188464   10970050000       
188349   12375020000       
188795   3697950000        
188436   11556960000       
188746   4975440000        
188899   937660000         
188652   7338430000        
188857   2208570000        
188720   5704770000        
188672   6847240000        
188587   8952240000        
188490   10747660000       
188811   3441940000        
188566   9353180000        
188421   11972930000       
188368   12326730000       
188763   4573350000        
188591   8607770000        
188325   12334020000       
188731   5345750000        
188895   1089790000        
188804   3773320000        
188545   9736830000        
188492   10748700000       
188692   6442120000        
188636   7684800000        
188345   12498890000       
188775   4359060000        
188372   12279420000       
188752   4742810000        
188761   4644050000        
188788   4093800000        
188339   12563190000       
188835   2841040000        
188434   11447710000       
188506   10258360000       
188340   12347330000       
188358   12587850000       
188744   5079610000        
188810   3527180000        
188644   7501820000        
188708   6059080000        
188534   10124310000       
188321   12549270000       
188768   4662470000        
188714   5864340000        
188520   10080570000       
188749   5005630000        
188351   12544820000       
188883   1413280000        
188803   3763920000        
188634   7768550000        
188579   9055440000        
188873   1952050000        
188409   11919830000       
188557   9421390000        
188336   12502710000       
188792   4037580000        
188812   3563220000        
188455   11430340000       
188301   12685060000       
188630   7834430000        
188774   4406130000        
188735   5305010000        
188426   11936720000       
188329   12574950000       
188313   12749020000       
188647   7685060000        
188338   12664240000       
188740   5387970000        
188553   9386070000        
188662   7068300000        
188822   3245100000        
188546   9791620000        
188882   1465280000        
188741   5253500000        
188685   6581310000        
188700   6357910000        
188851   2403570000        
188840   2833080000        
188350   12619610000       
188796   3860920000        
188658   7267850000        
188478   10963560000       
188496   10664780000       
188593   8882520000        
188698   6391720000        
188814   3447890000        
188312   12744410000       
188617   8280840000        
188860   2418510000        
188611   8388770000        
188353   12572460000       
188473   11238920000       
188567   9307040000        
188859   2283780000        
188642   7760590000        
188377   12386450000       
188650   7545510000        
188505   10515990000       
188369   12364970000       
188725   5665230000        
188539   9875280000        
188383   12398290000       
188443   11709450000       
188343   12587940000       
188466   11219030000       
188487   10846170000       
188879   1900960000        
188909   956120000         
188322   12783890000       
188519   10356910000       
188844   2906800000        
188845   2783680000        
188888   1400130000        
188772   4545310000        
188514   10481420000       
188655   7379140000        
188668   7111380000        
188385   12272420000       
188864   2320250000        
188897   1340930000        
188743   5334180000        
188482   11125060000       
188573   9267200000        
188759   4949370000        
188843   2944470000        
188689   6540810000        
188477   11173980000       
188376   12370130000       
188510   10542380000       
188485   10957630000       
188629   8083290000        
188394   12556510000       
188717   6112230000        
188808   3862780000        
188719   5927040000        
188730   5673430000        
188865   2307290000        
188324   12708740000       
188323   12752230000       
188586   9120980000        
188564   9500140000        
188401   12523730000       
188561   9625660000        
188558   9702420000        
188565   9536670000        
188726   5755420000        
188868   2176210000        
188862   2349400000        
188559   9533760000        
188535   10345620000       
188690   6605690000        
188733   5513050000        
188798   4094360000        
188645   7806920000        
188824   3425320000        
188590   8939230000        
188673   7059290000        
188817   3579110000        
188404   12453460000       
188786   4438800000        
188703   6444400000        
188447   11853220000       
188653   7504540000        
188431   12080480000       
188836   3188760000        
188887   1620160000        
188357   12712270000       
188596   9082520000        
188747   5241720000        
188457   11454340000       
188332   12810960000       
188576   9399830000        
188402   12237120000       
188513   10858030000       
188797   4210520000        
188852   2747650000        
188497   10991880000       
188364   12430460000       
188614   8532570000        
188493   10929520000       
188875   1954840000        
188832   3215340000        
188538   10027740000       
188450   11705690000       
188584   9374520000        
188387   12495800000       
188850   2777870000        
188524   10324960000       
188765   4933110000        
188681   6881420000        
188502   10700980000       
188637   7954970000        
188870   2392760000        
188414   12351400000       
188697   6614260000        
188489   11229290000       
188499   10871310000       
188869   2272300000        
188706   6293180000        
188348   13198700000       
188827   3445910000        
188821   3610410000        
188435   12052820000       
188861   2644650000        
188656   7804260000        
188856   2785940000        
188738   5659060000        
188828   3489240000        
188346   12951900000       
188528   10547680000       
188675   7241440000        
188352   13022700000       
188907   1279610000        
188571   9699930000        
188833   3388090000        
188657   7871620000        
188622   8568880000        
188753   5391970000        
188341   13002540000       
188354   13028200000       
188428   12326660000       
188440   11911760000       
188710   6461280000        
188858   2668310000        
188382   12873270000       
188600   8979430000        
188783   4734380000        
188871   2270800000        
188361   12915260000       
188876   2071370000        
188451   11712790000       
188834   3287510000        
188728   5935330000        
188342   13022220000       
188517   10896390000       
188809   4030570000        
188315   13075690000       
188635   8175230000        
188309   13139150000       
188742   5393770000        
188424   12233180000       
188891   1706390000        
188903   1412660000        
188589   9216560000        
188303   13087940000       
188604   9041840000        
188842   3210290000        
188748   5624800000        
188469   11167910000       
188688   6947930000        
188501   10939730000       
188807   4101440000        
188687   7056720000        
188892   1838220000        
188418   12424050000       
188327   13205710000       
188886   1820810000        
188314   12864220000       
188599   9139390000        
188439   12043590000       
188511   10976110000       
188757   5356570000        
188894   1654520000        
188459   11812260000       
188333   12923680000       
188605   9047650000        
188648   8113070000        
188601   9111770000        
188615   8788460000        
188468   11458750000       
188575   9645870000        
188500   11189000000       
188411   12576240000       
188470   11507720000       
188621   8691740000        
188472   11540690000       
188550   10145030000       
188745   5633910000        
188569   9738870000        
188378   12679200000       
188413   12521060000       
188442   11992820000       
188751   5544460000        
188551   10001030000       
188781   4737580000        
188362   13047780000       
188709   6538360000        
188925   621190000         
188762   5294080000        
188679   7228960000        
188310   12991780000       
188594   9285190000        
188849   3075910000        
188430   12172710000       
188570   10002300000       
188705   6658470000        
188702   6755410000        
188777   4897620000        
188608   8846400000        
188603   8916690000        
188302   13085710000       
188680   7163380000        
188686   7014320000        
188901   1539770000        
188562   9839480000        

[H[JPolling energy-fair scheduler maps every 100 millisecond(s)...
Real time since poller start: 55.523985 s
Filter: comm "mem_miss"
Maps shown: total power consumption 

=== System totals (total) ===
  cpu_time:  1031264872449 ns
  energy:    47276581150000 (units of your kfunc)
  uncore_energy:    973563327863880000 (units of your kfunc)

=== PID → power (EMA) (pid_to_power) [comm="mem_miss"] ===
PID      power             
188647   34                
188580   36                
188888   34                
188908   40                
188926   31                
188616   51                
188849   42                
188627   34                
188540   44                
188510   30                
188885   41                
188796   33                
188747   45                
188618   34                
188347   50                
188503   30                
188691   29                
188757   42                
188399   34                
188911   39                
188581   34                
188807   37                
188322   37                
188827   32                
188499   36                
188721   32                
188372   29                
188677   36                
188530   36                
188688   47                
188750   31                
188692   32                
188634   30                
188933   31                
188694   47                
188323   47                
188382   37                
188588   47                
188784   64                
188670   32                
188706   41                
188887   40                
188497   34                
188404   37                
188868   32                
188641   43                
188463   37                
188552   50                
188528   41                
188800   38                
188578   39                
188763   39                
188574   47                
188769   32                
188679   38                
188924   50                
188638   27                
188916   110               
188732   35                
188684   41                
188690   44                
188379   35                
188790   35                
188802   42                
188771   39                
188628   49                
188579   40                
188352   26                
188409   41                
188846   29                
188919   34                
188486   37                
188789   35                
188590   40                
188512   41                
188390   43                
188672   35                
188703   31                
188753   32                
188637   44                
188513   37                
188316   41                
188483   25                
188719   30                
188751   48                
188891   30                
188910   41                
188715   35                
188646   44                
188900   49                
188909   34                
188606   56                
188362   51                
188314   36                
188538   38                
188361   63                
188478   38                
188517   32                
188487   35                
188685   69                
188470   43                
188603   48                
188357   39                
188720   42                
188877   57                
188726   39                
188698   41                
188611   39                
188376   41                
188335   33                
188922   47                
188414   40                
188838   38                
188597   42                
188304   57                
188659   40                
188438   40                
188369   42                
188664   49                
188342   56                
188678   38                
188777   38                
188673   37                
188819   43                
188340   45                
188364   30                
188902   37                
188831   36                
188520   27                
188557   39                
188704   41                
188367   36                
188793   48                
188504   34                
188906   40                
188640   32                
188472   41                
188445   44                
188375   48                
188774   32                
188305   41                
188667   34                
188425   25                
188895   31                
188429   32                
188349   31                
188625   43                
188565   36                
188334   45                
188686   38                
188668   40                
188490   35                
188604   34                
188645   36                
188644   41                
188824   28                
188563   27                
188397   33                
188837   39                
188410   42                
188529   32                
188767   37                
188370   49                
188615   49                
188311   36                
188845   32                
188898   39                
188465   38                
188321   37                
188454   33                
188761   42                
188894   44                
188884   41                
188830   48                
188847   26                
188550   44                
188533   47                
188467   41                
188843   31                
188842   42                
188450   46                
188403   34                
188882   41                
188857   39                
188736   33                
188509   29                
188608   33                
188546   42                
188351   35                
188324   37                
188561   38                
188936   39                
188421   28                
188854   71                
188639   28                
188841   31                
188542   30                
188716   32                
188473   39                
188853   37                
188353   33                
188940   44                
188508   41                
188749   35                
188458   30                
188355   32                
188511   31                
188792   31                
188441   44                
188494   37                
188876   35                
188394   28                
188744   40                
188765   41                
188519   54                
188312   35                
188759   43                
188330   47                
188925   40                
188883   37                
188817   45                
188722   34                
188666   36                
188412   33                
188939   33                
188623   30                
188338   41                
188826   45                
188545   34                
188568   40                
188825   38                
188785   61                
188697   37                
188368   37                
188595   35                
188662   42                
188835   33                
188905   32                
188594   26                
188867   44                
188582   34                
188862   37                
188735   31                
188754   42                
188708   47                
188653   34                
188856   41                
188333   48                
188571   36                
188431   35                
188583   43                
188643   35                
188779   29                
188934   35                
188435   34                
188443   41                
188602   27                
188301   34                
188371   40                
188787   37                
188439   36                
188500   36                
188496   39                
188791   38                
188560   38                
188452   30                
188878   45                
188318   33                
188783   36                
188620   35                
188567   47                
188770   36                
188840   29                
188903   31                
188418   33                
188702   32                
188424   38                
188525   38                
188558   46                
188896   35                
188630   39                
188745   39                
188651   35                
188337   35                
188804   36                
188345   35                
188598   31                
188446   36                
188344   29                
188434   31                
188897   35                
188766   36                
188760   33                
188889   33                
188681   34                
188309   35                
188541   39                
188493   36                
188739   31                
188695   32                
188564   40                
188810   52                
188522   30                
188481   33                
188663   32                
188794   45                
188731   33                
188788   33                
188941   34                
188515   46                
188411   26                
188501   39                
188482   32                
188341   36                
188457   29                
188693   31                
188566   37                
188879   41                
188536   39                
188471   31                
188928   26                
188886   28                
188814   39                
188865   47                
188329   44                
188875   32                
188343   34                
188534   39                
188491   35                
188680   39                
188907   31                
188613   41                
188523   38                
188502   36                
188756   31                
188308   45                
188656   25                
188426   31                
188319   40                
188320   31                
188762   29                
188307   36                
188813   41                
188518   39                
188821   29                
188764   31                
188920   41                
188326   33                
188844   46                
188346   34                
188485   36                
188866   32                
188748   30                
188700   29                
188488   33                
188723   24                
188815   44                
188852   35                
188937   30                
188422   34                
188451   34                
188339   41                
188539   41                
188484   38                
188359   50                
188402   33                
188782   40                
188388   35                
188489   28                
188811   35                
188850   36                
188799   28                
188669   32                
188699   34                
188742   35                
188648   40                
188358   35                
188812   39                
188652   42                
188389   30                
188575   38                
188373   34                
188537   31                
188823   34                
188859   28                
188701   36                
188718   34                
188551   27                
188363   33                
188398   28                
188605   28                
188506   38                
188612   28                
188302   26                
188474   42                
188836   47                
188733   32                
188461   43                
188724   35                
188861   32                
188758   34                
188396   26                
188416   36                
188570   33                
188948   38                
188380   23                
188331   33                
188901   38                
188405   27                
188707   33                
188476   36                
188709   44                
188436   36                
188929   33                
188526   43                
188743   32                
188914   47                
188660   30                
188366   36                
188442   34                
188778   34                
188752   56                
188415   36                
188775   31                
188475   36                
188387   34                
188420   30                
188609   45                
188433   46                
188444   30                
188437   31                
188786   33                
188636   37                
188576   36                
188682   33                
188938   35                
188549   43                
188780   40                
188395   38                
188816   36                
188556   33                
188464   39                
188858   32                
188622   43                
188589   34                
188899   40                
188768   27                
188430   37                
188654   32                
188805   34                
188548   46                
188741   28                
188447   32                
188863   32                
188303   34                
188507   32                
188797   27                
188712   35                
188440   28                
188327   33                
188675   29                
188730   39                
188591   39                
188460   23                
188336   28                
188776   27                
188755   34                
188432   70                
188354   31                
188740   40                
188384   37                
188468   34                
188393   39                
188935   38                
188912   34                
188573   29                
188514   37                
188890   25                
188944   37                
188942   36                
188553   28                
188711   49                
188600   31                
188734   42                
188871   34                
188408   31                
188544   32                
188462   32                
188728   29                
188631   43                
188880   27                
188930   42                
188809   35                
188892   34                
188657   27                
188822   36                
188650   56                
188535   30                
188738   28                
188801   40                
188893   25                
188619   41                
188717   39                
188904   33                
188881   33                
188913   35                
188401   32                
188554   45                
188400   29                
188671   41                
188348   35                
188869   45                
188946   38                
188374   24                
188516   41                
188683   36                
188455   36                
188632   39                
188407   33                
188617   31                
188820   43                
188839   35                
188710   33                
188377   40                
188921   35                
188385   42                
188310   31                
188596   37                
188917   39                
188569   29                
188658   33                
188584   37                
188601   38                
188466   29                
188729   34                
188592   29                
188649   31                
188392   35                
188413   31                
188524   35                
188587   49                
188737   46                
188543   29                
188365   47                
188477   29                
188855   29                
188599   37                
188586   29                
188772   42                
188746   25                
188872   25                
188635   60                
188456   37                
188459   38                
188317   40                
188419   36                
188713   40                
188448   41                
188725   33                
188829   40                
188610   35                
188498   38                
188469   39                
188328   31                
188555   58                
188453   40                
188873   33                
188727   34                
188624   60                
188527   41                
188449   41                
188332   37                
188406   30                
188931   36                
188572   47                
188674   46                
188532   33                
188870   41                
188423   50                
188360   31                
188803   34                
188383   33                
188427   37                
188633   36                
188795   32                
188689   33                
188607   31                
188860   39                
188386   43                
188547   47                
188945   26                
188313   42                
188521   34                
188661   26                
188714   35                
188642   38                
188629   36                
188773   29                
188655   30                
188851   28                
188696   43                
188874   27                
188818   26                
188391   33                
188531   28                
188479   32                
188833   32                
188915   29                
188350   30                
188505   38                
188848   38                
188665   27                
188417   34                
188381   38                
188781   33                
188593   57                
188864   27                
188705   32                
188806   44                
188621   31                
188559   28                
188562   43                
188798   43                
188356   33                
188577   32                
188947   48                
188492   30                
188306   30                
188828   35                
188626   33                
188923   31                
188808   36                
188585   34                
188325   32                
188832   36                
188834   40                
188918   44                
188495   36                
188315   36                
188614   38                
188428   38                
188480   32                
188687   40                
188927   46                
188378   31                
188300   32                
188676   47                

=== PID → cumulative energy (pid_to_consumption) [comm="mem_miss"] ===
PID      energy            
188330   14549700000       
188631   9947200000        
188476   13245440000       
188432   13596070000       
188632   9650390000        
188458   13219770000       
188438   13531000000       
188304   14620480000       
188633   9937190000        
188308   14563350000       
188754   6972200000        
188417   14265990000       
188597   11490730000       
188764   6863140000        
188889   3267800000        
188624   10184330000       
188802   6302430000        
188676   8815870000        
188384   14308040000       
188415   14190560000       
188548   11642180000       
188390   14200050000       
188767   6620570000        
188936   2018280000        
188461   13243820000       
188525   12379430000       
188623   10069870000       
188331   14635640000       
188820   5435220000        
188412   14257750000       
188515   12329250000       
188374   14512970000       
188568   11284310000       
188782   6264470000        
188463   13336750000       
188549   11775790000       
188522   12481100000       
188670   9045380000        
188854   4434320000        
188693   8554430000        
188344   14604580000       
188474   12992700000       
188509   12515660000       
188448   13925230000       
188935   2127670000        
188475   13200080000       
188665   9064200000        
188619   10689440000       
188503   12378690000       
188801   5903490000        
188853   4531760000        
188878   3650560000        
188736   7198070000        
188790   6036550000        
188403   14090570000       
188908   2971690000        
188386   14302690000       
188462   13258410000       
188391   14531780000       
188945   1592260000        
188922   2587750000        
188626   10199510000       
188328   14659710000       
188791   6325720000        
188526   12296470000       
188684   8670400000        
188408   14113840000       
188491   12766950000       
188724   7695910000        
188806   5615510000        
188940   1978460000        
188307   14592480000       
188826   5170600000        
188723   7548010000        
188479   13053600000       
188319   14634380000       
188933   2813460000        
188823   5411770000        
188580   11286120000       
188389   14542900000       
188760   6863800000        
188437   13531120000       
188334   14937200000       
188613   10509720000       
188766   6697080000        
188694   8677020000        
188913   2875860000        
188831   5112150000        
188337   14769460000       
188734   7455080000        
188516   12579420000       
188677   9099620000        
188335   14487970000       
188718   7794840000        
188422   14141250000       
188366   14303630000       
188612   10407450000       
188893   3414670000        
188896   3375160000        
188419   14127270000       
188356   14537360000       
188395   14484550000       
188920   2564120000        
188507   12531260000       
188784   6295280000        
188498   12849000000       
188771   6767400000        
188729   7578880000        
188881   3900900000        
188543   12128150000       
188398   14537950000       
188407   14520290000       
188577   11107120000       
188669   9139570000        
188825   5318700000        
188554   11972890000       
188912   2724730000        
188347   14743490000       
188388   14359760000       
188300   14867030000       
188311   14763870000       
188699   8367670000        
188941   1781620000        
188780   6520210000        
188847   4675780000        
188373   14597340000       
188396   14624730000       
188467   13533720000       
188583   11939160000       
188618   10420590000       
188598   10972540000       
188532   12154930000       
188574   11546770000       
188410   14233550000       
188839   4947610000        
188682   8941180000        
188758   6821310000        
188800   5849270000        
188818   5634500000        
188317   14951770000       
188944   1872260000        
188429   14010360000       
188316   14692860000       
188716   8070900000        
188877   3979940000        
188727   8359610000        
188639   9996930000        
188778   6601340000        
188900   3317570000        
188646   9648350000        
188533   12208610000       
188750   7298810000        
188713   8065360000        
188483   12744960000       
188480   13311830000       
188504   12740290000       
188838   4977510000        
188359   14513310000       
188406   14377610000       
188365   14598300000       
188536   12130830000       
188683   8815450000        
188542   12176330000       
188521   12296310000       
188610   10558430000       
188425   13951830000       
188555   11659150000       
188381   14616860000       
188392   14469250000       
188872   4163530000        
188732   7727440000        
188785   6459760000        
188552   11716620000       
188898   3184200000        
188846   4932840000        
188582   11574930000       
188776   6488780000        
188951   1320940000        
188921   2733120000        
188721   7942580000        
188481   13120080000       
188927   2218340000        
188787   6302310000        
188465   13228530000       
188305   14543080000       
188830   5095200000        
188423   13912210000       
188563   11727950000       
188663   9918890000        
188529   12260590000       
188471   13569300000       
188441   13861680000       
188678   8866190000        
188523   12470600000       
188866   4423560000        
188819   5785840000        
188651   9558150000        
188950   1326440000        
188756   6948310000        
188949   1603680000        
188486   13239110000       
188855   5446800000        
188674   9138610000        
188541   12204680000       
188547   12035000000       
188755   7302130000        
188449   13739240000       
188837   4955590000        
188400   15071960000       
188691   8851460000        
188715   8099910000        
188696   9103000000        
188585   11196730000       
188929   2468080000        
188867   4421420000        
188799   6243680000        
188955   893250000         
188661   9371300000        
188712   8255840000        
188625   10431280000       
188556   11912770000       
188537   12210680000       
188531   12540270000       
188380   14568940000       
188641   10308040000       
188737   7544750000        
188355   15048660000       
188606   11161980000       
188722   8130910000        
188609   10562440000       
188446   13885270000       
188581   11449150000       
188367   15352320000       
188607   10725090000       
188433   14003320000       
188917   2977920000        
188815   5729520000        
188540   12064380000       
188508   12892530000       
188640   10090380000       
188902   3314710000        
188816   5873990000        
188666   9418020000        
188444   14030600000       
188952   1301570000        
188906   3199420000        
188707   8467630000        
188616   10398270000       
188306   14828400000       
188660   9771890000        
188454   13885500000       
188363   14649920000       
188769   6935610000        
188602   10844800000       
188789   6623470000        
188884   3965790000        
188926   2519410000        
188512   12835100000       
188530   12332510000       
188905   3250350000        
188923   2802540000        
188667   9471350000        
188739   7817250000        
188695   8887490000        
188456   13515150000       
188915   3065680000        
188405   14621370000       
188654   9935410000        
188829   5466010000        
188445   13834290000       
188370   14757750000       
188773   6951210000        
188518   12943770000       
188664   9517890000        
188841   4904060000        
188427   14164940000       
188360   15239750000       
188671   9461580000        
188484   13368130000       
188805   6196220000        
188793   6469220000        
188848   4801040000        
188914   3060460000        
188495   13260850000       
188627   10386290000       
188794   6197740000        
188595   11229100000       
188701   8607010000        
188494   13126670000       
188874   4237180000        
188638   10478500000       
188318   14931450000       
188588   11180690000       
188544   11886180000       
188779   6842170000        
188704   8601850000        
188460   13940890000       
188393   14948510000       
188643   9751300000        
188942   2381870000        
188560   11857900000       
188572   11784740000       
188890   3770280000        
188863   4374790000        
188659   9641530000        
188628   10304290000       
188453   13769650000       
188399   15087510000       
188711   8348720000        
188911   3123760000        
188488   13179690000       
188880   4062460000        
188326   15037510000       
188885   3790830000        
188375   14925400000       
188379   15311910000       
188904   3351720000        
188578   11377420000       
188371   14820940000       
188416   14357670000       
188420   14461950000       
188649   10407520000       
188592   11218640000       
188527   12326400000       
188770   7021150000        
188910   3263570000        
188620   10415830000       
188813   5907500000        
188320   14941060000       
188397   14720340000       
188452   13755110000       
188464   13519620000       
188795   6412130000        
188349   14990230000       
188436   14265420000       
188746   7799540000        
188899   3435360000        
188652   10079840000       
188857   4866630000        
188938   2452880000        
188720   8348950000        
188672   9516750000        
188587   11470460000       
188490   13371350000       
188566   11932210000       
188811   6041750000        
188421   14382930000       
188368   15006600000       
188763   7191740000        
188368   15006600000       
188591   11354340000       
188325   14986880000       
188731   7975440000        
188895   3760380000        
188804   6348060000        
188545   12201870000       
188492   13664520000       
188692   8963950000        
188636   10442210000       
188345   15256280000       
188775   7136650000        
188372   14815890000       
188752   7181170000        
188761   7256650000        
188788   6541580000        
188835   5439030000        
188339   15223290000       
188434   14245610000       
188506   12797380000       
188340   15043850000       
188358   15347550000       
188744   7653020000        
188937   2514080000        
188810   6143080000        
188644   10061290000       
188708   8682740000        
188534   12825420000       
188321   15137190000       
188768   7221680000        
188714   8556570000        
188520   12771640000       
188749   7471870000        
188351   15062850000       
188883   4312390000        
188947   1853300000        
188803   6275050000        
188634   10385130000       
188579   11630510000       
188873   4525690000        
188409   14848050000       
188557   11874070000       
188336   15096870000       
188792   6457180000        
188455   13891600000       
188812   6412490000        
188301   15132610000       
188774   6964090000        
188630   10440680000       
188735   7914620000        
188426   14424490000       
188329   15188740000       
188313   15598750000       
188647   10212680000       
188338   15125030000       
188740   7936770000        
188553   11883300000       
188662   9585550000        
188822   5958590000        
188546   12488600000       
188882   4068750000        
188741   7886310000        
188685   9102580000        
188700   8901530000        
188840   5361340000        
188851   4997760000        
188350   15428170000       
188796   6450000000        
188658   9776430000        
188953   1536720000        
188478   13492860000       
188496   13061620000       
188593   11459420000       
188698   8933020000        
188814   5895200000        
188312   15228820000       
188617   10795200000       
188860   4959540000        
188939   2666800000        
188611   10941100000       
188353   15228380000       
188473   13630590000       
188567   11841220000       
188859   4924160000        
188642   10313790000       
188377   15031670000       
188650   10101930000       
188505   13119640000       
188369   14933770000       
188539   12645950000       
188725   8302590000        
188383   14885470000       
188443   14329860000       
188343   15006620000       
188466   13709440000       
188960   920730000         
188487   13272150000       
188879   4636130000        
188909   3375660000        
188322   15408240000       
188519   12829930000       
188844   5386920000        
188845   5428070000        
188888   3854310000        
188772   6971320000        
188655   9907940000        
188514   12924260000       
188916   3325840000        
188668   9369680000        
188385   14882130000       
188864   4855160000        
188897   3823740000        
188743   7847530000        
188482   13943790000       
188573   11951370000       
188759   7606670000        
188843   5538200000        
188689   8994120000        
188477   13780060000       
188376   14929940000       
188510   12982300000       
188485   13404240000       
188629   10581540000       
188394   14997770000       
188808   6502720000        
188717   8660910000        
188719   8466060000        
188730   8601160000        
188865   4747150000        
188324   15229450000       
188924   3103640000        
188919   3200650000        
188323   15359370000       
188586   12009090000       
188564   11950860000       
188401   15056850000       
188948   2101930000        
188561   12047060000       
188943   2224120000        
188565   12045210000       
188558   12202560000       
188726   8099010000        
188868   4596150000        
188862   4732460000        
188559   12015320000       
188918   3381520000        
188535   12899450000       
188798   6719960000        
188733   7918590000        
188690   9003020000        
188645   10392160000       
188824   5814510000        
188673   9466780000        
188590   11416610000       
188817   6186290000        
188404   15017960000       
188786   6763820000        
188703   8851680000        
188447   14311850000       
188653   10087240000       
188431   14577390000       
188836   5701870000        
188887   4011370000        
188357   15039850000       
188596   11650270000       
188747   7590690000        
188457   13879130000       
188332   15499120000       
188576   11819850000       
188402   14588020000       
188797   6604140000        
188513   13905500000       
188852   5141450000        
188497   13589210000       
188364   14744120000       
188614   10969580000       
188493   13519440000       
188875   4382830000        
188832   5642740000        
188538   12573970000       
188450   14206760000       
188584   11702070000       
188387   15023910000       
188850   5097350000        
188524   12761670000       
188765   7349350000        
188681   9179980000        
188502   13117930000       
188637   10571400000       
188870   4812680000        
188414   14801240000       
188697   9121570000        
188489   13588100000       
188499   13753970000       
188869   4850780000        
188706   8795600000        
188348   15485970000       
188827   5763880000        
188821   6101870000        
188435   14517270000       
188861   5025190000        
188656   10242030000       
188856   5318590000        
188738   8051940000        
188828   5856770000        
188346   15362150000       
188528   13106250000       
188675   9681280000        
188352   15452220000       
188907   3665930000        
188571   12367790000       
188833   5749390000        
188657   10802930000       
188622   10962530000       
188753   7659330000        
188341   15551500000       
188354   15292320000       
188428   14942790000       
188440   14377750000       
188710   8788610000        
188858   5135820000        
188382   15198710000       
188934   2807600000        
188600   11561190000       
188783   7129280000        
188871   4643840000        
188361   15207320000       
188876   4521410000        
188451   13958300000       
188834   5523600000        
188728   8393030000        
188342   15468500000       
188809   6395650000        
188517   13550170000       
188315   15468270000       
188635   10495940000       
188742   7974120000        
188309   15633650000       
188424   14817530000       
188954   1648430000        
188891   4673240000        
188903   3881660000        
188589   11806030000       
188958   1475500000        
188303   15473550000       
188604   11433080000       
188748   8123040000        
188842   5706590000        
188469   13723280000       
188688   9499280000        
188501   13533070000       
188807   6530310000        
188687   9953270000        
188892   4505860000        
188418   15242010000       
188886   4260480000        
188327   15536480000       
188314   15145050000       
188599   11684870000       
188439   14270290000       
188511   13359560000       
188956   1585520000        
188757   8188510000        
188894   4043150000        
188459   14339230000       
188946   2329210000        
188333   15445530000       
188605   11513000000       
188601   11546810000       
188648   10616160000       
188615   11309520000       
188468   13871820000       
188575   11998970000       
188500   13963980000       
188411   15121090000       
188470   13859730000       
188621   11125320000       
188472   13942020000       
188550   12628650000       
188745   8198440000        
188569   12110530000       
188378   15125190000       
188442   14402820000       
188413   14806190000       
188931   3191130000        
188751   8007940000        
188551   12584320000       
188781   7181330000        
188362   15518940000       
188709   9091740000        
188925   3095680000        
188762   7673690000        
188930   3627210000        
188679   9923890000        
188310   15489180000       
188594   11726170000       
188849   5568180000        
188430   14318280000       
188928   3290570000        
188570   12538790000       
188705   8925910000        
188702   9544770000        
188777   7468250000        
188608   11356480000       
188603   11369060000       
188302   15317310000       
188680   9731550000        
188963   917200000         
188686   9452550000        
188901   3932220000        
188562   12724020000       

[H[JPolling energy-fair scheduler maps every 100 millisecond(s)...
Real time since poller start: 56.450069 s
Filter: comm "mem_miss"
Maps shown: total power consumption 

=== System totals (total) ===
  cpu_time:  1079288088598 ns
  energy:    48881299250000 (units of your kfunc)
  uncore_energy:    973563674034450000 (units of your kfunc)

=== PID → power (EMA) (pid_to_power) [comm="mem_miss"] ===
PID      power             
188647   35                
188580   41                
188888   34                
188908   28                
188926   25                
188616   30                
188849   36                
188627   25                
188540   30                
188510   35                
188885   34                
188796   26                
188747   31                
188347   44                
188618   39                
188503   35                
188691   27                
188757   30                
188399   21                
188911   34                
188581   24                
188807   28                
188322   26                
188827   27                
188499   38                
188721   27                
188372   32                
188677   28                
188530   38                
188688   36                
188750   29                
188692   45                
188634   30                
188933   34                
188694   33                
188323   40                
188382   24                
188943   32                
188588   26                
188966   35                
188784   33                
188670   36                
188706   27                
188887   31                
188497   29                
188404   28                
188868   28                
188641   30                
188463   35                
188950   38                
188552   40                
188528   28                
188578   24                
188800   32                
188763   30                
188574   32                
188679   34                
188769   32                
188924   30                
188638   32                
188732   23                
188916   42                
188684   37                
188690   29                
188379   39                
188790   34                
188802   33                
188771   90                
188628   31                
188579   38                
188352   27                
188409   25                
188846   30                
188919   43                
188486   46                
188965   39                
188789   31                
188590   23                
188512   36                
188390   44                
188672   40                
188703   42                
188753   27                
188637   28                
188513   37                
188316   32                
188483   50                
188719   33                
188751   44                
188891   98                
188910   31                
188715   26                
188646   35                
188900   40                
188606   28                
188909   28                
188362   34                
188953   29                
188962   62                
188314   30                
188538   31                
188361   49                
188478   24                
188517   33                
188487   27                
188685   34                
188470   27                
188603   28                
188955   27                
188357   33                
188720   30                
188877   36                
188970   22                
188726   37                
188698   35                
188611   30                
188376   24                
188335   24                
188922   31                
188414   22                
188838   27                
188597   31                
188304   46                
188659   31                
188438   34                
188369   44                
188664   22                
188342   33                
188678   27                
188673   37                
188777   30                
188819   30                
188340   32                
188364   29                
188902   27                
188831   24                
188520   23                
188557   35                
188704   34                
188367   29                
188793   36                
188504   33                
188906   28                
188640   29                
188472   41                
188445   31                
188375   27                
188774   26                
188305   36                
188667   34                
188895   31                
188425   30                
188429   21                
188349   36                
188625   38                
188565   25                
188334   24                
188686   24                
188668   32                
188490   42                
188604   30                
188645   40                
188644   28                
188951   27                
188824   27                
188563   25                
188397   27                
188837   29                
188410   39                
188529   34                
188767   34                
188954   34                
188370   32                
188615   29                
188311   27                
188845   32                
188898   30                
188465   24                
188321   33                
188454   33                
188761   40                
188894   36                
188884   26                
188830   37                
188847   31                
188550   31                
188533   31                
188467   27                
188843   24                
188842   39                
188403   40                
188450   36                
188882   25                
188857   19                
188736   31                
188509   38                
188608   33                
188546   30                
188351   41                
188324   32                
188561   33                
188936   42                
188421   27                
188854   29                
188639   29                
188841   33                
188542   29                
188716   21                
188473   28                
188853   39                
188940   41                
188353   26                
188508   35                
188749   27                
188458   37                
188355   26                
188511   70                
188792   23                
188441   35                
188494   26                
188876   38                
188394   32                
188744   27                
188765   35                
188519   28                
188312   35                
188759   43                
188330   35                
188925   27                
188883   29                
188817   45                
188722   35                
188666   31                
188412   36                
188939   35                
188623   47                
188338   34                
188826   36                
188545   36                
188568   27                
188825   43                
188785   36                
188697   32                
188368   33                
188595   31                
188662   26                
188835   25                
188905   31                
188594   24                
188867   35                
188582   27                
188862   31                
188969   36                
188735   39                
188754   26                
188708   26                
188653   30                
188856   33                
188333   33                
188431   28                
188571   33                
188583   31                
188643   30                
188779   45                
188934   28                
188435   25                
188443   33                
188602   37                
188301   27                
188371   21                
188787   37                
188439   24                
188500   27                
188963   29                
188496   31                
188791   35                
188560   31                
188452   36                
188878   26                
188318   36                
188783   29                
188620   25                
188567   33                
188770   37                
188840   29                
188903   47                
188418   24                
188702   26                
188424   31                
188525   54                
188558   33                
188896   35                
188958   39                
188745   27                
188630   32                
188651   29                
188337   43                
188804   30                
188345   27                
188598   29                
188344   27                
188446   24                
188434   30                
188956   30                
188897   33                
188766   22                
188760   42                
188889   23                
188681   26                
188309   23                
188541   23                
188493   26                
188739   32                
188695   29                
188564   23                
188810   31                
188522   25                
188481   55                
188663   27                
188794   24                
188731   31                
188788   31                
188941   43                
188411   21                
188515   29                
188949   29                
188501   30                
188482   28                
188341   37                
188457   32                
188693   30                
188566   34                
188879   22                
188536   37                
188471   31                
188928   24                
188886   27                
188814   48                
188865   32                
188329   36                
188343   31                
188875   29                
188534   31                
188491   25                
188680   31                
188907   28                
188613   27                
188523   27                
188502   37                
188756   27                
188308   25                
188656   26                
188426   25                
188964   27                
188319   20                
188320   28                
188762   38                
188307   26                
188813   33                
188518   34                
188821   25                
188764   21                
188920   31                
188326   23                
188844   28                
188346   23                
188485   25                
188866   32                
188748   24                
188959   24                
188700   23                
188488   25                
188723   45                
188815   25                
188852   28                
188937   35                
188422   29                
188451   18                
188339   24                
188539   28                
188484   24                
188359   31                
188402   28                
188782   24                
188388   22                
188489   27                
188811   29                
188850   25                
188799   27                
188669   25                
188699   24                
188742   33                
188648   30                
188358   35                
188812   31                
188652   32                
188389   24                
188575   28                
188373   22                
188537   31                
188823   32                
188859   40                
188701   24                
188718   44                
188551   24                
188363   31                
188398   24                
188605   31                
188506   29                
188612   30                
188973   24                
188302   23                
188960   33                
188474   25                
188836   30                
188733   30                
188461   32                
188724   27                
188861   23                
188758   26                
188396   24                
188952   30                
188416   26                
188570   25                
188948   27                
188975   29                
188380   25                
188331   26                
188901   36                
188405   21                
188707   22                
188476   29                
188709   25                
188436   29                
188929   23                
188526   25                
188743   25                
188914   24                
188660   24                
188366   30                
188442   30                
188778   28                
188752   24                
188415   33                
188775   25                
188475   26                
188387   26                
188420   28                
188609   21                
188433   31                
188444   40                
188437   31                
188786   34                
188957   33                
188636   31                
188576   33                
188682   25                
188938   29                
188549   24                
188780   23                
188395   28                
188816   25                
188556   29                
188464   33                
188858   25                
188622   21                
188589   35                
188899   24                
188768   27                
188430   28                
188654   25                
188805   26                
188548   27                
188741   26                
188447   27                
188863   32                
188303   26                
188507   28                
188797   25                
188712   21                
188440   29                
188327   26                
188675   36                
188730   26                
188591   24                
188460   24                
188336   26                
188776   26                
188755   25                
188432   31                
188354   32                
188740   29                
188384   23                
188468   27                
188393   24                
188935   25                
188967   36                
188912   40                
188573   68                
188514   26                
188890   20                
188944   28                
188942   19                
188553   33                
188600   27                
188711   30                
188734   24                
188871   30                
188408   37                
188544   28                
188462   23                
188728   35                
188880   35                
188631   27                
188930   30                
188809   29                
188892   25                
188657   25                
188968   21                
188822   27                
188650   32                
188535   31                
188738   32                
188801   25                
188893   27                
188619   20                
188717   21                
188904   21                
188881   42                
188913   34                
188401   31                
188554   23                
188400   27                
188671   36                
188348   28                
188869   34                
188946   23                
188374   28                
188516   24                
188683   20                
188455   24                
188632   30                
188407   25                
188617   31                
188839   30                
188820   19                
188710   28                
188377   33                
188921   36                
188385   28                
188310   28                
188596   24                
188917   37                
188569   33                
188658   26                
188584   27                
188601   30                
188466   28                
188729   38                
188592   25                
188649   27                
188392   23                
188413   27                
188524   26                
188587   29                
188737   28                
188543   28                
188365   29                
188477   28                
188855   34                
188599   22                
188586   22                
188772   25                
188872   22                
188746   25                
188456   32                
188635   34                
188459   28                
188317   36                
188419   31                
188713   23                
188448   30                
188725   27                
188829   28                
188610   27                
188498   27                
188469   24                
188328   31                
188555   25                
188453   33                
188873   31                
188727   37                
188624   25                
188527   20                
188449   25                
188332   26                
188406   24                
188931   26                
188572   33                
188674   26                
188532   24                
188961   29                
188423   27                
188360   20                
188803   29                
188383   25                
188427   35                
188633   31                
188795   30                
188689   22                
188607   28                
188860   25                
188386   32                
188547   33                
188945   30                
188313   41                
188521   27                
188661   36                
188714   32                
188642   23                
188629   22                
188773   22                
188655   21                
188851   22                
188696   27                
188874   23                
188818   32                
188391   38                
188531   38                
188479   22                
188833   33                
188915   23                
188350   27                
188505   27                
188848   23                
188665   26                
188417   32                
188381   37                
188781   25                
188593   26                
188864   22                
188705   22                
188806   28                
188621   22                
188559   23                
188562   30                
188798   25                
188356   24                
188577   22                
188947   29                
188492   26                
188306   26                
188828   33                
188974   27                
188923   28                
188626   28                
188808   31                
188585   22                
188325   24                
188832   27                
188834   23                
188918   32                
188495   33                
188315   34                
188614   31                
188428   24                
188480   28                
188927   24                
188687   25                
188378   31                
188300   28                
188676   33                

=== PID → cumulative energy (pid_to_consumption) [comm="mem_miss"] ===
PID      energy            
188330   16840040000       
188631   12160350000       
188476   15592400000       
188432   15763400000       
188632   11870240000       
188458   15404410000       
188438   15798460000       
188304   16941180000       
188633   12090670000       
188308   16817970000       
188754   9248520000        
188417   16284120000       
188597   13529450000       
188764   8862060000        
188889   5400470000        
188624   12183050000       
188676   10895050000       
188802   8766920000        
188384   16635010000       
188415   16298290000       
188957   2635940000        
188548   13771110000       
188390   16428740000       
188936   4565870000        
188767   8791950000        
188461   15360360000       
188525   14558550000       
188623   12229440000       
188331   16786760000       
188820   7701580000        
188412   16399480000       
188515   14925810000       
188374   16662760000       
188568   13363180000       
188782   8461630000        
188463   15539530000       
188549   13908950000       
188522   14553440000       
188670   11302860000       
188854   6793830000        
188693   10820960000       
188344   16802590000       
188474   15137470000       
188509   14935500000       
188448   16250950000       
188935   4495100000        
188475   15377400000       
188619   12850770000       
188665   11222570000       
188801   8064900000        
188503   14505980000       
188853   6592150000        
188878   5803610000        
188736   9413750000        
188790   8130140000        
188403   16284950000       
188908   5158700000        
188386   16414000000       
188462   15511650000       
188391   16763820000       
188945   3949420000        
188922   4858060000        
188626   12421260000       
188328   16893930000       
188791   8398980000        
188526   14440580000       
188684   10782520000       
188491   15003600000       
188408   16197600000       
188724   9745040000        
188964   2130010000        
188806   7858730000        
188940   4183370000        
188307   16870050000       
188826   7412290000        
188723   9928350000        
188479   15202550000       
188319   16884240000       
188933   5015460000        
188823   7728560000        
188580   13474250000       
188389   16689230000       
188760   9395970000        
188437   15660660000       
188334   17047490000       
188613   12695700000       
188766   8721660000        
188694   10883620000       
188913   5037700000        
188831   7228850000        
188734   9610830000        
188337   16916690000       
188516   14673240000       
188677   11233920000       
188335   16679570000       
188718   9954750000        
188422   16247540000       
188612   12563500000       
188366   16613490000       
188893   5419870000        
188896   5546010000        
188419   16397930000       
188356   16719550000       
188395   16783830000       
188920   5016410000        
188507   14695620000       
188784   8453370000        
188771   9011580000        
188498   14896380000       
188729   9918320000        
188881   6208360000        
188543   14337270000       
188398   16619440000       
188407   16699830000       
188577   13495950000       
188669   11165490000       
188825   7500930000        
188554   14209290000       
188912   5076980000        
188347   17102040000       
188388   16470400000       
188300   17041470000       
188311   16878420000       
188699   10490220000       
188780   8721290000        
188941   4113680000        
188373   16703640000       
188847   6792290000        
188396   16810880000       
188467   15702850000       
188583   14152830000       
188618   12608220000       
188598   13325120000       
188532   14574650000       
188574   13990450000       
188410   16411090000       
188839   7077820000        
188682   11196880000       
188758   8946700000        
188800   8253840000        
188818   7855580000        
188317   17007310000       
188944   4087560000        
188429   16284790000       
188316   17137300000       
188716   10373450000       
188877   6230580000        
188727   10661020000       
188639   12095200000       
188778   8901430000        
188900   5706720000        
188646   11897950000       
188533   14428950000       
188750   9635550000        
188713   10216890000       
188483   14851020000       
188480   15631490000       
188504   15006530000       
188838   7332680000        
188359   16787310000       
188406   16482730000       
188365   16756820000       
188536   14343230000       
188683   11056640000       
188542   14491360000       
188521   14544380000       
188610   12809880000       
188425   16317130000       
188555   13854310000       
188381   16974680000       
188392   16640090000       
188872   6507710000        
188732   9885730000        
188972   1908560000        
188785   8625030000        
188552   14061890000       
188898   6063590000        
188846   7142910000        
188582   13990080000       
188776   8694280000        
188951   3473200000        
188921   5115360000        
188721   10059310000       
188481   15343050000       
188787   8890190000        
188927   4365690000        
188465   15328960000       
188959   2835120000        
188305   16838560000       
188830   7245900000        
188423   16189920000       
188563   13964630000       
188663   12326670000       
188529   14534360000       
188471   15678180000       
188441   16325650000       
188678   10971950000       
188523   14687570000       
188866   6659630000        
188819   8116650000        
188651   11718680000       
188950   3586840000        
188756   9400240000        
188949   3901660000        
188486   15395220000       
188855   7750760000        
188541   14322420000       
188674   11412010000       
188547   14301870000       
188755   9565770000        
188449   15895180000       
188837   7196670000        
188400   17355910000       
188691   10885480000       
188715   10334060000       
188696   11337340000       
188585   13378460000       
188929   4947670000        
188799   8505320000        
188867   6606750000        
188955   3290180000        
188661   11372880000       
188712   10697520000       
188625   12822170000       
188556   14217790000       
188537   14270180000       
188531   14683580000       
188380   16810760000       
188737   9832820000        
188641   12576750000       
188606   13362470000       
188355   17095800000       
188722   10220280000       
188609   12832930000       
188446   16048350000       
188581   13607020000       
188367   17531620000       
188979   846860000         
188607   12888130000       
188433   16167330000       
188917   5087640000        
188815   7862730000        
188540   14169770000       
188508   15049770000       
188640   12320720000       
188902   5933010000        
188816   7974510000        
188666   11409120000       
188444   16065660000       
188952   3435400000        
188906   5443840000        
188707   10509300000       
188616   12433160000       
188306   16999100000       
188660   11967670000       
188454   16054210000       
188363   17187290000       
188769   9052170000        
188602   13016210000       
188789   8795360000        
188884   6023780000        
188926   5096540000        
188512   15087080000       
188530   14930630000       
188905   5335780000        
188923   4918040000        
188667   11704660000       
188739   10038740000       
188695   11087980000       
188456   15590740000       
188915   5183110000        
188405   16916640000       
188961   2803830000        
188654   12372390000       
188829   7610840000        
188445   15915970000       
188370   16960030000       
188773   9149120000        
188518   15085230000       
188664   11700180000       
188841   7045000000        
188427   16276620000       
188360   17291860000       
188671   11675280000       
188484   15682110000       
188805   8471650000        
188793   9212730000        
188848   6870440000        
188914   5215730000        
188495   15492430000       
188627   12731760000       
188595   13384180000       
188794   8568760000        
188701   10802090000       
188494   15214970000       
188874   6543620000        
188638   12966590000       
188318   17005900000       
188588   13279290000       
188544   14075200000       
188779   8937030000        
188704   10677680000       
188460   15991050000       
188393   17020090000       
188643   11902650000       
188942   4575060000        
188572   13941890000       
188560   14029380000       
188890   5869270000        
188863   6544430000        
188659   11926880000       
188628   12407700000       
188453   16024710000       
188399   17079240000       
188711   10600290000       
188911   5212550000        
188488   15473740000       
188880   6249510000        
188326   17194790000       
188885   5914260000        
188375   17177910000       
188379   17425700000       
188904   5556470000        
188578   13534640000       
188371   17207890000       
188416   16364990000       
188420   16637830000       
188649   12601010000       
188592   13409350000       
188527   14477430000       
188770   9117250000        
188910   5397380000        
188620   12502460000       
188813   8100770000        
188320   17153380000       
188397   16710720000       
188962   2614720000        
188975   1663640000        
188452   15839040000       
188464   15597390000       
188795   8473360000        
188349   17101460000       
188436   16379990000       
188746   9964760000        
188899   5507510000        
188652   12221400000       
188857   7164460000        
188938   4615660000        
188720   10474480000       
188672   11597450000       
188490   15581250000       
188587   13607360000       
188977   1146560000        
188566   14565580000       
188811   8179040000        
188421   16445300000       
188763   9464390000        
188368   17187350000       
188591   13483090000       
188325   17086190000       
188731   10078100000       
188895   5802040000        
188804   8430730000        
188545   14333660000       
188492   15774340000       
188692   11461500000       
188636   12936930000       
188345   17397550000       
188775   9340350000        
188372   16922350000       
188752   9363650000        
188761   9468860000        
188788   8652960000        
188835   7485960000        
188339   17425430000       
188434   16678820000       
188506   14963210000       
188340   17221460000       
188358   17505150000       
188744   9783100000        
188937   4706920000        
188810   8293650000        
188644   12226360000       
188708   10862870000       
188534   14864330000       
188321   17249190000       
188768   9300810000        
188714   10574880000       
188520   14884320000       
188749   9663740000        
188351   17389620000       
188883   6393810000        
188947   3890300000        
188803   8432960000        
188634   12510320000       
188579   14053140000       
188873   6699590000        
188409   16920060000       
188557   13986720000       
188336   17293500000       
188792   8552270000        
188455   16155330000       
188812   8654950000        
188301   17532330000       
188978   1041850000        
188630   12522610000       
188774   9138490000        
188735   10081940000       
188426   16609630000       
188329   17339050000       
188313   17566210000       
188647   12381430000       
188338   17392040000       
188740   10129160000       
188553   14384380000       
188662   11753360000       
188822   8019460000        
188546   14565760000       
188882   6297630000        
188741   10033400000       
188685   11751320000       
188700   11032100000       
188851   7124640000        
188840   7530480000        
188350   17579380000       
188796   8562000000        
188981   1135990000        
188658   11933250000       
188953   3868860000        
188478   15822390000       
188496   15111930000       
188593   13506060000       
188968   2231600000        
188698   11050440000       
188974   1954470000        
188814   8017550000        
188312   17449680000       
188617   12936310000       
188860   7091940000        
188939   4781040000        
188611   13047320000       
188353   17316060000       
188473   15691170000       
188567   13992540000       
188859   7035740000        
188642   12758390000       
188377   17179340000       
188650   12183430000       
188505   15329230000       
188369   17057260000       
188725   10514870000       
188539   14765970000       
188383   17231170000       
188443   16610240000       
188343   17099040000       
188466   15764810000       
188960   3070800000        
188487   15447460000       
188879   6744590000        
188965   2849440000        
188909   5393290000        
188322   17426320000       
188519   14907570000       
188844   7820270000        
188845   7634150000        
188888   6065310000        
188772   9043650000        
188655   11939320000       
188514   15215110000       
188916   5337430000        
188668   11516270000       
188385   16910710000       
188864   6931130000        
188897   5982070000        
188743   10093820000       
188482   16025100000       
188573   14056770000       
188759   9781360000        
188843   7697600000        
188689   11058030000       
188477   16034820000       
188376   17014270000       
188510   15090350000       
188485   15484660000       
188629   12750740000       
188394   17097410000       
188808   8591510000        
188717   10769700000       
188719   10505340000       
188730   10658740000       
188865   6952970000        
188324   17452920000       
188924   5429210000        
188919   5290620000        
188323   17629610000       
188586   14180000000       
188564   14016760000       
188401   17142120000       
188948   4207060000        
188561   14185410000       
188943   4252030000        
188565   14092490000       
188558   14336650000       
188726   10169640000       
188868   6644180000        
188862   7140410000        
188559   14208040000       
188918   5558770000        
188535   15020560000       
188733   10096600000       
188690   11080840000       
188798   9041040000        
188645   12456400000       
188824   8062150000        
188673   11685510000       
188590   13569600000       
188817   8338100000        
188404   17269520000       
188786   8860090000        
188703   11069090000       
188447   16781930000       
188653   12174000000       
188431   16705380000       
188836   7894680000        
188887   6091990000        
188357   17110760000       
188596   13731370000       
188747   9771310000        
188457   16200950000       
188970   2182450000        
188332   17867100000       
188576   13946830000       
188402   16753970000       
188797   8744660000        
188513   15970510000       
188852   7278480000        
188497   15625640000       
188364   17068280000       
188614   13161630000       
188493   15761550000       
188875   6546720000        
188832   7781830000        
188538   14646910000       
188450   16284920000       
188584   13981610000       
188387   17414390000       
188850   7067290000        
188524   14888140000       
188765   9494570000        
188681   11317160000       
188502   15305940000       
188637   12672730000       
188870   6898890000        
188414   17065090000       
188697   11237810000       
188489   15626490000       
188499   15827530000       
188869   6990560000        
188706   11212250000       
188348   17635210000       
188976   1650690000        
188827   7946460000        
188821   8243890000        
188435   16659630000       
188861   7100070000        
188980   1224370000        
188656   12388590000       
188856   7475290000        
188738   10056170000       
188828   8096560000        
188346   17447370000       
188528   15089450000       
188675   11768990000       
188352   17621030000       
188984   798020000         
188907   5783960000        
188571   14695950000       
188833   7831070000        
188657   12927580000       
188622   13119790000       
188753   9656960000        
188982   1316390000        
188341   17960670000       
188354   17333470000       
188428   17109230000       
188969   2267280000        
188440   16435130000       
188710   10922920000       
188858   7553310000        
188382   17373290000       
188934   4831960000        
188600   13696690000       
188783   9226520000        
188971   2074610000        
188871   7038880000        
188361   17360310000       
188876   6646190000        
188451   16109000000       
188834   7564450000        
188728   10532790000       
188342   17509300000       
188517   15586000000       
188809   8439050000        
188315   17597280000       
188635   12548700000       
188742   10017750000       
188309   17660490000       
188424   17028990000       
188954   3798070000        
188891   6839400000        
188903   6147830000        
188589   14072570000       
188985   810090000         
188958   3522880000        
188303   17462470000       
188604   13591840000       
188842   7702490000        
188748   10162420000       
188469   15853430000       
188688   11571160000       
188501   15586140000       
188807   9402140000        
188687   12152140000       
188892   6649240000        
188418   17256620000       
188327   17630170000       
188886   6260170000        
188314   17277300000       
188966   2655190000        
188599   13757440000       
188439   16282900000       
188511   15440980000       
188956   3668010000        
188757   10356030000       
188894   6242490000        
188946   4327500000        
188459   16338870000       
188967   2507260000        
188333   17532930000       
188605   13552330000       
188648   12724620000       
188601   13638050000       
188615   13397490000       
188468   15877450000       
188973   2116250000        
188575   14090310000       
188500   15906470000       
188411   17124760000       
188470   15839720000       
188621   13257150000       
188472   15978290000       
188550   14740310000       
188745   10277340000       
188569   14291680000       
188378   17464370000       
188413   16856540000       
188442   16466320000       
188931   5243450000        
188751   10113670000       
188551   14627510000       
188781   9214430000        
188362   17572590000       
188709   11172580000       
188925   5023910000        
188762   9837090000        
188930   5792280000        
188679   12057930000       
188310   17574550000       
188594   14033860000       
188849   7556840000        
188430   16323320000       
188928   5369270000        
188570   14584520000       
188705   11057780000       
188702   11877070000       
188777   9544140000        
188608   13501210000       
188603   13516400000       
188302   17305520000       
188680   11843530000       
188963   3068690000        
188686   11485350000       
188901   6039780000        
188562   14787120000       

[H[JPolling energy-fair scheduler maps every 100 millisecond(s)...
Real time since poller start: 57.401074 s
Filter: comm "mem_miss"
Maps shown: total power consumption 

=== System totals (total) ===
  cpu_time:  1128920519008 ns
  energy:    50299534020000 (units of your kfunc)
  uncore_energy:    973564074859440000 (units of your kfunc)

=== PID → power (EMA) (pid_to_power) [comm="mem_miss"] ===
PID      power             
188647   31                
188580   21                
188888   25                
188908   32                
188926   28                
188616   21                
188849   22                
188627   32                
188540   34                
188510   24                
188885   28                
188796   24                
188747   33                
188347   29                
188618   30                
188503   27                
188691   36                
188757   29                
188399   32                
188911   27                
188581   25                
188807   29                
188322   31                
188827   20                
188499   38                
188721   24                
188372   27                
188677   32                
188530   29                
188688   36                
188750   33                
188692   27                
188634   21                
188933   25                
188694   38                
188323   31                
188382   30                
188943   23                
188588   28                
188966   25                
188784   25                
188972   27                
188670   37                
188706   35                
188887   26                
188497   31                
188404   23                
188868   21                
188641   31                
188463   28                
188987   31                
188950   34                
188552   34                
188528   31                
188578   24                
188800   30                
188763   25                
188574   29                
188769   24                
188679   34                
188924   25                
188638   23                
188916   27                
188732   26                
188684   25                
188690   26                
188379   86                
188790   29                
188802   29                
188771   30                
188628   24                
188579   23                
188984   28                
188352   23                
188409   28                
188846   26                
188919   22                
188486   32                
188965   31                
188971   24                
188789   28                
188590   26                
188512   26                
188390   33                
188672   27                
188703   25                
188753   30                
188637   24                
188513   20                
188316   30                
188976   24                
188483   23                
188751   26                
188719   22                
188891   26                
188910   34                
188715   27                
188646   26                
188900   25                
188606   29                
188909   25                
188362   31                
188953   27                
188962   35                
188314   24                
188538   26                
188361   24                
188478   26                
188517   22                
188487   26                
188983   31                
188685   28                
188470   28                
188603   27                
188955   29                
188357   26                
188720   23                
188877   26                
188970   25                
188726   23                
188698   30                
188611   24                
188376   27                
188335   32                
188922   29                
188414   28                
188838   28                
188597   28                
188304   22                
188659   33                
188438   30                
188369   23                
188664   26                
188342   23                
188678   30                
188777   27                
188673   22                
188819   19                
188340   24                
188364   20                
188902   32                
188831   31                
188520   25                
188557   27                
188704   24                
188367   31                
188793   37                
188504   28                
188906   21                
188640   28                
188472   30                
188445   28                
188375   36                
188774   28                
188305   28                
188667   34                
188425   31                
188895   26                
188429   22                
188349   21                
188565   26                
188625   19                
188334   21                
188686   24                
188668   29                
188490   25                
188604   24                
188645   26                
188644   34                
188951   35                
188563   22                
188824   24                
188397   35                
188837   34                
188410   23                
188529   26                
188767   78                
188954   27                
188370   27                
188615   27                
188311   26                
188845   37                
188981   25                
188898   28                
188465   26                
188321   30                
188454   25                
188761   26                
188894   37                
188884   30                
188830   28                
188847   25                
188550   31                
188533   27                
188467   28                
188988   30                
188843   27                
188842   28                
188403   37                
188450   25                
188882   26                
188989   33                
188857   22                
188979   26                
188736   31                
188509   28                
188608   29                
188546   25                
188351   27                
188561   36                
188324   30                
188936   29                
188421   37                
188854   27                
188639   25                
188841   32                
188542   28                
188716   35                
188473   34                
188853   34                
188353   35                
188940   40                
188508   31                
188749   34                
188458   23                
188355   19                
188511   35                
188441   25                
188792   33                
188494   30                
188876   30                
188394   24                
188744   33                
188765   32                
188519   26                
188312   23                
188759   33                
188330   28                
188925   24                
188883   34                
188817   21                
188722   37                
188666   27                
188412   34                
188939   34                
188623   31                
188338   26                
188826   25                
188545   21                
188978   33                
188568   31                
188825   31                
188785   30                
188990   28                
188697   35                
188368   31                
188595   41                
188662   31                
188835   32                
188905   36                
188594   39                
188867   64                
188582   27                
188862   41                
188969   30                
188735   29                
188754   32                
188708   23                
188653   39                
188856   26                
188333   38                
188431   31                
188571   29                
188583   23                
188643   25                
188779   26                
188934   43                
188435   37                
188443   32                
188602   27                
188301   54                
188371   29                
188787   26                
188439   41                
188500   36                
188963   38                
188496   28                
188791   25                
188560   24                
188452   43                
188878   24                
188318   28                
188783   29                
188620   24                
188567   37                
188770   34                
188840   29                
188903   33                
188418   30                
188702   25                
188424   28                
188525   28                
188558   34                
188896   33                
188958   29                
188745   36                
188630   24                
188651   32                
188337   30                
188804   32                
188345   29                
188598   30                
188446   39                
188344   32                
188434   26                
188956   23                
188897   28                
188766   28                
188760   23                
188889   33                
188681   33                
188309   30                
188541   28                
188493   28                
188739   36                
188695   41                
188564   28                
188810   32                
188522   32                
188481   31                
188663   25                
188794   36                
188731   23                
188788   31                
188941   30                
188411   26                
188515   28                
188949   26                
188501   36                
188482   22                
188341   38                
188457   32                
188693   32                
188566   27                
188879   22                
188536   35                
188471   32                
188928   36                
188886   22                
188814   27                
188865   26                
188980   26                
188985   38                
188329   23                
188343   27                
188875   32                
188534   42                
188491   23                
188680   27                
188907   23                
188982   23                
188613   27                
188523   43                
188502   41                
188756   32                
188308   39                
188656   33                
188426   38                
188964   28                
188319   31                
188320   21                
188762   31                
188307   42                
188813   26                
188518   28                
188821   24                
188764   32                
188920   38                
188326   31                
188844   36                
188346   34                
188485   27                
188866   30                
188748   23                
188959   38                
188700   35                
188488   32                
188723   30                
188815   28                
188852   35                
188422   28                
188937   38                
188451   26                
188339   23                
188539   53                
188484   38                
188359   33                
188402   26                
188782   29                
188388   30                
188489   27                
188811   24                
188850   26                
188799   27                
188669   28                
188699   31                
188742   26                
188648   27                
188358   41                
188812   33                
188652   37                
188389   35                
188575   34                
188373   25                
188537   29                
188823   27                
188859   28                
188701   30                
188718   34                
188551   33                
188363   38                
188398   24                
188605   32                
188506   29                
188977   27                
188612   37                
188973   28                
188302   39                
188960   31                
188836   30                
188474   22                
188733   30                
188461   34                
188724   23                
188861   24                
188758   28                
188992   34                
188396   34                
188952   30                
188416   25                
188570   24                
188948   29                
188975   35                
188380   31                
188331   27                
188901   35                
188405   31                
188707   29                
188476   34                
188709   30                
188436   31                
188929   29                
188526   29                
188743   35                
188914   28                
188660   38                
188366   27                
188442   38                
188778   36                
188752   29                
188415   34                
188775   38                
188475   26                
188387   29                
188420   37                
188609   33                
188433   31                
188444   45                
188437   31                
188786   34                
188957   25                
188636   46                
188576   44                
188682   30                
188938   35                
188549   33                
188780   40                
188395   26                
188816   50                
188556   27                
188464   27                
188858   32                
188622   25                
188589   26                
188899   32                
188768   31                
188994   34                
188430   32                
188654   25                
188805   45                
188548   40                
188741   32                
188447   27                
188863   37                
188303   35                
188507   27                
188797   33                
188327   29                
188712   29                
188440   43                
188675   41                
188730   29                
188591   26                
188460   34                
188336   32                
188776   37                
188755   38                
188432   29                
188354   28                
188740   39                
188384   65                
188468   43                
188393   44                
188935   29                
188967   48                
188912   28                
188573   27                
188514   43                
188890   35                
188944   29                
188942   29                
188553   27                
188600   41                
188711   31                
188734   33                
188871   37                
188408   27                
188544   40                
188462   45                
188728   32                
188880   34                
188631   32                
188930   30                
188809   36                
188892   29                
188657   23                
188968   27                
188822   26                
188650   29                
188535   36                
188738   31                
188801   33                
188893   34                
188619   39                
188717   31                
188904   25                
188881   32                
188913   30                
188401   46                
188554   35                
188400   24                
188671   28                
188348   41                
188869   36                
188946   28                
188374   34                
188516   34                
188683   36                
188455   31                
188632   34                
188407   31                
188617   31                
188839   31                
188820   32                
188710   42                
188377   30                
188921   45                
188385   32                
188310   29                
188596   24                
188917   30                
188569   26                
188658   47                
188584   31                
188601   40                
188466   24                
188729   30                
188592   36                
188649   33                
188392   27                
188413   30                
188524   38                
188587   41                
188737   41                
188543   32                
188365   29                
188477   27                
188855   27                
188599   27                
188586   32                
188772   37                
188872   31                
188746   36                
188456   30                
188635   37                
188459   29                
188317   27                
188419   37                
188713   33                
188448   31                
188725   35                
188829   34                
188610   33                
188498   31                
188469   25                
188328   34                
188555   32                
188453   40                
188873   37                
188727   33                
188624   40                
188527   36                
188449   27                
188332   34                
188406   30                
188931   27                
188572   29                
188674   33                
188532   42                
188870   23                
188423   24                
188360   66                
188803   28                
188986   41                
188383   40                
188427   34                
188633   34                
188795   26                
188689   30                
188860   34                
188607   36                
188386   26                
188547   40                
188945   35                
188313   53                
188521   38                
188661   38                
188714   29                
188642   51                
188629   41                
188773   29                
188655   34                
188851   31                
188696   32                
188818   27                
188874   35                
188391   40                
188531   37                
188479   41                
188833   38                
188915   46                
188350   30                
188505   37                
188848   28                
188665   40                
188417   36                
188381   42                
188781   38                
188593   34                
188864   33                
188705   28                
188806   31                
188621   32                
188559   45                
188562   32                
188356   30                
188798   36                
188577   22                
188947   31                
188492   36                
188306   37                
188828   34                
188974   35                
188923   43                
188993   29                
188626   29                
188808   37                
188585   26                
188325   27                
188832   49                
188834   33                
188918   31                
188495   30                
188315   33                
188614   31                
188428   33                
188480   25                
188687   33                
188927   37                
188378   37                
188300   40                
188676   40                

=== PID → cumulative energy (pid_to_consumption) [comm="mem_miss"] ===
PID      energy            
188330   19017560000       
188631   14409040000       
188476   17741120000       
188432   18011800000       
188632   14159800000       
188458   17835890000       
188438   17971300000       
188304   19272470000       
188633   14253440000       
188308   19054590000       
188754   11356790000       
188417   18531150000       
188597   15789240000       
188764   10997830000       
188889   7591160000        
188624   14299760000       
188802   10982460000       
188676   13029680000       
188384   18938660000       
188415   18471180000       
188957   4720320000        
188548   16085080000       
188390   18613210000       
188767   11078850000       
188936   6763270000        
188461   17565300000       
188525   16733550000       
188623   14661280000       
188331   19002300000       
188820   9869820000        
188412   18710270000       
188515   17158410000       
188374   18880920000       
188568   15780670000       
188782   10759960000       
188463   17682190000       
188549   16260840000       
188522   16772340000       
188670   13455560000       
188854   9081420000        
188693   13104740000       
188344   18996810000       
188474   17323780000       
188509   17270200000       
188448   18497480000       
188935   6745240000        
188475   17695680000       
188665   13514570000       
188619   15048020000       
188801   10442710000       
188503   16633930000       
188878   8104360000        
188853   8882020000        
188736   12093440000       
188790   10454860000       
188908   7384860000        
188403   18464850000       
188994   1344020000        
188386   18555070000       
188462   17683010000       
188391   18934730000       
188945   6085450000        
188922   7040370000        
188626   14891950000       
188328   19092870000       
188791   10481240000       
188526   16576660000       
188684   12964880000       
188408   18535310000       
188491   17086610000       
188724   12043000000       
188964   4413360000        
188806   10128930000       
188940   6575600000        
188307   19065020000       
188826   9670150000        
188723   12059580000       
188479   17531230000       
188319   19136540000       
188933   7291490000        
188823   9987230000        
188580   15733470000       
188389   18815000000       
188760   11606080000       
188437   17997990000       
188334   19456060000       
188613   14959790000       
188987   2192820000        
188694   13096860000       
188766   11011130000       
188913   7508600000        
188831   9486060000        
188337   19225020000       
188734   11947920000       
188516   16957900000       
188677   13499090000       
188335   18844330000       
188718   12218490000       
188422   18519750000       
188366   18942890000       
188612   14857150000       
188893   7763500000        
188896   7957790000        
188995   1435530000        
188419   18622010000       
188356   19123390000       
188395   19044120000       
188920   7277500000        
188507   16894560000       
188784   10818870000       
188771   11608030000       
188498   17286680000       
188729   12269250000       
188881   8519480000        
188543   16702840000       
188398   18881740000       
188407   19017770000       
188577   15819200000       
188669   13441040000       
188825   9886780000        
188554   16465960000       
188912   7433740000        
188347   19281000000       
188388   18987930000       
188300   19355930000       
188311   19100330000       
188699   12763580000       
188780   11038480000       
188941   6385150000        
188847   9377900000        
188373   19115640000       
188396   19275630000       
188467   17983260000       
188583   16387170000       
188618   14981640000       
188598   15582750000       
188532   16854180000       
188574   16310850000       
188410   18627680000       
188682   13461520000       
188839   9422800000        
188758   11204410000       
188800   10748170000       
188317   19377140000       
188818   10558720000       
188944   6251380000        
188429   18599520000       
188316   19605670000       
188716   12779900000       
188877   8753460000        
188727   12984620000       
188639   14431180000       
188778   11279590000       
188900   8030720000        
188646   14263240000       
188533   16831610000       
188750   12103500000       
188713   12516690000       
188483   17189590000       
188480   18089160000       
188504   17200360000       
188838   9547310000        
188359   19279690000       
188406   18749550000       
188365   19145460000       
188536   16603620000       
188683   13579220000       
188542   16922390000       
188521   16835310000       
188610   15047480000       
188425   18598140000       
188555   16001610000       
188381   19314510000       
188392   19008900000       
188872   8786140000        
188732   12516220000       
188972   4227930000        
188552   16361670000       
188785   10860280000       
188898   8367930000        
188846   9632220000        
188582   16345310000       
188776   11009080000       
188951   5788110000        
188921   7538490000        
188721   12572150000       
188927   6723010000        
188481   17627430000       
188787   11154920000       
188465   17570240000       
188959   5301260000        
188992   1766610000        
188305   19137480000       
188830   9474710000        
188423   18346900000       
188996   802160000         
188563   16159030000       
188663   14594150000       
188529   16717930000       
188471   17920310000       
188441   18726470000       
188678   13155470000       
188523   16923180000       
188866   9066560000        
188819   10327030000       
188651   14213470000       
188950   5909870000        
188756   11722770000       
188949   6181980000        
188486   17689690000       
188855   10009860000       
188541   16708730000       
188674   13749540000       
188547   16549360000       
188755   11887670000       
188449   18204180000       
188837   9782270000        
188400   19644480000       
188691   13134350000       
188715   12507470000       
188696   13585440000       
188585   15713380000       
188929   7265310000        
188867   8884080000        
188799   11068510000       
188955   5594850000        
188661   13628760000       
188712   12998120000       
188625   15158270000       
188556   16568410000       
188537   16604600000       
188531   17176220000       
188380   19280280000       
188641   14976140000       
188737   12103050000       
188606   15801600000       
188355   19348070000       
188722   12570300000       
188609   15077820000       
188446   18279780000       
188581   15797760000       
188367   19776660000       
188979   3140250000        
188607   15131930000       
188433   18566270000       
188917   7523990000        
188815   10220500000       
188540   16604160000       
188508   17405110000       
188640   14612910000       
188902   8287400000        
188816   10263950000       
188666   13825350000       
188444   18681410000       
188952   5977530000        
188906   7749700000        
188707   12774760000       
188616   14771520000       
188306   19319980000       
188660   14205800000       
188454   18311620000       
188363   19523980000       
188769   11422750000       
188602   15395380000       
188789   11330890000       
188989   2550070000        
188884   8484090000        
188926   7393790000        
188512   17448350000       
188530   17242780000       
188905   7714070000        
188923   7299980000        
188667   14105820000       
188739   12469700000       
188695   13505890000       
188456   17876760000       
188915   7553240000        
188405   19176210000       
188961   5046710000        
188654   14935560000       
188829   9970440000        
188445   18395490000       
188370   19275490000       
188773   11738870000       
188518   17475760000       
188664   14110020000       
188841   9475550000        
188427   18660690000       
188360   19592700000       
188671   13937120000       
188484   18016070000       
188805   10818740000       
188793   11550160000       
188848   9174680000        
188914   7462420000        
188495   17915000000       
188627   15246660000       
188794   10981350000       
188595   15730530000       
188701   13251880000       
188494   17541490000       
188874   8931230000        
188638   15413050000       
188318   19451720000       
188544   16599340000       
188588   15543080000       
188779   11430030000       
188704   13136250000       
188460   18316740000       
188393   19339600000       
188643   14244390000       
188942   7101850000        
188572   16394130000       
188560   16405550000       
188890   8197420000        
188863   8747650000        
188659   14390860000       
188628   14749930000       
188453   18305150000       
188399   19779720000       
188711   13038350000       
188911   7529750000        
188488   17695390000       
188880   8536210000        
188326   19589820000       
188885   8200520000        
188375   19661870000       
188379   19806370000       
188904   7843820000        
188578   16025650000       
188986   2894560000        
188371   19439940000       
188416   18792900000       
188420   19229050000       
188649   15010760000       
188592   15995150000       
188527   16937450000       
188770   11410810000       
188910   7967260000        
188620   14898860000       
188813   10514240000       
188320   19536200000       
188397   18903840000       
188962   4985840000        
188975   4006760000        
188452   18201250000       
188464   18010870000       
188349   19517460000       
188795   10824250000       
188436   18804790000       
188746   12298310000       
188899   7822340000        
188652   14643380000       
188857   9461220000        
188938   6985090000        
188720   12984830000       
188672   14034300000       
188490   17925710000       
188977   3590130000        
188587   16013220000       
188566   17403220000       
188811   10558170000       
188421   18806240000       
188368   19515840000       
188763   11878360000       
188993   2221360000        
188591   15809640000       
188325   19465480000       
188731   12446580000       
188895   8231250000        
188804   10888840000       
188545   16710970000       
188492   18267020000       
188692   14039340000       
188636   15406840000       
188345   19813750000       
188775   11859560000       
188372   19356050000       
188752   11683430000       
188983   2911080000        
188761   11888310000       
188788   11135150000       
188339   19830550000       
188835   9919080000        
188434   19125900000       
188506   17385420000       
188340   19551620000       
188358   20012910000       
188744   12238780000       
188937   7221410000        
188810   10846410000       
188644   14771060000       
188708   13361220000       
188534   17561280000       
188321   19671880000       
188768   11626290000       
188714   12940160000       
188520   17339630000       
188749   12153700000       
188351   19892580000       
188947   6369680000        
188883   8813400000        
188803   11065900000       
188634   14927470000       
188991   2511450000        
188579   16422280000       
188873   9151550000        
188409   19386200000       
188557   16617310000       
188336   19865860000       
188792   11035320000       
188812   11113420000       
188455   18661150000       
188301   19993320000       
188630   14909200000       
188978   3568670000        
188774   11526090000       
188735   12631350000       
188426   19053610000       
188329   19745800000       
188313   20195290000       
188647   15006840000       
188338   19855050000       
188740   12785260000       
188553   16992300000       
188662   14265980000       
188822   10570460000       
188546   16959580000       
188882   8700170000        
188741   12526360000       
188685   14225260000       
188700   13460400000       
188851   9549020000        
188840   9949100000        
188350   19974220000       
188796   10993270000       
188981   3504740000        
188658   14249690000       
188997   1378470000        
188953   6541380000        
188478   18295410000       
188990   2729940000        
188496   17590740000       
188593   16010940000       
188968   4606470000        
188698   13416960000       
188974   4470770000        
188814   10743850000       
188312   19933030000       
188617   15456730000       
188860   9545350000        
188939   7240530000        
188611   15570080000       
188353   19895360000       
188473   18188880000       
188567   16704050000       
188859   9475620000        
188642   15275360000       
188377   19710630000       
188650   15023740000       
188505   17679810000       
188369   19552410000       
188725   13075650000       
188539   17365420000       
188383   19678670000       
188443   19017270000       
188343   19498030000       
188466   18329970000       
189001   1061400000        
188960   5541260000        
188487   18026340000       
188879   9249770000        
188965   5394160000        
188909   7776360000        
188322   20004020000       
188519   17619640000       
188844   10299390000       
188845   10173190000       
188888   8604000000        
188772   11504270000       
188655   14409870000       
188514   17766410000       
188916   7889020000        
188668   14263470000       
188385   19889450000       
188864   9636950000        
188897   8443620000        
188743   12901020000       
188482   18726800000       
188573   16624730000       
188759   12535420000       
188843   10407370000       
188689   13740650000       
188477   18468440000       
188376   19580820000       
188510   17719590000       
188485   18105510000       
188629   15356950000       
188394   19583670000       
188717   13347020000       
188808   11229300000       
188719   13034200000       
188730   13202380000       
188865   9552940000        
188324   20041900000       
188924   7934970000        
188919   7859090000        
188323   20295460000       
188586   16872600000       
188564   16522700000       
188401   19726820000       
188948   6724730000        
188561   16760320000       
188943   6863710000        
188565   16676840000       
188558   17001450000       
188726   12743020000       
188868   9215560000        
188862   9810310000        
188559   16858120000       
188918   8124700000        
188535   17705800000       
188690   13647360000       
188798   11663290000       
188733   12630950000       
188645   15151310000       
188824   10689570000       
188590   16064580000       
188673   14173440000       
188817   10851770000       
188404   19820620000       
188786   11431830000       
188703   13588960000       
188447   19337170000       
188653   14884900000       
188431   19224930000       
188836   10468430000       
188887   8778520000        
188357   19975910000       
188596   16669140000       
188747   12414510000       
188457   18673030000       
188970   4807560000        
188332   20409860000       
188576   16542850000       
188402   19152840000       
188513   18543290000       
188797   11268490000       
188852   9804720000        
188497   18311020000       
188364   19578380000       
188614   15643180000       
188493   18289620000       
188875   9158710000        
188832   10292210000       
188538   17290120000       
188450   19258250000       
188584   16582370000       
188387   20151540000       
188850   9629420000        
188524   17385430000       
188765   12314570000       
188681   14099720000       
188502   17901200000       
188637   15132430000       
188870   9388100000        
188414   19572280000       
188697   13901700000       
188489   18288200000       
188499   18405620000       
188869   9503860000        
188706   14064320000       
188348   20292960000       
188827   10445630000       
188976   4219900000        
188821   10798020000       
188435   19242310000       
188861   9981010000        
188980   3724400000        
188656   15000420000       
188856   10258300000       
188738   12940070000       
188828   10837050000       
188346   19952300000       
188528   17666300000       
188675   14538660000       
188352   20333260000       
188984   3329120000        
188907   8571500000        
188571   17616590000       
188833   10502120000       
188657   15556870000       
188622   15802670000       
188753   12252010000       
188341   20602420000       
188982   3952930000        
188354   19937270000       
188428   19619730000       
188969   4866750000        
188440   19065000000       
188710   13802730000       
188858   10152260000       
188382   19912010000       
188934   7413220000        
188600   16342700000       
188783   12099150000       
188971   4734820000        
188871   9616290000        
188361   19945600000       
188876   9217110000        
188451   18800560000       
188834   10310750000       
188728   13332740000       
188342   20204290000       
188809   11060960000       
188517   18182450000       
188315   20150180000       
188635   15136340000       
188309   20395020000       
188742   12676120000       
188424   19933740000       
188954   6459550000        
188891   9566150000        
188903   8780900000        
188985   3559780000        
188589   16696800000       
188958   6160170000        
188303   20270780000       
188604   16158350000       
188748   12795420000       
188842   10422500000       
188469   18880800000       
188688   14210880000       
188501   18325930000       
188807   12056170000       
188687   14847640000       
188892   9324110000        
188418   20060270000       
188327   20390690000       
188886   9077310000        
188314   19948420000       
189004   1367030000        
188966   5377870000        
188599   16499290000       
188439   18903540000       
188511   18156440000       
188956   6343780000        
188757   12989730000       
188894   8898450000        
188459   19111380000       
188946   7264100000        
188967   5336070000        
188333   20107790000       
188605   16197460000       
188601   16314750000       
188648   15781080000       
188615   16080260000       
188468   18590610000       
188973   4790130000        
188575   17089310000       
188500   18625770000       
188411   19740890000       
188988   3198990000        
188470   18586690000       
188621   15964050000       
188472   18661390000       
188550   17556630000       
188745   12966420000       
188569   16980880000       
188378   20405660000       
188442   19377230000       
188413   19630150000       
188931   7975700000        
188751   12832420000       
188551   17446570000       
188781   11874530000       
188362   20344510000       
188709   13935670000       
188925   7730150000        
188762   12630600000       
188930   8523330000        
188679   14723970000       
188310   20265520000       
188594   16807450000       
188849   10360950000       
188430   19222710000       
188928   8083100000        
188570   17324700000       
188705   13879930000       
188702   14780350000       
188777   12465140000       
188608   16277310000       
188603   16286410000       
188302   19946800000       
188680   14566650000       
188963   6009070000        
188686   14447050000       
188901   8912080000        
188562   17611240000       

[H[JPolling energy-fair scheduler maps every 100 millisecond(s)...
Real time since poller start: 58.620163 s
Filter: comm "mem_miss"
Maps shown: total power consumption 

=== System totals (total) ===
  cpu_time:  1189250436913 ns
  energy:    52275175100000 (units of your kfunc)
  uncore_energy:    973564655105200000 (units of your kfunc)

=== PID → power (EMA) (pid_to_power) [comm="mem_miss"] ===
PID      power             
188647   33                
188580   27                
188888   34                
188908   35                
188926   25                
188616   43                
188849   34                
188627   34                
188540   35                
188991   36                
188510   29                
188885   27                
188796   25                
188747   39                
188618   32                
188347   30                
188503   41                
188691   35                
188757   29                
188399   34                
188911   41                
188581   29                
188807   40                
188322   35                
188827   26                
188499   36                
188721   23                
188372   31                
188677   38                
188530   35                
188688   21                
188750   28                
188692   29                
188634   33                
188933   33                
188694   36                
188323   33                
188382   41                
188943   38                
188588   32                
188966   39                
188972   42                
188784   27                
188670   40                
188706   32                
188887   40                
188497   26                
188404   35                
188868   36                
188641   28                
188463   31                
188987   37                
188950   70                
188552   45                
188528   34                
188578   29                
188800   36                
188763   30                
188574   30                
188769   25                
188679   26                
188924   29                
188638   33                
188916   39                
188732   39                
188684   32                
188690   34                
188998   30                
188379   30                
188790   30                
188802   33                
188771   29                
188628   30                
188579   36                
188984   30                
188352   30                
188409   25                
188846   32                
188919   21                
188486   35                
188965   33                
188996   28                
188971   28                
188789   35                
188590   31                
188512   33                
188390   41                
188672   31                
189000   38                
188703   27                
188753   27                
188637   26                
188513   24                
188316   28                
188976   47                
188483   26                
188719   35                
188751   40                
188891   33                
188910   33                
188715   40                
188646   31                
188900   33                
188606   32                
188909   24                
188362   31                
188953   32                
188962   31                
188314   90                
188538   25                
188361   25                
188478   26                
188517   32                
188487   31                
188983   25                
188685   25                
188995   26                
188470   31                
188603   37                
188955   40                
188357   25                
188720   31                
188877   30                
188970   24                
188726   36                
188698   37                
188611   42                
188376   35                
188335   43                
188922   28                
188414   28                
188838   31                
188597   46                
188304   28                
188659   52                
188438   38                
188369   42                
188664   35                
188342   42                
188678   29                
188673   34                
188777   23                
188819   31                
188340   30                
188364   47                
188902   34                
188831   28                
188520   26                
188557   43                
188704   30                
188367   28                
188793   33                
188504   33                
188906   34                
188640   28                
188472   48                
188445   35                
188375   46                
188774   44                
188305   30                
188667   34                
188425   53                
188895   38                
188429   42                
188349   38                
188625   28                
188565   32                
188334   29                
188686   34                
188668   26                
188490   23                
188604   44                
188645   46                
188644   41                
188951   29                
188563   25                
188824   29                
188397   22                
188837   22                
188410   37                
188529   32                
188767   39                
188954   28                
188370   26                
188615   39                
188311   27                
188845   28                
188465   35                
188898   39                
188981   38                
188321   45                
188454   28                
188761   39                
188894   38                
188884   38                
188830   42                
188847   49                
188550   42                
188533   26                
188467   34                
188988   35                
188843   48                
188842   32                
188403   39                
188450   36                
188882   32                
188989   41                
188857   24                
188979   38                
188736   29                
188509   32                
189002   33                
188608   31                
188546   31                
189005   35                
188351   27                
188561   29                
188324   23                
188936   40                
188421   39                
188854   24                
188639   32                
188841   37                
188542   34                
188716   27                
188473   33                
188853   35                
189006   33                
188940   34                
188353   32                
188508   29                
188749   35                
188458   33                
188355   28                
188511   38                
188792   42                
188441   31                
188494   35                
188876   34                
188394   39                
188744   44                
188765   40                
188519   31                
188312   36                
188759   36                
188330   30                
188925   53                
188883   29                
188817   31                
188722   38                
188666   25                
188412   41                
188939   32                
188623   28                
188338   30                
188826   35                
188545   25                
188978   24                
188568   28                
188825   25                
188785   24                
188697   32                
188990   31                
188368   30                
188595   29                
188662   42                
188835   30                
188905   38                
188594   29                
188867   34                
188582   34                
188862   40                
188969   38                
188754   30                
188735   52                
188708   52                
188653   33                
188856   31                
188333   30                
188431   39                
188571   33                
188583   25                
188779   32                
188643   33                
188934   35                
188435   39                
188443   33                
188602   45                
188301   42                
188371   42                
188787   33                
189009   38                
188439   38                
188500   31                
188963   34                
188496   28                
188791   29                
188560   27                
188452   26                
188318   29                
188878   37                
188783   30                
188620   29                
188567   41                
188770   27                
188840   37                
188903   29                
188418   39                
188702   34                
188424   38                
188525   38                
188558   28                
188896   34                
188958   44                
188745   29                
188630   39                
188651   28                
188337   33                
188804   24                
188345   23                
188598   30                
188446   25                
188344   26                
188434   33                
188956   28                
188897   35                
188766   22                
188760   25                
189007   30                
188889   29                
188681   27                
188309   25                
188541   38                
188493   24                
188739   27                
188695   29                
188564   26                
188810   30                
188522   35                
188481   28                
188663   31                
188794   29                
188731   39                
188788   29                
188941   32                
189014   33                
188515   36                
188411   32                
188949   33                
188501   29                
188482   30                
188341   42                
188457   35                
188693   31                
188566   36                
188879   26                
188536   42                
188471   26                
188928   36                
188886   36                
188814   20                
188865   26                
188980   27                
188985   24                
188329   36                
188875   28                
188343   31                
188534   26                
188491   25                
188680   31                
188982   34                
188907   46                
188613   25                
188523   26                
188502   40                
188756   24                
188308   31                
188656   31                
188426   26                
188964   23                
188319   31                
188320   35                
188762   32                
188307   24                
188813   25                
188518   29                
188821   30                
188764   31                
188920   27                
188326   26                
188844   28                
188346   25                
188485   25                
188866   30                
188748   31                
188959   26                
188700   38                
188488   30                
188723   23                
188815   25                
188852   36                
188422   46                
188937   41                
188451   38                
188339   34                
188484   36                
188539   30                
188359   42                
188402   31                
188782   34                
188388   26                
188489   29                
188811   33                
188850   40                
188799   30                
188669   26                
189016   30                
188699   33                
188742   34                
188648   45                
188358   40                
188812   29                
188652   32                
188389   48                
188575   29                
188373   30                
188537   40                
188823   27                
188859   33                
188701   32                
188718   50                
188551   24                
188363   33                
188398   33                
188605   32                
188506   41                
188977   46                
188612   32                
188973   27                
188999   34                
188302   41                
188960   28                
188474   31                
188836   31                
188733   31                
188461   34                
188724   42                
188861   31                
188758   33                
188992   39                
188396   21                
188952   31                
188416   48                
188570   28                
188948   32                
188975   38                
188380   27                
188331   41                
188901   25                
188405   30                
188707   28                
188476   28                
188709   26                
188436   32                
188929   33                
188997   34                
188526   29                
188743   30                
188914   30                
188660   33                
188366   28                
188778   33                
188442   38                
188752   30                
188415   38                
188475   25                
188775   35                
188387   30                
188420   39                
188609   32                
188444   37                
188433   33                
188437   34                
188786   29                
188957   33                
188636   38                
188576   31                
188682   35                
188938   35                
188549   27                
188780   31                
188395   30                
188816   26                
188556   27                
188464   26                
188858   23                
188622   46                
188589   33                
188899   24                
188768   50                
188994   36                
188430   43                
188654   27                
188805   36                
188548   33                
188741   27                
188447   30                
188863   37                
188303   29                
188507   35                
188797   32                
188327   30                
188712   36                
188440   25                
188675   37                
188730   35                
188591   30                
188460   38                
188336   22                
188776   46                
188755   36                
188432   34                
188354   36                
188740   45                
188384   25                
188468   28                
188393   25                
188935   39                
188967   22                
188912   31                
188573   34                
188514   32                
188890   32                
188944   43                
188942   27                
188553   34                
188600   28                
188711   29                
188734   33                
188871   39                
188408   33                
188544   34                
188462   33                
188728   28                
188631   29                
188880   42                
188930   26                
188809   31                
188892   28                
188657   33                
188968   30                
189019   31                
188822   38                
188650   24                
188535   35                
188738   27                
188801   31                
188893   34                
188619   44                
188717   25                
188904   35                
188881   26                
188913   25                
188401   30                
188554   34                
188400   40                
188671   33                
188348   27                
188869   39                
188946   35                
188374   37                
188516   43                
188683   27                
188455   30                
188632   40                
188407   45                
188617   40                
188820   26                
188839   33                
188710   31                
188377   29                
188921   34                
188385   23                
188310   29                
188596   32                
188917   45                
188569   26                
188658   22                
189003   26                
188584   26                
188601   32                
188466   27                
188729   36                
188592   26                
188649   34                
188392   48                
188413   30                
188524   24                
189004   31                
188587   31                
188737   34                
188543   40                
188365   30                
188477   26                
188855   30                
188599   33                
188772   34                
188586   31                
188746   32                
188872   24                
188456   30                
188635   31                
188459   37                
188317   29                
188419   29                
188713   24                
189013   42                
188448   31                
188725   36                
189010   26                
188829   36                
189015   28                
188610   29                
188498   34                
188328   59                
188469   25                
188555   34                
188453   27                
188873   29                
188727   27                
189017   36                
188624   34                
188527   25                
188449   30                
188332   31                
188406   29                
188931   33                
188572   31                
188674   44                
188532   35                
188961   43                
188870   40                
188423   31                
188360   28                
188803   25                
188986   29                
188383   30                
188427   32                
188633   43                
188795   29                
188689   33                
188860   29                
188607   28                
188386   26                
188547   23                
188945   27                
188313   42                
188521   40                
188661   31                
189008   29                
188714   23                
189011   28                
188642   27                
188629   23                
188773   28                
188655   27                
188851   21                
188696   28                
188874   35                
188818   34                
188391   37                
188531   29                
188479   34                
188833   24                
188915   25                
188350   26                
188505   42                
188848   24                
188665   29                
188417   28                
188381   29                
188781   28                
188593   39                
188864   37                
188705   34                
188806   24                
188621   38                
188559   38                
188562   23                
188798   25                
188356   32                
188577   34                
188947   24                
188492   41                
188306   32                
188828   29                
188974   37                
188993   33                
188626   36                
188923   41                
188808   32                
188585   22                
188325   37                
188832   28                
188834   22                
188918   22                
188495   37                
188315   34                
189001   23                
188614   29                
188428   40                
188480   29                
188927   27                
188687   27                
188378   27                
188300   33                
188676   32                

=== PID → cumulative energy (pid_to_consumption) [comm="mem_miss"] ===
PID      energy            
188330   22148680000       
188631   17454510000       
188476   20811610000       
188432   21033170000       
188632   17184700000       
188458   20914440000       
188438   21025020000       
188304   22530870000       
188633   17286990000       
188308   22113830000       
188754   14473450000       
188417   21817570000       
188597   19097270000       
188764   14069920000       
188889   10662440000       
188624   17430490000       
188676   16160780000       
188802   13991810000       
188384   22132030000       
188415   21825540000       
188957   7831770000        
188548   19222990000       
188390   21589000000       
188936   9862230000        
188767   14174980000       
188461   20701690000       
189022   864420000         
188525   19911160000       
188623   17765410000       
188331   22117530000       
188820   12967170000       
188412   21774220000       
188515   20273790000       
188374   21952850000       
188568   18911240000       
188782   13877880000       
188463   20948860000       
188549   19378400000       
188522   19752860000       
188670   16599140000       
188854   12150000000       
188693   16284620000       
188344   22003720000       
188474   20376360000       
188509   20426370000       
188448   21801360000       
188935   9771490000        
189002   3199760000        
188475   20772160000       
188665   16599320000       
188619   18201280000       
188801   13604160000       
188503   19794730000       
188853   11935310000       
188878   11319390000       
188736   15318120000       
188790   13563800000       
188908   10563270000       
188403   21641320000       
188994   4630920000        
188386   21600240000       
188462   20869770000       
188391   22091930000       
188945   9180840000        
188922   10126150000       
188626   18066960000       
188328   22227760000       
188791   13568870000       
188526   19731870000       
188684   16074030000       
188491   20264660000       
188408   21559550000       
188724   15162510000       
188964   7509080000        
188806   13292470000       
188940   9636430000        
188307   22182870000       
188826   12877940000       
188723   15133930000       
188479   20782180000       
188319   22467800000       
188933   10576660000       
188823   13107070000       
189024   717640000         
188580   18924650000       
188389   21950740000       
188760   14834840000       
188437   21151800000       
188334   22590040000       
188613   18007340000       
188987   5401070000        
188694   16271840000       
188766   14035280000       
188913   10715820000       
188831   12610460000       
188337   22547410000       
188734   15200810000       
188516   20255760000       
188677   16774190000       
188335   21929090000       
188718   15528180000       
189003   3115230000        
188422   21569370000       
188612   18018490000       
188366   22182480000       
188893   10865330000       
188896   11068400000       
188995   4512480000        
188419   21654940000       
188356   22182480000       
188395   22208720000       
188920   10450720000       
188507   19978290000       
188784   13934540000       
188771   14694500000       
188498   20461990000       
188729   15346940000       
188881   11641570000       
188543   20273700000       
188407   22182630000       
188398   21974890000       
188577   18936880000       
189017   1644120000        
188669   16627530000       
188825   13099950000       
188554   19549000000       
188998   3766010000        
188912   10544320000       
188347   22359070000       
188388   22050680000       
188300   22425650000       
188311   22233690000       
188699   16019090000       
188780   14127770000       
188941   9540680000        
189000   3496900000        
188373   22173930000       
188847   12411930000       
188396   22334060000       
188467   21399330000       
189014   1953430000        
188583   19437440000       
188618   18061100000       
188598   18951560000       
188532   19994250000       
188574   19686190000       
188410   21756380000       
188682   16543200000       
188839   12624730000       
188758   14302070000       
188800   13813620000       
188818   13629590000       
188317   22558250000       
188944   9374280000        
188429   21813980000       
188316   22805150000       
188716   15826860000       
188877   11808490000       
188727   16121700000       
188639   17559850000       
188778   14497360000       
188900   11354240000       
188646   17356340000       
188533   19963040000       
188750   15237860000       
188713   15539290000       
188483   20224170000       
189015   1759290000        
188480   21289630000       
188504   20453500000       
188838   12607940000       
188359   22429230000       
188406   21833790000       
188999   3666550000        
188365   22394920000       
188536   19610310000       
188683   16600590000       
188542   20160520000       
188521   20100380000       
188610   18254570000       
188425   21770810000       
188555   19187030000       
188381   22376940000       
188392   22275990000       
188872   11902160000       
188732   15573050000       
188972   7378130000        
188785   14044040000       
188552   19499770000       
188898   11506950000       
188846   12834760000       
188582   19782760000       
188776   14168750000       
188951   8938910000        
188921   10744730000       
188721   15755810000       
188927   9854980000        
188787   14373210000       
188481   20798200000       
188465   20893100000       
189012   2108300000        
188959   8387400000        
188992   4842220000        
188305   22204640000       
188830   12521730000       
188423   21447330000       
188996   3954410000        
188563   19236920000       
188663   17661240000       
188529   19998600000       
188471   21097340000       
188441   21994330000       
188678   16283180000       
188523   20049400000       
188866   12142710000       
188819   13654380000       
188651   17276820000       
188950   9046090000        
188756   14894430000       
188949   9306360000        
188486   20877220000       
188855   13071990000       
188674   16733050000       
188541   19851880000       
188547   19623280000       
188755   15068580000       
188449   21243680000       
188837   12913950000       
188400   22874060000       
188691   16153450000       
188715   15464750000       
188696   16649700000       
188585   18749730000       
188929   10356260000       
188799   14211180000       
188867   11890880000       
188955   8673870000        
188661   16645620000       
188712   16030160000       
188625   18282040000       
188556   19629880000       
188537   19663390000       
188531   20192500000       
188380   22348670000       
188641   18144770000       
188737   15111320000       
188355   22497260000       
188606   18908540000       
188722   15670040000       
188609   18297150000       
188446   21353000000       
188581   18863790000       
188367   22860040000       
188979   6257840000        
188607   18213580000       
188433   21660270000       
188917   10634740000       
188815   13376190000       
188540   19737380000       
188508   20357500000       
188640   17699620000       
188902   11265680000       
188816   13323150000       
189023   1094950000        
188666   16859210000       
188444   21867920000       
188952   9089220000        
188906   10892240000       
188707   15784120000       
188616   17817770000       
188306   22384290000       
188660   17175470000       
188454   21328220000       
188363   22628680000       
188769   14725230000       
188602   18467380000       
188789   14449630000       
188989   5765100000        
188884   11531870000       
188926   10393410000       
188512   20516920000       
188530   20288050000       
188905   10982580000       
188923   10318910000       
188667   17110650000       
188739   15505480000       
188695   16494290000       
188456   20959650000       
188915   10784520000       
188405   22261260000       
188961   8115010000        
188654   18072050000       
188829   12938410000       
188445   21436290000       
188370   22386640000       
188773   14739110000       
188518   20558800000       
188664   17172900000       
188841   12420180000       
188427   21779120000       
188360   22692290000       
188671   17027650000       
188484   21224020000       
188805   13961960000       
188793   14661750000       
189013   2083840000        
188848   12271290000       
188914   10517340000       
188495   20989160000       
188627   18578480000       
188595   18741590000       
188794   14054690000       
188701   16269120000       
188494   20561470000       
188874   12088830000       
188638   18601520000       
188318   22622320000       
188544   19755540000       
188588   18645290000       
188779   14551350000       
188704   16308500000       
188460   21425220000       
188393   22380960000       
188643   17300430000       
188942   10232510000       
188572   19459610000       
188560   19472760000       
188890   11253410000       
188863   11666560000       
188659   17349000000       
188628   17789310000       
188453   21427500000       
188399   22808020000       
188711   16136370000       
188911   10664300000       
188488   20778630000       
188880   11618400000       
188326   22847010000       
188885   11244980000       
188375   22789760000       
188379   22939010000       
188904   10935840000       
188578   19102090000       
188986   5944760000        
188371   22508920000       
188416   21839310000       
188420   22293920000       
188649   18006090000       
188592   19155730000       
188527   20084420000       
188770   14480390000       
188910   11123020000       
188620   18075260000       
188813   13639020000       
188320   22626850000       
188397   21928230000       
188962   8030060000        
188975   7167930000        
188452   21275250000       
188464   21056610000       
188349   22590090000       
188795   13857220000       
188436   21907960000       
188746   15387000000       
188899   10903640000       
188652   17860490000       
188857   12471770000       
188938   10088820000       
188720   16081910000       
188672   17097250000       
188587   19081460000       
188490   20957770000       
188977   6581740000        
188811   13705010000       
188566   20516650000       
188421   21922950000       
188763   14989180000       
188368   22574110000       
188993   5224920000        
188591   18906100000       
188325   22592510000       
188731   15434450000       
188895   11330550000       
188804   14059290000       
188545   19843950000       
188492   22430640000       
188692   26150440000       
188636   20516940000       
188345   26057310000       
188775   24764040000       
188372   24403990000       
188752   18048990000       
188983   7553030000        
188761   17478810000       
188788   20099600000       
188835   20961080000       
188339   28620540000       
188434   24364510000       
188506   29339360000       
188340   30085680000       
188358   26496800000       
188744   23527650000       
188937   14662530000       
188810   17356310000       
188644   25243330000       
188708   18205490000       
188534   28132190000       
188321   24492180000       
188768   23910890000       
188714   23906200000       
188520   28130820000       
188749   22358650000       
188351   32249680000       
188883   14706130000       
188947   11955290000       
188803   16671250000       
188634   20598290000       
188991   11216150000       
188579   24978260000       
188873   15284680000       
188409   25029850000       
188557   21517790000       
188336   24707870000       
188792   19291600000       
188812   22931720000       
188455   30254670000       
188301   26101170000       
188978   14513740000       
188630   27045870000       
188774   16883240000       
188735   23678020000       
188426   23987530000       
188329   29071580000       
189006   5527280000        
188313   32828000000       
188647   27316110000       
188338   26219860000       
188740   24875210000       
188553   22314150000       
189025   3282840000        
188662   19264640000       
188822   15191940000       
188546   21905960000       
188882   19108270000       
188741   24388360000       
189010   5986110000        
188685   20037720000       
188700   25830200000       
188851   18144350000       
188840   20955810000       
188350   30490360000       
188796   21935920000       
189026   3128930000        
188981   12290960000       
188658   25133340000       
188997   6152090000        
188953   18140280000       
188478   24750760000       
188990   12724190000       
188496   28596650000       
188593   27013850000       
188968   17130270000       
188974   9844200000        
188698   19932040000       
188814   15663710000       
188312   25807300000       
188617   26852120000       
188860   16856200000       
188939   19240980000       
188611   27652280000       
188353   32353820000       
188473   29486710000       
188567   27375930000       
188859   20196630000       
188642   23124060000       
189008   12197470000       
188377   30603890000       
188650   25343230000       
188505   23277010000       
188369   32039410000       
188539   24866680000       
188725   18707800000       
188383   25034060000       
188443   30374430000       
188343   23933960000       
188466   27384550000       
189001   5958150000        
188960   15110220000       
188487   28547410000       
188879   18325600000       
188965   17480270000       
188909   13539340000       
188322   26778310000       
188519   23294390000       
188844   21341940000       
188845   20496980000       
188888   17227420000       
188772   16144350000       
188514   25209210000       
188655   18851440000       
188916   14644010000       
188668   24271550000       
188385   26511090000       
188864   20542870000       
188897   20130310000       
188743   24532220000       
188482   31177830000       
188573   27875590000       
188759   25224130000       
188843   23327300000       
188689   20535730000       
188477   28065700000       
188376   29320470000       
188510   29813250000       
188485   23895410000       
188629   21413110000       
188394   25375900000       
188808   16372390000       
188717   25690010000       
188719   18377270000       
188730   23701120000       
188865   21033170000       
188324   30988950000       
188924   14133830000       
188919   12741010000       
188323   31879550000       
188586   24175090000       
188564   23965920000       
188401   24491550000       
188948   18856480000       
188561   21906110000       
188943   12027270000       
188565   27285720000       
188558   21422160000       
188726   22861890000       
188868   14504270000       
189020   4052490000        
188862   18608850000       
188559   21607950000       
188918   13080490000       
188535   25014510000       
188733   23710170000       
188690   26133320000       
188798   23012880000       
189016   4322910000        
188645   21436930000       
188824   17249750000       
188590   28538410000       
188673   24794680000       
188817   22525740000       
188404   31102660000       
188786   16690590000       
188703   23745520000       
188447   24496010000       
188653   27611310000       
189005   13106770000       
188431   23993730000       
188836   15935940000       
188887   20847180000       
188357   25345250000       
189007   8062240000        
188596   27185750000       
188747   16889470000       
188457   30886350000       
188970   9477150000        
188332   30307530000       
188576   28783260000       
188402   24347500000       
188513   24078740000       
188797   18737900000       
188852   22398080000       
188497   30172700000       
188364   24475250000       
188614   27623920000       
188493   23396810000       
189011   6224180000        
188875   20164670000       
188832   15507550000       
188538   22957390000       
188450   29005590000       
188584   28528940000       
188387   25605480000       
188850   21205860000       
188524   28423660000       
188765   17175180000       
188681   24904790000       
188502   26187090000       
188637   26035770000       
188870   14957400000       
188414   27083740000       
188697   24639040000       
188489   27696370000       
188499   30718020000       
188869   18044210000       
188706   19168780000       
188348   28417450000       
188976   10649940000       
188827   15126720000       
189021   11558340000       
188821   22595770000       
188435   27636470000       
188861   15122990000       
188980   8152400000        
188656   26553330000       
188856   15630510000       
188738   23607590000       
188828   18791680000       
188346   26014340000       
188528   23371260000       
188675   24119840000       
189019   3398730000        
188352   32682800000       
188984   7571910000        
188907   19391820000       
188571   25887930000       
188833   17557980000       
188657   24956410000       
188622   19916540000       
188753   18003320000       
188341   25242250000       
188982   14843340000       
188354   31056620000       
188428   25043840000       
188969   17214200000       
188440   23892080000       
188710   19351120000       
188858   22003740000       
188382   24308450000       
188934   15613930000       
189009   11570200000       
188600   27554790000       
188783   21257250000       
188971   10215770000       
188871   15227250000       
188361   31409240000       
188876   21181680000       
188451   30413390000       
188834   22273450000       
188728   23414960000       
188342   31024700000       
188809   23156430000       
188517   22692130000       
188315   28464640000       
188635   26865640000       
188309   27998770000       
188742   22737730000       
188424   31451350000       
188954   17332310000       
188891   16990940000       
188903   20689220000       
188589   24041370000       
188985   9032060000        
188958   15265770000       
188303   27145840000       
188604   26978870000       
188748   24255970000       
188842   15759970000       
188469   23206530000       
188688   25245720000       
188501   28742540000       
188807   22373650000       
188687   22758770000       
188892   14143760000       
188418   25054760000       
188327   26090440000       
188886   20584350000       
188314   32855320000       
189004   8074480000        
188966   17800630000       
188599   25736380000       
188439   30987210000       
188511   30527740000       
188956   12378140000       
188894   19645570000       
188757   24658510000       
188946   18742110000       
188459   24272910000       
188967   10126560000       
188333   31095570000       
188605   28217240000       
188648   20954290000       
188601   21524660000       
188615   21035840000       
188468   28777730000       
188973   15407760000       
188575   26797390000       
188500   23152160000       
188411   24057050000       
188988   9389330000        
188470   30138060000       
188621   21008290000       
188550   22459400000       
188472   23068800000       
188745   18439850000       
188569   22906780000       
188378   26492060000       
188413   26508340000       
188442   28682370000       
188931   13238400000       
188751   17591270000       
188551   28729080000       
188781   17029930000       
188362   26856240000       
188709   18910950000       
188925   14108700000       
188762   17973220000       
188930   15410390000       
188679   24903120000       
188310   25290860000       
188594   21491960000       
188849   16469350000       
188430   23395100000       
188928   19942530000       
188570   24831220000       
188705   24649720000       
188702   26605190000       
188777   17210550000       
188608   27826520000       
188603   21339140000       
188302   24854480000       
188680   22854210000       
188963   11833200000       
189018   7906240000        
188686   19388890000       
188901   19763250000       
188562   23452750000       

[H[JPolling energy-fair scheduler maps every 100 millisecond(s)...
Real time since poller start: 62.969751 s
Filter: comm "mem_miss"
Maps shown: total power consumption 

=== System totals (total) ===
  cpu_time:  1433913515869 ns
  energy:    58361644980000 (units of your kfunc)
  uncore_energy:    973566591823340000 (units of your kfunc)

=== PID → power (EMA) (pid_to_power) [comm="mem_miss"] ===
PID      power             
188647   26                
188580   37                
188888   49                
188908   32                
188926   48                
188616   52                
188849   38                
188627   33                
188540   37                
188991   24                
188510   46                
188885   31                
188796   20                
188747   27                
188347   30                
188503   32                
188618   19                
188691   30                
188757   29                
188399   78                
188911   49                
188581   20                
188807   25                
188322   102               
188827   40                
188499   24                
188721   58                
188372   30                
188677   103               
188530   26                
188688   18                
188750   39                
188692   37                
188634   29                
188933   55                
188694   48                
188323   41                
188382   31                
188943   61                
188588   23                
188966   43                
188972   99                
188784   27                
188670   46                
188706   111               
188887   30                
189012   36                
188497   40                
188404   27                
188868   32                
188641   25                
188463   17                
188987   27                
188950   58                
188552   96                
189023   27                
188528   29                
188800   27                
188578   35                
188763   28                
188574   46                
188679   28                
188769   71                
188924   48                
188638   34                
188916   28                
188732   47                
188684   117               
188690   43                
188998   25                
188379   28                
188790   30                
188802   179               
188771   41                
188628   23                
188579   71                
188984   31                
188352   32                
188409   74                
188846   24                
188919   24                
188486   37                
188965   54                
188996   65                
188971   133               
188789   33                
188590   32                
188512   32                
188390   32                
188672   37                
189000   23                
189018   23                
188703   26                
188753   20                
188637   45                
188513   108               
188316   53                
188976   50                
188483   36                
188751   27                
188719   26                
188891   23                
188910   106               
188715   43                
188646   21                
188900   24                
188606   170               
188909   24                
188362   17                
188962   38                
188953   52                
188314   29                
188538   31                
188361   51                
188478   42                
188517   44                
188487   39                
188983   24                
188685   26                
188995   35                
188470   54                
188603   18                
188955   18                
188357   25                
188720   28                
188877   38                
188970   47                
188726   39                
188698   28                
188611   156               
188376   21                
188335   58                
188922   19                
188414   64                
188838   40                
188597   23                
188304   16                
188659   234               
188438   39                
188369   140               
188664   24                
188342   34                
188678   71                
188673   60                
188777   30                
188819   96                
188340   31                
188364   37                
188902   25                
189020   32                
188831   70                
188520   75                
188557   32                
188704   34                
188367   21                
188793   38                
188504   37                
188906   20                
188640   27                
188472   29                
188445   58                
188375   49                
188774   91                
188305   40                
188667   19                
188895   29                
188425   34                
188429   170               
188349   14                
188565   17                
188625   29                
188334   34                
188686   34                
188668   47                
189022   33                
188490   23                
188604   37                
188645   188               
188644   21                
188951   22                
188824   23                
188563   39                
188397   43                
188837   27                
188410   33                
188529   31                
188767   24                
188954   44                
188370   30                
188615   28                
188311   26                
188845   36                
188898   20                
188981   32                
188465   18                
188321   58                
188454   22                
188761   43                
188894   176               
188884   39                
188830   30                
188847   24                
188550   94                
188533   36                
188467   18                
188988   29                
188843   64                
188842   27                
188450   33                
188403   30                
188882   28                
188989   27                
188857   21                
188979   29                
188736   30                
188509   25                
189002   40                
188608   36                
188546   22                
189005   31                
188351   29                
188324   29                
188561   25                
188936   19                
188854   37                
188421   41                
188639   27                
188841   33                
188542   41                
188716   29                
188473   40                
188853   34                
189006   27                
188940   21                
188353   109               
188508   33                
188749   22                
188458   34                
188355   19                
188511   126               
188792   35                
188441   74                
188494   22                
188876   50                
188394   31                
188744   32                
188765   38                
188519   34                
188759   26                
188330   16                
188925   93                
188883   31                
188817   39                
188722   28                
188666   27                
188412   23                
188939   25                
188623   26                
188338   61                
188826   76                
188545   56                
188978   48                
188568   21                
188825   26                
188785   78                
188697   20                
188990   81                
188368   24                
188595   30                
188662   22                
188835   33                
188905   46                
188594   56                
188867   35                
188582   35                
188862   36                
188969   19                
188735   29                
188754   26                
188708   42                
188653   69                
188856   23                
188333   71                
188431   102               
188571   46                
188583   15                
188779   38                
188643   24                
188934   2276              
188435   35                
188443   44                
188602   34                
188301   32                
188371   43                
188787   30                
189009   33                
188439   57                
188500   23                
188963   31                
188496   58                
188791   51                
188560   31                
188452   58                
188878   41                
188318   105               
188783   21                
188620   50                
188567   22                
188770   37                
188840   27                
188903   283               
188418   48                
188702   23                
188424   22                
188525   63                
188558   15                
188896   34                
188958   64                
188745   28                
188630   46                
188651   42                
188337   21                
188804   35                
188345   54                
188598   33                
188446   32                
188344   22                
188434   56                
188956   20                
188897   24                
188766   123               
188760   131               
189007   37                
188889   27                
188681   31                
188309   48                
188541   182               
188493   33                
188739   25                
188695   45                
188564   35                
188810   25                
188522   18                
188481   48                
188663   49                
188794   38                
188731   353               
188788   36                
188941   36                
189014   27                
188411   27                
188515   23                
188949   37                
188501   15                
188482   18                
188341   36                
188457   194               
188693   31                
188566   39                
188879   67                
188536   32                
188471   40                
188928   27                
188886   55                
188814   43                
188865   25                
188980   62                
188985   31                
188329   41                
188343   29                
188875   67                
188534   103               
188491   96                
188680   33                
188907   17                
188982   31                
188613   40                
188523   34                
188502   30                
188756   43                
188308   28                
188656   20                
188426   26                
188964   25                
188320   30                
188762   30                
188813   104               
188518   29                
188821   29                
188764   28                
188920   20                
188326   44                
188844   29                
188346   32                
188485   36                
188866   233               
188748   23                
188959   20                
188700   30                
188488   39                
188723   28                
188815   25                
188852   40                
188422   70                
188937   26                
188451   68                
188339   27                
188484   48                
188539   135               
188359   24                
188402   86                
188782   44                
188388   30                
188489   36                
188811   83                
188850   29                
188799   27                
188669   71                
189016   225               
188699   21                
188742   38                
189024   29                
188648   19                
188358   35                
188812   22                
188652   23                
188389   30                
188575   35                
188373   39                
188537   31                
188823   22                
188859   21                
188701   29                
188718   42                
188551   31                
188363   37                
188398   34                
188605   15                
188506   36                
188977   38                
188612   35                
188973   23                
188999   24                
188302   23                
188960   162               
188474   134               
188836   26                
188733   23                
188461   48                
188724   33                
188861   19                
188758   38                
188992   23                
188396   30                
188952   32                
188416   285               
188570   23                
188948   34                
188975   48                
188380   31                
188331   42                
188901   54                
188405   32                
188707   80                
188476   29                
188709   23                
188436   154               
188929   52                
188997   25                
188526   20                
188743   95                
188914   18                
188660   28                
188366   21                
188778   31                
188442   49                
188752   34                
188415   17                
188475   30                
188775   43                
188387   23                
188420   25                
188609   841               
188444   25                
188433   25                
188437   27                
188786   29                
188957   26                
188636   22                
188576   31                
188682   33                
188938   31                
188549   50                
188780   33                
188395   158               
188816   37                
188556   47                
188464   30                
188858   26                
188622   25                
188589   39                
188899   25                
188768   31                
188994   36                
188430   34                
188654   164               
188805   17                
188548   45                
188741   23                
188447   23                
188863   59                
188303   23                
188507   19                
188797   17                
188712   22                
188440   122               
188327   28                
188675   30                
188730   21                
188591   108               
188460   32                
188336   39                
188776   30                
188755   53                
188432   32                
189021   35                
188354   128               
188740   52                
188384   25                
188468   68                
188393   22                
188935   33                
188967   43                
188912   30                
188573   92                
188514   30                
188890   25                
188942   35                
188944   26                
188553   27                
188600   26                
188711   30                
188734   23                
189025   26                
188871   29                
188408   78                
188544   24                
188462   42                
188728   29                
188631   15                
188880   41                
188930   23                
188809   49                
188892   26                
188657   30                
188968   20                
189019   28                
188822   53                
188650   28                
188535   23                
188738   29                
188801   37                
188893   94                
188619   26                
188717   25                
188904   86                
188881   19                
188913   77                
188401   25                
188554   25                
188400   60                
188671   37                
188348   29                
188869   22                
188946   31                
188374   34                
188516   20                
188683   46                
188455   52                
188632   169               
188407   72                
188617   28                
188839   29                
188820   35                
188710   26                
188377   30                
188921   31                
188385   32                
188310   24                
188596   48                
188917   34                
188658   25                
188569   26                
189003   48                
188584   27                
188601   28                
188466   25                
188729   26                
188592   23                
188649   64                
188392   45                
188413   112               
188524   29                
189004   40                
188587   80                
188737   35                
188543   279               
188365   35                
188477   19                
188855   23                
188599   23                
188586   53                
188772   27                
188872   32                
188746   46                
189026   34                
188456   26                
188635   19                
188459   32                
188317   22                
188419   22                
188713   23                
188448   29                
189013   28                
188725   33                
189010   34                
188829   22                
189015   26                
188610   25                
188498   30                
188328   32                
188469   117               
188555   27                
188453   28                
188873   30                
188727   26                
189017   36                
188624   31                
188527   20                
188449   44                
188332   71                
188406   34                
188931   33                
188572   33                
188674   37                
188532   21                
188870   51                
188961   24                
188423   25                
188360   24                
188803   23                
188986   28                
188383   48                
188427   32                
188633   36                
188795   37                
188689   58                
188607   24                
188860   25                
188386   30                
188547   22                
188945   27                
188313   34                
188521   30                
188661   27                
189008   28                
188714   33                
189011   100               
188642   70                
188629   22                
188773   23                
188655   24                
188851   42                
188696   57                
188818   39                
188874   31                
188391   35                
188531   24                
188479   70                
188833   23                
188915   93                
188350   20                
188505   54                
188848   91                
188665   21                
188417   29                
188381   29                
188781   28                
188593   37                
188864   43                
188705   30                
188806   26                
188621   44                
188559   24                
188562   33                
188798   21                
188356   28                
188577   44                
188947   25                
188492   25                
188306   26                
188828   33                
188974   28                
188923   28                
188626   48                
188993   28                
188808   31                
188585   30                
188325   29                
188832   97                
188834   25                
188918   32                
188495   51                
188315   27                
189001   21                
188614   37                
188428   173               
188480   32                
188927   29                
188687   41                
188378   28                
188300   30                
188676   23                

=== PID → cumulative energy (pid_to_consumption) [comm="mem_miss"] ===
PID      energy            
188330   35667450000       
188631   27788510000       
188476   26732960000       
188432   30019030000       
188632   26611560000       
188458   28289980000       
188438   27178110000       
188304   25895270000       
188633   26375500000       
188308   28457310000       
188754   20196770000       
188417   27400220000       
188597   31005770000       
188764   19902550000       
188889   13965970000       
188624   28676580000       
188802   23718190000       
188676   21240570000       
188384   25721620000       
188415   25964070000       
188957   15267430000       
188548   23810540000       
188390   29675670000       
188936   18808770000       
188767   22972010000       
188461   27876670000       
189022   12070950000       
188525   27824880000       
188623   28727510000       
188331   31376080000       
188820   16717070000       
188412   28360190000       
188515   31476910000       
188374   32851580000       
188568   22386710000       
188782   19173730000       
188463   32952310000       
188549   30536400000       
188522   29230010000       
188670   23015930000       
188854   23253110000       
188693   24602780000       
188344   27484220000       
188474   26586960000       
188509   23633460000       
188448   26473770000       
188935   14744870000       
189002   8520370000        
188475   25241650000       
188619   29020560000       
188665   23453300000       
188801   23655290000       
188503   26876580000       
188878   16168480000       
188853   19779900000       
188736   25934630000       
188790   19885240000       
188403   33089690000       
188908   16441930000       
188994   8915160000        
188386   34091610000       
188462   32953580000       
188391   28693070000       
188945   14361820000       
188922   16887880000       
188626   28714670000       
188328   27217080000       
188791   22300100000       
188526   31991950000       
188684   25140950000       
188408   28881840000       
188491   31178230000       
188724   21729500000       
188964   11816430000       
188806   23154700000       
188940   21861950000       
188826   17663060000       
188723   20098870000       
188479   28183520000       
188933   18892850000       
188823   17596180000       
189024   5741260000        
188580   28732510000       
188389   32489940000       
188760   19563220000       
188437   33521660000       
188334   28737600000       
188613   21691180000       
188987   10390710000       
188766   22407010000       
188694   23655300000       
188831   15518610000       
188913   18322710000       
188734   24140740000       
188516   26044970000       
188677   26959370000       
188335   30320980000       
188718   24913520000       
189003   13960280000       
188422   33291600000       
188366   31580290000       
188612   30690070000       
188893   19474340000       
188896   19864110000       
188995   16102940000       
188419   29996530000       
188356   29699760000       
188395   29944940000       
188920   21994640000       
188507   30892120000       
188784   20121820000       
188771   24308710000       
188498   23943920000       
188729   27805670000       
188881   20662700000       
188543   24323790000       
188407   30782410000       
188398   29669100000       
188577   26418980000       
189017   7907790000        
188669   26207270000       
188825   20129010000       
188554   30634380000       
188998   11249250000       
188912   15989980000       
188347   28062670000       
188388   32299580000       
188300   29211660000       
188311   28173900000       
188699   20561500000       
188780   25669260000       
188941   13319930000       
189000   6507510000        
188373   32955650000       
188847   19849510000       
188396   32915010000       
188467   28548780000       
189014   11236580000       
188583   25762330000       
188618   22088340000       
188598   23848850000       
188532   24637280000       
188574   31058610000       
188410   30933300000       
188839   22124790000       
188682   19719610000       
188758   25280500000       
188800   24458300000       
188317   33121870000       
188818   26348810000       
188944   22320460000       
188429   28655430000       
188316   26630130000       
188716   25983450000       
188877   17227690000       
188727   23984230000       
188639   29679550000       
188778   19903300000       
188900   19515630000       
188646   26049630000       
188533   23940960000       
188750   19893800000       
188713   19075380000       
188483   32743980000       
189015   4752580000        
188480   24097740000       
188504   26896960000       
188838   17229570000       
188359   28129990000       
188406   26740290000       
188999   11478210000       
188365   27421140000       
188536   22772850000       
188683   27293340000       
188542   24637890000       
188521   22848810000       
188610   28614630000       
188425   32639790000       
188555   22843320000       
188381   31500710000       
188392   33336890000       
188872   16903560000       
188732   26893810000       
188972   13877120000       
188552   31705610000       
188785   20791630000       
188898   15621840000       
188846   15484860000       
188582   28914690000       
188776   22788460000       
188951   19863020000       
188921   14676420000       
188721   24133360000       
188927   21063200000       
188481   30700290000       
188787   17785900000       
188465   28910320000       
189012   10230660000       
188959   16501710000       
188992   15854130000       
188305   29575250000       
188830   23856150000       
188423   26783740000       
188996   7931100000        
188563   27769390000       
188663   29997590000       
188529   29701300000       
188471   29794140000       
188441   30696490000       
188678   27173370000       
188523   31927960000       
188866   23956340000       
188819   23460090000       
188651   28746080000       
188950   17486510000       
188756   22115470000       
188949   20217380000       
188486   27079530000       
188855   25222980000       
188541   25688710000       
188674   24657350000       
188547   29327220000       
188755   24222790000       
188449   32438490000       
188837   16929680000       
188400   28490230000       
188691   27881720000       
188715   23604370000       
188696   22924710000       
188585   29065180000       
188929   13705650000       
188867   19684340000       
188799   27630310000       
188955   18886100000       
188661   19471230000       
188712   30340320000       
188625   30665040000       
188556   23873920000       
188537   30023670000       
188531   24873990000       
188380   29823140000       
188737   26016490000       
188641   22126400000       
188355   34805120000       
188606   28318930000       
188722   21453180000       
188609   21368940000       
188446   32326380000       
188581   23909310000       
188367   31060850000       
188979   9670610000        
188607   24020740000       
188433   28128660000       
188917   19383940000       
188815   22233820000       
188540   31757950000       
188508   27682260000       
188640   28924200000       
188902   21191490000       
188816   20198560000       
189023   11356640000       
188666   26874230000       
188444   26170640000       
188952   15471910000       
188906   15791930000       
188707   20953560000       
188616   29856750000       
188306   32093380000       
188660   20726330000       
188454   34791790000       
188363   31642870000       
188769   18568580000       
188602   29891210000       
188789   22892480000       
188989   12750000000       
188884   19091970000       
188926   20674060000       
188512   30356630000       
188530   24984020000       
188905   14002480000       
188923   16657700000       
188667   19746030000       
188739   26094880000       
188695   22590280000       
188456   24107980000       
188915   20298590000       
188405   27190570000       
188961   18524860000       
188654   23904000000       
188829   22939080000       
188445   29855930000       
188370   31182730000       
188773   20844790000       
188518   30892380000       
188664   29917940000       
188841   23528850000       
188427   32604500000       
188360   35159030000       
188671   25228050000       
188484   31852370000       
188805   26141920000       
188793   17977350000       
189013   6881030000        
188848   15722830000       
188914   13644640000       
188495   25387650000       
188627   21941850000       
188595   22831120000       
188794   22284670000       
188701   25428810000       
188494   31766150000       
188874   21893090000       
188638   23069710000       
188318   32500050000       
188588   22265400000       
188544   31431710000       
188779   21088400000       
188704   21339960000       
188460   31508940000       
188393   35432910000       
188643   19935620000       
188942   17263540000       
188560   29931440000       
188572   22119770000       
188890   24231050000       
188863   19856430000       
188659   26612570000       
188628   24804310000       
188453   24874870000       
188399   28792020000       
188711   28229230000       
188911   14823750000       
188488   31024380000       
188880   19298700000       
188326   33993810000       
188885   19632030000       
188375   26230210000       
188379   26724940000       
188904   22303420000       
188578   26096630000       
188986   17320340000       
188371   28178140000       
188416   29093210000       
188420   35245040000       
188649   25877930000       
188592   30764510000       
188527   25888770000       
188770   26606510000       
188910   21118310000       
188620   29035530000       
188813   15800070000       
188320   32242020000       
188397   28512960000       
188962   14688400000       
188975   16496770000       
188452   32958780000       
188464   29838780000       
188349   31116570000       
188795   24168060000       
188436   27533330000       
188746   27962460000       
188899   19565760000       
188652   21725420000       
188857   19014300000       
188938   15179190000       
188720   20585910000       
188672   20996040000       
188977   16071170000       
188490   29763740000       
188587   27512230000       
188566   24170400000       
188811   19232510000       
188421   25518240000       
188763   21240960000       
188368   34909400000       
188993   11768300000       
188591   29583360000       
188325   33582560000       
188731   20114000000       
188895   15504940000       
188804   17072910000       
188545   28174030000       
188492   27072820000       
188692   27339710000       
188636   22422920000       
188345   27619350000       
188775   25368750000       
188372   25323960000       
188752   20735600000       
188983   10080660000       
188761   17742310000       
188788   20469940000       
188835   22678140000       
188339   30187880000       
188434   24623300000       
188506   33887320000       
188340   33231870000       
188358   28487170000       
188744   25207010000       
188937   14662530000       
188810   18954520000       
188644   27163960000       
188708   19018300000       
188534   28504810000       
188321   26720460000       
188768   27133690000       
188714   23906200000       
188520   29809860000       
188749   27073010000       
188351   36385120000       
189027   13471310000       
188947   17016630000       
188883   16101380000       
188803   18973020000       
188634   23768300000       
188991   13750660000       
188579   25859800000       
188873   15284680000       
188409   26517870000       
188557   26312400000       
188336   27301880000       
188792   21281280000       
188455   33524520000       
188812   23817050000       
188301   29293480000       
188630   28573730000       
188978   16516270000       
188774   19496940000       
188735   24577210000       
188426   25344140000       
188329   31024270000       
189006   7367020000        
188313   33850500000       
188647   28358440000       
188338   28717880000       
188740   28247560000       
188553   25752400000       
189025   7551160000        
188662   22175150000       
188822   16891280000       
188546   25242510000       
188882   22233690000       
188741   26899100000       
189010   7347400000        
188685   20985760000       
188700   26839540000       
188840   21871320000       
188851   20709040000       
188350   30786220000       
188796   22867960000       
189026   7791900000        
188981   13726060000       
188658   28213870000       
188997   8561440000        
188953   19971640000       
188478   26077370000       
188990   15866000000       
188496   31083530000       
188593   30826580000       
188968   17562110000       
188698   21389880000       
188974   14163530000       
188814   18465870000       
188617   29844040000       
188860   18679610000       
188939   20801810000       
188611   29766500000       
188353   36405550000       
188473   31356510000       
188567   28069940000       
188859   22648000000       
188642   23581370000       
189008   13138660000       
188377   32444840000       
188650   29164780000       
188505   25416630000       
188369   34676890000       
188725   22512240000       
188539   26771750000       
188383   28482080000       
188443   35216800000       
188343   26423180000       
188466   29447410000       
189001   9361800000        
188960   18722760000       
188487   31881750000       
188879   19897850000       
188965   20423290000       
188909   13678650000       
188322   28889500000       
188519   25507540000       
188844   23884130000       
188845   21941550000       
188888   19602680000       
188772   18777670000       
188514   27077410000       
188655   22497550000       
188916   18117490000       
188668   28615060000       
188385   28583280000       
188864   21484310000       
188897   21769390000       
188743   25487870000       
188482   34894860000       
188573   30528940000       
188759   25909970000       
188843   27197230000       
188689   21959850000       
188477   32592680000       
188376   31791990000       
188510   34982790000       
188485   28397810000       
188629   22408280000       
188394   31293310000       
188717   27322860000       
188808   21176680000       
188719   20013660000       
188730   24656150000       
188865   25668320000       
188324   31712040000       
188924   15228680000       
188919   15331460000       
188323   32929030000       
188586   25803190000       
188564   28100940000       
188401   26597430000       
188948   19281430000       
188561   23498070000       
188943   13465880000       
188558   22477730000       
188565   29159230000       
188726   24960300000       
188868   18991160000       
189020   5860440000        
188862   23214020000       
188559   24003740000       
188918   13857940000       
188535   28591880000       
188690   29828720000       
188798   26423550000       
188733   27688830000       
189016   5294150000        
188645   23039380000       
188824   17661920000       
188673   27865240000       
188590   30363420000       
188817   25043440000       
188404   37266140000       
188786   19864740000       
188703   27245870000       
188447   27718500000       
188653   29775470000       
189005   17684650000       
188431   25040470000       
188836   17516330000       
188887   20847180000       
188357   26838350000       
189007   9237380000        
188596   27848430000       
188747   18501720000       
188457   31330680000       
188970   13618430000       
188332   33198870000       
188576   31245260000       
188402   26098460000       
188797   20082200000       
188513   28466870000       
188852   24178290000       
188497   33754120000       
188364   27739350000       
188614   29802560000       
188493   26204820000       
189011   8451500000        
188875   22930450000       
188832   18086100000       
188538   28407090000       
188450   31897260000       
188584   30544180000       
188387   28346360000       
188850   21634430000       
188524   31833280000       
188765   18380350000       
188681   26482490000       
188502   27926150000       
188637   28363020000       
188870   15843780000       
188414   28270260000       
188697   27168300000       
188489   32172510000       
188499   33492040000       
188869   19318930000       
188706   20552150000       
188348   32719170000       
188827   17263840000       
188976   12353340000       
189021   15510850000       
188821   23398220000       
188435   30013090000       
188861   19178880000       
188980   8762150000        
188656   26975840000       
188856   18742800000       
188738   28146480000       
188828   22052350000       
188346   29344450000       
188528   25711470000       
188675   26052680000       
189019   5869720000        
188352   34464580000       
188984   10804000000       
188907   24245180000       
188571   27596720000       
188833   20390890000       
188657   28391010000       
188622   22769530000       
188753   18387240000       
188341   29682420000       
188982   15716460000       
188354   33778470000       
188428   25116930000       
188969   21005090000       
188440   25928970000       
188710   21772730000       
188858   24793160000       
188382   26592100000       
188934   18905730000       
189009   13893960000       
188600   32158860000       
188783   25114080000       
188971   13225710000       
188871   21729360000       
188361   33233310000       
188876   24231470000       
188451   36737240000       
188834   24440890000       
188728   24560420000       
188342   36367270000       
188809   24854710000       
188517   22722650000       
188315   33881050000       
188635   31338200000       
188742   26021290000       
188309   33814660000       
188424   35585790000       
188954   21890080000       
188891   20061390000       
188903   20689220000       
188985   11624540000       
188589   28002930000       
188958   19661250000       
188303   29429750000       
188604   30606400000       
188748   27307620000       
188842   19549610000       
188469   24541930000       
188688   28459040000       
188501   34071810000       
188807   32327780000       
188687   29558140000       
188892   15978040000       
188418   30961210000       
188327   30532460000       
188886   27893070000       
188314   41762080000       
189004   10690300000       
188966   22784260000       
188599   28164940000       
188439   38683500000       
188511   38203960000       
188956   19070530000       
188757   33911050000       
188894   22999480000       
188946   25358420000       
188459   26492780000       
188967   18666220000       
188333   35003250000       
188605   30198150000       
188648   24720120000       
188601   23184060000       
188615   23989130000       
188468   32981600000       
188973   17466490000       
188575   31765350000       
188500   25038640000       
188411   29530200000       
188470   36173930000       
188988   13852200000       
188621   23308900000       
188472   27330500000       
188550   27149370000       
188745   25993840000       
188569   24205710000       
188378   29340850000       
188413   31217990000       
188442   30076880000       
188931   16406750000       
188751   24309870000       
188551   31124160000       
188781   20423440000       
188362   31560940000       
188709   28110980000       
188925   20711170000       
188762   23264270000       
188930   18673440000       
188679   29984690000       
188310   27488270000       
188594   23487390000       
188849   23725580000       
188430   26355010000       
188928   27240570000       
188570   33320580000       
188705   33926020000       
188702   30546040000       
188777   22426590000       
188608   32670860000       
188603   25209390000       
188302   33889710000       
188680   28908360000       
188963   17520350000       
189018   16349510000       
188686   26873830000       
188901   25424530000       
188562   28286220000       

[H[JPolling energy-fair scheduler maps every 100 millisecond(s)...
Real time since poller start: 65.646353 s
Filter: comm "mem_miss"
Maps shown: total power consumption 

=== System totals (total) ===
  cpu_time:  1584095229965 ns
  energy:    61967224710000 (units of your kfunc)
  uncore_energy:    973567886573200000 (units of your kfunc)

=== PID → power (EMA) (pid_to_power) [comm="mem_miss"] ===
PID      power             
188647   45                
188888   44                
188580   29                
188908   28                
188926   32                
188616   24                
188849   35                
188627   20                
188540   19                
188991   56                
188510   63                
188885   27                
188796   27                
188747   45                
188618   40                
188503   30                
188347   29                
188691   67                
188757   41                
188399   28                
188911   29                
188581   88                
188807   28                
188322   56                
188827   21                
188499   30                
188721   34                
188372   22                
188677   90                
188530   42                
188688   28                
188750   16                
188692   29                
188634   21                
188933   23                
188694   21                
188323   582               
188382   31                
188943   27                
188588   25                
188966   34                
188784   48                
188972   23                
188670   31                
188706   26                
188887   34                
189012   24                
188497   51                
188404   59                
188868   27                
188641   35                
188463   21                
188987   39                
188950   31                
188552   66                
189023   47                
188528   63                
188800   27                
188578   36                
188763   84                
188574   26                
188769   33                
188679   23                
188924   44                
188638   42                
188732   47                
188916   27                
188684   41                
188998   34                
188690   28                
188379   249               
188790   36                
188802   67                
188771   24                
188628   50                
188579   40                
188984   27                
188352   42                
188409   34                
188846   27                
188919   34                
188486   23                
188965   42                
188996   32                
188971   42                
188789   83                
188590   19                
188512   29                
188390   22                
188672   30                
189000   24                
189018   27                
188703   47                
188753   35                
188637   43                
188513   27                
188316   41                
188976   32                
188483   46                
188719   28                
188751   26                
188891   38                
188910   26                
188715   27                
188646   33                
188900   25                
188909   53                
188606   20                
188362   52                
188962   31                
188953   24                
188314   30                
188538   32                
188361   184               
188478   31                
188517   27                
188487   23                
188983   25                
188685   259               
188995   42                
188470   18                
188603   414               
188955   27                
188357   26                
188720   26                
188877   29                
188970   27                
188726   29                
188698   38                
188611   34                
188376   31                
188335   186               
188922   34                
188414   19                
188838   52                
188597   29                
188304   19                
188659   31                
188438   33                
188369   41                
188664   38                
188342   32                
188678   34                
188777   104               
188673   54                
188819   21                
188340   46                
188364   32                
188902   31                
188831   35                
189020   36                
188520   39                
188557   23                
188704   30                
188367   35                
188793   22                
188504   23                
188906   25                
188640   31                
188472   27                
188445   29                
188375   139               
188774   39                
188305   26                
188667   42                
188895   380               
188425   24                
188429   32                
188349   104               
188565   33                
188625   25                
188334   30                
188686   61                
188668   44                
189022   38                
188490   41                
188604   36                
188645   57                
188644   26                
188951   36                
188563   55                
188824   28                
188397   291               
188837   36                
188410   19                
188529   37                
188767   34                
188954   33                
188370   24                
188615   27                
188311   18                
188845   22                
188898   25                
188981   23                
188465   38                
188321   32                
188454   159               
188761   30                
188894   36                
188884   21                
188830   117               
188847   123               
188550   44                
188533   27                
188467   93                
188988   89                
188843   27                
188842   28                
188403   17                
188450   44                
188882   29                
188989   76                
188857   25                
188979   21                
188736   37                
188509   27                
189002   24                
188608   32                
188546   28                
189005   32                
188351   36                
188324   31                
188561   24                
188936   29                
188421   16                
188854   39                
188639   25                
188841   25                
188542   19                
188716   18                
188473   25                
188853   27                
189006   31                
188353   46                
188940   39                
188508   37                
188749   51                
188458   22                
188355   40                
188511   19                
188792   34                
188441   29                
188494   22                
188876   21                
188394   38                
188744   30                
188765   34                
188519   35                
188759   18                
188330   46                
188925   36                
188883   19                
188817   38                
188722   23                
188666   45                
188412   28                
188939   33                
188623   42                
188338   36                
188826   27                
188545   25                
188978   30                
188568   31                
188825   22                
188785   23                
188697   25                
188990   84                
188368   23                
188595   29                
188662   34                
188835   24                
188905   37                
188594   21                
188867   25                
188582   31                
188862   913               
188969   27                
188754   29                
188735   25                
188708   808               
188653   71                
188856   32                
188333   62                
188431   62                
188571   24                
188583   18                
188779   35                
188643   30                
188934   29                
188435   35                
188443   304               
188602   25                
188301   41                
188371   21                
189009   82                
188787   326               
188439   43                
188500   33                
188963   20                
188496   30                
188791   19                
188560   25                
188452   34                
188878   40                
188318   37                
188783   34                
188620   36                
188567   27                
188770   26                
188840   134               
188903   199               
188418   25                
188702   22                
188424   27                
188525   16                
188558   28                
188896   38                
188958   70                
188745   32                
188630   28                
188651   20                
188804   42                
188345   73                
188598   30                
188446   30                
188344   27                
188434   38                
188956   30                
188897   45                
188766   25                
188760   28                
189007   36                
188889   30                
188681   37                
188309   41                
188541   16                
188493   26                
188739   24                
188695   35                
188564   23                
188810   28                
188522   28                
188481   42                
188663   13                
188794   43                
188731   21                
188788   14                
188941   21                
189014   47                
188411   38                
188515   35                
188949   22                
188501   90                
188482   22                
188341   40                
188457   30                
188693   30                
188566   48                
188879   46                
188536   25                
188471   37                
188928   17                
188886   367               
188814   29                
188865   25                
188980   30                
188985   159               
188329   32                
188875   29                
188343   179               
188534   30                
188491   22                
188680   64                
188907   33                
188982   22                
188613   27                
188523   31                
188502   28                
188756   32                
188308   37                
188656   26                
188426   995               
188964   23                
188320   40                
188762   28                
188813   29                
188518   96                
188821   28                
188764   39                
188920   21                
188326   24                
188844   22                
188346   43                
188866   20                
188485   25                
188748   92                
188959   33                
188700   29                
188488   29                
188723   25                
188815   27                
188852   34                
188422   26                
188937   23                
188451   38                
188339   34                
188539   27                
188484   25                
188359   28                
188402   24                
188782   23                
188388   83                
188489   25                
188811   22                
188850   41                
188799   52                
188669   36                
189016   26                
188699   31                
188742   22                
189024   25                
188648   24                
188358   27                
188812   25                
188652   25                
188389   32                
188575   48                
188373   147               
188537   33                
188823   56                
188859   28                
188701   34                
188718   26                
188551   48                
188363   41                
188398   23                
188605   48                
188506   31                
188977   44                
188612   21                
188973   30                
188999   44                
188302   37                
188960   36                
188474   30                
188836   30                
188733   27                
188461   25                
188724   32                
188861   63                
188758   63                
188992   31                
188396   37                
188952   28                
188416   30                
188570   24                
188948   51                
188975   35                
188380   21                
188331   42                
188901   23                
188405   66                
188707   35                
188476   34                
188709   22                
188436   31                
188929   33                
188997   27                
188526   48                
188743   21                
188914   27                
188660   23                
188366   34                
188778   28                
188442   28                
188752   103               
188415   76                
188775   31                
188475   33                
188387   50                
188420   22                
188609   53                
188444   29                
188433   33                
188437   35                
188786   25                
188957   36                
188636   20                
188576   34                
188682   35                
188938   34                
188549   74                
188780   21                
188395   20                
188816   19                
188556   26                
188464   20                
188858   32                
188622   27                
188589   23                
188899   25                
188768   27                
188994   26                
188430   23                
188654   59                
188805   21                
188548   59                
188741   21                
188447   28                
188863   35                
188303   618               
188507   33                
188797   24                
188327   35                
188712   28                
188440   34                
188675   31                
188730   18                
188591   27                
188460   31                
188336   41                
188776   24                
188755   25                
188432   26                
189021   25                
188354   24                
188740   78                
188384   23                
188468   42                
188393   27                
188935   15                
188967   45                
188912   41                
188573   18                
188514   34                
188890   29                
188944   32                
188942   22                
188553   25                
188600   38                
188711   34                
188734   27                
189025   24                
188871   28                
188408   83                
188544   37                
188462   24                
188728   40                
188631   24                
188880   26                
188930   38                
188809   24                
188892   28                
188657   29                
188968   29                
189019   21                
188822   28                
188650   35                
188535   24                
188738   29                
188801   49                
188893   40                
188619   30                
188717   36                
188904   35                
188881   48                
188913   51                
188401   33                
188554   26                
188400   26                
188671   23                
188348   25                
188869   27                
188946   81                
188374   30                
188516   21                
188683   19                
188455   42                
188632   31                
188407   37                
188617   25                
188839   35                
188820   43                
188710   42                
188377   24                
188921   20                
188385   24                
188310   36                
188596   26                
188917   30                
188658   40                
188569   118               
189003   24                
188584   26                
188601   35                
188466   41                
188729   29                
188592   36                
188649   32                
188392   38                
188413   24                
188524   24                
189004   30                
188587   25                
188737   28                
188543   24                
188365   30                
188477   21                
188855   37                
188599   41                
188586   36                
188772   28                
188746   23                
188872   29                
189026   30                
188635   87                
188456   26                
188459   40                
188317   40                
188419   27                
188713   26                
189013   43                
188448   32                
188725   20                
189010   34                
188829   20                
189015   370               
188610   127               
188498   31                
188469   27                
188328   21                
188555   23                
188453   24                
188873   46                
188727   488               
189017   33                
188624   28                
188527   22                
188449   26                
188332   28                
188406   89                
188931   76                
188572   22                
188674   26                
188532   45                
188870   26                
188961   46                
188423   31                
188360   29                
188803   24                
188986   27                
188383   40                
188427   21                
188633   28                
188795   21                
188689   34                
188607   33                
188860   36                
188386   28                
188547   28                
188945   37                
188313   50                
188521   28                
188661   25                
189008   28                
188714   22                
189011   49                
188642   18                
188629   21                
188773   21                
188655   30                
188851   43                
188696   46                
188818   42                
188874   32                
188391   37                
188531   21                
188479   26                
188833   42                
188915   35                
188350   37                
188505   259               
188848   37                
188665   20                
188417   173               
188381   39                
188781   22                
188593   35                
188864   54                
188705   39                
188806   32                
188621   34                
188559   14                
188562   23                
188798   35                
188356   21                
188577   32                
188492   24                
188947   40                
188306   20                
188828   27                
188974   62                
188923   24                
188626   34                
188993   775               
188808   29                
188585   31                
188325   51                
188832   21                
188834   85                
188918   29                
188495   27                
188315   48                
189001   54                
189027   37                
188614   24                
188428   29                
188480   38                
188687   27                
188927   463               
188378   133               
188300   21                
188676   24                

=== PID → cumulative energy (pid_to_consumption) [comm="mem_miss"] ===
PID      energy            
188330   42716870000       
188631   28770580000       
188476   29166900000       
188432   35172490000       
188632   29162760000       
188458   34840310000       
188438   28386160000       
188304   27329920000       
188633   33211400000       
188308   31252460000       
188754   27798040000       
188417   33124190000       
188597   35989830000       
188764   21341750000       
188889   21800960000       
188624   31266670000       
188802   25258880000       
188676   21560240000       
188384   31881570000       
188415   30358490000       
188957   17147620000       
188548   26964950000       
188390   35129630000       
188767   28798780000       
188936   23898310000       
188461   32138840000       
189022   19234980000       
188525   32325540000       
188623   29891010000       
188331   31376080000       
188820   23365330000       
188412   33188020000       
188515   40397780000       
188374   38852460000       
188568   28642980000       
188782   22116880000       
188463   37238900000       
188549   30817330000       
188522   31716200000       
188670   24850940000       
188854   30367840000       
188693   32248590000       
188344   30814750000       
188474   28693840000       
188509   26990290000       
188448   31252020000       
188935   16249400000       
189002   10093110000       
188475   30922170000       
188665   30839380000       
188619   31755450000       
188801   27386090000       
188503   32856050000       
188878   19173460000       
188853   21959110000       
188736   33179760000       
188790   27581900000       
188908   25442810000       
188403   39315570000       
188994   18206830000       
188386   40051400000       
188462   38240850000       
188391   32023590000       
188945   17553020000       
188922   20292640000       
188626   32228510000       
188328   28226160000       
188791   28811790000       
188526   39009480000       
188684   25871700000       
188408   29712680000       
188491   32554420000       
188724   22710370000       
188964   15884900000       
188806   31097300000       
188940   24375970000       
188826   22522710000       
188723   28890780000       
188479   32951960000       
188933   26326100000       
188823   25323690000       
189024   8572190000        
188580   31596560000       
188389   37356120000       
188760   22160010000       
188437   43498210000       
188334   32946610000       
188613   22423770000       
188987   15356970000       
188766   29387160000       
188694   27039870000       
188831   24772120000       
188913   22012450000       
188734   28071330000       
188516   30934360000       
188677   31955420000       
188335   38499480000       
188718   29129540000       
189003   17949960000       
188422   41147690000       
188612   37391090000       
188366   32880220000       
188893   24245090000       
188896   24780280000       
188995   23256700000       
188419   37612310000       
188356   36757750000       
188395   34109690000       
188920   26664550000       
188507   39641380000       
188784   22722750000       
188498   33154420000       
188771   26343190000       
188729   31979890000       
188881   24098500000       
188543   29501060000       
188398   31462350000       
188407   33712070000       
188577   31130700000       
189017   13990850000       
188669   33304290000       
188825   27323420000       
188554   38518830000       
188998   14808810000       
188912   22040180000       
188347   35091440000       
188388   40004150000       
188300   31677660000       
188311   29388370000       
188699   26248930000       
188780   33889720000       
188941   14526410000       
189000   11258590000       
188373   37384410000       
188847   21375400000       
188396   36334520000       
188467   29943020000       
189014   14838610000       
188583   28107760000       
188618   28675320000       
188598   28082390000       
188532   33348960000       
188574   37116630000       
188410   39370010000       
188839   28037100000       
188682   23475250000       
188758   31586790000       
188800   31739910000       
188317   36493250000       
188818   29178570000       
188944   30161920000       
188429   38852090000       
188316   27989360000       
188716   30639840000       
188877   20932030000       
188727   27160650000       
188639   35357770000       
188778   23303230000       
188900   30076080000       
188646   30137680000       
188533   27358600000       
188750   23904110000       
188713   29902140000       
188483   35733280000       
189015   6326490000        
188480   27769910000       
188504   34793190000       
188838   19295760000       
188359   30215850000       
188406   31441860000       
188999   17410560000       
188365   29403950000       
188536   24290490000       
188683   33470670000       
188542   31637930000       
188521   30082410000       
188610   33804770000       
188425   37973400000       
188555   31778020000       
188381   35157280000       
188392   41680300000       
188872   18997150000       
188732   36185410000       
188972   16987400000       
188785   27689710000       
188552   39170480000       
188898   20415500000       
188846   18280050000       
188776   24872200000       
188582   34974340000       
188951   24263140000       
188921   18237820000       
188721   29299980000       
188787   23042110000       
188927   25975720000       
188481   36623680000       
188465   31439880000       
189012   12836060000       
188959   21559940000       
188992   17768030000       
188305   32528400000       
188830   26408480000       
188423   29743450000       
188996   13447070000       
188563   36612730000       
188663   34759160000       
188529   32702130000       
188471   37179660000       
188441   36741240000       
188678   35520360000       
188523   38449250000       
188866   29512300000       
188819   28622750000       
188651   39141710000       
188950   18578430000       
188756   30935000000       
188949   24139310000       
188486   27933840000       
188855   31785790000       
188674   28120640000       
188541   29457430000       
188547   33345350000       
188755   26060120000       
188449   40800670000       
188837   20910030000       
188400   35487240000       
188691   30580990000       
188715   33388990000       
188696   27119790000       
188585   36322100000       
188929   16278150000       
188799   31625160000       
188867   25752370000       
188955   24619130000       
188661   25414510000       
188712   35965230000       
188625   33669030000       
188556   31390510000       
188537   33784830000       
188531   30467900000       
188380   33628530000       
188641   25617280000       
188737   33641310000       
188355   37608100000       
188606   32288630000       
188722   29090990000       
188609   29867190000       
188446   40785950000       
188581   25863510000       
188367   36273480000       
188979   12109740000       
188607   30473770000       
188433   31816910000       
188917   24943930000       
188815   30318740000       
188540   35094480000       
188508   29314320000       
188640   30911300000       
188902   26918600000       
188816   25808440000       
189023   16865520000       
188666   32399090000       
188444   28238510000       
188952   19491710000       
188906   20557430000       
188707   26829930000       
188616   36448690000       
188306   37383460000       
188660   28349030000       
188454   37572090000       
188363   38980120000       
188769   23665340000       
188602   34911240000       
188789   29144120000       
188989   16503980000       
188884   21510220000       
188926   21911260000       
188512   33941200000       
188530   33590650000       
188905   23424410000       
188923   23483000000       
188667   21587000000       
188739   31871490000       
188695   28780690000       
188456   25943300000       
188915   22279930000       
188405   36843370000       
188961   19882590000       
188654   30347650000       
188829   28129840000       
188445   31707320000       
188370   34349680000       
188773   23493860000       
188518   35305460000       
188664   32378610000       
188841   26899040000       
188427   37499860000       
188360   41463580000       
188671   34193100000       
188484   34996000000       
188805   27947030000       
188793   20245700000       
189013   15971480000       
188848   18709510000       
188914   19732920000       
188495   26045940000       
188627   22429810000       
188595   26243470000       
188794   27899120000       
188701   35191800000       
188494   35805930000       
188874   28212910000       
188638   31269480000       
188318   33647790000       
188544   34291390000       
188588   25278710000       
188779   29168900000       
188704   25703520000       
188460   34211900000       
188393   37685290000       
188643   25880970000       
188942   22054300000       
188572   25491530000       
188560   35120680000       
188890   30022110000       
188863   22973350000       
188659   29127960000       
188628   27515970000       
188453   28451280000       
188399   31543750000       
188711   30546140000       
188911   18294680000       
188488   40358780000       
188880   23269400000       
188326   39852340000       
188885   25680150000       
188375   28425140000       
188379   32453260000       
188904   31158010000       
188578   30938550000       
188986   18857510000       
188371   31969210000       
188416   36332920000       
188420   42615870000       
188649   29381880000       
188592   36854100000       
188527   28845200000       
188770   33571600000       
188910   23195220000       
188620   36030280000       
188813   17901610000       
188320   34487350000       
188397   32669160000       
188962   16565590000       
188975   19859090000       
188452   35246080000       
188464   41925900000       
188349   33734270000       
188795   33632100000       
188436   29008520000       
188746   34973460000       
188899   23997660000       
188652   26065280000       
188857   26103280000       
188938   20673880000       
188720   28000420000       
188672   29406120000       
188587   32107820000       
188490   38050690000       
188977   20395690000       
188811   26284130000       
188566   26804020000       
188421   32794600000       
188368   39877340000       
188763   21723600000       
188993   18860260000       
188591   33469500000       
188325   36481740000       
188731   22760020000       
188895   17668810000       
188804   22421440000       
188545   37385630000       
188492   33558780000       
188692   35292380000       
188636   27172720000       
188345   34435360000       
188775   31565230000       
188372   34053920000       
188752   26622250000       
188983   17237840000       
188761   20155630000       
188788   29101700000       
188835   28811860000       
188339   37472180000       
188434   31606200000       
188506   38091520000       
188340   37507360000       
188358   34628900000       
188744   31105930000       
188937   21809770000       
188810   24161450000       
188644   35885650000       
188708   26159550000       
188534   32392730000       
188321   29527160000       
188768   33660340000       
188714   29263280000       
188520   32480200000       
188749   34363690000       
188351   36385120000       
188883   19135850000       
189027   15724450000       
188947   21112190000       
188803   23351340000       
188634   25217740000       
188991   17659340000       
188579   32849510000       
188873   19691580000       
188409   33714210000       
188557   28724020000       
188336   34507120000       
188792   28936580000       
188812   29085560000       
188455   34547030000       
188301   32281910000       
188630   35581070000       
188774   23307540000       
188978   17875200000       
188735   29359820000       
188426   28132680000       
188329   36740900000       
189006   11049850000       
188313   41773990000       
188647   35239730000       
188338   31617990000       
188740   36003970000       
188553   32915710000       
189025   7760200000        
188662   29806570000       
188822   22332250000       
188546   29905180000       
188882   27423870000       
188741   33672280000       
189010   14329740000       
188685   28978170000       
188700   33427330000       
188851   23366620000       
188840   28832100000       
188350   33988740000       
188796   26693480000       
189026   8590070000        
188981   18238750000       
188658   31524350000       
188997   9618470000        
188953   29264960000       
188478   35500800000       
188990   17312220000       
188496   38245410000       
188593   41307380000       
188968   19338820000       
188974   19367050000       
188698   26385580000       
188814   24156490000       
188617   37565930000       
188860   22764420000       
188939   25309460000       
188611   33375990000       
188353   37416880000       
188473   35379160000       
188567   32625210000       
188859   24606910000       
188642   25405220000       
189008   15275030000       
188377   41021870000       
188650   37477090000       
188505   27397020000       
188369   39226600000       
188725   25357390000       
188539   28650750000       
188383   30204520000       
188443   37875420000       
188343   33473560000       
188466   38254920000       
189001   11126160000       
188960   25225560000       
188487   39872500000       
188879   26018960000       
188965   23636450000       
188909   17878540000       
188322   35270320000       
188519   27888260000       
188844   28496790000       
188845   22499720000       
188888   20482660000       
188772   20807410000       
188514   31856730000       
188655   25176330000       
188916   21067800000       
188668   33919370000       
188385   36715150000       
188864   27146520000       
188743   26976990000       
188897   29757850000       
188482   40424120000       
188573   34903130000       
188759   30960340000       
188843   29308580000       
188689   25660050000       
188477   38374220000       
188376   37615830000       
188510   38428570000       
188485   33992380000       
188629   24299590000       
188394   32185030000       
188717   33209390000       
188808   23139700000       
188719   26062440000       
188730   31485940000       
188865   27674670000       
188324   36903580000       
188924   23200880000       
188919   24627870000       
188323   34755200000       
188586   34801130000       
188564   32165480000       
188401   31073190000       
188948   25005730000       
188561   32979570000       
188943   20299390000       
188558   24301460000       
188565   37432530000       
188726   28774220000       
188868   24266780000       
189020   8657970000        
188862   30346940000       
188559   26647960000       
188918   18907200000       
188535   34007970000       
188690   31410730000       
188798   32862270000       
188733   32371740000       
189016   15812120000       
188645   32000250000       
188824   19461160000       
188673   34889290000       
188590   34257450000       
188817   28422470000       
188404   43962270000       
188786   28060600000       
188703   30850480000       
188447   33108040000       
188653   32986040000       
189005   21970000000       
188431   27131120000       
188836   22729020000       
188887   22965120000       
188357   28420240000       
189007   15920420000       
188596   33844150000       
188747   23838190000       
188457   38825180000       
188970   21862650000       
188332   38285960000       
188576   34588950000       
188402   31365090000       
188797   22975640000       
188513   35669170000       
188852   28799410000       
188497   34850490000       
188364   29150520000       
188614   31884510000       
188493   33367380000       
189011   9954650000        
188875   25314510000       
188832   27152840000       
188538   36303000000       
188450   38482520000       
188584   38467090000       
188387   37550190000       
188850   28809420000       
188524   34394940000       
188765   21278780000       
188681   31557600000       
188502   28576780000       
188637   29061270000       
188870   21267550000       
188414   33389450000       
188697   35506440000       
188489   34657530000       
188499   39344390000       
188869   27770100000       
188706   28747040000       
188348   37678480000       
188976   15910430000       
188827   19907430000       
189021   18354660000       
188821   29120210000       
188435   32222070000       
188861   20985030000       
188980   13917520000       
188656   31750780000       
188856   20447380000       
188738   35267070000       
188828   28977120000       
188346   32792470000       
188528   26160400000       
188675   29442580000       
189019   6445890000        
188352   35798400000       
188984   14217490000       
188907   31635430000       
188571   33365680000       
188833   28117300000       
188657   32259000000       
188622   27763750000       
188753   26497020000       
188982   18116880000       
188341   35462260000       
188354   36047900000       
188428   31514730000       
188969   26657670000       
188440   34709300000       
188710   25498470000       
188858   32605000000       
188382   34870700000       
188934   27349410000       
189009   22861940000       
188600   35132690000       
188783   31924660000       
188971   15810750000       
188871   23606750000       
188361   34326030000       
188876   27073350000       
188451   43776150000       
188834   29964530000       
188728   29830530000       
188342   36904240000       
188517   30105630000       
188809   31240100000       
188315   42709930000       
188635   38037460000       
188742   27699050000       
188309   33814660000       
188424   38587510000       
188954   25364590000       
188891   25595730000       
188903   23278660000       
188589   28762080000       
188985   17515510000       
188958   27040560000       
188303   35132530000       
188604   38926820000       
188748   31711600000       
188842   24663990000       
188469   26777190000       
188688   34769540000       
188501   39741460000       
188807   32905760000       
188687   32007040000       
188892   17473110000       
188418   32050700000       
188327   31999660000       
188886   29758310000       
188314   57209030000       
189004   32145530000       
188966   45268570000       
188599   46111110000       
188439   56432600000       
188511   57891030000       
188956   36495050000       
188894   37132400000       
188757   53374210000       
188946   45689470000       
188459   39424390000       
188967   33081890000       
188333   44192680000       
188605   48253940000       
188648   40364070000       
188601   48233430000       
188615   43831920000       
188468   52977800000       
188973   37272350000       
188575   43368600000       
188500   40705470000       
188411   44866010000       
188988   25415990000       
188470   51679520000       
188621   33972160000       
188472   43317270000       
188550   40763200000       
188745   35688730000       
188569   43994920000       
188378   39343430000       
188442   39607600000       
188413   53877280000       
188931   35942040000       
188751   35364650000       
188551   43605050000       
188781   39145720000       
188362   50382410000       
188709   40792240000       
188925   27840930000       
188762   45872250000       
188930   35512860000       
188679   49303020000       
188310   36440610000       
188594   42460480000       
188849   33053970000       
188430   45009510000       
188928   49424210000       
188570   51232740000       
188705   49748960000       
188702   39280380000       
188777   36457620000       
188608   44478960000       
188603   39236550000       
188302   55532370000       
188680   34656080000       
188963   38189150000       
189018   29728850000       
188686   39621830000       
188901   35718820000       
188562   41756000000       

[H[JPolling energy-fair scheduler maps every 100 millisecond(s)...
Real time since poller start: 75.439945 s
Filter: comm "mem_miss"
Maps shown: total power consumption 

=== System totals (total) ===
  cpu_time:  2076272276399 ns
  energy:    73378254020000 (units of your kfunc)
  uncore_energy:    973573919818030000 (units of your kfunc)

=== PID → power (EMA) (pid_to_power) [comm="mem_miss"] ===
PID      power             
188647   37                
188580   29                
188888   25                
188908   22                
188926   77                
188616   19                
188849   31                
188627   29                
188540   40                
188991   28                
188510   22                
188885   28                
188796   48                
188747   74                
188503   34                
188347   27                
188618   49                
188691   142               
188757   17                
188399   658               
188911   33                
188581   53                
188807   23                
188322   66                
188827   681               
188499   22                
188721   22                
188372   20                
188677   21                
188530   25                
188688   30                
188750   86                
188692   22                
188634   21                
188933   28                
188694   20                
188382   23                
188943   146               
188588   24                
188966   22                
188972   24                
188784   282               
188670   27                
188706   23                
188887   43                
189012   35                
188497   35                
188404   24                
188868   21                
188641   34                
188463   45                
188987   25                
188950   32                
188552   29                
189023   32                
188528   24                
188800   39                
188578   48                
188763   22                
188574   29                
188769   20                
188679   23                
188924   33                
188638   29                
188916   17                
188732   23                
188684   20                
188690   27                
188998   148               
188379   23                
188790   29                
188802   83                
188771   25                
188628   29                
188579   20                
188984   141               
188352   25                
188409   19                
188846   58                
188919   37                
188486   21                
188965   25                
188996   32                
188971   17                
188789   20                
188590   31                
188512   18                
188390   22                
188672   106               
189000   18                
189018   23                
188703   31                
188753   26                
188637   59                
188513   22                
188316   27                
188976   27                
188483   196               
188719   31                
188751   22                
188891   18                
188910   77                
188715   26                
188646   20                
188900   19                
188606   25                
188909   21                
188362   24                
188962   90                
188953   21                
188314   19                
188538   30                
188361   25                
188478   26                
188517   35                
188487   23                
188983   87                
188685   36                
188995   17                
188470   40                
188603   26                
188955   26                
188357   20                
188720   30                
188877   23                
188970   22                
188726   144               
188698   20                
188611   30                
188376   21                
188922   22                
188414   22                
188838   24                
188597   36                
188304   18                
188659   233               
188438   25                
188369   47                
188664   143               
188342   43                
188678   24                
188777   19                
188673   31                
188819   28                
188340   40                
188364   21                
188902   17                
189020   22                
188831   21                
188520   69                
188557   28                
188704   27                
188793   30                
188504   26                
188906   32                
188640   44                
188472   49                
188445   49                
188375   23                
188774   39                
188305   57                
188667   135               
188895   20                
188425   99                
188429   43                
188349   25                
188625   155               
188565   36                
188686   26                
188668   103               
189022   51                
188490   25                
188604   24                
188645   25                
188644   60                
188951   24                
188824   23                
188563   32                
188397   38                
188837   28                
188410   21                
188529   23                
188767   22                
188954   104               
188370   33                
188615   20                
188311   22                
188845   20                
188981   30                
188465   92                
188898   54                
188454   27                
188761   69                
188894   98                
188884   23                
188830   25                
188847   41                
188550   20                
188533   48                
188467   31                
188988   85                
188843   88                
188842   228               
188450   34                
188403   20                
188882   48                
188989   32                
188857   60                
188979   21                
188736   29                
188509   51                
189002   88                
188608   56                
188546   82                
189005   29                
188561   23                
188936   27                
188421   65                
188854   24                
188639   30                
188841   56                
188542   27                
188716   28                
188473   23                
188853   100               
189006   115               
188940   23                
188353   130               
188508   24                
188749   25                
188458   63                
188355   27                
188511   20                
188792   59                
188441   35                
188494   24                
188876   269               
188394   46                
188744   23                
188765   26                
188519   16                
188759   97                
188330   28                
188925   44                
188883   29                
188817   26                
188722   31                
188666   22                
188412   20                
188939   83                
188623   28                
188826   24                
188545   120               
188978   37                
188568   22                
188825   145               
188785   28                
188990   32                
188697   21                
188368   25                
188595   24                
188662   33                
188835   32                
188905   21                
188594   36                
188867   39                
188582   32                
188862   25                
188969   24                
188735   28                
188754   20                
188708   28                
188653   29                
188856   31                
188333   46                
188431   27                
188571   103               
188583   18                
188643   42                
188779   27                
188934   21                
188435   31                
188443   36                
188602   29                
188371   21                
189009   32                
188787   23                
188439   84                
188500   29                
188963   23                
188496   47                
188791   31                
188560   32                
188452   22                
188878   28                
188783   29                
188620   18                
188567   61                
188840   20                
188770   20                
188903   34                
188418   19                
188702   44                
188424   20                
188525   34                
188558   21                
188896   31                
188958   22                
188630   27                
188745   23                
188651   32                
188804   21                
188598   155               
188344   26                
188446   78                
188434   21                
188956   22                
188897   52                
188766   114               
188760   22                
189007   67                
188889   90                
188681   35                
188541   24                
188493   22                
188739   22                
188695   36                
188564   64                
188810   79                
188522   48                
188481   23                
188663   71                
188794   20                
188731   32                
188788   81                
188941   76                
189014   33                
188411   46                
188515   28                
188949   34                
188501   25                
188482   41                
188457   27                
188693   29                
188566   44                
188879   33                
188536   59                
188928   38                
188471   163               
188886   189               
188814   27                
188865   62                
188980   168               
188985   31                
188329   81                
188875   29                
188343   29                
188534   23                
188491   99                
188680   123               
188907   31                
188982   25                
188613   30                
188523   64                
188502   183               
188756   25                
188656   34                
188426   28                
188964   19                
188762   21                
188813   30                
188518   25                
188821   58                
188764   102               
188920   48                
188326   17                
188844   228               
188346   19                
188485   176               
188866   96                
188748   19                
188959   27                
188700   226               
188488   22                
188723   36                
188815   21                
188852   139               
188422   28                
188937   34                
188451   88                
188339   39                
188484   33                
188539   19                
188359   26                
188402   23                
188782   23                
188388   20                
188489   33                
188811   17                
188850   38                
188799   48                
188669   40                
189016   29                
188699   25                
188742   41                
189024   20                
188648   18                
188358   108               
188812   37                
188652   91                
188389   30                
188575   27                
188373   34                
188537   60                
188823   59                
188859   41                
188701   63                
188718   36                
188551   29                
188363   19                
188398   19                
188605   21                
188506   29                
188977   21                
188612   25                
188973   41                
188999   40                
188302   101               
188960   28                
188474   24                
188836   47                
188733   24                
188461   124               
188724   82                
188861   35                
188758   32                
188992   49                
188396   30                
188952   33                
188416   23                
188570   72                
188948   24                
188975   31                
188380   88                
188901   46                
188405   40                
188707   23                
188476   22                
188709   24                
188436   30                
188929   28                
188997   28                
188526   22                
188743   43                
188914   35                
188660   39                
188366   43                
188442   35                
188778   49                
188752   198               
188415   32                
188475   29                
188775   30                
188387   39                
188420   27                
188609   16                
188444   26                
188433   14                
188437   23                
188786   31                
188957   31                
188636   63                
188576   61                
188682   24                
188938   74                
188549   33                
188780   20                
188816   21                
188556   25                
188464   24                
188858   25                
188622   20                
188589   26                
188899   30                
188768   367               
188994   18                
188430   25                
188654   58                
188805   36                
188548   37                
188741   56                
188447   32                
188863   28                
188507   63                
188797   59                
188327   23                
188712   86                
188440   23                
188675   24                
188730   32                
188591   25                
188460   96                
188336   35                
188776   78                
188755   30                
188432   35                
189021   30                
188354   31                
188740   46                
188384   22                
188468   37                
188393   31                
188935   49                
188967   35                
188912   39                
188573   56                
188514   21                
188890   142               
188944   29                
188942   21                
188553   150               
188600   32                
188711   27                
188734   108               
189025   26                
188871   29                
188408   28                
188544   24                
188462   36                
188728   41                
188631   27                
188880   29                
188930   29                
188809   26                
188892   37                
188657   29                
188968   22                
189019   21                
188822   34                
188650   40                
188535   29                
188738   26                
188801   31                
188893   304               
188619   23                
188717   24                
188904   29                
188881   60                
188913   29                
188401   34                
188554   86                
188400   28                
188671   33                
188348   22                
188869   41                
188946   40                
188374   27                
188516   27                
188683   118               
188455   26                
188632   23                
188407   65                
188617   61                
188839   49                
188820   18                
188710   22                
188377   21                
188921   47                
188385   27                
188596   38                
188917   23                
188569   26                
188658   33                
189003   20                
188584   26                
188601   24                
188466   47                
188729   25                
188592   40                
188649   19                
188392   43                
188413   38                
188524   22                
189004   20                
188587   33                
188737   30                
188543   22                
188477   85                
188855   81                
188599   24                
188586   29                
188772   17                
188872   32                
188746   27                
189026   147               
188456   48                
188635   23                
188459   99                
188419   66                
188713   41                
188448   28                
189013   33                
188725   25                
189010   36                
188829   43                
189015   22                
188610   210               
188498   66                
188328   35                
188469   24                
188555   95                
188453   15                
188873   48                
188727   30                
189017   34                
188624   31                
188527   32                
188449   21                
188332   31                
188406   23                
188931   18                
188572   72                
188674   51                
188532   72                
188961   308               
188870   62                
188423   25                
188360   61                
188803   18                
188986   82                
188383   26                
188427   35                
188633   44                
188795   24                
188689   31                
188860   22                
188607   29                
188386   34                
188547   19                
188945   24                
188313   22                
188521   66                
188661   25                
189008   19                
188714   65                
189011   24                
188642   39                
188629   51                
188773   22                
188655   21                
188851   132               
188696   24                
188874   29                
188818   467               
188391   32                
188531   1110              
188479   25                
188833   51                
188915   98                
188350   68                
188505   110               
188848   61                
188665   28                
188417   24                
188381   29                
188781   93                
188593   24                
188864   36                
188705   33                
188806   46                
188621   23                
188559   22                
188562   27                
188356   31                
188798   35                
188577   28                
188947   33                
188492   29                
188306   39                
188828   21                
188974   30                
188626   27                
188923   38                
188993   24                
188808   28                
188585   20                
188832   52                
188834   32                
188918   20                
188495   24                
188315   66                
189001   45                
189027   20                
188614   36                
188428   42                
188480   34                
188687   20                
188927   25                
188378   55                
188676   395               

=== PID → cumulative energy (pid_to_consumption) [comm="mem_miss"] ===
PID      energy            
188330   62668030000       
188631   51033040000       
188476   50408730000       
188432   48616640000       
188632   45854720000       
188458   50143240000       
188438   51579020000       
188304   35559930000       
188633   50708660000       
188754   48689590000       
188417   53073640000       
188597   57682760000       
188764   45667690000       
188889   42256160000       
188624   53003010000       
188802   48258810000       
188676   32275940000       
188384   44409470000       
188415   47277130000       
188957   37757480000       
188548   46090590000       
188390   53061450000       
188767   43318100000       
188936   44976310000       
189022   38803320000       
188461   42810440000       
188525   47442490000       
188623   43400970000       
188820   35978190000       
188412   43320270000       
188515   52922590000       
188374   55190310000       
188568   49841220000       
188782   45957300000       
188463   47439630000       
188549   50433000000       
188522   50881800000       
188670   42392710000       
188854   46189510000       
188693   49714910000       
188344   49252810000       
188474   46778370000       
188509   45600300000       
188448   52849540000       
189002   30665850000       
188935   21915380000       
188475   50989130000       
188619   41446220000       
188665   55711450000       
188503   55144380000       
188801   47712880000       
188878   23627530000       
188853   42495040000       
188736   54484600000       
188790   47570830000       
188403   52346530000       
188908   40107390000       
188994   42111460000       
188386   63065770000       
188462   52512850000       
188391   37899710000       
188945   35116830000       
188922   34382270000       
188626   42384870000       
188328   53398950000       
188791   51615180000       
188526   58578800000       
188684   39335000000       
188491   56569320000       
188408   44805710000       
188724   38159190000       
188964   30270700000       
188806   43797640000       
188940   35433540000       
188826   44099690000       
188723   46627120000       
188479   57254590000       
188933   43581350000       
188823   49381690000       
189024   26353090000       
188580   52092760000       
188389   49609000000       
188760   45963370000       
188437   56462000000       
188613   39447570000       
188987   36868130000       
188694   37312930000       
188766   43306070000       
188831   47140260000       
188913   39068730000       
188734   44310080000       
188516   47251490000       
188677   54097290000       
189003   33505020000       
188718   47903140000       
188422   60631550000       
188612   52996110000       
188366   42120260000       
188893   40964230000       
188896   45784260000       
188995   38548850000       
188419   54951930000       
188356   53484410000       
188920   43272830000       
188507   60159550000       
188784   37964920000       
188771   38668920000       
188498   51893310000       
188729   55382560000       
188881   48386670000       
188543   49106970000       
188407   53900320000       
188398   48020980000       
188577   51946590000       
189017   34163620000       
188669   49742960000       
188825   37429620000       
188554   64394660000       
188998   32452250000       
188912   37902280000       
188347   54283820000       
188388   61965460000       
188311   40861850000       
188699   43594860000       
188941   31702020000       
188780   52242790000       
189000   30484980000       
188373   54161220000       
188847   34052130000       
188396   50129760000       
188467   40812950000       
189014   38975120000       
188583   46651910000       
188618   42299930000       
188598   45457210000       
188532   57984050000       
188574   55849070000       
188410   53284370000       
188839   49277950000       
188682   37103730000       
188758   52893850000       
188800   51319090000       
188818   46547320000       
188944   37024040000       
188429   54387870000       
188316   44405310000       
188716   41068820000       
188877   37270940000       
188727   43790460000       
188639   60126690000       
188778   44523420000       
188900   41995720000       
188646   47127580000       
188533   31051640000       
188750   41905910000       
188713   48407650000       
188483   48175600000       
189015   31792410000       
188480   47477310000       
188504   54927470000       
188838   41541280000       
188359   44437620000       
188406   39169720000       
188999   28365740000       
188536   49528030000       
188683   43147320000       
188542   45969470000       
188521   44160240000       
188610   55759370000       
188425   55531180000       
188555   43781900000       
188381   52246620000       
188392   50579340000       
188872   40544810000       
188732   57497120000       
188972   28965400000       
188552   53838930000       
188785   37397190000       
188898   34602190000       
188846   41694730000       
188776   40747380000       
188582   49548650000       
188951   39645730000       
188921   35423750000       
188721   43789380000       
188481   53488210000       
188927   42453430000       
188787   46853750000       
188465   45126960000       
189012   21862750000       
188959   42983850000       
188992   41906880000       
188305   50808610000       
188830   49912960000       
188423   37387800000       
188996   19175110000       
188563   54311980000       
188663   52967670000       
188529   57102260000       
188471   53498400000       
188441   50632310000       
188678   56285280000       
188523   54087530000       
188866   44917780000       
188819   41969030000       
188651   60410270000       
188950   29542900000       
188756   49467640000       
188949   37843880000       
188486   40757530000       
188855   52583060000       
188674   47087230000       
188541   43971990000       
188547   50573740000       
188755   46556110000       
188449   60971300000       
188837   33321600000       
188400   55936390000       
188691   35472860000       
188715   56985430000       
188696   46106420000       
188585   55311950000       
188929   30128530000       
188799   50304730000       
188867   34763030000       
188955   34307420000       
188661   46209880000       
188712   48450490000       
188625   49490340000       
188556   54693150000       
188537   52377750000       
188531   52422240000       
188380   43457710000       
188737   61905500000       
188641   50691080000       
188606   51217660000       
188355   51160130000       
188722   45972250000       
188609   49023830000       
188446   64123740000       
188581   45017910000       
188979   25696830000       
188607   49739310000       
188433   48929770000       
188917   41713620000       
188815   47001490000       
188540   57724440000       
188508   36861230000       
188640   43334950000       
188902   38175270000       
188816   42901500000       
189023   30123870000       
188666   53103150000       
188444   50143600000       
188952   38287410000       
188906   41788660000       
188707   48015130000       
188616   50457220000       
188306   57915120000       
188660   35608350000       
188454   55481310000       
188363   53010420000       
188769   45345820000       
188602   48101320000       
188789   41319100000       
188989   34957190000       
188884   37390540000       
188926   40175410000       
188512   54424390000       
188530   51198320000       
188905   41767560000       
188923   41748820000       
188667   39451040000       
188739   41327710000       
188695   47144870000       
188456   38446020000       
188915   33748350000       
188405   55758430000       
188961   41465000000       
188654   53589500000       
188829   44264710000       
188445   48265870000       
188370   52712760000       
188773   37513230000       
188518   56414500000       
188664   44238950000       
188841   48516740000       
188427   47540040000       
188360   57497570000       
188671   53174690000       
188484   52904410000       
188805   46395750000       
188793   36728210000       
189013   36022810000       
188848   38125570000       
188914   39177430000       
188495   43211860000       
188627   35913520000       
188595   42086700000       
188794   44346410000       
188701   53724950000       
188494   58559290000       
188874   43462430000       
188638   52864050000       
188588   46351920000       
188544   45415380000       
188779   50633560000       
188704   41233520000       
188460   55339650000       
188643   45949100000       
188942   39023900000       
188560   42686040000       
188572   36154990000       
188890   42468440000       
188863   43851620000       
188659   45387110000       
188628   42424820000       
188453   44127360000       
188399   52423440000       
188711   45511430000       
188911   36167640000       
188488   57674930000       
188880   41281730000       
188326   54686650000       
188885   40755270000       
188375   49909680000       
188379   52822760000       
188904   46467690000       
188578   44863970000       
188986   27527520000       
188371   53843140000       
188416   56036060000       
188420   62370480000       
188649   43659460000       
188592   58119700000       
188527   43054180000       
188770   52591770000       
188910   34262000000       
188620   56097040000       
188813   33840110000       
188397   52494480000       
188962   34043430000       
188975   36776280000       
188452   54614100000       
188464   60526080000       
188349   53229700000       
188795   54446900000       
188436   49166950000       
188746   55836990000       
188899   42900940000       
188652   40894230000       
188857   44807200000       
188938   41558950000       
188720   38990880000       
188672   49714970000       
188977   38355960000       
188490   51951820000       
188587   50966610000       
188811   44143210000       
188566   38170200000       
188421   49744560000       
188763   37307620000       
188368   56815640000       
188993   35330910000       
188591   43905810000       
188731   37608070000       
188895   32780080000       
188804   41151060000       
188545   58666780000       
188492   49683360000       
188692   56105690000       
188636   44831260000       
188775   48348330000       
188372   49967580000       
188752   42639640000       
188983   35882990000       
188761   39145710000       
188788   49335350000       
188835   45154330000       
188339   51865390000       
188434   45919640000       
188506   50338270000       
188340   54219530000       
188358   47540990000       
188744   55547130000       
188937   35638930000       
188810   38366050000       
188644   55333970000       
188708   48950650000       
188534   49874960000       
188768   54096940000       
188714   45332320000       
188520   53542850000       
188749   47099860000       
188947   40396290000       
188883   35379050000       
189027   35532630000       
188803   45497990000       
188634   50117160000       
188991   39114250000       
188579   50535710000       
188873   42690580000       
188409   55491280000       
188557   47430010000       
188336   56960420000       
188792   42898740000       
188455   58492660000       
188812   42931540000       
188978   39618050000       
188774   39627060000       
188630   51222170000       
188735   49303860000       
188426   40902730000       
188329   47124360000       
189006   32321510000       
188313   63723440000       
188647   51767270000       
188740   53087490000       
188553   48146520000       
189025   22085360000       
188662   48982000000       
188822   36337380000       
188546   51322130000       
188882   34882960000       
188741   55785380000       
189010   33091330000       
188685   40687530000       
188700   52343670000       
188851   42185280000       
188840   44978090000       
188350   47290210000       
188796   42890850000       
189026   24836860000       
188981   42658340000       
188658   50700100000       
188997   29655140000       
188953   44366100000       
188478   51165600000       
188990   37154320000       
188496   51133900000       
188593   62482020000       
188968   36176060000       
188974   38866990000       
188698   46062820000       
188814   43059970000       
188617   59031080000       
188860   41483300000       
188939   45430880000       
188611   50332000000       
188353   48727780000       
188473   56591180000       
188567   50819390000       
188859   37801940000       
188642   46095080000       
189008   33577540000       
188377   53702080000       
188650   45377490000       
188505   49754810000       
188369   56353380000       
188539   46524230000       
188725   44503740000       
188383   41363240000       
188443   49552260000       
188343   56916510000       
188466   56501680000       
189001   31922730000       
188960   44384210000       
188487   47380900000       
188879   46723280000       
188965   40383460000       
188909   33596050000       
188322   53442550000       
188519   49826980000       
188844   43673900000       
188845   42459570000       
188888   30512060000       
188772   43355170000       
188655   40185460000       
188514   47371660000       
188916   43571200000       
188668   45400790000       
188385   42058500000       
188864   42293280000       
188897   47612250000       
188743   45339360000       
188482   56555580000       
188573   46146300000       
188759   48554880000       
188843   50820110000       
188689   38149700000       
188477   53448290000       
188376   56015020000       
188510   52318190000       
188485   57193650000       
188629   38929100000       
188394   46044360000       
188808   42163230000       
188717   55211020000       
188719   37314150000       
188730   49648860000       
188865   49030370000       
188924   46008220000       
188919   44603680000       
188586   52136100000       
188564   41594250000       
188401   50093590000       
188948   44159990000       
188561   52372980000       
188943   42312100000       
188558   44434950000       
188565   56892260000       
188726   41802180000       
188868   33754960000       
189020   26186530000       
188862   54808760000       
188559   47976830000       
188918   36627670000       
188535   48618090000       
188798   47798990000       
188690   49760180000       
188733   47743970000       
189016   35389810000       
188645   51049180000       
188824   39677430000       
188590   48408680000       
188673   53654750000       
188817   46240550000       
188404   66250180000       
188786   44554130000       
188703   48384020000       
188447   53665880000       
188653   48632920000       
189005   42200640000       
188431   47228810000       
188836   28299110000       
188887   40653560000       
188357   39738940000       
189007   33059360000       
188596   52090650000       
188747   38195650000       
188457   58704370000       
188970   41665790000       
188332   59301630000       
188576   49915080000       
188402   57107030000       
188513   59044240000       
188797   42723360000       
188852   40063520000       
188497   49543420000       
188364   45855230000       
188614   52470540000       
188493   48270660000       
189011   27358340000       
188875   41585630000       
188832   44362250000       
188538   56363630000       
188450   55194510000       
188584   57066810000       
188387   52601220000       
188850   45220680000       
188524   55697970000       
188765   34334320000       
188681   54132730000       
188502   35378460000       
188637   44256790000       
188870   37495150000       
188414   44388140000       
188697   47926660000       
188489   37662280000       
188499   50123450000       
188869   38661340000       
188706   49852680000       
188348   63052050000       
188827   36585810000       
188976   33188380000       
189021   37101820000       
188821   48944760000       
188435   48574340000       
188861   36583910000       
188980   31352250000       
188656   38294780000       
188856   42836220000       
188738   61006500000       
188828   42563460000       
188346   51382530000       
188528   42155190000       
188675   49992000000       
189019   14935700000       
188352   58164030000       
188984   36874110000       
188907   56675660000       
188571   46707620000       
188833   46726130000       
188657   54941300000       
188622   35041730000       
188753   47485300000       
188982   32112080000       
188354   55811750000       
188428   52564890000       
188969   44093150000       
188440   57022720000       
188710   45724580000       
188858   54155230000       
188382   53124260000       
188934   48862040000       
189009   43645060000       
188600   49363430000       
188783   48235240000       
188971   30653780000       
188871   44090640000       
188361   54199830000       
188876   38729550000       
188451   53516150000       
188834   48466890000       
188728   41163140000       
188342   58120730000       
188809   50016700000       
188517   56561630000       
188315   55723110000       
188635   59491130000       
188742   48425350000       
188424   59298330000       
188954   44008840000       
188891   37932670000       
188903   42252350000       
188589   41496290000       
188985   35875170000       
188958   47526940000       
188604   60337350000       
188748   51602850000       
188842   44142030000       
188469   41731910000       
188688   54756380000       
188501   59694170000       
188807   45936580000       
188687   58192050000       
188892   33833020000       
188418   52472320000       
188886   51905180000       
188327   49420340000       
188314   59718490000       
189004   33607420000       
188966   48845690000       
188599   52871400000       
188439   61462390000       
188511   58662360000       
188956   41102970000       
188757   56661490000       
188894   39049190000       
188946   47099260000       
188459   43762830000       
188967   36055550000       
188333   46068730000       
188605   51570210000       
188648   44071520000       
188601   49097250000       
188615   49103070000       
188468   58109310000       
188973   41271160000       
188575   46181310000       
188500   45973750000       
188411   50165740000       
188470   56228720000       
188988   26914220000       
188621   35505220000       
188472   48303010000       
188550   45675590000       
188745   40437150000       
188569   46148130000       
188378   45240240000       
188442   44964530000       
188413   58777270000       
188931   41401020000       
188751   39856200000       
188551   48686670000       
188781   42871860000       
188362   53815480000       
188709   43961190000       
188925   32847400000       
188762   50412000000       
188930   42759180000       
188679   50072530000       
188594   48502780000       
188849   35511700000       
188430   49306440000       
188928   50359290000       
188570   55449330000       
188705   50182150000       
188702   44750960000       
188777   39675440000       
188608   48327540000       
188603   40073660000       
188302   59521190000       
188680   38519530000       
188963   43344630000       
189018   31357120000       
188686   40777820000       
188901   41324700000       
188562   42008840000       

[H[JPolling energy-fair scheduler maps every 100 millisecond(s)...
Real time since poller start: 77.608770 s
Filter: comm "mem_miss"
Maps shown: total power consumption 

=== System totals (total) ===
  cpu_time:  2177930020026 ns
  energy:    75878152760000 (units of your kfunc)
  uncore_energy:    973575433739170000 (units of your kfunc)

=== PID → power (EMA) (pid_to_power) [comm="mem_miss"] ===
PID      power             
188647   124               
188580   30                
188888   25                
188908   25                
188926   38                
188616   24                
188849   24                
188627   29                
188540   29                
188991   31                
188510   23                
188885   33                
188796   224               
188747   50                
188347   23                
188618   223               
188503   27                
188691   24                
188757   21                
188399   171               
188911   32                
188581   20                
188807   24                
188827   57                
188499   44                
188721   24                
188372   25                
188677   54                
188530   25                
188688   25                
188750   20                
188692   152               
188634   29                
188933   22                
188694   122               
188382   121               
188943   25                
188588   23                
188966   27                
188972   32                
188784   39                
188670   514               
188706   26                
188887   28                
189012   33                
188497   48                
188404   18                
188868   47                
188641   19                
188463   22                
188987   31                
188950   26                
188552   18                
189023   38                
188528   26                
188800   33                
188578   19                
188763   37                
188574   19                
188769   142               
188679   30                
188924   26                
188638   23                
188732   29                
188916   25                
188684   42                
188998   24                
188690   45                
188379   20                
188790   30                
188802   43                
188771   33                
188628   50                
188579   45                
188984   25                
188352   29                
188409   27                
188846   170               
188919   24                
188486   23                
188965   20                
188971   33                
188996   72                
188789   15                
188590   24                
188512   32                
188390   27                
188672   35                
189000   27                
189018   22                
188703   44                
188753   30                
188637   24                
188513   53                
188316   25                
188976   29                
188483   45                
188719   218               
188751   38                
188891   21                
188910   69                
188715   21                
188646   18                
188900   24                
188909   27                
188606   22                
188362   28                
188962   20                
188953   23                
188314   30                
188538   44                
188361   54                
188478   27                
188517   40                
188487   29                
188983   24                
188685   25                
188995   25                
188470   37                
188603   28                
188955   25                
188357   28                
188720   34                
188877   30                
188970   25                
188726   31                
188698   24                
188611   24                
188376   26                
188922   29                
188414   66                
188838   88                
188597   55                
188304   22                
188659   54                
188438   26                
188369   29                
188664   70                
188342   33                
188678   31                
188673   25                
188777   31                
188819   233               
188340   31                
188364   19                
188902   26                
189020   24                
188831   22                
188520   26                
188557   28                
188704   23                
188793   39                
188504   29                
188906   21                
188640   72                
188472   101               
188445   22                
188375   22                
188774   22                
188305   28                
188667   88                
188895   22                
188425   31                
188429   27                
188349   26                
188625   19                
188565   27                
188686   24                
188668   19                
188490   32                
189022   130               
188604   33                
188645   268               
188644   64                
188951   23                
188824   30                
188563   31                
188397   26                
188837   28                
188410   29                
188529   40                
188767   33                
188954   45                
188370   17                
188615   89                
188311   18                
188845   96                
188898   75                
188981   44                
188465   38                
188454   67                
188761   25                
188894   30                
188884   38                
188830   22                
188847   130               
188550   33                
188533   33                
188467   59                
188988   59                
188843   179               
188842   26                
188403   27                
188450   45                
188882   57                
188989   18                
188857   32                
188979   24                
188736   29                
188509   44                
189002   26                
188608   41                
188546   61                
189005   44                
188561   30                
188936   118               
188421   20                
188854   27                
188639   27                
188841   27                
188542   33                
188716   26                
188473   31                
188853   26                
189006   26                
188940   29                
188353   25                
188508   23                
188749   48                
188458   22                
188355   30                
188511   34                
188441   25                
188792   22                
188494   34                
188876   24                
188394   24                
188744   22                
188765   27                
188519   40                
188759   42                
188925   29                
188883   30                
188817   22                
188722   62                
188666   27                
188412   22                
188939   21                
188623   28                
188826   25                
188545   22                
188978   26                
188568   28                
188825   65                
188785   29                
188990   28                
188697   30                
188368   23                
188595   78                
188662   19                
188835   28                
188905   30                
188594   23                
188867   136               
188582   28                
188862   25                
188969   30                
188754   19                
188735   91                
188708   28                
188653   17                
188856   257               
188333   29                
188431   55                
188571   23                
188583   102               
188643   21                
188779   25                
188934   67                
188435   27                
188443   28                
188602   31                
188371   32                
188787   28                
189009   29                
188439   22                
188500   102               
188963   21                
188496   24                
188791   25                
188560   28                
188452   23                
188878   19                
188783   40                
188620   23                
188567   57                
188840   30                
188770   28                
188903   25                
188418   259               
188702   165               
188424   34                
188525   28                
188558   39                
188896   32                
188958   31                
188630   29                
188745   23                
188651   25                
188804   23                
188598   87                
188446   29                
188344   24                
188434   26                
188956   83                
188897   32                
188766   25                
188760   51                
189007   26                
188889   29                
188681   25                
188541   22                
188493   20                
188739   25                
188695   17                
188564   29                
188810   24                
188522   19                
188481   30                
188663   20                
188794   30                
188731   28                
188788   23                
188941   29                
189014   26                
188411   24                
188515   24                
188949   31                
188501   48                
188482   33                
188457   25                
188693   68                
188566   31                
188879   89                
188536   30                
188471   67                
188928   27                
188886   40                
188814   33                
188865   112               
188980   31                
188985   23                
188329   24                
188343   25                
188875   40                
188534   38                
188491   29                
188680   35                
188982   25                
188907   93                
188613   26                
188523   20                
188502   26                
188756   26                
188656   22                
188426   25                
188964   27                
188762   27                
188813   34                
188518   23                
188821   26                
188764   47                
188920   27                
188326   21                
188844   46                
188485   26                
188866   56                
188748   30                
188959   31                
188700   63                
188488   22                
188723   36                
188815   40                
188852   18                
188937   21                
188422   55                
188451   120               
188339   66                
188539   27                
188484   396               
188359   356               
188402   67                
188782   135               
188388   96                
188489   45                
188811   78                
188850   24                
188799   681               
188669   28                
189016   53                
188699   120               
188742   30                
189024   43                
188648   27                
188358   235               
188812   35                
188652   28                
188389   41                
188575   20                
188373   27                
188537   37                
188823   28                
188859   66                
188701   26                
188718   69                
188551   32                
188363   18                
188398   61                
188605   66                
188506   25                
188977   79                
188612   26                
188973   24                
188999   24                
188302   28                
188960   26                
188474   24                
188836   574               
188733   30                
188461   116               
188724   76                
188861   23                
188758   46                
188992   23                
188396   28                
188952   30                
188416   32                
188570   23                
188948   22                
188975   169               
188380   39                
188901   21                
188405   53                
188707   25                
188476   22                
188709   1173              
188436   41                
188929   40                
188997   230               
188526   23                
188743   24                
188914   23                
188660   29                
188366   60                
188442   21                
188778   30                
188752   123               
188415   21                
188475   26                
188775   19                
188387   81                
188420   710               
188609   120               
188433   46                
188444   25                
188437   23                
188786   227               
188957   22                
188636   39                
188576   62                
188682   27                
188938   79                
188549   35                
188780   34                
188816   22                
188556   51                
188858   113               
188464   42                
188622   29                
188589   82                
188899   21                
188768   40                
188994   99                
188430   19                
188654   28                
188805   29                
188548   24                
188741   23                
188447   294               
188863   36                
188507   29                
188797   38                
188712   26                
188440   944               
188675   30                
188730   43                
188591   42                
188460   45                
188336   46                
188776   28                
188755   23                
188432   161               
189021   30                
188354   31                
188740   41                
188384   29                
188468   24                
188935   31                
188967   56                
188912   25                
188573   28                
188514   35                
188890   104               
188942   131               
188944   23                
188553   23                
188600   28                
188711   29                
188734   28                
189025   26                
188871   52                
188408   25                
188544   39                
188462   25                
188728   37                
188631   29                
188880   52                
188930   26                
188809   21                
188892   42                
188657   24                
188968   20                
189019   34                
188822   24                
188650   514               
188535   48                
188738   28                
188801   38                
188893   29                
188619   877               
188717   48                
188904   25                
188881   26                
188913   27                
188401   400               
188554   32                
188400   25                
188671   23                
188348   46                
188869   27                
188946   35                
188374   37                
188516   79                
188683   20                
188455   31                
188632   23                
188407   22                
188617   38                
188820   55                
188839   46                
188710   43                
188377   47                
188921   81                
188385   24                
188596   34                
188917   21                
188569   24                
188658   167               
189003   31                
188584   27                
188601   40                
188466   22                
188729   49                
188592   28                
188649   24                
188392   23                
188413   40                
188524   33                
189004   48                
188587   27                
188737   20                
188543   83                
188477   33                
188855   20                
188599   30                
188772   19                
188586   26                
188872   29                
188746   30                
189026   22                
188635   21                
188456   37                
188459   26                
188419   30                
188713   23                
188448   24                
189013   27                
188725   27                
189010   51                
188829   55                
189015   148               
188610   45                
188498   25                
188328   19                
188469   22                
188555   24                
188453   32                
188873   24                
188727   25                
189017   34                
188624   50                
188527   21                
188449   25                
188332   31                
188406   35                
188931   30                
188572   22                
188674   39                
188532   33                
188961   46                
188870   29                
188423   27                
188360   22                
188803   21                
188986   31                
188383   21                
188427   29                
188633   72                
188795   29                
188689   20                
188860   24                
188607   22                
188386   85                
188547   181               
188945   84                
188521   25                
188661   32                
189008   23                
188714   56                
189011   28                
188642   97                
188629   27                
188773   46                
188655   47                
188851   80                
188696   36                
188874   42                
188818   22                
188391   28                
188531   20                
188479   744               
188833   33                
188915   31                
188350   77                
188505   43                
188848   26                
188665   23                
188417   23                
188381   26                
188781   74                
188593   65                
188864   23                
188705   33                
188806   36                
188621   27                
188559   42                
188562   90                
188356   30                
188798   23                
188577   25                
188947   28                
188492   31                
188306   29                
188828   29                
188974   93                
188923   48                
188626   24                
188993   27                
188808   25                
188585   32                
188832   32                
188834   75                
188918   29                
188495   36                
188315   60                
189001   34                
189027   69                
188614   36                
188428   48                
188480   30                
188927   141               
188687   29                
188378   27                
188676   32                

=== PID → cumulative energy (pid_to_consumption) [comm="mem_miss"] ===
PID      energy            
188631   52157180000       
188476   55882900000       
188432   48982700000       
188632   49315080000       
188458   52006000000       
188438   52095700000       
188304   36355840000       
188633   51875800000       
188754   52443670000       
188417   54962240000       
188597   58854680000       
188764   46205590000       
188889   43627570000       
188624   54440080000       
188802   49964290000       
188676   35367060000       
188384   49302800000       
188415   48034740000       
188957   39308850000       
188548   49034020000       
188390   58720250000       
188767   46738070000       
188936   46466060000       
189022   40168050000       
188461   45412200000       
188525   47838140000       
188623   46034170000       
188820   37197050000       
188412   45281460000       
188515   54204270000       
188374   58052100000       
188568   53294180000       
188782   46745840000       
188463   50860500000       
188549   50918220000       
188522   55275460000       
188670   43072940000       
188854   49946910000       
188693   51685310000       
188344   50426830000       
188474   48692440000       
188509   49396500000       
188448   54877140000       
189002   34823870000       
188935   22966560000       
188475   53463540000       
188619   43512780000       
188665   58097780000       
188801   52393080000       
188503   57600400000       
188878   26529590000       
188853   45292620000       
188736   55881590000       
188790   50042410000       
188908   41759190000       
188403   53329620000       
188994   43506910000       
188386   66249110000       
188462   55842200000       
188391   39815650000       
188945   39775620000       
188922   36258460000       
188626   47425470000       
188328   55293360000       
188791   51860700000       
188526   61896370000       
188684   44819770000       
188408   46299250000       
188491   59022670000       
188724   38968060000       
188964   32583310000       
188806   44422960000       
188940   35949140000       
188826   45234460000       
188723   49661930000       
188479   57276110000       
188933   44537970000       
188823   50116120000       
189024   27777850000       
188580   55942130000       
188389   52113690000       
188760   46848560000       
188437   57195010000       
188613   40204250000       
188987   41866450000       
188766   45205620000       
188694   37522120000       
188831   48749590000       
188913   39738110000       
188734   45035030000       
188516   49923150000       
188677   58625310000       
188718   49877500000       
189003   37447900000       
188422   61059260000       
188612   56624380000       
188366   44718330000       
188893   44577350000       
188896   46005810000       
188995   40392310000       
188419   57131200000       
188356   55270880000       
188920   47636230000       
188507   62328880000       
188784   41421180000       
188771   40513410000       
188498   54009990000       
188729   57049820000       
188881   51437830000       
188543   49785690000       
188407   57996190000       
188398   48020980000       
188577   53072200000       
189017   37536390000       
188669   50437680000       
188825   38118410000       
188554   66470030000       
188998   34531260000       
188912   42926800000       
188347   57591880000       
188388   62546990000       
188311   43952680000       
188699   45078450000       
188780   52943940000       
188941   36312610000       
189000   34699860000       
188373   56576980000       
188847   36330510000       
188396   52030540000       
188467   41076610000       
189014   41598450000       
188583   46847840000       
188618   47293200000       
188598   46940430000       
188532   62098220000       
188574   58360040000       
188410   57988030000       
188682   40744810000       
188839   52284850000       
188758   56576100000       
188800   55037870000       
188818   49950960000       
188944   38583050000       
188429   57870670000       
188316   46516380000       
188716   42693270000       
188877   38025360000       
188727   44544570000       
188639   63347320000       
188778   46586850000       
188900   44353790000       
188646   48029220000       
188533   31820700000       
188750   43209310000       
188713   53954500000       
188483   48637940000       
189015   32388900000       
188480   48459950000       
188504   56207970000       
188838   43997650000       
188359   45035610000       
188406   42063170000       
188999   30461820000       
188536   52512550000       
188683   43999520000       
188542   46337510000       
188521   45986230000       
188610   58138440000       
188425   58682430000       
188555   45256060000       
188381   55300120000       
188392   51250120000       
188872   41357180000       
188732   61136680000       
188972   30661440000       
188785   40079490000       
188552   57762340000       
188898   35812480000       
188846   46111110000       
188582   50955090000       
188776   42827470000       
188951   45705940000       
188921   36767340000       
188721   45774850000       
188481   55932230000       
188927   43339640000       
188787   49696250000       
188465   46199510000       
189012   22284960000       
188959   44691340000       
188992   47356560000       
188305   53628540000       
188830   52957120000       
188423   38591870000       
188996   19690390000       
188563   56231680000       
188663   53522010000       
188529   59662210000       
188471   57677340000       
188441   52682850000       
188678   57659320000       
188523   55857450000       
188866   49678830000       
188819   43823100000       
188651   63597520000       
188950   32319210000       
188756   50802500000       
188949   39947590000       
188486   43773600000       
188855   53219790000       
188674   49664550000       
188541   45253100000       
188547   53236270000       
188755   47932150000       
188449   62663500000       
188837   38254490000       
188400   59114480000       
188691   36717490000       
188715   58529590000       
188696   46515670000       
188585   55885390000       
188929   32425860000       
188799   51380920000       
188867   35447090000       
188955   36758600000       
188661   50035420000       
188712   49995730000       
188625   52819040000       
188556   55421640000       
188537   57591090000       
188531   55992670000       
188380   46157300000       
188641   52010160000       
188737   64794750000       
188355   52530050000       
188606   53460830000       
188722   47465940000       
188609   51895380000       
188446   65268340000       
188581   48456160000       
188979   28111510000       
188607   50982590000       
188433   50417760000       
188917   44801930000       
188815   47044990000       
188540   57724440000       
188508   37932260000       
188640   46610020000       
188902   40952840000       
188816   44018890000       
189023   31544510000       
188666   53103150000       
188444   53699820000       
188952   39224440000       
188906   42490700000       
188707   51121990000       
188616   53309070000       
188306   60718110000       
188660   37880690000       
188454   56928920000       
188363   57692720000       
188769   48372530000       
188602   50813400000       
188789   42241780000       
188989   37784220000       
188884   38856000000       
188926   41381950000       
188512   55685340000       
188530   53219070000       
188905   46087910000       
188923   41974810000       
188667   42974690000       
188739   44418230000       
188695   47919250000       
188456   39236610000       
188915   36720040000       
188405   55758430000       
188961   42041490000       
188654   57448210000       
188829   44878720000       
188445   51465710000       
188370   54807930000       
188773   43291930000       
188518   56458450000       
188664   45213650000       
188841   52503650000       
188427   48687650000       
188360   61050370000       
188671   54423920000       
188484   55212450000       
188805   47859980000       
188793   38739180000       
189013   37828520000       
188848   39817310000       
188914   41340570000       
188495   44628170000       
188627   37532610000       
188794   47951610000       
188595   43286190000       
188701   55815720000       
188494   60511510000       
188874   47276380000       
188638   57710230000       
188588   48375380000       
188544   46739840000       
188779   50657050000       
188704   44978340000       
188460   59347510000       
188643   47002420000       
188942   40421480000       
188560   47327110000       
188890   48272980000       
188863   49963390000       
188659   54573720000       
188628   48921500000       
188711   50871540000       
188911   43069250000       
188488   70831950000       
188880   50431590000       
188885   50667030000       
188904   51066930000       
188578   52459770000       
188986   33909220000       
188649   52234610000       
188592   72642720000       
188527   52766760000       
188770   59455980000       
188910   44467410000       
188620   64230040000       
188813   41210600000       
188962   43928320000       
188975   42016300000       
188795   64092810000       
188746   61648280000       
188899   50383340000       
188652   47851230000       
188857   51532590000       
188938   47449810000       
188720   49283080000       
188672   52002010000       
188587   63225940000       
188977   42233570000       
188811   51822810000       
188566   52408670000       
188763   43504930000       
188993   40166540000       
188591   59393880000       
188731   48090230000       
188895   42187870000       
188804   51961980000       
188492   63786200000       
188692   65133480000       
188636   54759600000       
188775   57518480000       
188752   49088360000       
188983   46925670000       
188761   47372900000       
188788   61562000000       
188835   52634640000       
188744   65641770000       
188937   45465970000       
188810   46911120000       
188644   60917440000       
188708   57145920000       
188768   59785220000       
188714   52481550000       
188749   52048800000       
189027   43830330000       
188947   51598780000       
188883   41959450000       
188803   52485330000       
188634   54771170000       
188991   47993250000       
188873   52321740000       
188792   49084160000       
188812   44807320000       
188630   61044010000       
188978   45432910000       
188774   46431680000       
188735   52726990000       
189006   40474680000       
188647   60273830000       
188740   58479350000       
189025   27607640000       
188662   59754120000       
188822   41932610000       
188882   42688400000       
188741   59501560000       
189010   42387870000       
188685   50752890000       
188700   58008270000       
188840   52494980000       
188851   50295230000       
188796   51797150000       
189026   33396320000       
188981   48192020000       
188658   57190960000       
188997   39130940000       
188953   51518550000       
188990   42324380000       
188968   43616250000       
188974   47033260000       
188698   54081640000       
188814   57192050000       
188617   72669620000       
188860   52434700000       
188939   53017790000       
188859   43891250000       
188642   49773030000       
189008   42944090000       
188650   52560650000       
188725   54436750000       
189001   47965330000       
188960   50108670000       
188879   52637450000       
188965   45740870000       
188909   43869550000       
188844   49614580000       
188845   49049660000       
188888   38812690000       
188772   52094170000       
188655   46631580000       
188916   50513120000       
188668   55857440000       
188864   48276010000       
188743   51161000000       
188897   52403040000       
188759   53908240000       
188843   56736550000       
188689   44615040000       
188629   52022170000       
188717   65097110000       
188808   47512770000       
188719   44228860000       
188730   57000380000       
188865   57335710000       
188924   56398070000       
188919   52241540000       
188586   65775420000       
188948   50208910000       
188943   52941940000       
188726   46450990000       
188868   43404610000       
189020   35581130000       
188862   61675490000       
188918   43408300000       
188690   55743330000       
188798   53177160000       
188733   62038890000       
189016   44960110000       
188645   56845460000       
188824   50196090000       
188673   61067600000       
188817   51935300000       
188786   52124380000       
188703   58599550000       
188653   58098980000       
189005   51077280000       
188836   34446070000       
188887   46217420000       
189007   43640220000       
188747   47154220000       
188970   52603440000       
188797   52824280000       
188513   68360210000       
188852   44725230000       
188614   60501650000       
189011   29228900000       
188875   46960040000       
188832   54763250000       
188850   53996140000       
188765   44838860000       
188681   59931970000       
188637   52298640000       
188870   44932720000       
188697   56459650000       
188489   51410970000       
188869   45424510000       
188706   57587730000       
188976   37196530000       
188827   48519410000       
189021   41867020000       
188821   56519190000       
188861   44949080000       
188980   39559300000       
188656   41259710000       
188856   50604780000       
188738   68521680000       
188828   51317800000       
188675   59678240000       
189019   19993350000       
188984   46174010000       
188907   63104810000       
188833   56443650000       
188657   62059060000       
188622   48067630000       
188753   54124530000       
188982   39256030000       
188969   51126700000       
188710   55023970000       
188858   65012000000       
188934   56933650000       
189009   50317190000       
188783   56812140000       
188971   37865530000       
188871   48291510000       
188876   43382010000       
188834   54826010000       
188728   50896050000       
188809   56446410000       
188635   66330540000       
188742   56078160000       
188954   51260750000       
188891   46182090000       
188903   48100660000       
188985   41726100000       
188958   50232930000       
188748   57660900000       
188842   52347660000       
188688   62661780000       
188807   53628570000       
188687   66726630000       
188892   41414150000       
188886   61627500000       
189004   44724690000       
188966   57064220000       
188956   47888560000       
188894   42966450000       
188757   65970080000       
188946   58535320000       
188967   43418300000       
188648   52645330000       
188973   48068820000       
188988   38544080000       
188745   48342110000       
188931   50211040000       
188751   45245500000       
188781   49736860000       
188709   52081420000       
188925   40630030000       
188762   58496230000       
188930   46821280000       
188679   56154530000       
188849   50390920000       
188928   60046140000       
188705   54312840000       
188702   52376830000       
188777   49126650000       
188680   45220240000       
188963   51393050000       
189018   37243270000       
188686   48950030000       
188901   50133120000       

[H[JPolling energy-fair scheduler maps every 100 millisecond(s)...
Real time since poller start: 82.558973 s
Filter: comm "mem_miss"
Maps shown: total power consumption 

=== System totals (total) ===
  cpu_time:  2418116398540 ns
  energy:    82792363260000 (units of your kfunc)
  uncore_energy:    973578046470350000 (units of your kfunc)

=== PID → power (EMA) (pid_to_power) [comm="mem_miss"] ===
PID      power             
188647   30                
188888   41                
188908   40                
188926   34                
188849   40                
188991   41                
188885   40                
188796   31                
188747   38                
188691   26                
188757   44                
188911   36                
188807   43                
188827   39                
188721   37                
188677   28                
188688   27                
188750   37                
188933   44                
188694   30                
188943   41                
188966   50                
188972   46                
188784   38                
188706   30                
188887   42                
189012   40                
188868   46                
188987   44                
188950   45                
189023   40                
188800   45                
188763   50                
188769   36                
188924   47                
188732   49                
188916   48                
188998   43                
188790   42                
188802   51                
188771   34                
188984   43                
188846   40                
188919   46                
188965   44                
188971   35                
188996   38                
188789   40                
189000   41                
189018   47                
188753   41                
188976   46                
188719   44                
188751   41                
188891   36                
188910   38                
188900   40                
188909   35                
188953   36                
188962   36                
188983   39                
188995   40                
188955   35                
188720   38                
188877   38                
188970   44                
188726   37                
188922   40                
188838   38                
188777   33                
188819   40                
188902   40                
189020   38                
188831   43                
188793   36                
188906   34                
188774   43                
188895   36                
189022   42                
188951   44                
188824   43                
188837   38                
188767   38                
188954   34                
188845   38                
188981   38                
188898   37                
188761   41                
188894   54                
188884   41                
188830   42                
188847   47                
188988   40                
188843   36                
188842   35                
188882   47                
188989   44                
188857   38                
188979   41                
188736   44                
189002   38                
189005   42                
188936   41                
188854   35                
188841   46                
188853   44                
189006   45                
188940   42                
188749   45                
188792   45                
188876   40                
188744   45                
188765   34                
188759   39                
188925   41                
188883   40                
188817   39                
188722   44                
188939   38                
188826   37                
188978   36                
188825   36                
188785   36                
188990   42                
188835   37                
188905   47                
188867   40                
188862   39                
188969   38                
188735   39                
188754   37                
188856   36                
188779   41                
188934   42                
188787   40                
189009   37                
188963   42                
188791   52                
188878   39                
188783   44                
188840   42                
188770   40                
188903   38                
188896   44                
188958   44                
188745   40                
188804   41                
188956   39                
188897   36                
188766   39                
188760   43                
189007   34                
188889   39                
188739   38                
188810   36                
188794   37                
188731   35                
188788   33                
188941   37                
189014   46                
188949   35                
188879   40                
188928   39                
188886   38                
188814   38                
188865   38                
188980   37                
188985   37                
188875   41                
188982   33                
188907   38                
188756   35                
188964   38                
188762   39                
188813   36                
188821   38                
188764   42                
188920   41                
188844   37                
188866   37                
188748   36                
188959   38                
188723   41                
188815   38                
188852   43                
188937   36                
188782   40                
188489   26                
188811   46                
188850   40                
188799   45                
189016   39                
188742   40                
189024   48                
188812   46                
188823   42                
188859   39                
188977   44                
188973   43                
188999   39                
188960   41                
188836   38                
188733   36                
188724   41                
188861   41                
188758   45                
188992   50                
188952   34                
188948   48                
188975   36                
188901   37                
188929   42                
188997   43                
188743   37                
188914   34                
188778   27                
188752   26                
188775   27                
188786   33                
188957   31                
188938   39                
188780   33                
188816   41                
188858   32                
188899   34                
188768   31                
188994   44                
188805   36                
188741   28                
188863   34                
188797   32                
188776   36                
188755   29                
189021   38                
188740   24                
188935   44                
188967   44                
188912   40                
188890   35                
188944   45                
188942   46                
188734   28                
189025   43                
188871   44                
188728   27                
188880   43                
188930   46                
188809   41                
188892   44                
188968   47                
189019   36                
188822   42                
188801   39                
188893   46                
188904   46                
188881   38                
188913   44                
188869   42                
188946   40                
188839   40                
188820   40                
188921   41                
188917   46                
189003   47                
189004   47                
188855   43                
188872   39                
189026   43                
189013   37                
188448   82                
189010   46                
188829   45                
189015   44                
188873   39                
189017   41                
188931   42                
188961   41                
188870   44                
188803   51                
188986   46                
188795   45                
188860   57                
188945   38                
189008   40                
189011   37                
188851   38                
188874   39                
188818   50                
188833   32                
188915   44                
188848   39                
188864   48                
188806   43                
188798   42                
188947   53                
188828   34                
188974   33                
188923   41                
188993   40                
188808   47                
188832   42                
188834   40                
188918   33                
189001   46                
189027   33                
188927   42                

=== PID → cumulative energy (pid_to_consumption) [comm="mem_miss"] ===
PID      energy            
188889   53671520000       
188802   58945460000       
188957   52700890000       
188936   56369070000       
189022   48832060000       
188820   47370700000       
188854   55617230000       
188448   65780140000       
189002   41104010000       
188935   31469320000       
188801   63228000000       
188878   33307870000       
188853   51265460000       
188790   55944230000       
188908   48554530000       
188994   50538190000       
188945   48933210000       
188922   42332960000       
188791   60516970000       
188964   40723060000       
188806   53984340000       
188940   45949840000       
188826   48062890000       
188933   51654570000       
188823   57579300000       
189024   31270070000       
188987   48634660000       
188913   48462100000       
188831   55467320000       
189003   47852030000       
188893   51653230000       
188896   53307130000       
188995   49492380000       
188920   56764670000       
188881   61687280000       
189017   46582610000       
188825   41978520000       
188998   41542580000       
188912   51094500000       
188941   45792860000       
189000   44004000000       
188847   44498290000       
189014   53557930000       
188839   61225080000       
188800   66634100000       
188818   56827050000       
188944   45837840000       
188877   44671480000       
188778   58095670000       
188900   52479980000       
189015   40910000000       
188838   52921980000       
188999   37817630000       
188872   50955240000       
188972   41635970000       
188898   44093120000       
188846   52655180000       
188951   53637780000       
188921   44352950000       
188927   50799680000       
189012   28115490000       
188959   52822370000       
188992   56758550000       
188830   59390170000       
188996   28378980000       
188866   56056120000       
188819   51285190000       
188950   40882530000       
188949   45487240000       
188855   63791330000       
188837   48843430000       
188929   41312000000       
188799   60301290000       
188867   42327740000       
188955   45490630000       
188979   35773150000       
188917   54274330000       
188815   55174720000       
188902   49999600000       
188816   54588150000       
189023   38573130000       
188952   44578860000       
188906   47878270000       
188989   44179230000       
188884   49247080000       
188926   46996640000       
188905   53988830000       
188923   53609600000       
188915   46261380000       
188961   49046400000       
188829   53470080000       
188841   63426700000       
188805   57946530000       
188793   49318270000       
189013   45040320000       
188848   49615320000       
188914   48570440000       
188794   61884440000       
188874   56289640000       
188942   49014280000       
188890   51232890000       
188863   52988770000       
188911   46283190000       
188880   53497100000       
188885   53304830000       
188904   53917780000       
188986   37144850000       
188910   47688470000       
188813   44425470000       
188962   46989740000       
188975   43904550000       
188795   67001780000       
188899   53598500000       
188857   54486990000       
188938   50747970000       
188977   45336370000       
188811   54700210000       
188993   42881970000       
188895   45257910000       
188804   55072290000       
188983   49361150000       
188835   55329020000       
188937   48489630000       
188810   49910500000       
189027   46738510000       
188883   44663320000       
188947   54817180000       
188803   55418200000       
188991   50685500000       
188873   55145070000       
188792   51987120000       
188812   48255840000       
188978   47675610000       
189006   43646670000       
189025   30703380000       
188822   44633280000       
188882   45847570000       
189010   45248370000       
188851   53036590000       
188840   55298630000       
188796   54600810000       
189026   36283490000       
188981   51002040000       
188997   42076900000       
188953   54460720000       
188990   45545620000       
188968   46580120000       
188974   50225650000       
188814   60316600000       
188860   55285810000       
188939   55960200000       
188859   46895730000       
189008   45827520000       
189001   51517550000       
188960   53384170000       
188879   55825150000       
188965   48830420000       
188909   46917950000       
188844   52679750000       
188845   52212000000       
188888   42069490000       
188916   53222300000       
188864   51398780000       
188897   54599660000       
188843   59513770000       
188808   50602910000       
188865   60215570000       
188924   59096620000       
188919   54639860000       
188948   53262360000       
188943   56277370000       
188868   46115310000       
189020   38697550000       
188862   64800980000       
188918   46404210000       
188798   56438520000       
189016   47508000000       
188824   52968410000       
188817   55432530000       
189005   54658190000       
188836   37287860000       
188887   49061800000       
189007   46576640000       
188970   55741480000       
188797   55911750000       
188852   47894960000       
189011   32465730000       
188875   49812500000       
188832   57886750000       
188850   57247670000       
188870   47668930000       
188489   51410970000       
188869   48298110000       
188976   40054800000       
188827   51635560000       
189021   44645620000       
188821   59509950000       
188861   47915060000       
188980   42031700000       
188856   53629080000       
188828   54795760000       
189019   23004250000       
188984   49087260000       
188907   65737060000       
188833   59322990000       
188982   41990880000       
188969   53938290000       
188858   67940700000       
188934   59822100000       
189009   53384010000       
188971   40476780000       
188871   51177440000       
188876   46832660000       
188834   58202790000       
188809   59268450000       
188954   54492270000       
188891   49280700000       
188903   50853710000       
188985   44530850000       
188958   53245640000       
188842   55398390000       
188807   56512950000       
188892   44538870000       
188886   64479060000       
189004   47837230000       
188966   59975770000       
188956   51103910000       
188894   45893860000       
188946   61664120000       
188967   45863650000       
188973   51454580000       
188988   41751280000       
188931   53546020000       
188925   43738640000       
188930   49870890000       
188849   53227090000       
188928   62842590000       
188963   54450430000       
189018   40274900000       
188901   53306610000       

[H[JPolling energy-fair scheduler maps every 100 millisecond(s)...
Real time since poller start: 83.339151 s
Filter: comm "mem_miss"
Maps shown: total power consumption 

=== System totals (total) ===
  cpu_time:  2448937910692 ns
  energy:    83985080130000 (units of your kfunc)
  uncore_energy:    973578391304600000 (units of your kfunc)

=== PID → power (EMA) (pid_to_power) [comm="mem_miss"] ===
PID      power             
188888   41                
188908   42                
188926   41                
188849   43                
188991   33                
188885   47                
188796   36                
188911   40                
188807   39                
188827   43                
188933   38                
188943   40                
188966   34                
188972   39                
188887   38                
189012   41                
188868   37                
188987   49                
188950   44                
189023   43                
188800   39                
188924   44                
188916   40                
188998   47                
188790   51                
188802   43                
188984   39                
188846   55                
188919   44                
188965   42                
188971   43                
188996   51                
189000   38                
189018   45                
188976   35                
188891   54                
188910   39                
188900   37                
188909   44                
188953   43                
188962   43                
188983   41                
188995   51                
188955   38                
188877   46                
188970   40                
188922   39                
188838   41                
188819   51                
188902   41                
189020   44                
188831   38                
188793   40                
188906   44                
188895   47                
189022   44                
188951   43                
188824   37                
188837   44                
188954   44                
188845   40                
188981   39                
188898   43                
188894   44                
188884   42                
188830   43                
188847   45                
188988   46                
188843   45                
188842   44                
188882   42                
188989   38                
188857   43                
188979   62                
189002   46                
189005   55                
188936   45                
188854   41                
188841   42                
188853   38                
189006   42                
188940   44                
188792   56                
188876   38                
188925   47                
188883   45                
188817   43                
188939   37                
188826   42                
188978   48                
188825   43                
188990   44                
188835   37                
188905   47                
188867   44                
188862   39                
188969   40                
188856   37                
188934   40                
189009   39                
188963   47                
188791   37                
188878   41                
188840   33                
188903   38                
188896   42                
188958   49                
188804   39                
188956   54                
188897   45                
189007   49                
188889   47                
188810   40                
188794   41                
188941   37                
189014   36                
188949   39                
188879   49                
188928   41                
188886   43                
188814   40                
188865   36                
188980   51                
188985   47                
188875   36                
188907   38                
188982   39                
188964   41                
188813   37                
188821   46                
188920   38                
188844   41                
188866   42                
188959   39                
188815   42                
188852   43                
188937   35                
188489   26                
188811   56                
188850   51                
188799   46                
189016   51                
189024   37                
188812   40                
188823   47                
188859   40                
188977   48                
188973   42                
188999   42                
188960   47                
188836   39                
188861   50                
188992   38                
188952   36                
188948   39                
188975   39                
188901   46                
188929   39                
188997   41                
188914   41                
188778   33                
188957   40                
188938   46                
188816   43                
188858   41                
188899   42                
188994   40                
188805   37                
188863   43                
188797   48                
189021   42                
188935   37                
188967   43                
188912   41                
188890   34                
188942   44                
188944   38                
189025   41                
188871   40                
188880   42                
188930   44                
188809   42                
188892   39                
188968   42                
189019   45                
188822   44                
188801   42                
188893   53                
188904   44                
188881   44                
188913   44                
188869   41                
188946   44                
188820   39                
188839   47                
188921   38                
188917   44                
189003   60                
189004   47                
188855   47                
188872   46                
189026   44                
189013   44                
188448   82                
189010   51                
188829   41                
189015   49                
188873   42                
189017   47                
188931   40                
188961   40                
188870   51                
188803   44                
188986   54                
188795   43                
188860   46                
188945   34                
189008   42                
189011   38                
188851   45                
188818   43                
188874   43                
188833   42                
188915   50                
188848   38                
188864   47                
188806   48                
188798   40                
188947   56                
188828   38                
188974   36                
188923   39                
188993   37                
188808   35                
188832   42                
188834   55                
188918   39                
189001   40                
189027   45                
188927   44                

=== PID → cumulative energy (pid_to_consumption) [comm="mem_miss"] ===
PID      energy            
188889   56106960000       
188802   61236090000       
188957   55149800000       
188936   58789450000       
189022   51097790000       
188820   49783100000       
188854   58252990000       
188448   65780140000       
188935   33415570000       
189002   43301590000       
188801   65743270000       
188878   35866990000       
188853   53612130000       
188790   58832140000       
188908   50905560000       
188994   52815150000       
188945   51098150000       
188922   44599510000       
188791   62983820000       
188964   43141860000       
188806   56845660000       
188940   48626000000       
188826   49997400000       
188933   54123710000       
188823   60209920000       
189024   33551900000       
188987   51034860000       
188831   57747480000       
188913   50452000000       
189003   50218520000       
188893   53935660000       
188896   56142820000       
188995   52008800000       
188920   59163200000       
188881   64193180000       
189017   49273970000       
188825   44231050000       
188998   43648490000       
188912   53535900000       
188941   48044900000       
189000   46560780000       
188847   46515970000       
189014   55819180000       
188839   63909900000       
188800   69096870000       
188818   59265780000       
188944   47957620000       
188877   47048030000       
188778   58095670000       
188900   55019540000       
189015   43353830000       
188838   55354510000       
188999   40193970000       
188872   53493060000       
188972   44133950000       
188898   46501560000       
188846   55456510000       
188951   56163050000       
188921   46481540000       
188927   53238880000       
189012   30560820000       
188959   54858540000       
188992   59216090000       
188830   61498620000       
188996   30816810000       
188866   58366460000       
188819   53947990000       
188950   43375390000       
188949   47865490000       
188855   65961310000       
188837   50880940000       
188929   43876860000       
188867   44639170000       
188799   62654670000       
188955   48041130000       
188979   38418250000       
188917   57034970000       
188815   57596640000       
188902   52358000000       
188816   57136620000       
189023   40729980000       
188952   47175420000       
188906   50482410000       
188989   46925660000       
188884   51297700000       
188926   49635460000       
188905   56501620000       
188923   56412310000       
188915   48724740000       
188961   51155300000       
188829   56073400000       
188841   66180110000       
188805   60401750000       
188793   51992710000       
189013   47290810000       
188848   52384810000       
188914   50839070000       
188794   64013830000       
188874   58761110000       
188942   51476740000       
188890   53589400000       
188863   55340790000       
188911   48692550000       
188880   56346850000       
188885   55518390000       
188904   55905580000       
188986   39461870000       
188910   50229290000       
188813   46585840000       
188962   49338640000       
188975   46190900000       
188795   69651800000       
188899   56028950000       
188857   56513310000       
188938   53376160000       
188977   47578320000       
188811   56974560000       
188993   45054860000       
188895   47368940000       
188804   57498090000       
188983   51968260000       
188835   57832980000       
188937   51286590000       
188810   52252140000       
188883   47204970000       
189027   49116350000       
188947   57504600000       
188803   58015350000       
188991   52877420000       
188873   57516190000       
188792   54155990000       
188812   50577470000       
188978   49718930000       
189006   45937760000       
189025   33066650000       
188822   47129780000       
188882   48334000000       
189010   47652870000       
188840   57703400000       
188851   55473240000       
188796   57069530000       
189026   38741960000       
188981   53149560000       
188997   43777820000       
188953   56461940000       
188990   47926890000       
188968   49169980000       
188974   52698980000       
188814   62639510000       
188860   57561240000       
188939   58741250000       
188859   49247530000       
189008   47715780000       
189001   54131530000       
188960   56188210000       
188879   58601840000       
188965   51652590000       
188909   49527290000       
188844   55612630000       
188845   54689140000       
188888   44872740000       
188916   55504240000       
188864   53839540000       
188897   57159930000       
188843   62402140000       
188808   52998140000       
188865   62614390000       
188924   61529610000       
188919   57005430000       
188948   55695050000       
188943   58980850000       
188868   48519310000       
189020   41459390000       
188862   67172750000       
188918   48941240000       
188798   58771270000       
189016   49867770000       
188824   55129760000       
188817   58025990000       
189005   57161070000       
188836   39692180000       
188887   51510640000       
189007   49083620000       
188970   57930190000       
188797   58328090000       
188852   50740860000       
189011   34988610000       
188875   52143070000       
188832   60314830000       
188850   59668940000       
188870   49785020000       
188489   51410970000       
188869   50474100000       
188827   54133620000       
188976   42248560000       
188827   54133620000       
189021   47075640000       
188821   61805960000       
188861   50894860000       
188980   44281940000       
188856   56420290000       
188828   57301910000       
189019   25049820000       
188984   51470880000       
188907   68729760000       
188833   61835770000       
188982   44915820000       
188969   56673430000       
188858   70600910000       
188934   62106490000       
189009   55840860000       
188971   43103130000       
188871   53835550000       
188876   49449370000       
188834   60289920000       
188809   61467230000       
188954   56820470000       
188891   51655710000       
188903   53282110000       
188985   46999430000       
188958   56512560000       
188842   57816270000       
188807   59154110000       
188892   47313520000       
188886   66754570000       
189004   50580770000       
188966   62751500000       
188956   53552660000       
188894   48251260000       
188946   64409950000       
188967   48655090000       
188973   53990150000       
188988   44429520000       
188931   56160910000       
188925   46319020000       
188930   52551260000       
188849   55427580000       
188928   65090240000       
188963   57064830000       
189018   42616920000       
188901   55591760000       

[H[JPolling energy-fair scheduler maps every 100 millisecond(s)...
Real time since poller start: 83.793215 s
Filter: comm "mem_miss"
Maps shown: total power consumption 

=== System totals (total) ===
  cpu_time:  2462535512995 ns
  energy:    84584441360000 (units of your kfunc)
  uncore_energy:    973578676593180000 (units of your kfunc)

=== PID → power (EMA) (pid_to_power) [comm="mem_miss"] ===
PID      power             
188888   41                
188908   37                
188926   42                
188849   41                
188991   57                
188885   40                
188796   35                
188911   44                
188807   47                
188827   48                
188933   43                
188943   41                
188966   36                
188972   44                
188887   39                
189012   41                
188868   38                
188987   40                
188950   52                
189023   45                
188800   42                
188924   44                
188916   50                
188998   42                
188790   45                
188802   48                
188984   47                
188846   45                
188919   47                
188965   40                
188996   41                
188971   42                
189000   47                
189018   45                
188976   54                
188891   48                
188910   43                
188900   38                
188909   45                
188953   50                
188962   42                
188983   41                
188995   41                
188955   39                
188877   40                
188970   42                
188922   42                
188838   38                
188819   39                
188902   45                
189020   43                
188831   42                
188793   38                
188906   43                
188895   35                
189022   38                
188951   42                
188824   39                
188837   48                
188954   45                
188845   47                
188981   48                
188898   46                
188894   47                
188884   44                
188830   42                
188847   43                
188988   46                
188843   41                
188842   40                
188882   37                
188989   39                
188857   47                
188979   41                
189002   45                
189005   45                
188936   43                
188854   38                
188841   38                
188853   49                
189006   44                
188940   41                
188792   51                
188876   43                
188925   44                
188883   39                
188817   48                
188939   42                
188826   36                
188978   37                
188825   41                
188990   41                
188835   36                
188905   47                
188867   42                
188862   43                
188969   35                
188856   45                
188934   49                
189009   39                
188963   41                
188791   35                
188878   40                
188840   39                
188903   40                
188896   36                
188958   43                
188804   48                
188956   41                
188897   44                
189007   48                
188889   41                
188810   36                
188794   44                
188941   37                
189014   40                
188949   43                
188879   49                
188928   47                
188886   46                
188814   47                
188865   41                
188980   45                
188985   51                
188875   39                
188982   38                
188907   38                
188964   43                
188813   45                
188821   55                
188920   42                
188844   41                
188866   45                
188959   36                
188815   36                
188852   42                
188937   52                
188489   26                
188811   39                
188850   40                
188799   46                
189016   43                
189024   35                
188812   50                
188823   39                
188859   47                
188977   43                
188973   36                
188999   42                
188960   41                
188836   41                
188861   42                
188992   40                
188952   38                
188948   42                
188975   48                
188901   42                
188929   42                
188997   38                
188914   41                
188778   33                
188957   35                
188938   48                
188816   41                
188858   58                
188899   42                
188994   41                
188805   43                
188863   41                
188797   43                
189021   42                
188935   34                
188967   36                
188912   44                
188890   39                
188944   39                
188942   37                
189025   45                
188871   38                
188880   36                
188930   33                
188809   41                
188892   39                
188968   39                
189019   39                
188822   38                
188801   48                
188893   37                
188904   44                
188881   41                
188913   37                
188869   41                
188946   43                
188839   45                
188820   46                
188921   42                
188917   54                
189003   41                
189004   36                
188855   38                
188872   38                
189026   43                
189013   44                
188448   82                
189010   60                
188829   58                
189015   43                
188873   41                
189017   43                
188931   45                
188961   39                
188870   48                
188803   42                
188986   39                
188795   34                
188860   44                
188945   53                
189008   38                
189011   44                
188851   50                
188874   46                
188818   44                
188833   42                
188915   42                
188848   41                
188864   37                
188806   41                
188798   47                
188947   37                
188828   40                
188974   37                
188993   42                
188923   43                
188808   46                
188832   43                
188834   40                
188918   40                
189001   40                
189027   51                
188927   38                

=== PID → cumulative energy (pid_to_consumption) [comm="mem_miss"] ===
PID      energy            
188889   58606010000       
188802   63372030000       
188957   57393270000       
188936   61265650000       
189022   53235070000       
188820   52488210000       
188854   60265660000       
188448   65780140000       
188935   35949060000       
189002   45378040000       
188801   68187440000       
188878   38418700000       
188853   55783240000       
188790   61672220000       
188908   53381270000       
188994   55261160000       
188945   53277850000       
188922   47344290000       
188791   65890990000       
188964   46032330000       
188806   59159940000       
188940   51164460000       
188826   52666480000       
188933   56629470000       
188823   62587390000       
189024   35901560000       
188987   53152920000       
188913   53131470000       
188831   60286550000       
189003   52546050000       
188893   56535010000       
188896   58616690000       
188995   54519490000       
188920   61746010000       
188881   66789010000       
189017   51391480000       
188825   46823500000       
188998   45882090000       
188912   56311450000       
188941   50606240000       
189000   49720560000       
188847   49135920000       
189014   57986360000       
188839   66006460000       
188800   71869240000       
188818   62030590000       
188944   50387270000       
188877   49474310000       
188778   58095670000       
188900   57662730000       
189015   46211970000       
188838   58354490000       
188999   42879630000       
188872   55746000000       
188972   46537790000       
188898   49034810000       
188846   57867230000       
188951   58289050000       
188921   49159110000       
188927   55618960000       
189012   33442100000       
188959   57155320000       
188992   61476070000       
188830   64053710000       
188996   33022790000       
188866   60942430000       
188819   56055700000       
188950   46031950000       
188949   49962200000       
188855   68401920000       
188837   53296420000       
188929   46174700000       
188799   65118450000       
188867   47510450000       
188955   50574520000       
188979   40507360000       
188917   59224090000       
188815   60236320000       
188902   54866370000       
188816   59391270000       
189023   43087600000       
188952   49693330000       
188906   52598790000       
188989   49420470000       
188884   53450720000       
188926   51896790000       
188905   59037450000       
188923   58823500000       
188915   51392010000       
188961   53074100000       
188829   58638420000       
188841   68827460000       
188805   62844450000       
188793   54861980000       
189013   49904440000       
188848   54530770000       
188914   52991290000       
188794   66542380000       
188874   61131440000       
188942   53590080000       
188890   55860040000       
188863   57984990000       
188911   51133030000       
188880   58708980000       
188885   58060860000       
188904   58256980000       
188986   42090050000       
188910   53228140000       
188813   48887310000       
188962   51902630000       
188975   48487330000       
188795   71926430000       
188899   58572750000       
188857   59060700000       
188938   55758810000       
188977   49940210000       
188811   59248530000       
188993   47448560000       
188895   50009220000       
188804   59895960000       
188983   54604400000       
188835   60227210000       
188937   53652820000       
188810   54643780000       
189027   51524660000       
188883   49538220000       
188947   59657660000       
188803   60648540000       
188991   55000530000       
188873   60314480000       
188792   56879390000       
188812   53082030000       
188978   52519510000       
189006   48567530000       
189025   35681530000       
188822   49246760000       
188882   50670440000       
189010   50115180000       
188840   60095100000       
188851   57862740000       
188796   58822120000       
189026   41417910000       
188981   56095230000       
188997   46146910000       
188953   58791480000       
188990   50627110000       
188968   51665690000       
188974   54802080000       
188814   64944970000       
188860   59860270000       
188939   61370800000       
188859   51822160000       
189008   50213190000       
189001   56046340000       
188960   58593730000       
188879   61103940000       
188965   54362260000       
188909   51652500000       
188844   57642200000       
188845   57118030000       
188888   47378990000       
188916   57803000000       
188864   56277770000       
188897   59818980000       
188843   64827570000       
188808   55049670000       
188865   64892010000       
188924   63962150000       
188919   59637290000       
188948   57979930000       
188943   61234260000       
188868   50784480000       
189020   44181300000       
188862   69777910000       
188918   51668880000       
188798   61162600000       
189016   52471710000       
188824   57543420000       
188817   60336530000       
189005   59150340000       
188836   42335340000       
188887   54192870000       
189007   51259560000       
188970   60708290000       
188797   60477620000       
188852   53007500000       
189011   37365330000       
188875   54512770000       
188832   62847810000       
188850   61868360000       
188870   52236530000       
188489   51410970000       
188869   53018800000       
188827   56564790000       
188976   44708410000       
189021   49544680000       
188821   63976510000       
188861   53246690000       
188980   46406700000       
188856   58602910000       
188828   59465130000       
189019   27382720000       
188984   53657120000       
188907   71132840000       
188833   64189740000       
188982   47164990000       
188969   58887640000       
188858   72527830000       
188934   64898710000       
189009   58244340000       
188971   45181860000       
188871   55989360000       
188876   51790620000       
188834   62734190000       
188809   64032850000       
188954   58984160000       
188891   53750010000       
188903   55412250000       
188985   48852490000       
188958   58690090000       
188842   60027450000       
188807   61530710000       
188892   49153870000       
188886   69124700000       
189004   52544110000       
188966   64982190000       
188956   55863630000       
188894   50550930000       
188946   67020290000       
188967   51170920000       
188973   56097550000       
188988   46863720000       
188931   58476140000       
188925   48634240000       
188930   54639880000       
188849   57895700000       
188928   67326120000       
188963   59296460000       
189018   45302450000       
188901   57897160000       

[H[JPolling energy-fair scheduler maps every 100 millisecond(s)...
Real time since poller start: 84.217903 s
Filter: comm "mem_miss"
Maps shown: total power consumption 

=== System totals (total) ===
  cpu_time:  2475306974725 ns
  energy:    85147211440000 (units of your kfunc)
  uncore_energy:    973578932877510000 (units of your kfunc)

=== PID → power (EMA) (pid_to_power) [comm="mem_miss"] ===
PID      power             
188888   35                
188908   35                
188926   46                
188849   41                
188991   38                
188885   42                
188796   45                
188911   44                
188807   41                
188827   45                
188933   41                
188943   44                
188966   42                
188972   42                
188887   50                
189012   36                
188868   40                
188987   39                
188950   39                
189023   44                
188800   43                
188924   42                
188916   48                
188998   39                
188790   46                
188802   38                
188984   46                
188846   41                
188919   51                
188965   47                
188996   42                
188971   40                
189000   46                
189018   51                
188976   34                
188891   43                
188910   45                
188900   49                
188909   43                
188962   43                
188953   47                
188983   36                
188995   42                
188955   47                
188877   44                
188970   42                
188922   43                
188838   44                
188819   42                
188902   33                
188831   49                
189020   39                
188793   39                
188906   41                
188895   42                
189022   39                
188951   39                
188824   40                
188837   42                
188954   37                
188845   44                
188981   52                
188898   37                
188894   36                
188884   43                
188830   40                
188847   42                
188988   45                
188843   45                
188842   53                
188882   39                
188989   40                
188857   43                
188979   42                
189002   39                
189005   42                
188936   44                
188854   37                
188841   38                
188853   35                
189006   36                
188940   45                
188792   33                
188876   41                
188925   50                
188883   46                
188817   55                
188939   44                
188826   41                
188978   49                
188825   44                
188990   38                
188835   43                
188905   43                
188867   41                
188862   40                
188969   39                
188856   46                
188934   37                
189009   36                
188963   50                
188791   38                
188878   42                
188840   44                
188903   35                
188896   40                
188958   34                
188804   42                
188956   44                
188897   39                
189007   41                
188889   42                
188810   47                
188794   49                
188941   44                
189014   42                
188949   42                
188879   53                
188928   38                
188886   43                
188814   40                
188865   41                
188980   50                
188985   47                
188875   40                
188982   37                
188907   46                
188964   55                
188813   52                
188821   45                
188920   41                
188844   43                
188866   37                
188959   56                
188815   47                
188852   50                
188937   49                
188489   26                
188811   45                
188850   45                
188799   45                
189016   37                
189024   46                
188812   44                
188823   37                
188859   41                
188977   41                
188973   44                
188999   51                
188960   47                
188836   41                
188861   49                
188992   40                
188952   46                
188948   41                
188975   50                
188901   44                
188929   47                
188997   47                
188914   45                
188778   33                
188957   44                
188938   47                
188816   33                
188858   27                
188899   28                
188994   36                
188805   26                
188863   27                
188797   25                
189021   39                
188935   31                
188967   30                
188912   28                
188890   29                
188944   37                
188942   42                
189025   40                
188871   26                
188880   27                
188930   34                
188809   27                
188892   27                
188968   37                
189019   38                
188893   26                
188904   27                
188881   24                
188913   25                
188869   25                
188946   33                
188921   39                
188917   25                
189003   38                
189004   39                
188872   30                
189026   34                
189013   41                
188448   82                
189010   44                
189015   37                
188873   28                
189017   34                
188931   37                
188961   43                
188986   39                
188945   32                
189008   41                
189011   29                
188851   27                
188874   27                
188915   26                
188848   28                
188864   29                
188947   35                
188828   28                
188974   32                
188993   35                
188923   39                
189001   40                
189027   43                
188927   43                

=== PID → cumulative energy (pid_to_consumption) [comm="mem_miss"] ===
PID      energy            
188889   64825640000       
188957   59335110000       
188936   64640880000       
189022   55227700000       
188448   65780140000       
189002   47439490000       
188935   38893370000       
188994   57614830000       
188945   56057360000       
188922   50057660000       
188964   48874870000       
188940   54308660000       
188933   60116530000       
189024   38207270000       
188987   55261700000       
188913   59199690000       
189003   54980120000       
188893   63666680000       
188995   57012340000       
189017   53570720000       
188998   48696090000       
188941   55354310000       
189000   52741550000       
189014   61861180000       
188944   54802810000       
188778   58095670000       
189015   50168120000       
188999   47177480000       
188972   52115670000       
188898   57676120000       
188951   63304020000       
188921   56421160000       
188927   60726730000       
189012   36782680000       
188959   62452550000       
188992   67101860000       
188996   36482590000       
188950   52796630000       
188949   56564670000       
188929   50529880000       
188955   57534370000       
188979   44889050000       
189023   46277120000       
188952   55331160000       
188989   54567770000       
188926   57961950000       
188923   65892310000       
188961   59725880000       
189013   53131490000       
188914   60372420000       
188942   58141920000       
188986   46374560000       
188962   57423870000       
188975   52596820000       
188938   62070310000       
188977   55964390000       
188993   53750330000       
188983   58972570000       
188937   60241040000       
189027   54549260000       
188947   66627690000       
188991   60666100000       
188978   58015490000       
189006   52063480000       
189025   38718780000       
189010   53954890000       
189026   44669420000       
188981   61275600000       
188997   49631260000       
188953   64353810000       
188990   55277990000       
188968   58256090000       
188974   58759580000       
188939   66035390000       
189008   54257950000       
189001   60109330000       
188960   65702170000       
188965   58696630000       
188897   67859490000       
188924   69115940000       
188919   68164550000       
188948   63351150000       
188943   67801050000       
189020   46799070000       
189016   55512330000       
189005   62445920000       
189007   55085710000       
188970   65615710000       
189011   40932240000       
188489   51410970000       
188976   50823540000       
189021   52286690000       
188980   50551500000       
189019   30403360000       
188984   57518800000       
188982   51283460000       
188969   64752170000       
188934   70116730000       
189009   61189440000       
188971   49279650000       
188954   64655550000       
188985   54004450000       
188958   63912240000       
189004   55734480000       
188966   68884000000       
188956   61607480000       
188946   71831110000       
188967   56947010000       
188973   62201670000       
188988   51123840000       
188931   64589230000       
188925   52679510000       
188930   60432870000       
188928   73760590000       
188963   64906650000       
189018   47824900000       

[H[JPolling energy-fair scheduler maps every 100 millisecond(s)...
Real time since poller start: 85.196026 s
Filter: comm "mem_miss"
Maps shown: total power consumption 

=== System totals (total) ===
  cpu_time:  2532269023111 ns
  energy:    86819073890000 (units of your kfunc)
  uncore_energy:    973579209070640000 (units of your kfunc)

=== PID → power (EMA) (pid_to_power) [comm="mem_miss"] ===
PID      power             
188926   30                
188933   30                
188943   29                
188966   29                
188972   29                
189012   23                
188950   29                
189023   33                
188924   26                
188998   27                
188984   25                
188965   30                
188971   30                
188996   26                
189000   24                
189018   28                
188962   30                
188953   27                
188983   28                
188995   27                
188970   28                
188922   28                
189020   29                
189022   29                
188951   30                
188954   27                
188981   28                
188988   27                
188989   28                
188979   25                
189002   28                
189005   28                
189006   23                
188940   27                
188925   28                
188939   29                
188978   28                
188990   27                
188969   28                
188934   27                
189009   28                
188963   27                
188958   29                
188956   28                
189007   29                
188941   30                
189014   28                
188928   26                
188980   29                
188985   28                
188982   30                
188964   26                
188959   29                
188937   30                
189016   30                
189024   30                
188977   29                
188999   29                
188992   26                
188975   27                
188929   26                
188997   27                
188957   28                
188994   28                
189021   29                
188935   29                
188944   28                
188942   29                
189025   29                
188930   28                
189019   31                
188946   29                
188921   30                
189003   28                
189004   28                
189026   25                
189013   26                
189010   24                
189015   29                
189017   29                
188931   28                
188986   23                
188945   28                
189008   32                
189011   30                
188974   28                
188923   30                
189001   29                
189027   28                
188927   31                

=== PID → cumulative energy (pid_to_consumption) [comm="mem_miss"] ===
PID      energy            
188957   63990570000       
189022   58193850000       
189002   51172400000       
188935   43752210000       
188994   61688930000       
188945   61260310000       
188922   54683640000       
188964   53696320000       
188940   59137140000       
188933   63906630000       
189024   41371190000       
189003   58541230000       
188995   60521410000       
189017   56586470000       
188998   51662420000       
188941   58481600000       
189000   55599980000       
189014   65059550000       
188944   57807430000       
189015   51990480000       
188999   49041040000       
188972   54111820000       
188951   65284150000       
188921   58395790000       
188927   62753570000       
189012   38380130000       
188959   64405980000       
188992   68874630000       
188996   38157850000       
188950   54660500000       
188929   52927640000       
188979   46589640000       
189023   48370770000       
188989   56403860000       
188926   59885170000       
188923   67860240000       
189013   55473700000       
188942   60713800000       
188986   47969420000       
188962   59380060000       
188975   54459150000       
188977   57776530000       
188983   60864970000       
189027   56390380000       
188978   59927870000       
189006   54097010000       
189025   40602940000       
189010   55609100000       
189026   46323770000       
188981   64132200000       
188997   51293410000       
188953   66095750000       
188990   57131790000       
188974   60572790000       
188939   67997520000       
189008   56301250000       
189001   62045210000       
188965   60568570000       
188924   71472350000       
188943   69604330000       
189020   48698180000       
189016   57506800000       
189005   64364560000       
189007   57085070000       
188970   67573250000       
189011   42853170000       
189021   54155740000       
188980   52381940000       
189019   32409580000       
188984   59348930000       
188982   53169300000       
188934   71919860000       
189009   62968910000       
188971   51297930000       
188954   66393680000       
188985   55759820000       
188958   65804020000       
189004   57645650000       
188966   70769380000       
188946   73754650000       
188988   53528310000       
188931   66397700000       
188925   54532690000       
188930   62329530000       
188963   66607850000       
189018   50297430000       

[H[JPolling energy-fair scheduler maps every 100 millisecond(s)...
Real time since poller start: 85.328415 s
Filter: comm "mem_miss"
Maps shown: total power consumption 

=== System totals (total) ===
  cpu_time:  2537082042537 ns
  energy:    86974820290000 (units of your kfunc)
  uncore_energy:    973579304376480000 (units of your kfunc)

=== PID → power (EMA) (pid_to_power) [comm="mem_miss"] ===
PID      power             
189018   31                

=== PID → cumulative energy (pid_to_consumption) [comm="mem_miss"] ===
PID      energy            
189018   51674840000       

[H[JPolling energy-fair scheduler maps every 100 millisecond(s)...
Real time since poller start: 85.456308 s
Filter: comm "mem_miss"
Maps shown: total power consumption 

=== System totals (total) ===
  cpu_time:  2537242392055 ns
  energy:    86978499980000 (units of your kfunc)
  uncore_energy:    973579484491500000 (units of your kfunc)

=== PID → power (EMA) (pid_to_power) [comm="mem_miss"] ===
PID      power             
189018   31                

=== PID → cumulative energy (pid_to_consumption) [comm="mem_miss"] ===
PID      energy            
189018   51674840000       

[H[JPolling energy-fair scheduler maps every 100 millisecond(s)...
Real time since poller start: 85.584817 s
Filter: comm "mem_miss"
Maps shown: total power consumption 

=== System totals (total) ===
  cpu_time:  2537302158551 ns
  energy:    86980929490000 (units of your kfunc)
  uncore_energy:    973579662362890000 (units of your kfunc)

=== PID → power (EMA) (pid_to_power) [comm="mem_miss"] ===
PID      power             
189018   31                

=== PID → cumulative energy (pid_to_consumption) [comm="mem_miss"] ===
PID      energy            
189018   51674840000       

[H[JPolling energy-fair scheduler maps every 100 millisecond(s)...
Real time since poller start: 85.712473 s
Filter: comm "mem_miss"
Maps shown: total power consumption 

=== System totals (total) ===
  cpu_time:  2537356414085 ns
  energy:    86983196520000 (units of your kfunc)
  uncore_energy:    973579800637550000 (units of your kfunc)

=== PID → power (EMA) (pid_to_power) [comm="mem_miss"] ===
PID      power             
189018   31                

=== PID → cumulative energy (pid_to_consumption) [comm="mem_miss"] ===
PID      energy            

[H[JPolling energy-fair scheduler maps every 100 millisecond(s)...
Real time since poller start: 85.839533 s
Filter: comm "mem_miss"
Maps shown: total power consumption 

=== System totals (total) ===
  cpu_time:  2537392908854 ns
  energy:    86984639980000 (units of your kfunc)
  uncore_energy:    973580009215000000 (units of your kfunc)

=== PID → power (EMA) (pid_to_power) [comm="mem_miss"] ===
PID      power             

=== PID → cumulative energy (pid_to_consumption) [comm="mem_miss"] ===
PID      energy            

[H[JPolling energy-fair scheduler maps every 100 millisecond(s)...
Real time since poller start: 85.966602 s
Filter: comm "mem_miss"
Maps shown: total power consumption 

=== System totals (total) ===
  cpu_time:  2537424278713 ns
  energy:    86985819330000 (units of your kfunc)
  uncore_energy:    973580166419280000 (units of your kfunc)

=== PID → power (EMA) (pid_to_power) [comm="mem_miss"] ===
PID      power             

=== PID → cumulative energy (pid_to_consumption) [comm="mem_miss"] ===
PID      energy            

[H[JPolling energy-fair scheduler maps every 100 millisecond(s)...
Real time since poller start: 86.093917 s
Filter: comm "mem_miss"
Maps shown: total power consumption 

=== System totals (total) ===
  cpu_time:  2537453485872 ns
  energy:    86986951680000 (units of your kfunc)
  uncore_energy:    973580309723880000 (units of your kfunc)

=== PID → power (EMA) (pid_to_power) [comm="mem_miss"] ===
PID      power             

=== PID → cumulative energy (pid_to_consumption) [comm="mem_miss"] ===
PID      energy            

[H[JPolling energy-fair scheduler maps every 100 millisecond(s)...
Real time since poller start: 86.221520 s
Filter: comm "mem_miss"
Maps shown: total power consumption 

=== System totals (total) ===
  cpu_time:  2537486448202 ns
  energy:    86988252190000 (units of your kfunc)
  uncore_energy:    973580522010560000 (units of your kfunc)

=== PID → power (EMA) (pid_to_power) [comm="mem_miss"] ===
PID      power             

=== PID → cumulative energy (pid_to_consumption) [comm="mem_miss"] ===
PID      energy            

[H[JPolling energy-fair scheduler maps every 100 millisecond(s)...
Real time since poller start: 86.349110 s
Filter: comm "mem_miss"
Maps shown: total power consumption 

=== System totals (total) ===
  cpu_time:  2537538049992 ns
  energy:    86990225420000 (units of your kfunc)
  uncore_energy:    973580696842140000 (units of your kfunc)

=== PID → power (EMA) (pid_to_power) [comm="mem_miss"] ===
PID      power             

=== PID → cumulative energy (pid_to_consumption) [comm="mem_miss"] ===
PID      energy            

[H[JPolling energy-fair scheduler maps every 100 millisecond(s)...
Real time since poller start: 86.476518 s
Filter: comm "mem_miss"
Maps shown: total power consumption 

=== System totals (total) ===
  cpu_time:  2537585214278 ns
  energy:    86992217620000 (units of your kfunc)
  uncore_energy:    973580868143860000 (units of your kfunc)

=== PID → power (EMA) (pid_to_power) [comm="mem_miss"] ===
PID      power             

=== PID → cumulative energy (pid_to_consumption) [comm="mem_miss"] ===
PID      energy            

[H[JPolling energy-fair scheduler maps every 100 millisecond(s)...
Real time since poller start: 86.603903 s
Filter: comm "mem_miss"
Maps shown: total power consumption 

=== System totals (total) ===
  cpu_time:  2537760752661 ns
  energy:    86997755680000 (units of your kfunc)
  uncore_energy:    973581042321980000 (units of your kfunc)

=== PID → power (EMA) (pid_to_power) [comm="mem_miss"] ===
PID      power             

=== PID → cumulative energy (pid_to_consumption) [comm="mem_miss"] ===
PID      energy            

[H[JPolling energy-fair scheduler maps every 100 millisecond(s)...
Real time since poller start: 86.731851 s
Filter: comm "mem_miss"
Maps shown: total power consumption 

=== System totals (total) ===
  cpu_time:  2537896903172 ns
  energy:    87002078980000 (units of your kfunc)
  uncore_energy:    973581204363430000 (units of your kfunc)

=== PID → power (EMA) (pid_to_power) [comm="mem_miss"] ===
PID      power             

=== PID → cumulative energy (pid_to_consumption) [comm="mem_miss"] ===
PID      energy            

[H[JPolling energy-fair scheduler maps every 100 millisecond(s)...
Real time since poller start: 86.859109 s
Filter: comm "mem_miss"
Maps shown: total power consumption 

=== System totals (total) ===
  cpu_time:  2537930671847 ns
  energy:    87003373070000 (units of your kfunc)
  uncore_energy:    973581343487580000 (units of your kfunc)

=== PID → power (EMA) (pid_to_power) [comm="mem_miss"] ===
PID      power             

=== PID → cumulative energy (pid_to_consumption) [comm="mem_miss"] ===
PID      energy            

[H[JPolling energy-fair scheduler maps every 100 millisecond(s)...
Real time since poller start: 86.986914 s
Filter: comm "mem_miss"
Maps shown: total power consumption 

=== System totals (total) ===
  cpu_time:  2537962793981 ns
  energy:    87004613620000 (units of your kfunc)
  uncore_energy:    973581546414820000 (units of your kfunc)

=== PID → power (EMA) (pid_to_power) [comm="mem_miss"] ===
PID      power             

=== PID → cumulative energy (pid_to_consumption) [comm="mem_miss"] ===
PID      energy            

[H[JPolling energy-fair scheduler maps every 100 millisecond(s)...
Real time since poller start: 87.114239 s
Filter: comm "mem_miss"
Maps shown: total power consumption 

=== System totals (total) ===
  cpu_time:  2538005824886 ns
  energy:    87006391740000 (units of your kfunc)
  uncore_energy:    973581711730200000 (units of your kfunc)

=== PID → power (EMA) (pid_to_power) [comm="mem_miss"] ===
PID      power             

=== PID → cumulative energy (pid_to_consumption) [comm="mem_miss"] ===
PID      energy            

