Polling energy-fair scheduler maps every 100 millisecond(s)...
Filtering on comm "stress_core"
Maps shown: total power consumption 
Press Ctrl+C to stop.

[H[JPolling energy-fair scheduler maps every 100 millisecond(s)...
Real time since poller start: 0.000032 s
Filter: comm "stress_core"
Maps shown: total power consumption 

=== System totals (total) ===
  cpu_time:  714662582015 ns
  energy:    33110253010000 (units of your kfunc)
  uncore_energy:    973136769727610000 (units of your kfunc)

=== PID → power (EMA) (pid_to_power) [comm="stress_core"] ===
PID      power             

=== PID → cumulative energy (pid_to_consumption) [comm="stress_core"] ===
PID      energy            

[H[JPolling energy-fair scheduler maps every 100 millisecond(s)...
Real time since poller start: 0.118940 s
Filter: comm "stress_core"
Maps shown: total power consumption 

=== System totals (total) ===
  cpu_time:  714684698596 ns
  energy:    33111174490000 (units of your kfunc)
  uncore_energy:    973136798751040000 (units of your kfunc)

=== PID → power (EMA) (pid_to_power) [comm="stress_core"] ===
PID      power             

=== PID → cumulative energy (pid_to_consumption) [comm="stress_core"] ===
PID      energy            

[H[JPolling energy-fair scheduler maps every 100 millisecond(s)...
Real time since poller start: 0.236120 s
Filter: comm "stress_core"
Maps shown: total power consumption 

=== System totals (total) ===
  cpu_time:  714701836530 ns
  energy:    33111898060000 (units of your kfunc)
  uncore_energy:    973136947776770000 (units of your kfunc)

=== PID → power (EMA) (pid_to_power) [comm="stress_core"] ===
PID      power             

=== PID → cumulative energy (pid_to_consumption) [comm="stress_core"] ===
PID      energy            

[H[JPolling energy-fair scheduler maps every 100 millisecond(s)...
Real time since poller start: 0.354062 s
Filter: comm "stress_core"
Maps shown: total power consumption 

=== System totals (total) ===
  cpu_time:  714720059919 ns
  energy:    33112670310000 (units of your kfunc)
  uncore_energy:    973137151933720000 (units of your kfunc)

=== PID → power (EMA) (pid_to_power) [comm="stress_core"] ===
PID      power             

=== PID → cumulative energy (pid_to_consumption) [comm="stress_core"] ===
PID      energy            

[H[JPolling energy-fair scheduler maps every 100 millisecond(s)...
Real time since poller start: 0.472046 s
Filter: comm "stress_core"
Maps shown: total power consumption 

=== System totals (total) ===
  cpu_time:  714753492802 ns
  energy:    33114188090000 (units of your kfunc)
  uncore_energy:    973137317258440000 (units of your kfunc)

=== PID → power (EMA) (pid_to_power) [comm="stress_core"] ===
PID      power             

=== PID → cumulative energy (pid_to_consumption) [comm="stress_core"] ===
PID      energy            

[H[JPolling energy-fair scheduler maps every 100 millisecond(s)...
Real time since poller start: 0.589979 s
Filter: comm "stress_core"
Maps shown: total power consumption 

=== System totals (total) ===
  cpu_time:  714771443341 ns
  energy:    33114950260000 (units of your kfunc)
  uncore_energy:    973137408595270000 (units of your kfunc)

=== PID → power (EMA) (pid_to_power) [comm="stress_core"] ===
PID      power             

=== PID → cumulative energy (pid_to_consumption) [comm="stress_core"] ===
PID      energy            

[H[JPolling energy-fair scheduler maps every 100 millisecond(s)...
Real time since poller start: 0.707915 s
Filter: comm "stress_core"
Maps shown: total power consumption 

=== System totals (total) ===
  cpu_time:  714791203119 ns
  energy:    33115758370000 (units of your kfunc)
  uncore_energy:    973137598626240000 (units of your kfunc)

=== PID → power (EMA) (pid_to_power) [comm="stress_core"] ===
PID      power             

=== PID → cumulative energy (pid_to_consumption) [comm="stress_core"] ===
PID      energy            

[H[JPolling energy-fair scheduler maps every 100 millisecond(s)...
Real time since poller start: 0.825657 s
Filter: comm "stress_core"
Maps shown: total power consumption 

=== System totals (total) ===
  cpu_time:  714813313481 ns
  energy:    33116587370000 (units of your kfunc)
  uncore_energy:    973137784504850000 (units of your kfunc)

=== PID → power (EMA) (pid_to_power) [comm="stress_core"] ===
PID      power             

=== PID → cumulative energy (pid_to_consumption) [comm="stress_core"] ===
PID      energy            

[H[JPolling energy-fair scheduler maps every 100 millisecond(s)...
Real time since poller start: 0.943443 s
Filter: comm "stress_core"
Maps shown: total power consumption 

=== System totals (total) ===
  cpu_time:  714831335300 ns
  energy:    33117334440000 (units of your kfunc)
  uncore_energy:    973137940627290000 (units of your kfunc)

=== PID → power (EMA) (pid_to_power) [comm="stress_core"] ===
PID      power             

=== PID → cumulative energy (pid_to_consumption) [comm="stress_core"] ===
PID      energy            

[H[JPolling energy-fair scheduler maps every 100 millisecond(s)...
Real time since poller start: 1.060908 s
Filter: comm "stress_core"
Maps shown: total power consumption 

=== System totals (total) ===
  cpu_time:  714849019557 ns
  energy:    33118089910000 (units of your kfunc)
  uncore_energy:    973138049972980000 (units of your kfunc)

=== PID → power (EMA) (pid_to_power) [comm="stress_core"] ===
PID      power             

=== PID → cumulative energy (pid_to_consumption) [comm="stress_core"] ===
PID      energy            

[H[JPolling energy-fair scheduler maps every 100 millisecond(s)...
Real time since poller start: 1.178770 s
Filter: comm "stress_core"
Maps shown: total power consumption 

=== System totals (total) ===
  cpu_time:  714867773019 ns
  energy:    33118853470000 (units of your kfunc)
  uncore_energy:    973138202549420000 (units of your kfunc)

=== PID → power (EMA) (pid_to_power) [comm="stress_core"] ===
PID      power             

=== PID → cumulative energy (pid_to_consumption) [comm="stress_core"] ===
PID      energy            

[H[JPolling energy-fair scheduler maps every 100 millisecond(s)...
Real time since poller start: 1.296663 s
Filter: comm "stress_core"
Maps shown: total power consumption 

=== System totals (total) ===
  cpu_time:  714886998833 ns
  energy:    33119610460000 (units of your kfunc)
  uncore_energy:    973138350132120000 (units of your kfunc)

=== PID → power (EMA) (pid_to_power) [comm="stress_core"] ===
PID      power             

=== PID → cumulative energy (pid_to_consumption) [comm="stress_core"] ===
PID      energy            

[H[JPolling energy-fair scheduler maps every 100 millisecond(s)...
Real time since poller start: 1.414544 s
Filter: comm "stress_core"
Maps shown: total power consumption 

=== System totals (total) ===
  cpu_time:  714915709731 ns
  energy:    33120759590000 (units of your kfunc)
  uncore_energy:    973138540015550000 (units of your kfunc)

=== PID → power (EMA) (pid_to_power) [comm="stress_core"] ===
PID      power             

=== PID → cumulative energy (pid_to_consumption) [comm="stress_core"] ===
PID      energy            

[H[JPolling energy-fair scheduler maps every 100 millisecond(s)...
Real time since poller start: 1.532472 s
Filter: comm "stress_core"
Maps shown: total power consumption 

=== System totals (total) ===
  cpu_time:  714933652369 ns
  energy:    33121505430000 (units of your kfunc)
  uncore_energy:    973138654862210000 (units of your kfunc)

=== PID → power (EMA) (pid_to_power) [comm="stress_core"] ===
PID      power             

=== PID → cumulative energy (pid_to_consumption) [comm="stress_core"] ===
PID      energy            

[H[JPolling energy-fair scheduler maps every 100 millisecond(s)...
Real time since poller start: 1.650400 s
Filter: comm "stress_core"
Maps shown: total power consumption 

=== System totals (total) ===
  cpu_time:  714951661008 ns
  energy:    33122255710000 (units of your kfunc)
  uncore_energy:    973138802178950000 (units of your kfunc)

=== PID → power (EMA) (pid_to_power) [comm="stress_core"] ===
PID      power             

=== PID → cumulative energy (pid_to_consumption) [comm="stress_core"] ===
PID      energy            

[H[JPolling energy-fair scheduler maps every 100 millisecond(s)...
Real time since poller start: 1.768262 s
Filter: comm "stress_core"
Maps shown: total power consumption 

=== System totals (total) ===
  cpu_time:  714969655596 ns
  energy:    33123008130000 (units of your kfunc)
  uncore_energy:    973138953464490000 (units of your kfunc)

=== PID → power (EMA) (pid_to_power) [comm="stress_core"] ===
PID      power             

=== PID → cumulative energy (pid_to_consumption) [comm="stress_core"] ===
PID      energy            

[H[JPolling energy-fair scheduler maps every 100 millisecond(s)...
Real time since poller start: 1.885982 s
Filter: comm "stress_core"
Maps shown: total power consumption 

=== System totals (total) ===
  cpu_time:  714987594514 ns
  energy:    33123763290000 (units of your kfunc)
  uncore_energy:    973139099470810000 (units of your kfunc)

=== PID → power (EMA) (pid_to_power) [comm="stress_core"] ===
PID      power             

=== PID → cumulative energy (pid_to_consumption) [comm="stress_core"] ===
PID      energy            

[H[JPolling energy-fair scheduler maps every 100 millisecond(s)...
Real time since poller start: 2.003110 s
Filter: comm "stress_core"
Maps shown: total power consumption 

=== System totals (total) ===
  cpu_time:  715018525711 ns
  energy:    33125187680000 (units of your kfunc)
  uncore_energy:    973139317628930000 (units of your kfunc)

=== PID → power (EMA) (pid_to_power) [comm="stress_core"] ===
PID      power             

=== PID → cumulative energy (pid_to_consumption) [comm="stress_core"] ===
PID      energy            

[H[JPolling energy-fair scheduler maps every 100 millisecond(s)...
Real time since poller start: 2.120262 s
Filter: comm "stress_core"
Maps shown: total power consumption 

=== System totals (total) ===
  cpu_time:  715035691965 ns
  energy:    33125909110000 (units of your kfunc)
  uncore_energy:    973139356994020000 (units of your kfunc)

=== PID → power (EMA) (pid_to_power) [comm="stress_core"] ===
PID      power             

=== PID → cumulative energy (pid_to_consumption) [comm="stress_core"] ===
PID      energy            

[H[JPolling energy-fair scheduler maps every 100 millisecond(s)...
Real time since poller start: 2.237426 s
Filter: comm "stress_core"
Maps shown: total power consumption 

=== System totals (total) ===
  cpu_time:  715053088669 ns
  energy:    33126631000000 (units of your kfunc)
  uncore_energy:    973139547289890000 (units of your kfunc)

=== PID → power (EMA) (pid_to_power) [comm="stress_core"] ===
PID      power             

=== PID → cumulative energy (pid_to_consumption) [comm="stress_core"] ===
PID      energy            

[H[JPolling energy-fair scheduler maps every 100 millisecond(s)...
Real time since poller start: 2.354557 s
Filter: comm "stress_core"
Maps shown: total power consumption 

=== System totals (total) ===
  cpu_time:  715072022304 ns
  energy:    33127419450000 (units of your kfunc)
  uncore_energy:    973139711234110000 (units of your kfunc)

=== PID → power (EMA) (pid_to_power) [comm="stress_core"] ===
PID      power             

=== PID → cumulative energy (pid_to_consumption) [comm="stress_core"] ===
PID      energy            

[H[JPolling energy-fair scheduler maps every 100 millisecond(s)...
Real time since poller start: 2.471718 s
Filter: comm "stress_core"
Maps shown: total power consumption 

=== System totals (total) ===
  cpu_time:  715091010778 ns
  energy:    33128173840000 (units of your kfunc)
  uncore_energy:    973139852087080000 (units of your kfunc)

=== PID → power (EMA) (pid_to_power) [comm="stress_core"] ===
PID      power             

=== PID → cumulative energy (pid_to_consumption) [comm="stress_core"] ===
PID      energy            

[H[JPolling energy-fair scheduler maps every 100 millisecond(s)...
Real time since poller start: 2.588826 s
Filter: comm "stress_core"
Maps shown: total power consumption 

=== System totals (total) ===
  cpu_time:  715108941965 ns
  energy:    33128914970000 (units of your kfunc)
  uncore_energy:    973139993443730000 (units of your kfunc)

=== PID → power (EMA) (pid_to_power) [comm="stress_core"] ===
PID      power             

=== PID → cumulative energy (pid_to_consumption) [comm="stress_core"] ===
PID      energy            

[H[JPolling energy-fair scheduler maps every 100 millisecond(s)...
Real time since poller start: 2.705966 s
Filter: comm "stress_core"
Maps shown: total power consumption 

=== System totals (total) ===
  cpu_time:  715126031288 ns
  energy:    33129642510000 (units of your kfunc)
  uncore_energy:    973140088624850000 (units of your kfunc)

=== PID → power (EMA) (pid_to_power) [comm="stress_core"] ===
PID      power             

=== PID → cumulative energy (pid_to_consumption) [comm="stress_core"] ===
PID      energy            

[H[JPolling energy-fair scheduler maps every 100 millisecond(s)...
Real time since poller start: 2.823145 s
Filter: comm "stress_core"
Maps shown: total power consumption 

=== System totals (total) ===
  cpu_time:  715158128463 ns
  energy:    33131075330000 (units of your kfunc)
  uncore_energy:    973140310617930000 (units of your kfunc)

=== PID → power (EMA) (pid_to_power) [comm="stress_core"] ===
PID      power             

=== PID → cumulative energy (pid_to_consumption) [comm="stress_core"] ===
PID      energy            

[H[JPolling energy-fair scheduler maps every 100 millisecond(s)...
Real time since poller start: 2.942152 s
Filter: comm "stress_core"
Maps shown: total power consumption 

=== System totals (total) ===
  cpu_time:  715281695712 ns
  energy:    33135878760000 (units of your kfunc)
  uncore_energy:    973140519916520000 (units of your kfunc)

=== PID → power (EMA) (pid_to_power) [comm="stress_core"] ===
PID      power             

=== PID → cumulative energy (pid_to_consumption) [comm="stress_core"] ===
PID      energy            

[H[JPolling energy-fair scheduler maps every 100 millisecond(s)...
Real time since poller start: 3.059340 s
Filter: comm "stress_core"
Maps shown: total power consumption 

=== System totals (total) ===
  cpu_time:  715412763172 ns
  energy:    33140308970000 (units of your kfunc)
  uncore_energy:    973140671159680000 (units of your kfunc)

=== PID → power (EMA) (pid_to_power) [comm="stress_core"] ===
PID      power             

=== PID → cumulative energy (pid_to_consumption) [comm="stress_core"] ===
PID      energy            

[H[JPolling energy-fair scheduler maps every 100 millisecond(s)...
Real time since poller start: 3.176473 s
Filter: comm "stress_core"
Maps shown: total power consumption 

=== System totals (total) ===
  cpu_time:  715484126232 ns
  energy:    33142816500000 (units of your kfunc)
  uncore_energy:    973140755517850000 (units of your kfunc)

=== PID → power (EMA) (pid_to_power) [comm="stress_core"] ===
PID      power             

=== PID → cumulative energy (pid_to_consumption) [comm="stress_core"] ===
PID      energy            

[H[JPolling energy-fair scheduler maps every 100 millisecond(s)...
Real time since poller start: 3.293582 s
Filter: comm "stress_core"
Maps shown: total power consumption 

=== System totals (total) ===
  cpu_time:  715501591827 ns
  energy:    33143544340000 (units of your kfunc)
  uncore_energy:    973140914855770000 (units of your kfunc)

=== PID → power (EMA) (pid_to_power) [comm="stress_core"] ===
PID      power             

=== PID → cumulative energy (pid_to_consumption) [comm="stress_core"] ===
PID      energy            

[H[JPolling energy-fair scheduler maps every 100 millisecond(s)...
Real time since poller start: 3.410711 s
Filter: comm "stress_core"
Maps shown: total power consumption 

=== System totals (total) ===
  cpu_time:  715518738200 ns
  energy:    33144257070000 (units of your kfunc)
  uncore_energy:    973141056049630000 (units of your kfunc)

=== PID → power (EMA) (pid_to_power) [comm="stress_core"] ===
PID      power             

=== PID → cumulative energy (pid_to_consumption) [comm="stress_core"] ===
PID      energy            

[H[JPolling energy-fair scheduler maps every 100 millisecond(s)...
Real time since poller start: 3.527823 s
Filter: comm "stress_core"
Maps shown: total power consumption 

=== System totals (total) ===
  cpu_time:  715549760209 ns
  energy:    33145653720000 (units of your kfunc)
  uncore_energy:    973141269197040000 (units of your kfunc)

=== PID → power (EMA) (pid_to_power) [comm="stress_core"] ===
PID      power             

=== PID → cumulative energy (pid_to_consumption) [comm="stress_core"] ===
PID      energy            

[H[JPolling energy-fair scheduler maps every 100 millisecond(s)...
Real time since poller start: 3.644947 s
Filter: comm "stress_core"
Maps shown: total power consumption 

=== System totals (total) ===
  cpu_time:  715566830442 ns
  energy:    33146379740000 (units of your kfunc)
  uncore_energy:    973141296994890000 (units of your kfunc)

=== PID → power (EMA) (pid_to_power) [comm="stress_core"] ===
PID      power             

=== PID → cumulative energy (pid_to_consumption) [comm="stress_core"] ===
PID      energy            

[H[JPolling energy-fair scheduler maps every 100 millisecond(s)...
Real time since poller start: 3.762038 s
Filter: comm "stress_core"
Maps shown: total power consumption 

=== System totals (total) ===
  cpu_time:  715583864694 ns
  energy:    33147102400000 (units of your kfunc)
  uncore_energy:    973141445494640000 (units of your kfunc)

=== PID → power (EMA) (pid_to_power) [comm="stress_core"] ===
PID      power             

=== PID → cumulative energy (pid_to_consumption) [comm="stress_core"] ===
PID      energy            

[H[JPolling energy-fair scheduler maps every 100 millisecond(s)...
Real time since poller start: 3.879165 s
Filter: comm "stress_core"
Maps shown: total power consumption 

=== System totals (total) ===
  cpu_time:  715601205218 ns
  energy:    33147831770000 (units of your kfunc)
  uncore_energy:    973141649755050000 (units of your kfunc)

=== PID → power (EMA) (pid_to_power) [comm="stress_core"] ===
PID      power             

=== PID → cumulative energy (pid_to_consumption) [comm="stress_core"] ===
PID      energy            

[H[JPolling energy-fair scheduler maps every 100 millisecond(s)...
Real time since poller start: 3.996349 s
Filter: comm "stress_core"
Maps shown: total power consumption 

=== System totals (total) ===
  cpu_time:  715619366737 ns
  energy:    33148598840000 (units of your kfunc)
  uncore_energy:    973141798584080000 (units of your kfunc)

=== PID → power (EMA) (pid_to_power) [comm="stress_core"] ===
PID      power             

=== PID → cumulative energy (pid_to_consumption) [comm="stress_core"] ===
PID      energy            

[H[JPolling energy-fair scheduler maps every 100 millisecond(s)...
Real time since poller start: 4.113494 s
Filter: comm "stress_core"
Maps shown: total power consumption 

=== System totals (total) ===
  cpu_time:  715636609752 ns
  energy:    33149323940000 (units of your kfunc)
  uncore_energy:    973142001848850000 (units of your kfunc)

=== PID → power (EMA) (pid_to_power) [comm="stress_core"] ===
PID      power             

=== PID → cumulative energy (pid_to_consumption) [comm="stress_core"] ===
PID      energy            

[H[JPolling energy-fair scheduler maps every 100 millisecond(s)...
Real time since poller start: 4.230638 s
Filter: comm "stress_core"
Maps shown: total power consumption 

=== System totals (total) ===
  cpu_time:  715654664300 ns
  energy:    33150080160000 (units of your kfunc)
  uncore_energy:    973142104736420000 (units of your kfunc)

=== PID → power (EMA) (pid_to_power) [comm="stress_core"] ===
PID      power             

=== PID → cumulative energy (pid_to_consumption) [comm="stress_core"] ===
PID      energy            

[H[JPolling energy-fair scheduler maps every 100 millisecond(s)...
Real time since poller start: 4.347762 s
Filter: comm "stress_core"
Maps shown: total power consumption 

=== System totals (total) ===
  cpu_time:  715671815354 ns
  energy:    33150779920000 (units of your kfunc)
  uncore_energy:    973142189338480000 (units of your kfunc)

=== PID → power (EMA) (pid_to_power) [comm="stress_core"] ===
PID      power             

=== PID → cumulative energy (pid_to_consumption) [comm="stress_core"] ===
PID      energy            

[H[JPolling energy-fair scheduler maps every 100 millisecond(s)...
Real time since poller start: 4.464915 s
Filter: comm "stress_core"
Maps shown: total power consumption 

=== System totals (total) ===
  cpu_time:  715689166249 ns
  energy:    33151523330000 (units of your kfunc)
  uncore_energy:    973142392621410000 (units of your kfunc)

=== PID → power (EMA) (pid_to_power) [comm="stress_core"] ===
PID      power             

=== PID → cumulative energy (pid_to_consumption) [comm="stress_core"] ===
PID      energy            

[H[JPolling energy-fair scheduler maps every 100 millisecond(s)...
Real time since poller start: 4.582123 s
Filter: comm "stress_core"
Maps shown: total power consumption 

=== System totals (total) ===
  cpu_time:  715707338939 ns
  energy:    33152275900000 (units of your kfunc)
  uncore_energy:    973142592505280000 (units of your kfunc)

=== PID → power (EMA) (pid_to_power) [comm="stress_core"] ===
PID      power             

=== PID → cumulative energy (pid_to_consumption) [comm="stress_core"] ===
PID      energy            

[H[JPolling energy-fair scheduler maps every 100 millisecond(s)...
Real time since poller start: 4.699278 s
Filter: comm "stress_core"
Maps shown: total power consumption 

=== System totals (total) ===
  cpu_time:  715724477562 ns
  energy:    33152997330000 (units of your kfunc)
  uncore_energy:    973142635488380000 (units of your kfunc)

=== PID → power (EMA) (pid_to_power) [comm="stress_core"] ===
PID      power             

=== PID → cumulative energy (pid_to_consumption) [comm="stress_core"] ===
PID      energy            

[H[JPolling energy-fair scheduler maps every 100 millisecond(s)...
Real time since poller start: 4.816473 s
Filter: comm "stress_core"
Maps shown: total power consumption 

=== System totals (total) ===
  cpu_time:  715741703166 ns
  energy:    33153738290000 (units of your kfunc)
  uncore_energy:    973142841874800000 (units of your kfunc)

=== PID → power (EMA) (pid_to_power) [comm="stress_core"] ===
PID      power             

=== PID → cumulative energy (pid_to_consumption) [comm="stress_core"] ===
PID      energy            

[H[JPolling energy-fair scheduler maps every 100 millisecond(s)...
Real time since poller start: 4.933611 s
Filter: comm "stress_core"
Maps shown: total power consumption 

=== System totals (total) ===
  cpu_time:  715773603691 ns
  energy:    33155168950000 (units of your kfunc)
  uncore_energy:    973142998518180000 (units of your kfunc)

=== PID → power (EMA) (pid_to_power) [comm="stress_core"] ===
PID      power             

=== PID → cumulative energy (pid_to_consumption) [comm="stress_core"] ===
PID      energy            

[H[JPolling energy-fair scheduler maps every 100 millisecond(s)...
Real time since poller start: 5.050757 s
Filter: comm "stress_core"
Maps shown: total power consumption 

=== System totals (total) ===
  cpu_time:  715792550195 ns
  energy:    33155961340000 (units of your kfunc)
  uncore_energy:    973143186591910000 (units of your kfunc)

=== PID → power (EMA) (pid_to_power) [comm="stress_core"] ===
PID      power             

=== PID → cumulative energy (pid_to_consumption) [comm="stress_core"] ===
PID      energy            

[H[JPolling energy-fair scheduler maps every 100 millisecond(s)...
Real time since poller start: 5.167912 s
Filter: comm "stress_core"
Maps shown: total power consumption 

=== System totals (total) ===
  cpu_time:  715809947190 ns
  energy:    33156708560000 (units of your kfunc)
  uncore_energy:    973143286877710000 (units of your kfunc)

=== PID → power (EMA) (pid_to_power) [comm="stress_core"] ===
PID      power             

=== PID → cumulative energy (pid_to_consumption) [comm="stress_core"] ===
PID      energy            

[H[JPolling energy-fair scheduler maps every 100 millisecond(s)...
Real time since poller start: 5.285013 s
Filter: comm "stress_core"
Maps shown: total power consumption 

=== System totals (total) ===
  cpu_time:  715827312815 ns
  energy:    33157440220000 (units of your kfunc)
  uncore_energy:    973143433154100000 (units of your kfunc)

=== PID → power (EMA) (pid_to_power) [comm="stress_core"] ===
PID      power             

=== PID → cumulative energy (pid_to_consumption) [comm="stress_core"] ===
PID      energy            

[H[JPolling energy-fair scheduler maps every 100 millisecond(s)...
Real time since poller start: 5.402213 s
Filter: comm "stress_core"
Maps shown: total power consumption 

=== System totals (total) ===
  cpu_time:  715844793639 ns
  energy:    33158174020000 (units of your kfunc)
  uncore_energy:    973143649288440000 (units of your kfunc)

=== PID → power (EMA) (pid_to_power) [comm="stress_core"] ===
PID      power             

=== PID → cumulative energy (pid_to_consumption) [comm="stress_core"] ===
PID      energy            

[H[JPolling energy-fair scheduler maps every 100 millisecond(s)...
Real time since poller start: 5.519353 s
Filter: comm "stress_core"
Maps shown: total power consumption 

=== System totals (total) ===
  cpu_time:  715861940172 ns
  energy:    33158893170000 (units of your kfunc)
  uncore_energy:    973143691020000000 (units of your kfunc)

=== PID → power (EMA) (pid_to_power) [comm="stress_core"] ===
PID      power             

=== PID → cumulative energy (pid_to_consumption) [comm="stress_core"] ===
PID      energy            

[H[JPolling energy-fair scheduler maps every 100 millisecond(s)...
Real time since poller start: 5.636525 s
Filter: comm "stress_core"
Maps shown: total power consumption 

=== System totals (total) ===
  cpu_time:  715879060526 ns
  energy:    33159598890000 (units of your kfunc)
  uncore_energy:    973143827680770000 (units of your kfunc)

=== PID → power (EMA) (pid_to_power) [comm="stress_core"] ===
PID      power             

=== PID → cumulative energy (pid_to_consumption) [comm="stress_core"] ===
PID      energy            

[H[JPolling energy-fair scheduler maps every 100 millisecond(s)...
Real time since poller start: 5.753741 s
Filter: comm "stress_core"
Maps shown: total power consumption 

=== System totals (total) ===
  cpu_time:  715897540618 ns
  energy:    33160346570000 (units of your kfunc)
  uncore_energy:    973144060721390000 (units of your kfunc)

=== PID → power (EMA) (pid_to_power) [comm="stress_core"] ===
PID      power             

=== PID → cumulative energy (pid_to_consumption) [comm="stress_core"] ===
PID      energy            

[H[JPolling energy-fair scheduler maps every 100 millisecond(s)...
Real time since poller start: 5.870880 s
Filter: comm "stress_core"
Maps shown: total power consumption 

=== System totals (total) ===
  cpu_time:  715914909843 ns
  energy:    33161091500000 (units of your kfunc)
  uncore_energy:    973144179212760000 (units of your kfunc)

=== PID → power (EMA) (pid_to_power) [comm="stress_core"] ===
PID      power             

=== PID → cumulative energy (pid_to_consumption) [comm="stress_core"] ===
PID      energy            

[H[JPolling energy-fair scheduler maps every 100 millisecond(s)...
Real time since poller start: 5.988090 s
Filter: comm "stress_core"
Maps shown: total power consumption 

=== System totals (total) ===
  cpu_time:  715933264012 ns
  energy:    33161859020000 (units of your kfunc)
  uncore_energy:    973144335878860000 (units of your kfunc)

=== PID → power (EMA) (pid_to_power) [comm="stress_core"] ===
PID      power             

=== PID → cumulative energy (pid_to_consumption) [comm="stress_core"] ===
PID      energy            

[H[JPolling energy-fair scheduler maps every 100 millisecond(s)...
Real time since poller start: 6.105248 s
Filter: comm "stress_core"
Maps shown: total power consumption 

=== System totals (total) ===
  cpu_time:  715950378365 ns
  energy:    33162577560000 (units of your kfunc)
  uncore_energy:    973144424637400000 (units of your kfunc)

=== PID → power (EMA) (pid_to_power) [comm="stress_core"] ===
PID      power             

=== PID → cumulative energy (pid_to_consumption) [comm="stress_core"] ===
PID      energy            

[H[JPolling energy-fair scheduler maps every 100 millisecond(s)...
Real time since poller start: 6.222448 s
Filter: comm "stress_core"
Maps shown: total power consumption 

=== System totals (total) ===
  cpu_time:  715968541884 ns
  energy:    33163334550000 (units of your kfunc)
  uncore_energy:    973144587381540000 (units of your kfunc)

=== PID → power (EMA) (pid_to_power) [comm="stress_core"] ===
PID      power             

=== PID → cumulative energy (pid_to_consumption) [comm="stress_core"] ===
PID      energy            

[H[JPolling energy-fair scheduler maps every 100 millisecond(s)...
Real time since poller start: 6.339685 s
Filter: comm "stress_core"
Maps shown: total power consumption 

=== System totals (total) ===
  cpu_time:  715990428084 ns
  energy:    33164202010000 (units of your kfunc)
  uncore_energy:    973144788996230000 (units of your kfunc)

=== PID → power (EMA) (pid_to_power) [comm="stress_core"] ===
PID      power             

=== PID → cumulative energy (pid_to_consumption) [comm="stress_core"] ===
PID      energy            

[H[JPolling energy-fair scheduler maps every 100 millisecond(s)...
Real time since poller start: 6.456902 s
Filter: comm "stress_core"
Maps shown: total power consumption 

=== System totals (total) ===
  cpu_time:  716008693294 ns
  energy:    33164988450000 (units of your kfunc)
  uncore_energy:    973144939307050000 (units of your kfunc)

=== PID → power (EMA) (pid_to_power) [comm="stress_core"] ===
PID      power             

=== PID → cumulative energy (pid_to_consumption) [comm="stress_core"] ===
PID      energy            

[H[JPolling energy-fair scheduler maps every 100 millisecond(s)...
Real time since poller start: 6.574079 s
Filter: comm "stress_core"
Maps shown: total power consumption 

=== System totals (total) ===
  cpu_time:  716039909414 ns
  energy:    33166421090000 (units of your kfunc)
  uncore_energy:    973145063643450000 (units of your kfunc)

=== PID → power (EMA) (pid_to_power) [comm="stress_core"] ===
PID      power             

=== PID → cumulative energy (pid_to_consumption) [comm="stress_core"] ===
PID      energy            

[H[JPolling energy-fair scheduler maps every 100 millisecond(s)...
Real time since poller start: 6.691240 s
Filter: comm "stress_core"
Maps shown: total power consumption 

=== System totals (total) ===
  cpu_time:  716057085818 ns
  energy:    33167148480000 (units of your kfunc)
  uncore_energy:    973145222275190000 (units of your kfunc)

=== PID → power (EMA) (pid_to_power) [comm="stress_core"] ===
PID      power             

=== PID → cumulative energy (pid_to_consumption) [comm="stress_core"] ===
PID      energy            

[H[JPolling energy-fair scheduler maps every 100 millisecond(s)...
Real time since poller start: 6.808434 s
Filter: comm "stress_core"
Maps shown: total power consumption 

=== System totals (total) ===
  cpu_time:  716074307902 ns
  energy:    33167877850000 (units of your kfunc)
  uncore_energy:    973145372347670000 (units of your kfunc)

=== PID → power (EMA) (pid_to_power) [comm="stress_core"] ===
PID      power             

=== PID → cumulative energy (pid_to_consumption) [comm="stress_core"] ===
PID      energy            

[H[JPolling energy-fair scheduler maps every 100 millisecond(s)...
Real time since poller start: 6.925625 s
Filter: comm "stress_core"
Maps shown: total power consumption 

=== System totals (total) ===
  cpu_time:  716091625086 ns
  energy:    33168600810000 (units of your kfunc)
  uncore_energy:    973145520093490000 (units of your kfunc)

=== PID → power (EMA) (pid_to_power) [comm="stress_core"] ===
PID      power             

=== PID → cumulative energy (pid_to_consumption) [comm="stress_core"] ===
PID      energy            

[H[JPolling energy-fair scheduler maps every 100 millisecond(s)...
Real time since poller start: 7.042783 s
Filter: comm "stress_core"
Maps shown: total power consumption 

=== System totals (total) ===
  cpu_time:  716111087551 ns
  energy:    33169382370000 (units of your kfunc)
  uncore_energy:    973145619365180000 (units of your kfunc)

=== PID → power (EMA) (pid_to_power) [comm="stress_core"] ===
PID      power             

=== PID → cumulative energy (pid_to_consumption) [comm="stress_core"] ===
PID      energy            

[H[JPolling energy-fair scheduler maps every 100 millisecond(s)...
Real time since poller start: 7.159976 s
Filter: comm "stress_core"
Maps shown: total power consumption 

=== System totals (total) ===
  cpu_time:  716128549715 ns
  energy:    33170133880000 (units of your kfunc)
  uncore_energy:    973145873003930000 (units of your kfunc)

=== PID → power (EMA) (pid_to_power) [comm="stress_core"] ===
PID      power             

=== PID → cumulative energy (pid_to_consumption) [comm="stress_core"] ===
PID      energy            

[H[JPolling energy-fair scheduler maps every 100 millisecond(s)...
Real time since poller start: 7.277118 s
Filter: comm "stress_core"
Maps shown: total power consumption 

=== System totals (total) ===
  cpu_time:  716145679759 ns
  energy:    33170871490000 (units of your kfunc)
  uncore_energy:    973145970618070000 (units of your kfunc)

=== PID → power (EMA) (pid_to_power) [comm="stress_core"] ===
PID      power             

=== PID → cumulative energy (pid_to_consumption) [comm="stress_core"] ===
PID      energy            

[H[JPolling energy-fair scheduler maps every 100 millisecond(s)...
Real time since poller start: 7.394338 s
Filter: comm "stress_core"
Maps shown: total power consumption 

=== System totals (total) ===
  cpu_time:  716162883753 ns
  energy:    33171595060000 (units of your kfunc)
  uncore_energy:    973146124960260000 (units of your kfunc)

=== PID → power (EMA) (pid_to_power) [comm="stress_core"] ===
PID      power             

=== PID → cumulative energy (pid_to_consumption) [comm="stress_core"] ===
PID      energy            

[H[JPolling energy-fair scheduler maps every 100 millisecond(s)...
Real time since poller start: 7.511540 s
Filter: comm "stress_core"
Maps shown: total power consumption 

=== System totals (total) ===
  cpu_time:  716180093547 ns
  energy:    33172318180000 (units of your kfunc)
  uncore_energy:    973146324516680000 (units of your kfunc)

=== PID → power (EMA) (pid_to_power) [comm="stress_core"] ===
PID      power             

=== PID → cumulative energy (pid_to_consumption) [comm="stress_core"] ===
PID      energy            

[H[JPolling energy-fair scheduler maps every 100 millisecond(s)...
Real time since poller start: 7.628704 s
Filter: comm "stress_core"
Maps shown: total power consumption 

=== System totals (total) ===
  cpu_time:  716197656932 ns
  energy:    33173051370000 (units of your kfunc)
  uncore_energy:    973146427625660000 (units of your kfunc)

=== PID → power (EMA) (pid_to_power) [comm="stress_core"] ===
PID      power             

=== PID → cumulative energy (pid_to_consumption) [comm="stress_core"] ===
PID      energy            

[H[JPolling energy-fair scheduler maps every 100 millisecond(s)...
Real time since poller start: 7.745916 s
Filter: comm "stress_core"
Maps shown: total power consumption 

=== System totals (total) ===
  cpu_time:  716215083717 ns
  energy:    33173796310000 (units of your kfunc)
  uncore_energy:    973146512504190000 (units of your kfunc)

=== PID → power (EMA) (pid_to_power) [comm="stress_core"] ===
PID      power             

=== PID → cumulative energy (pid_to_consumption) [comm="stress_core"] ===
PID      energy            

[H[JPolling energy-fair scheduler maps every 100 millisecond(s)...
Real time since poller start: 7.863070 s
Filter: comm "stress_core"
Maps shown: total power consumption 

=== System totals (total) ===
  cpu_time:  716233032024 ns
  energy:    33174562450000 (units of your kfunc)
  uncore_energy:    973146675581130000 (units of your kfunc)

=== PID → power (EMA) (pid_to_power) [comm="stress_core"] ===
PID      power             

=== PID → cumulative energy (pid_to_consumption) [comm="stress_core"] ===
PID      energy            

[H[JPolling energy-fair scheduler maps every 100 millisecond(s)...
Real time since poller start: 7.980273 s
Filter: comm "stress_core"
Maps shown: total power consumption 

=== System totals (total) ===
  cpu_time:  716250436319 ns
  energy:    33175293800000 (units of your kfunc)
  uncore_energy:    973146863646930000 (units of your kfunc)

=== PID → power (EMA) (pid_to_power) [comm="stress_core"] ===
PID      power             

=== PID → cumulative energy (pid_to_consumption) [comm="stress_core"] ===
PID      energy            

[H[JPolling energy-fair scheduler maps every 100 millisecond(s)...
Real time since poller start: 8.097453 s
Filter: comm "stress_core"
Maps shown: total power consumption 

=== System totals (total) ===
  cpu_time:  716267611214 ns
  energy:    33176015080000 (units of your kfunc)
  uncore_energy:    973147013489460000 (units of your kfunc)

=== PID → power (EMA) (pid_to_power) [comm="stress_core"] ===
PID      power             

=== PID → cumulative energy (pid_to_consumption) [comm="stress_core"] ===
PID      energy            

[H[JPolling energy-fair scheduler maps every 100 millisecond(s)...
Real time since poller start: 8.214587 s
Filter: comm "stress_core"
Maps shown: total power consumption 

=== System totals (total) ===
  cpu_time:  716299295268 ns
  energy:    33177444670000 (units of your kfunc)
  uncore_energy:    973147236778960000 (units of your kfunc)

=== PID → power (EMA) (pid_to_power) [comm="stress_core"] ===
PID      power             

=== PID → cumulative energy (pid_to_consumption) [comm="stress_core"] ===
PID      energy            

[H[JPolling energy-fair scheduler maps every 100 millisecond(s)...
Real time since poller start: 8.331790 s
Filter: comm "stress_core"
Maps shown: total power consumption 

=== System totals (total) ===
  cpu_time:  716318458691 ns
  energy:    33178231580000 (units of your kfunc)
  uncore_energy:    973147322037120000 (units of your kfunc)

=== PID → power (EMA) (pid_to_power) [comm="stress_core"] ===
PID      power             

=== PID → cumulative energy (pid_to_consumption) [comm="stress_core"] ===
PID      energy            

[H[JPolling energy-fair scheduler maps every 100 millisecond(s)...
Real time since poller start: 8.448942 s
Filter: comm "stress_core"
Maps shown: total power consumption 

=== System totals (total) ===
  cpu_time:  716336551449 ns
  energy:    33179028380000 (units of your kfunc)
  uncore_energy:    973147475118650000 (units of your kfunc)

=== PID → power (EMA) (pid_to_power) [comm="stress_core"] ===
PID      power             

=== PID → cumulative energy (pid_to_consumption) [comm="stress_core"] ===
PID      energy            

[H[JPolling energy-fair scheduler maps every 100 millisecond(s)...
Real time since poller start: 8.566074 s
Filter: comm "stress_core"
Maps shown: total power consumption 

=== System totals (total) ===
  cpu_time:  716353888032 ns
  energy:    33179764000000 (units of your kfunc)
  uncore_energy:    973147619118750000 (units of your kfunc)

=== PID → power (EMA) (pid_to_power) [comm="stress_core"] ===
PID      power             

=== PID → cumulative energy (pid_to_consumption) [comm="stress_core"] ===
PID      energy            

[H[JPolling energy-fair scheduler maps every 100 millisecond(s)...
Real time since poller start: 8.683256 s
Filter: comm "stress_core"
Maps shown: total power consumption 

=== System totals (total) ===
  cpu_time:  716371067996 ns
  energy:    33180491990000 (units of your kfunc)
  uncore_energy:    973147766384990000 (units of your kfunc)

=== PID → power (EMA) (pid_to_power) [comm="stress_core"] ===
PID      power             

=== PID → cumulative energy (pid_to_consumption) [comm="stress_core"] ===
PID      energy            

[H[JPolling energy-fair scheduler maps every 100 millisecond(s)...
Real time since poller start: 8.800398 s
Filter: comm "stress_core"
Maps shown: total power consumption 

=== System totals (total) ===
  cpu_time:  716389749848 ns
  energy:    33181260430000 (units of your kfunc)
  uncore_energy:    973147917676330000 (units of your kfunc)

=== PID → power (EMA) (pid_to_power) [comm="stress_core"] ===
PID      power             

=== PID → cumulative energy (pid_to_consumption) [comm="stress_core"] ===
PID      energy            

[H[JPolling energy-fair scheduler maps every 100 millisecond(s)...
Real time since poller start: 8.917582 s
Filter: comm "stress_core"
Maps shown: total power consumption 

=== System totals (total) ===
  cpu_time:  716407794816 ns
  energy:    33181983840000 (units of your kfunc)
  uncore_energy:    973148065452070000 (units of your kfunc)

=== PID → power (EMA) (pid_to_power) [comm="stress_core"] ===
PID      power             

=== PID → cumulative energy (pid_to_consumption) [comm="stress_core"] ===
PID      energy            

[H[JPolling energy-fair scheduler maps every 100 millisecond(s)...
Real time since poller start: 9.034791 s
Filter: comm "stress_core"
Maps shown: total power consumption 

=== System totals (total) ===
  cpu_time:  716439782771 ns
  energy:    33183388560000 (units of your kfunc)
  uncore_energy:    973148234282940000 (units of your kfunc)

=== PID → power (EMA) (pid_to_power) [comm="stress_core"] ===
PID      power             

=== PID → cumulative energy (pid_to_consumption) [comm="stress_core"] ===
PID      energy            

[H[JPolling energy-fair scheduler maps every 100 millisecond(s)...
Real time since poller start: 9.151977 s
Filter: comm "stress_core"
Maps shown: total power consumption 

=== System totals (total) ===
  cpu_time:  716544294837 ns
  energy:    33187656390000 (units of your kfunc)
  uncore_energy:    973148435958870000 (units of your kfunc)

=== PID → power (EMA) (pid_to_power) [comm="stress_core"] ===
PID      power             

=== PID → cumulative energy (pid_to_consumption) [comm="stress_core"] ===
PID      energy            

[H[JPolling energy-fair scheduler maps every 100 millisecond(s)...
Real time since poller start: 9.269200 s
Filter: comm "stress_core"
Maps shown: total power consumption 

=== System totals (total) ===
  cpu_time:  716675151850 ns
  energy:    33192405110000 (units of your kfunc)
  uncore_energy:    973148588054630000 (units of your kfunc)

=== PID → power (EMA) (pid_to_power) [comm="stress_core"] ===
PID      power             

=== PID → cumulative energy (pid_to_consumption) [comm="stress_core"] ===
PID      energy            

[H[JPolling energy-fair scheduler maps every 100 millisecond(s)...
Real time since poller start: 9.386460 s
Filter: comm "stress_core"
Maps shown: total power consumption 

=== System totals (total) ===
  cpu_time:  716756810377 ns
  energy:    33195702050000 (units of your kfunc)
  uncore_energy:    973148693277440000 (units of your kfunc)

=== PID → power (EMA) (pid_to_power) [comm="stress_core"] ===
PID      power             

=== PID → cumulative energy (pid_to_consumption) [comm="stress_core"] ===
PID      energy            

[H[JPolling energy-fair scheduler maps every 100 millisecond(s)...
Real time since poller start: 9.503659 s
Filter: comm "stress_core"
Maps shown: total power consumption 

=== System totals (total) ===
  cpu_time:  716774326513 ns
  energy:    33196421800000 (units of your kfunc)
  uncore_energy:    973148824245460000 (units of your kfunc)

=== PID → power (EMA) (pid_to_power) [comm="stress_core"] ===
PID      power             

=== PID → cumulative energy (pid_to_consumption) [comm="stress_core"] ===
PID      energy            

[H[JPolling energy-fair scheduler maps every 100 millisecond(s)...
Real time since poller start: 9.620824 s
Filter: comm "stress_core"
Maps shown: total power consumption 

=== System totals (total) ===
  cpu_time:  716791463387 ns
  energy:    33197126160000 (units of your kfunc)
  uncore_energy:    973148920014800000 (units of your kfunc)

=== PID → power (EMA) (pid_to_power) [comm="stress_core"] ===
PID      power             

=== PID → cumulative energy (pid_to_consumption) [comm="stress_core"] ===
PID      energy            

[H[JPolling energy-fair scheduler maps every 100 millisecond(s)...
Real time since poller start: 9.737964 s
Filter: comm "stress_core"
Maps shown: total power consumption 

=== System totals (total) ===
  cpu_time:  716808623310 ns
  energy:    33197871250000 (units of your kfunc)
  uncore_energy:    973149122513270000 (units of your kfunc)

=== PID → power (EMA) (pid_to_power) [comm="stress_core"] ===
PID      power             

=== PID → cumulative energy (pid_to_consumption) [comm="stress_core"] ===
PID      energy            

[H[JPolling energy-fair scheduler maps every 100 millisecond(s)...
Real time since poller start: 9.855171 s
Filter: comm "stress_core"
Maps shown: total power consumption 

=== System totals (total) ===
  cpu_time:  716839972291 ns
  energy:    33199297490000 (units of your kfunc)
  uncore_energy:    973149217691490000 (units of your kfunc)

=== PID → power (EMA) (pid_to_power) [comm="stress_core"] ===
PID      power             

=== PID → cumulative energy (pid_to_consumption) [comm="stress_core"] ===
PID      energy            

[H[JPolling energy-fair scheduler maps every 100 millisecond(s)...
Real time since poller start: 9.972299 s
Filter: comm "stress_core"
Maps shown: total power consumption 

=== System totals (total) ===
  cpu_time:  716859545327 ns
  energy:    33200119790000 (units of your kfunc)
  uncore_energy:    973149481249530000 (units of your kfunc)

=== PID → power (EMA) (pid_to_power) [comm="stress_core"] ===
PID      power             

=== PID → cumulative energy (pid_to_consumption) [comm="stress_core"] ===
PID      energy            

[H[JPolling energy-fair scheduler maps every 100 millisecond(s)...
Real time since poller start: 10.089501 s
Filter: comm "stress_core"
Maps shown: total power consumption 

=== System totals (total) ===
  cpu_time:  716877872827 ns
  energy:    33200886380000 (units of your kfunc)
  uncore_energy:    973149570321960000 (units of your kfunc)

=== PID → power (EMA) (pid_to_power) [comm="stress_core"] ===
PID      power             

=== PID → cumulative energy (pid_to_consumption) [comm="stress_core"] ===
PID      energy            

[H[JPolling energy-fair scheduler maps every 100 millisecond(s)...
Real time since poller start: 10.206697 s
Filter: comm "stress_core"
Maps shown: total power consumption 

=== System totals (total) ===
  cpu_time:  716896158338 ns
  energy:    33201653300000 (units of your kfunc)
  uncore_energy:    973149743626850000 (units of your kfunc)

=== PID → power (EMA) (pid_to_power) [comm="stress_core"] ===
PID      power             

=== PID → cumulative energy (pid_to_consumption) [comm="stress_core"] ===
PID      energy            

[H[JPolling energy-fair scheduler maps every 100 millisecond(s)...
Real time since poller start: 10.323895 s
Filter: comm "stress_core"
Maps shown: total power consumption 

=== System totals (total) ===
  cpu_time:  716913457782 ns
  energy:    33202366340000 (units of your kfunc)
  uncore_energy:    973149814549850000 (units of your kfunc)

=== PID → power (EMA) (pid_to_power) [comm="stress_core"] ===
PID      power             

=== PID → cumulative energy (pid_to_consumption) [comm="stress_core"] ===
PID      energy            

[H[JPolling energy-fair scheduler maps every 100 millisecond(s)...
Real time since poller start: 10.441064 s
Filter: comm "stress_core"
Maps shown: total power consumption 

=== System totals (total) ===
  cpu_time:  716930717167 ns
  energy:    33203123170000 (units of your kfunc)
  uncore_energy:    973150052253870000 (units of your kfunc)

=== PID → power (EMA) (pid_to_power) [comm="stress_core"] ===
PID      power             

=== PID → cumulative energy (pid_to_consumption) [comm="stress_core"] ===
PID      energy            

[H[JPolling energy-fair scheduler maps every 100 millisecond(s)...
Real time since poller start: 10.558234 s
Filter: comm "stress_core"
Maps shown: total power consumption 

=== System totals (total) ===
  cpu_time:  716947843300 ns
  energy:    33203849340000 (units of your kfunc)
  uncore_energy:    973150111900930000 (units of your kfunc)

=== PID → power (EMA) (pid_to_power) [comm="stress_core"] ===
PID      power             

=== PID → cumulative energy (pid_to_consumption) [comm="stress_core"] ===
PID      energy            

[H[JPolling energy-fair scheduler maps every 100 millisecond(s)...
Real time since poller start: 10.675454 s
Filter: comm "stress_core"
Maps shown: total power consumption 

=== System totals (total) ===
  cpu_time:  716965180623 ns
  energy:    33204583890000 (units of your kfunc)
  uncore_energy:    973150315824130000 (units of your kfunc)

=== PID → power (EMA) (pid_to_power) [comm="stress_core"] ===
PID      power             

=== PID → cumulative energy (pid_to_consumption) [comm="stress_core"] ===
PID      energy            

[H[JPolling energy-fair scheduler maps every 100 millisecond(s)...
Real time since poller start: 10.792634 s
Filter: comm "stress_core"
Maps shown: total power consumption 

=== System totals (total) ===
  cpu_time:  716982348636 ns
  energy:    33205298150000 (units of your kfunc)
  uncore_energy:    973150519478000000 (units of your kfunc)

=== PID → power (EMA) (pid_to_power) [comm="stress_core"] ===
PID      power             

=== PID → cumulative energy (pid_to_consumption) [comm="stress_core"] ===
PID      energy            

[H[JPolling energy-fair scheduler maps every 100 millisecond(s)...
Real time since poller start: 10.909802 s
Filter: comm "stress_core"
Maps shown: total power consumption 

=== System totals (total) ===
  cpu_time:  716999557100 ns
  energy:    33206006910000 (units of your kfunc)
  uncore_energy:    973150570047160000 (units of your kfunc)

=== PID → power (EMA) (pid_to_power) [comm="stress_core"] ===
PID      power             

=== PID → cumulative energy (pid_to_consumption) [comm="stress_core"] ===
PID      energy            

[H[JPolling energy-fair scheduler maps every 100 millisecond(s)...
Real time since poller start: 11.026977 s
Filter: comm "stress_core"
Maps shown: total power consumption 

=== System totals (total) ===
  cpu_time:  717033893798 ns
  energy:    33207556310000 (units of your kfunc)
  uncore_energy:    973150823100580000 (units of your kfunc)

=== PID → power (EMA) (pid_to_power) [comm="stress_core"] ===
PID      power             

=== PID → cumulative energy (pid_to_consumption) [comm="stress_core"] ===
PID      energy            

[H[JPolling energy-fair scheduler maps every 100 millisecond(s)...
Real time since poller start: 11.144133 s
Filter: comm "stress_core"
Maps shown: total power consumption 

=== System totals (total) ===
  cpu_time:  717051362642 ns
  energy:    33208313610000 (units of your kfunc)
  uncore_energy:    973150911628860000 (units of your kfunc)

=== PID → power (EMA) (pid_to_power) [comm="stress_core"] ===
PID      power             

=== PID → cumulative energy (pid_to_consumption) [comm="stress_core"] ===
PID      energy            

[H[JPolling energy-fair scheduler maps every 100 millisecond(s)...
Real time since poller start: 11.261309 s
Filter: comm "stress_core"
Maps shown: total power consumption 

=== System totals (total) ===
  cpu_time:  717068644766 ns
  energy:    33209046650000 (units of your kfunc)
  uncore_energy:    973151066952950000 (units of your kfunc)

=== PID → power (EMA) (pid_to_power) [comm="stress_core"] ===
PID      power             

=== PID → cumulative energy (pid_to_consumption) [comm="stress_core"] ===
PID      energy            

[H[JPolling energy-fair scheduler maps every 100 millisecond(s)...
Real time since poller start: 11.378522 s
Filter: comm "stress_core"
Maps shown: total power consumption 

=== System totals (total) ===
  cpu_time:  717091307639 ns
  energy:    33210004590000 (units of your kfunc)
  uncore_energy:    973151195594470000 (units of your kfunc)

=== PID → power (EMA) (pid_to_power) [comm="stress_core"] ===
PID      power             

=== PID → cumulative energy (pid_to_consumption) [comm="stress_core"] ===
PID      energy            

[H[JPolling energy-fair scheduler maps every 100 millisecond(s)...
Real time since poller start: 11.495693 s
Filter: comm "stress_core"
Maps shown: total power consumption 

=== System totals (total) ===
  cpu_time:  717110006791 ns
  energy:    33210769520000 (units of your kfunc)
  uncore_energy:    973151369694190000 (units of your kfunc)

=== PID → power (EMA) (pid_to_power) [comm="stress_core"] ===
PID      power             

=== PID → cumulative energy (pid_to_consumption) [comm="stress_core"] ===
PID      energy            

[H[JPolling energy-fair scheduler maps every 100 millisecond(s)...
Real time since poller start: 11.612929 s
Filter: comm "stress_core"
Maps shown: total power consumption 

=== System totals (total) ===
  cpu_time:  717127595437 ns
  energy:    33211488980000 (units of your kfunc)
  uncore_energy:    973151516805230000 (units of your kfunc)

=== PID → power (EMA) (pid_to_power) [comm="stress_core"] ===
PID      power             

=== PID → cumulative energy (pid_to_consumption) [comm="stress_core"] ===
PID      energy            

[H[JPolling energy-fair scheduler maps every 100 millisecond(s)...
Real time since poller start: 11.730074 s
Filter: comm "stress_core"
Maps shown: total power consumption 

=== System totals (total) ===
  cpu_time:  717144697700 ns
  energy:    33212221560000 (units of your kfunc)
  uncore_energy:    973151603183100000 (units of your kfunc)

=== PID → power (EMA) (pid_to_power) [comm="stress_core"] ===
PID      power             

=== PID → cumulative energy (pid_to_consumption) [comm="stress_core"] ===
PID      energy            

[H[JPolling energy-fair scheduler maps every 100 millisecond(s)...
Real time since poller start: 11.847254 s
Filter: comm "stress_core"
Maps shown: total power consumption 

=== System totals (total) ===
  cpu_time:  717162087964 ns
  energy:    33212954890000 (units of your kfunc)
  uncore_energy:    973151805333220000 (units of your kfunc)

=== PID → power (EMA) (pid_to_power) [comm="stress_core"] ===
PID      power             

=== PID → cumulative energy (pid_to_consumption) [comm="stress_core"] ===
PID      energy            

[H[JPolling energy-fair scheduler maps every 100 millisecond(s)...
Real time since poller start: 11.964479 s
Filter: comm "stress_core"
Maps shown: total power consumption 

=== System totals (total) ===
  cpu_time:  717180966027 ns
  energy:    33213744090000 (units of your kfunc)
  uncore_energy:    973151990974690000 (units of your kfunc)

=== PID → power (EMA) (pid_to_power) [comm="stress_core"] ===
PID      power             

=== PID → cumulative energy (pid_to_consumption) [comm="stress_core"] ===
PID      energy            

[H[JPolling energy-fair scheduler maps every 100 millisecond(s)...
Real time since poller start: 12.081623 s
Filter: comm "stress_core"
Maps shown: total power consumption 

=== System totals (total) ===
  cpu_time:  717199499198 ns
  energy:    33214527170000 (units of your kfunc)
  uncore_energy:    973152170262410000 (units of your kfunc)

=== PID → power (EMA) (pid_to_power) [comm="stress_core"] ===
PID      power             

=== PID → cumulative energy (pid_to_consumption) [comm="stress_core"] ===
PID      energy            

[H[JPolling energy-fair scheduler maps every 100 millisecond(s)...
Real time since poller start: 12.198820 s
Filter: comm "stress_core"
Maps shown: total power consumption 

=== System totals (total) ===
  cpu_time:  717217060914 ns
  energy:    33215255930000 (units of your kfunc)
  uncore_energy:    973152256593280000 (units of your kfunc)

=== PID → power (EMA) (pid_to_power) [comm="stress_core"] ===
PID      power             

=== PID → cumulative energy (pid_to_consumption) [comm="stress_core"] ===
PID      energy            

[H[JPolling energy-fair scheduler maps every 100 millisecond(s)...
Real time since poller start: 12.316008 s
Filter: comm "stress_core"
Maps shown: total power consumption 

=== System totals (total) ===
  cpu_time:  717235097662 ns
  energy:    33216039160000 (units of your kfunc)
  uncore_energy:    973152362101860000 (units of your kfunc)

=== PID → power (EMA) (pid_to_power) [comm="stress_core"] ===
PID      power             

=== PID → cumulative energy (pid_to_consumption) [comm="stress_core"] ===
PID      energy            

[H[JPolling energy-fair scheduler maps every 100 millisecond(s)...
Real time since poller start: 12.433234 s
Filter: comm "stress_core"
Maps shown: total power consumption 

=== System totals (total) ===
  cpu_time:  717252319245 ns
  energy:    33216770520000 (units of your kfunc)
  uncore_energy:    973152523712110000 (units of your kfunc)

=== PID → power (EMA) (pid_to_power) [comm="stress_core"] ===
PID      power             

=== PID → cumulative energy (pid_to_consumption) [comm="stress_core"] ===
PID      energy            

[H[JPolling energy-fair scheduler maps every 100 millisecond(s)...
Real time since poller start: 12.550438 s
Filter: comm "stress_core"
Maps shown: total power consumption 

=== System totals (total) ===
  cpu_time:  717269539709 ns
  energy:    33217494540000 (units of your kfunc)
  uncore_energy:    973152658751640000 (units of your kfunc)

=== PID → power (EMA) (pid_to_power) [comm="stress_core"] ===
PID      power             

=== PID → cumulative energy (pid_to_consumption) [comm="stress_core"] ===
PID      energy            

[H[JPolling energy-fair scheduler maps every 100 millisecond(s)...
Real time since poller start: 12.667593 s
Filter: comm "stress_core"
Maps shown: total power consumption 

=== System totals (total) ===
  cpu_time:  717301033160 ns
  energy:    33218934210000 (units of your kfunc)
  uncore_energy:    973152873537250000 (units of your kfunc)

=== PID → power (EMA) (pid_to_power) [comm="stress_core"] ===
PID      power             

=== PID → cumulative energy (pid_to_consumption) [comm="stress_core"] ===
PID      energy            

[H[JPolling energy-fair scheduler maps every 100 millisecond(s)...
Real time since poller start: 12.784776 s
Filter: comm "stress_core"
Maps shown: total power consumption 

=== System totals (total) ===
  cpu_time:  717318289056 ns
  energy:    33219651530000 (units of your kfunc)
  uncore_energy:    973153008467210000 (units of your kfunc)

=== PID → power (EMA) (pid_to_power) [comm="stress_core"] ===
PID      power             

=== PID → cumulative energy (pid_to_consumption) [comm="stress_core"] ===
PID      energy            

[H[JPolling energy-fair scheduler maps every 100 millisecond(s)...
Real time since poller start: 12.901931 s
Filter: comm "stress_core"
Maps shown: total power consumption 

=== System totals (total) ===
  cpu_time:  717335541890 ns
  energy:    33220360610000 (units of your kfunc)
  uncore_energy:    973153093730880000 (units of your kfunc)

=== PID → power (EMA) (pid_to_power) [comm="stress_core"] ===
PID      power             

=== PID → cumulative energy (pid_to_consumption) [comm="stress_core"] ===
PID      energy            

[H[JPolling energy-fair scheduler maps every 100 millisecond(s)...
Real time since poller start: 13.019126 s
Filter: comm "stress_core"
Maps shown: total power consumption 

=== System totals (total) ===
  cpu_time:  717353625858 ns
  energy:    33221139730000 (units of your kfunc)
  uncore_energy:    973153263191930000 (units of your kfunc)

=== PID → power (EMA) (pid_to_power) [comm="stress_core"] ===
PID      power             

=== PID → cumulative energy (pid_to_consumption) [comm="stress_core"] ===
PID      energy            

[H[JPolling energy-fair scheduler maps every 100 millisecond(s)...
Real time since poller start: 13.136330 s
Filter: comm "stress_core"
Maps shown: total power consumption 

=== System totals (total) ===
  cpu_time:  717371392635 ns
  energy:    33221884370000 (units of your kfunc)
  uncore_energy:    973153451131520000 (units of your kfunc)

=== PID → power (EMA) (pid_to_power) [comm="stress_core"] ===
PID      power             

=== PID → cumulative energy (pid_to_consumption) [comm="stress_core"] ===
PID      energy            

[H[JPolling energy-fair scheduler maps every 100 millisecond(s)...
Real time since poller start: 13.253490 s
Filter: comm "stress_core"
Maps shown: total power consumption 

=== System totals (total) ===
  cpu_time:  717389480103 ns
  energy:    33222617250000 (units of your kfunc)
  uncore_energy:    973153594951560000 (units of your kfunc)

=== PID → power (EMA) (pid_to_power) [comm="stress_core"] ===
PID      power             

=== PID → cumulative energy (pid_to_consumption) [comm="stress_core"] ===
PID      energy            

[H[JPolling energy-fair scheduler maps every 100 millisecond(s)...
Real time since poller start: 13.370705 s
Filter: comm "stress_core"
Maps shown: total power consumption 

=== System totals (total) ===
  cpu_time:  717406800188 ns
  energy:    33223333510000 (units of your kfunc)
  uncore_energy:    973153700412670000 (units of your kfunc)

=== PID → power (EMA) (pid_to_power) [comm="stress_core"] ===
PID      power             

=== PID → cumulative energy (pid_to_consumption) [comm="stress_core"] ===
PID      energy            

[H[JPolling energy-fair scheduler maps every 100 millisecond(s)...
Real time since poller start: 13.487868 s
Filter: comm "stress_core"
Maps shown: total power consumption 

=== System totals (total) ===
  cpu_time:  717424225883 ns
  energy:    33224048520000 (units of your kfunc)
  uncore_energy:    973153899318630000 (units of your kfunc)

=== PID → power (EMA) (pid_to_power) [comm="stress_core"] ===
PID      power             

=== PID → cumulative energy (pid_to_consumption) [comm="stress_core"] ===
PID      energy            

[H[JPolling energy-fair scheduler maps every 100 millisecond(s)...
Real time since poller start: 13.605079 s
Filter: comm "stress_core"
Maps shown: total power consumption 

=== System totals (total) ===
  cpu_time:  717441661529 ns
  energy:    33224795600000 (units of your kfunc)
  uncore_energy:    973154045201500000 (units of your kfunc)

=== PID → power (EMA) (pid_to_power) [comm="stress_core"] ===
PID      power             

=== PID → cumulative energy (pid_to_consumption) [comm="stress_core"] ===
PID      energy            

[H[JPolling energy-fair scheduler maps every 100 millisecond(s)...
Real time since poller start: 13.722277 s
Filter: comm "stress_core"
Maps shown: total power consumption 

=== System totals (total) ===
  cpu_time:  717458811363 ns
  energy:    33225519930000 (units of your kfunc)
  uncore_energy:    973154138219080000 (units of your kfunc)

=== PID → power (EMA) (pid_to_power) [comm="stress_core"] ===
PID      power             

=== PID → cumulative energy (pid_to_consumption) [comm="stress_core"] ===
PID      energy            

[H[JPolling energy-fair scheduler maps every 100 millisecond(s)...
Real time since poller start: 13.839468 s
Filter: comm "stress_core"
Maps shown: total power consumption 

=== System totals (total) ===
  cpu_time:  717477520776 ns
  energy:    33226285470000 (units of your kfunc)
  uncore_energy:    973154374743730000 (units of your kfunc)

=== PID → power (EMA) (pid_to_power) [comm="stress_core"] ===
PID      power             

=== PID → cumulative energy (pid_to_consumption) [comm="stress_core"] ===
PID      energy            

[H[JPolling energy-fair scheduler maps every 100 millisecond(s)...
Real time since poller start: 13.956671 s
Filter: comm "stress_core"
Maps shown: total power consumption 

=== System totals (total) ===
  cpu_time:  717496058846 ns
  energy:    33227044130000 (units of your kfunc)
  uncore_energy:    973154492952200000 (units of your kfunc)

=== PID → power (EMA) (pid_to_power) [comm="stress_core"] ===
PID      power             

=== PID → cumulative energy (pid_to_consumption) [comm="stress_core"] ===
PID      energy            

[H[JPolling energy-fair scheduler maps every 100 millisecond(s)...
Real time since poller start: 14.073819 s
Filter: comm "stress_core"
Maps shown: total power consumption 

=== System totals (total) ===
  cpu_time:  717513297269 ns
  energy:    33227765560000 (units of your kfunc)
  uncore_energy:    973154649702390000 (units of your kfunc)

=== PID → power (EMA) (pid_to_power) [comm="stress_core"] ===
PID      power             

=== PID → cumulative energy (pid_to_consumption) [comm="stress_core"] ===
PID      energy            

[H[JPolling energy-fair scheduler maps every 100 millisecond(s)...
Real time since poller start: 14.190999 s
Filter: comm "stress_core"
Maps shown: total power consumption 

=== System totals (total) ===
  cpu_time:  717530631993 ns
  energy:    33228496620000 (units of your kfunc)
  uncore_energy:    973154836807330000 (units of your kfunc)

=== PID → power (EMA) (pid_to_power) [comm="stress_core"] ===
PID      power             

=== PID → cumulative energy (pid_to_consumption) [comm="stress_core"] ===
PID      energy            

[H[JPolling energy-fair scheduler maps every 100 millisecond(s)...
Real time since poller start: 14.308203 s
Filter: comm "stress_core"
Maps shown: total power consumption 

=== System totals (total) ===
  cpu_time:  717561724203 ns
  energy:    33229890980000 (units of your kfunc)
  uncore_energy:    973154970300820000 (units of your kfunc)

=== PID → power (EMA) (pid_to_power) [comm="stress_core"] ===
PID      power             

=== PID → cumulative energy (pid_to_consumption) [comm="stress_core"] ===
PID      energy            

[H[JPolling energy-fair scheduler maps every 100 millisecond(s)...
Real time since poller start: 14.425366 s
Filter: comm "stress_core"
Maps shown: total power consumption 

=== System totals (total) ===
  cpu_time:  717578903716 ns
  energy:    33230621420000 (units of your kfunc)
  uncore_energy:    973155045230630000 (units of your kfunc)

=== PID → power (EMA) (pid_to_power) [comm="stress_core"] ===
PID      power             

=== PID → cumulative energy (pid_to_consumption) [comm="stress_core"] ===
PID      energy            

[H[JPolling energy-fair scheduler maps every 100 millisecond(s)...
Real time since poller start: 14.542550 s
Filter: comm "stress_core"
Maps shown: total power consumption 

=== System totals (total) ===
  cpu_time:  717596156521 ns
  energy:    33231344540000 (units of your kfunc)
  uncore_energy:    973155265400300000 (units of your kfunc)

=== PID → power (EMA) (pid_to_power) [comm="stress_core"] ===
PID      power             

=== PID → cumulative energy (pid_to_consumption) [comm="stress_core"] ===
PID      energy            

[H[JPolling energy-fair scheduler maps every 100 millisecond(s)...
Real time since poller start: 14.659712 s
Filter: comm "stress_core"
Maps shown: total power consumption 

=== System totals (total) ===
  cpu_time:  717613645065 ns
  energy:    33232067040000 (units of your kfunc)
  uncore_energy:    973155392944250000 (units of your kfunc)

=== PID → power (EMA) (pid_to_power) [comm="stress_core"] ===
PID      power             

=== PID → cumulative energy (pid_to_consumption) [comm="stress_core"] ===
PID      energy            

[H[JPolling energy-fair scheduler maps every 100 millisecond(s)...
Real time since poller start: 14.776893 s
Filter: comm "stress_core"
Maps shown: total power consumption 

=== System totals (total) ===
  cpu_time:  717630849129 ns
  energy:    33232779470000 (units of your kfunc)
  uncore_energy:    973155543162600000 (units of your kfunc)

=== PID → power (EMA) (pid_to_power) [comm="stress_core"] ===
PID      power             

=== PID → cumulative energy (pid_to_consumption) [comm="stress_core"] ===
PID      energy            

[H[JPolling energy-fair scheduler maps every 100 millisecond(s)...
Real time since poller start: 14.894082 s
Filter: comm "stress_core"
Maps shown: total power consumption 

=== System totals (total) ===
  cpu_time:  717647988843 ns
  energy:    33233515250000 (units of your kfunc)
  uncore_energy:    973155638402010000 (units of your kfunc)

=== PID → power (EMA) (pid_to_power) [comm="stress_core"] ===
PID      power             

=== PID → cumulative energy (pid_to_consumption) [comm="stress_core"] ===
PID      energy            

[H[JPolling energy-fair scheduler maps every 100 millisecond(s)...
Real time since poller start: 15.011242 s
Filter: comm "stress_core"
Maps shown: total power consumption 

=== System totals (total) ===
  cpu_time:  717666234694 ns
  energy:    33234275750000 (units of your kfunc)
  uncore_energy:    973155846153930000 (units of your kfunc)

=== PID → power (EMA) (pid_to_power) [comm="stress_core"] ===
PID      power             

=== PID → cumulative energy (pid_to_consumption) [comm="stress_core"] ===
PID      energy            

[H[JPolling energy-fair scheduler maps every 100 millisecond(s)...
Real time since poller start: 15.128449 s
Filter: comm "stress_core"
Maps shown: total power consumption 

=== System totals (total) ===
  cpu_time:  717731556689 ns
  energy:    33237425450000 (units of your kfunc)
  uncore_energy:    973156063797230000 (units of your kfunc)

=== PID → power (EMA) (pid_to_power) [comm="stress_core"] ===
PID      power             

=== PID → cumulative energy (pid_to_consumption) [comm="stress_core"] ===
PID      energy            

[H[JPolling energy-fair scheduler maps every 100 millisecond(s)...
Real time since poller start: 15.245631 s
Filter: comm "stress_core"
Maps shown: total power consumption 

=== System totals (total) ===
  cpu_time:  717870989776 ns
  energy:    33242761800000 (units of your kfunc)
  uncore_energy:    973156213597140000 (units of your kfunc)

=== PID → power (EMA) (pid_to_power) [comm="stress_core"] ===
PID      power             

=== PID → cumulative energy (pid_to_consumption) [comm="stress_core"] ===
PID      energy            

[H[JPolling energy-fair scheduler maps every 100 millisecond(s)...
Real time since poller start: 15.362902 s
Filter: comm "stress_core"
Maps shown: total power consumption 

=== System totals (total) ===
  cpu_time:  718000537534 ns
  energy:    33247684570000 (units of your kfunc)
  uncore_energy:    973156366025750000 (units of your kfunc)

=== PID → power (EMA) (pid_to_power) [comm="stress_core"] ===
PID      power             

=== PID → cumulative energy (pid_to_consumption) [comm="stress_core"] ===
PID      energy            

[H[JPolling energy-fair scheduler maps every 100 millisecond(s)...
Real time since poller start: 15.483763 s
Filter: comm "stress_core"
Maps shown: total power consumption 

=== System totals (total) ===
  cpu_time:  718026009334 ns
  energy:    33248915820000 (units of your kfunc)
  uncore_energy:    973156456176030000 (units of your kfunc)

=== PID → power (EMA) (pid_to_power) [comm="stress_core"] ===
PID      power             

=== PID → cumulative energy (pid_to_consumption) [comm="stress_core"] ===
PID      energy            

[H[JPolling energy-fair scheduler maps every 100 millisecond(s)...
Real time since poller start: 15.600926 s
Filter: comm "stress_core"
Maps shown: total power consumption 

=== System totals (total) ===
  cpu_time:  718043512439 ns
  energy:    33249631010000 (units of your kfunc)
  uncore_energy:    973156607849150000 (units of your kfunc)

=== PID → power (EMA) (pid_to_power) [comm="stress_core"] ===
PID      power             

=== PID → cumulative energy (pid_to_consumption) [comm="stress_core"] ===
PID      energy            

[H[JPolling energy-fair scheduler maps every 100 millisecond(s)...
Real time since poller start: 15.718169 s
Filter: comm "stress_core"
Maps shown: total power consumption 

=== System totals (total) ===
  cpu_time:  718060749153 ns
  energy:    33250375790000 (units of your kfunc)
  uncore_energy:    973156763517640000 (units of your kfunc)

=== PID → power (EMA) (pid_to_power) [comm="stress_core"] ===
PID      power             

=== PID → cumulative energy (pid_to_consumption) [comm="stress_core"] ===
PID      energy            

[H[JPolling energy-fair scheduler maps every 100 millisecond(s)...
Real time since poller start: 15.835362 s
Filter: comm "stress_core"
Maps shown: total power consumption 

=== System totals (total) ===
  cpu_time:  718092391866 ns
  energy:    33251807980000 (units of your kfunc)
  uncore_energy:    973156915463130000 (units of your kfunc)

=== PID → power (EMA) (pid_to_power) [comm="stress_core"] ===
PID      power             

=== PID → cumulative energy (pid_to_consumption) [comm="stress_core"] ===
PID      energy            

[H[JPolling energy-fair scheduler maps every 100 millisecond(s)...
Real time since poller start: 15.952579 s
Filter: comm "stress_core"
Maps shown: total power consumption 

=== System totals (total) ===
  cpu_time:  718109624290 ns
  energy:    33252529110000 (units of your kfunc)
  uncore_energy:    973157013752780000 (units of your kfunc)

=== PID → power (EMA) (pid_to_power) [comm="stress_core"] ===
PID      power             

=== PID → cumulative energy (pid_to_consumption) [comm="stress_core"] ===
PID      energy            

[H[JPolling energy-fair scheduler maps every 100 millisecond(s)...
Real time since poller start: 16.069813 s
Filter: comm "stress_core"
Maps shown: total power consumption 

=== System totals (total) ===
  cpu_time:  718127286358 ns
  energy:    33253263210000 (units of your kfunc)
  uncore_energy:    973157214456660000 (units of your kfunc)

=== PID → power (EMA) (pid_to_power) [comm="stress_core"] ===
PID      power             

=== PID → cumulative energy (pid_to_consumption) [comm="stress_core"] ===
PID      energy            

[H[JPolling energy-fair scheduler maps every 100 millisecond(s)...
Real time since poller start: 16.187082 s
Filter: comm "stress_core"
Maps shown: total power consumption 

=== System totals (total) ===
  cpu_time:  718149580341 ns
  energy:    33254168980000 (units of your kfunc)
  uncore_energy:    973157404050160000 (units of your kfunc)

=== PID → power (EMA) (pid_to_power) [comm="stress_core"] ===
PID      power             

=== PID → cumulative energy (pid_to_consumption) [comm="stress_core"] ===
PID      energy            

[H[JPolling energy-fair scheduler maps every 100 millisecond(s)...
Real time since poller start: 16.304302 s
Filter: comm "stress_core"
Maps shown: total power consumption 

=== System totals (total) ===
  cpu_time:  718166790355 ns
  energy:    33254899720000 (units of your kfunc)
  uncore_energy:    973157448398920000 (units of your kfunc)

=== PID → power (EMA) (pid_to_power) [comm="stress_core"] ===
PID      power             

=== PID → cumulative energy (pid_to_consumption) [comm="stress_core"] ===
PID      energy            

[H[JPolling energy-fair scheduler maps every 100 millisecond(s)...
Real time since poller start: 16.421516 s
Filter: comm "stress_core"
Maps shown: total power consumption 

=== System totals (total) ===
  cpu_time:  718187201815 ns
  energy:    33255726310000 (units of your kfunc)
  uncore_energy:    973157724797820000 (units of your kfunc)

=== PID → power (EMA) (pid_to_power) [comm="stress_core"] ===
PID      power             

=== PID → cumulative energy (pid_to_consumption) [comm="stress_core"] ===
PID      energy            

[H[JPolling energy-fair scheduler maps every 100 millisecond(s)...
Real time since poller start: 16.538746 s
Filter: comm "stress_core"
Maps shown: total power consumption 

=== System totals (total) ===
  cpu_time:  718204606799 ns
  energy:    33256459190000 (units of your kfunc)
  uncore_energy:    973157804158480000 (units of your kfunc)

=== PID → power (EMA) (pid_to_power) [comm="stress_core"] ===
PID      power             

=== PID → cumulative energy (pid_to_consumption) [comm="stress_core"] ===
PID      energy            

[H[JPolling energy-fair scheduler maps every 100 millisecond(s)...
Real time since poller start: 16.655988 s
Filter: comm "stress_core"
Maps shown: total power consumption 

=== System totals (total) ===
  cpu_time:  718221981503 ns
  energy:    33257171470000 (units of your kfunc)
  uncore_energy:    973157897238770000 (units of your kfunc)

=== PID → power (EMA) (pid_to_power) [comm="stress_core"] ===
PID      power             

=== PID → cumulative energy (pid_to_consumption) [comm="stress_core"] ===
PID      energy            

[H[JPolling energy-fair scheduler maps every 100 millisecond(s)...
Real time since poller start: 16.773159 s
Filter: comm "stress_core"
Maps shown: total power consumption 

=== System totals (total) ===
  cpu_time:  718239381028 ns
  energy:    33257913500000 (units of your kfunc)
  uncore_energy:    973158100604710000 (units of your kfunc)

=== PID → power (EMA) (pid_to_power) [comm="stress_core"] ===
PID      power             

=== PID → cumulative energy (pid_to_consumption) [comm="stress_core"] ===
PID      energy            

[H[JPolling energy-fair scheduler maps every 100 millisecond(s)...
Real time since poller start: 16.890422 s
Filter: comm "stress_core"
Maps shown: total power consumption 

=== System totals (total) ===
  cpu_time:  718256979823 ns
  energy:    33258654320000 (units of your kfunc)
  uncore_energy:    973158307998960000 (units of your kfunc)

=== PID → power (EMA) (pid_to_power) [comm="stress_core"] ===
PID      power             

=== PID → cumulative energy (pid_to_consumption) [comm="stress_core"] ===
PID      energy            

[H[JPolling energy-fair scheduler maps every 100 millisecond(s)...
Real time since poller start: 17.007651 s
Filter: comm "stress_core"
Maps shown: total power consumption 

=== System totals (total) ===
  cpu_time:  718274228097 ns
  energy:    33259388570000 (units of your kfunc)
  uncore_energy:    973158400573280000 (units of your kfunc)

=== PID → power (EMA) (pid_to_power) [comm="stress_core"] ===
PID      power             

=== PID → cumulative energy (pid_to_consumption) [comm="stress_core"] ===
PID      energy            

[H[JPolling energy-fair scheduler maps every 100 millisecond(s)...
Real time since poller start: 17.124935 s
Filter: comm "stress_core"
Maps shown: total power consumption 

=== System totals (total) ===
  cpu_time:  718309632690 ns
  energy:    33260939490000 (units of your kfunc)
  uncore_energy:    973158602841790000 (units of your kfunc)

=== PID → power (EMA) (pid_to_power) [comm="stress_core"] ===
PID      power             

=== PID → cumulative energy (pid_to_consumption) [comm="stress_core"] ===
PID      energy            

[H[JPolling energy-fair scheduler maps every 100 millisecond(s)...
Real time since poller start: 17.242182 s
Filter: comm "stress_core"
Maps shown: total power consumption 

=== System totals (total) ===
  cpu_time:  718326831394 ns
  energy:    33261675420000 (units of your kfunc)
  uncore_energy:    973158642265920000 (units of your kfunc)

=== PID → power (EMA) (pid_to_power) [comm="stress_core"] ===
PID      power             

=== PID → cumulative energy (pid_to_consumption) [comm="stress_core"] ===
PID      energy            

[H[JPolling energy-fair scheduler maps every 100 millisecond(s)...
Real time since poller start: 17.359375 s
Filter: comm "stress_core"
Maps shown: total power consumption 

=== System totals (total) ===
  cpu_time:  718343977478 ns
  energy:    33262398990000 (units of your kfunc)
  uncore_energy:    973158791150200000 (units of your kfunc)

=== PID → power (EMA) (pid_to_power) [comm="stress_core"] ===
PID      power             

=== PID → cumulative energy (pid_to_consumption) [comm="stress_core"] ===
PID      energy            

[H[JPolling energy-fair scheduler maps every 100 millisecond(s)...
Real time since poller start: 17.476627 s
Filter: comm "stress_core"
Maps shown: total power consumption 

=== System totals (total) ===
  cpu_time:  718361513805 ns
  energy:    33263129740000 (units of your kfunc)
  uncore_energy:    973158993504010000 (units of your kfunc)

=== PID → power (EMA) (pid_to_power) [comm="stress_core"] ===
PID      power             

=== PID → cumulative energy (pid_to_consumption) [comm="stress_core"] ===
PID      energy            

[H[JPolling energy-fair scheduler maps every 100 millisecond(s)...
Real time since poller start: 17.593878 s
Filter: comm "stress_core"
Maps shown: total power consumption 

=== System totals (total) ===
  cpu_time:  718378922840 ns
  energy:    33263850260000 (units of your kfunc)
  uncore_energy:    973159154602190000 (units of your kfunc)

=== PID → power (EMA) (pid_to_power) [comm="stress_core"] ===
PID      power             

=== PID → cumulative energy (pid_to_consumption) [comm="stress_core"] ===
PID      energy            

[H[JPolling energy-fair scheduler maps every 100 millisecond(s)...
Real time since poller start: 17.711117 s
Filter: comm "stress_core"
Maps shown: total power consumption 

=== System totals (total) ===
  cpu_time:  718396183693 ns
  energy:    33264595340000 (units of your kfunc)
  uncore_energy:    973159265226280000 (units of your kfunc)

=== PID → power (EMA) (pid_to_power) [comm="stress_core"] ===
PID      power             

=== PID → cumulative energy (pid_to_consumption) [comm="stress_core"] ===
PID      energy            

[H[JPolling energy-fair scheduler maps every 100 millisecond(s)...
Real time since poller start: 17.828379 s
Filter: comm "stress_core"
Maps shown: total power consumption 

=== System totals (total) ===
  cpu_time:  718416397373 ns
  energy:    33265436720000 (units of your kfunc)
  uncore_energy:    973159405211470000 (units of your kfunc)

=== PID → power (EMA) (pid_to_power) [comm="stress_core"] ===
PID      power             

=== PID → cumulative energy (pid_to_consumption) [comm="stress_core"] ===
PID      energy            

[H[JPolling energy-fair scheduler maps every 100 millisecond(s)...
Real time since poller start: 17.945577 s
Filter: comm "stress_core"
Maps shown: total power consumption 

=== System totals (total) ===
  cpu_time:  718434510852 ns
  energy:    33266175240000 (units of your kfunc)
  uncore_energy:    973159592588490000 (units of your kfunc)

=== PID → power (EMA) (pid_to_power) [comm="stress_core"] ===
PID      power             

=== PID → cumulative energy (pid_to_consumption) [comm="stress_core"] ===
PID      energy            

[H[JPolling energy-fair scheduler maps every 100 millisecond(s)...
Real time since poller start: 18.062860 s
Filter: comm "stress_core"
Maps shown: total power consumption 

=== System totals (total) ===
  cpu_time:  718452313560 ns
  energy:    33266915590000 (units of your kfunc)
  uncore_energy:    973159752157890000 (units of your kfunc)

=== PID → power (EMA) (pid_to_power) [comm="stress_core"] ===
PID      power             

=== PID → cumulative energy (pid_to_consumption) [comm="stress_core"] ===
PID      energy            

[H[JPolling energy-fair scheduler maps every 100 millisecond(s)...
Real time since poller start: 18.180133 s
Filter: comm "stress_core"
Maps shown: total power consumption 

=== System totals (total) ===
  cpu_time:  718470363187 ns
  energy:    33267677310000 (units of your kfunc)
  uncore_energy:    973159890915980000 (units of your kfunc)

=== PID → power (EMA) (pid_to_power) [comm="stress_core"] ===
PID      power             

=== PID → cumulative energy (pid_to_consumption) [comm="stress_core"] ===
PID      energy            

[H[JPolling energy-fair scheduler maps every 100 millisecond(s)...
Real time since poller start: 18.297373 s
Filter: comm "stress_core"
Maps shown: total power consumption 

=== System totals (total) ===
  cpu_time:  718487555020 ns
  energy:    33268401940000 (units of your kfunc)
  uncore_energy:    973159985992280000 (units of your kfunc)

=== PID → power (EMA) (pid_to_power) [comm="stress_core"] ===
PID      power             

=== PID → cumulative energy (pid_to_consumption) [comm="stress_core"] ===
PID      energy            

[H[JPolling energy-fair scheduler maps every 100 millisecond(s)...
Real time since poller start: 18.414607 s
Filter: comm "stress_core"
Maps shown: total power consumption 

=== System totals (total) ===
  cpu_time:  718504869795 ns
  energy:    33269131010000 (units of your kfunc)
  uncore_energy:    973160189394530000 (units of your kfunc)

=== PID → power (EMA) (pid_to_power) [comm="stress_core"] ===
PID      power             

=== PID → cumulative energy (pid_to_consumption) [comm="stress_core"] ===
PID      energy            

[H[JPolling energy-fair scheduler maps every 100 millisecond(s)...
Real time since poller start: 18.531781 s
Filter: comm "stress_core"
Maps shown: total power consumption 

=== System totals (total) ===
  cpu_time:  718522147669 ns
  energy:    33269847870000 (units of your kfunc)
  uncore_energy:    973160294860990000 (units of your kfunc)

=== PID → power (EMA) (pid_to_power) [comm="stress_core"] ===
PID      power             

=== PID → cumulative energy (pid_to_consumption) [comm="stress_core"] ===
PID      energy            

[H[JPolling energy-fair scheduler maps every 100 millisecond(s)...
Real time since poller start: 18.649039 s
Filter: comm "stress_core"
Maps shown: total power consumption 

=== System totals (total) ===
  cpu_time:  718539559463 ns
  energy:    33270564750000 (units of your kfunc)
  uncore_energy:    973160522103850000 (units of your kfunc)

=== PID → power (EMA) (pid_to_power) [comm="stress_core"] ===
PID      power             

=== PID → cumulative energy (pid_to_consumption) [comm="stress_core"] ===
PID      energy            

[H[JPolling energy-fair scheduler maps every 100 millisecond(s)...
Real time since poller start: 18.766293 s
Filter: comm "stress_core"
Maps shown: total power consumption 

=== System totals (total) ===
  cpu_time:  718571332225 ns
  energy:    33272023480000 (units of your kfunc)
  uncore_energy:    973160687561930000 (units of your kfunc)

=== PID → power (EMA) (pid_to_power) [comm="stress_core"] ===
PID      power             

=== PID → cumulative energy (pid_to_consumption) [comm="stress_core"] ===
PID      energy            

[H[JPolling energy-fair scheduler maps every 100 millisecond(s)...
Real time since poller start: 18.883548 s
Filter: comm "stress_core"
Maps shown: total power consumption 

=== System totals (total) ===
  cpu_time:  718588587470 ns
  energy:    33272748580000 (units of your kfunc)
  uncore_energy:    973160796853920000 (units of your kfunc)

=== PID → power (EMA) (pid_to_power) [comm="stress_core"] ===
PID      power             

=== PID → cumulative energy (pid_to_consumption) [comm="stress_core"] ===
PID      energy            

[H[JPolling energy-fair scheduler maps every 100 millisecond(s)...
Real time since poller start: 19.000830 s
Filter: comm "stress_core"
Maps shown: total power consumption 

=== System totals (total) ===
  cpu_time:  718606109125 ns
  energy:    33273478870000 (units of your kfunc)
  uncore_energy:    973160933963450000 (units of your kfunc)

=== PID → power (EMA) (pid_to_power) [comm="stress_core"] ===
PID      power             

=== PID → cumulative energy (pid_to_consumption) [comm="stress_core"] ===
PID      energy            

[H[JPolling energy-fair scheduler maps every 100 millisecond(s)...
Real time since poller start: 19.118002 s
Filter: comm "stress_core"
Maps shown: total power consumption 

=== System totals (total) ===
  cpu_time:  718623448109 ns
  energy:    33274198470000 (units of your kfunc)
  uncore_energy:    973161085418380000 (units of your kfunc)

=== PID → power (EMA) (pid_to_power) [comm="stress_core"] ===
PID      power             

=== PID → cumulative energy (pid_to_consumption) [comm="stress_core"] ===
PID      energy            

[H[JPolling energy-fair scheduler maps every 100 millisecond(s)...
Real time since poller start: 19.235288 s
Filter: comm "stress_core"
Maps shown: total power consumption 

=== System totals (total) ===
  cpu_time:  718641143854 ns
  energy:    33275009010000 (units of your kfunc)
  uncore_energy:    973161297772200000 (units of your kfunc)

=== PID → power (EMA) (pid_to_power) [comm="stress_core"] ===
PID      power             

=== PID → cumulative energy (pid_to_consumption) [comm="stress_core"] ===
PID      energy            

[H[JPolling energy-fair scheduler maps every 100 millisecond(s)...
Real time since poller start: 19.352568 s
Filter: comm "stress_core"
Maps shown: total power consumption 

=== System totals (total) ===
  cpu_time:  718659930481 ns
  energy:    33276062620000 (units of your kfunc)
  uncore_energy:    973161452451930000 (units of your kfunc)

=== PID → power (EMA) (pid_to_power) [comm="stress_core"] ===
PID      power             

=== PID → cumulative energy (pid_to_consumption) [comm="stress_core"] ===
PID      energy            

[H[JPolling energy-fair scheduler maps every 100 millisecond(s)...
Real time since poller start: 19.469758 s
Filter: comm "stress_core"
Maps shown: total power consumption 

=== System totals (total) ===
  cpu_time:  718680126503 ns
  energy:    33277291690000 (units of your kfunc)
  uncore_energy:    973161598365650000 (units of your kfunc)

=== PID → power (EMA) (pid_to_power) [comm="stress_core"] ===
PID      power             

=== PID → cumulative energy (pid_to_consumption) [comm="stress_core"] ===
PID      energy            

[H[JPolling energy-fair scheduler maps every 100 millisecond(s)...
Real time since poller start: 19.586966 s
Filter: comm "stress_core"
Maps shown: total power consumption 

=== System totals (total) ===
  cpu_time:  718703140055 ns
  energy:    33279043710000 (units of your kfunc)
  uncore_energy:    973161751036850000 (units of your kfunc)

=== PID → power (EMA) (pid_to_power) [comm="stress_core"] ===
PID      power             

=== PID → cumulative energy (pid_to_consumption) [comm="stress_core"] ===
PID      energy            

[H[JPolling energy-fair scheduler maps every 100 millisecond(s)...
Real time since poller start: 19.704154 s
Filter: comm "stress_core"
Maps shown: total power consumption 

=== System totals (total) ===
  cpu_time:  719270710833 ns
  energy:    33309163200000 (units of your kfunc)
  uncore_energy:    973161906856690000 (units of your kfunc)

=== PID → power (EMA) (pid_to_power) [comm="stress_core"] ===
PID      power             
187894   52                
187897   51                
187898   53                
187895   53                
187899   55                
187890   244               
187893   67                
187896   63                
187892   86                
187891   60                

=== PID → cumulative energy (pid_to_consumption) [comm="stress_core"] ===
PID      energy            
187893   2597780000        
187890   2942390000        
187898   2715470000        
187895   3093740000        
187896   3314220000        
187891   2964620000        
187897   2935770000        
187892   2980010000        
187899   2984350000        
187894   2737570000        

[H[JPolling energy-fair scheduler maps every 100 millisecond(s)...
Real time since poller start: 19.822413 s
Filter: comm "stress_core"
Maps shown: total power consumption 

=== System totals (total) ===
  cpu_time:  719609871787 ns
  energy:    33327675400000 (units of your kfunc)
  uncore_energy:    973162079218360000 (units of your kfunc)

=== PID → power (EMA) (pid_to_power) [comm="stress_core"] ===
PID      power             
187894   54                
187897   53                
187898   71                
187895   59                
187899   52                
187890   56                
187893   49                
187896   72                
187892   51                
187891   68                

=== PID → cumulative energy (pid_to_consumption) [comm="stress_core"] ===
PID      energy            
187893   3855440000        
187890   4533430000        
187898   4109660000        
187895   4475570000        
187896   5021080000        
187891   4510620000        
187897   4175670000        
187892   4339850000        
187899   4520160000        
187894   4156200000        

[H[JPolling energy-fair scheduler maps every 100 millisecond(s)...
Real time since poller start: 19.941473 s
Filter: comm "stress_core"
Maps shown: total power consumption 

=== System totals (total) ===
  cpu_time:  719797560621 ns
  energy:    33337780910000 (units of your kfunc)
  uncore_energy:    973162260854950000 (units of your kfunc)

=== PID → power (EMA) (pid_to_power) [comm="stress_core"] ===
PID      power             
187894   87                
187897   48                
187898   119               
187895   51                
187899   52                
187890   51                
187893   55                
187896   52                
187892   55                
187891   58                

=== PID → cumulative energy (pid_to_consumption) [comm="stress_core"] ===
PID      energy            
187893   4311840000        
187890   5112060000        
187898   4601000000        
187895   4939150000        
187896   5577120000        
187891   4964110000        
187897   4675550000        
187892   4903630000        
187899   4874780000        
187894   4739400000        

[H[JPolling energy-fair scheduler maps every 100 millisecond(s)...
Real time since poller start: 20.060144 s
Filter: comm "stress_core"
Maps shown: total power consumption 

=== System totals (total) ===
  cpu_time:  719972633993 ns
  energy:    33346916320000 (units of your kfunc)
  uncore_energy:    973162443149900000 (units of your kfunc)

=== PID → power (EMA) (pid_to_power) [comm="stress_core"] ===
PID      power             
187894   49                
187897   49                
187898   50                
187895   49                
187899   50                
187890   70                
187893   51                
187896   49                
187892   50                
187891   51                

=== PID → cumulative energy (pid_to_consumption) [comm="stress_core"] ===
PID      energy            
187893   4631210000        
187890   5477350000        
187898   5402530000        
187895   5515330000        
187896   5928830000        
187891   5447810000        
187897   5014130000        
187892   5433570000        
187899   5326590000        
187894   5166960000        

[H[JPolling energy-fair scheduler maps every 100 millisecond(s)...
Real time since poller start: 20.179156 s
Filter: comm "stress_core"
Maps shown: total power consumption 

=== System totals (total) ===
  cpu_time:  720147772664 ns
  energy:    33356464380000 (units of your kfunc)
  uncore_energy:    973162631838380000 (units of your kfunc)

=== PID → power (EMA) (pid_to_power) [comm="stress_core"] ===
PID      power             
187894   50                
187897   48                
187898   49                
187895   47                
187899   46                
187890   45                
187893   59                
187896   49                
187892   46                
187891   52                

=== PID → cumulative energy (pid_to_consumption) [comm="stress_core"] ===
PID      energy            
187893   5180980000        
187890   5912980000        
187898   5990910000        
187895   6095480000        
187896   6398350000        
187891   6153070000        
187897   5629220000        
187892   5818720000        
187899   5754000000        
187894   5693380000        

[H[JPolling energy-fair scheduler maps every 100 millisecond(s)...
Real time since poller start: 20.297766 s
Filter: comm "stress_core"
Maps shown: total power consumption 

=== System totals (total) ===
  cpu_time:  720306503221 ns
  energy:    33365132480000 (units of your kfunc)
  uncore_energy:    973162813355060000 (units of your kfunc)

=== PID → power (EMA) (pid_to_power) [comm="stress_core"] ===
PID      power             
187894   48                
187897   55                
187898   45                
187895   49                
187899   47                
187890   47                
187893   75                
187896   49                
187892   47                
187891   38                

=== PID → cumulative energy (pid_to_consumption) [comm="stress_core"] ===
PID      energy            
187893   5781550000        
187890   6290040000        
187898   6662600000        
187895   6850620000        
187896   7017710000        
187891   6951420000        
187897   6087140000        
187892   6420540000        
187899   6151010000        
187894   6322820000        

[H[JPolling energy-fair scheduler maps every 100 millisecond(s)...
Real time since poller start: 20.416521 s
Filter: comm "stress_core"
Maps shown: total power consumption 

=== System totals (total) ===
  cpu_time:  720482180484 ns
  energy:    33375110070000 (units of your kfunc)
  uncore_energy:    973162995442290000 (units of your kfunc)

=== PID → power (EMA) (pid_to_power) [comm="stress_core"] ===
PID      power             
187894   51                
187897   48                
187898   49                
187895   72                
187899   47                
187890   47                
187893   50                
187896   43                
187892   66                
187891   47                

=== PID → cumulative energy (pid_to_consumption) [comm="stress_core"] ===
PID      energy            
187893   6721360000        
187890   7152780000        
187898   7141110000        
187895   7439900000        
187896   7739140000        
187891   7848340000        
187897   6892060000        
187892   6988760000        
187899   6882800000        
187894   6820880000        

[H[JPolling energy-fair scheduler maps every 100 millisecond(s)...
Real time since poller start: 20.535445 s
Filter: comm "stress_core"
Maps shown: total power consumption 

=== System totals (total) ===
  cpu_time:  720696038409 ns
  energy:    33386762770000 (units of your kfunc)
  uncore_energy:    973163175832900000 (units of your kfunc)

=== PID → power (EMA) (pid_to_power) [comm="stress_core"] ===
PID      power             
187894   44                
187897   45                
187898   48                
187895   47                
187899   48                
187890   41                
187893   46                
187896   63                
187892   74                
187891   48                

=== PID → cumulative energy (pid_to_consumption) [comm="stress_core"] ===
PID      energy            
187893   7743390000        
187890   7916150000        
187898   7927110000        
187895   8351620000        
187896   8700310000        
187891   8642370000        
187897   7699550000        
187892   7800070000        
187899   7724640000        
187894   7523120000        

[H[JPolling energy-fair scheduler maps every 100 millisecond(s)...
Real time since poller start: 20.654146 s
Filter: comm "stress_core"
Maps shown: total power consumption 

=== System totals (total) ===
  cpu_time:  720942666150 ns
  energy:    33400408100000 (units of your kfunc)
  uncore_energy:    973163356081760000 (units of your kfunc)

=== PID → power (EMA) (pid_to_power) [comm="stress_core"] ===
PID      power             
187894   86                
187897   48                
187898   50                
187895   47                
187899   46                
187890   51                
187893   48                
187896   48                
187892   54                
187891   67                

=== PID → cumulative energy (pid_to_consumption) [comm="stress_core"] ===
PID      energy            
187893   8477480000        
187890   8807740000        
187898   9077020000        
187895   9642190000        
187896   9548240000        
187891   9818520000        
187897   8752080000        
187892   9145730000        
187899   8699260000        
187894   8779840000        

[H[JPolling energy-fair scheduler maps every 100 millisecond(s)...
Real time since poller start: 20.773016 s
Filter: comm "stress_core"
Maps shown: total power consumption 

=== System totals (total) ===
  cpu_time:  721213755338 ns
  energy:    33415301370000 (units of your kfunc)
  uncore_energy:    973163529277790000 (units of your kfunc)

=== PID → power (EMA) (pid_to_power) [comm="stress_core"] ===
PID      power             
187894   50                
187897   48                
187898   48                
187895   70                
187899   47                
187890   45                
187893   47                
187896   72                
187892   50                
187891   50                

=== PID → cumulative energy (pid_to_consumption) [comm="stress_core"] ===
PID      energy            
187893   9827280000        
187890   9873280000        
187898   10159190000       
187895   10840760000       
187896   10977690000       
187891   11112430000       
187897   10126180000       
187892   10194130000       
187899   10090090000       
187894   10016570000       

[H[JPolling energy-fair scheduler maps every 100 millisecond(s)...
Real time since poller start: 20.891614 s
Filter: comm "stress_core"
Maps shown: total power consumption 

=== System totals (total) ===
  cpu_time:  721501814243 ns
  energy:    33430863480000 (units of your kfunc)
  uncore_energy:    973163703406990000 (units of your kfunc)

=== PID → power (EMA) (pid_to_power) [comm="stress_core"] ===
PID      power             
187894   47                
187897   50                
187898   64                
187895   47                
187899   46                
187890   48                
187893   49                
187896   47                
187892   51                
187891   49                

=== PID → cumulative energy (pid_to_consumption) [comm="stress_core"] ===
PID      energy            
187893   11206840000       
187890   11124240000       
187898   11278710000       
187895   11955570000       
187896   12235040000       
187891   12442360000       
187897   11496550000       
187892   11539470000       
187899   11440760000       
187894   10971930000       

[H[JPolling energy-fair scheduler maps every 100 millisecond(s)...
Real time since poller start: 21.010254 s
Filter: comm "stress_core"
Maps shown: total power consumption 

=== System totals (total) ===
  cpu_time:  721773418620 ns
  energy:    33445464870000 (units of your kfunc)
  uncore_energy:    973163879900730000 (units of your kfunc)

=== PID → power (EMA) (pid_to_power) [comm="stress_core"] ===
PID      power             
187894   45                
187897   52                
187898   47                
187895   47                
187899   40                
187890   53                
187893   49                
187896   48                
187892   48                
187891   33                

=== PID → cumulative energy (pid_to_consumption) [comm="stress_core"] ===
PID      energy            
187893   12357970000       
187890   12228680000       
187898   12363940000       
187895   13575590000       
187896   12969880000       
187891   13492160000       
187897   12606670000       
187892   12835430000       
187899   12493760000       
187894   12258410000       

[H[JPolling energy-fair scheduler maps every 100 millisecond(s)...
Real time since poller start: 21.128846 s
Filter: comm "stress_core"
Maps shown: total power consumption 

=== System totals (total) ===
  cpu_time:  722100466731 ns
  energy:    33462906240000 (units of your kfunc)
  uncore_energy:    973164050174350000 (units of your kfunc)

=== PID → power (EMA) (pid_to_power) [comm="stress_core"] ===
PID      power             
187894   49                
187897   48                
187898   42                
187895   48                
187899   50                
187890   56                
187893   49                
187896   51                
187892   76                
187891   49                

=== PID → cumulative energy (pid_to_consumption) [comm="stress_core"] ===
PID      energy            
187893   13951410000       
187890   13869110000       
187898   13932700000       
187895   15057540000       
187896   14456130000       
187891   14910300000       
187897   14053180000       
187892   14169830000       
187899   13858310000       
187894   13521700000       

[H[JPolling energy-fair scheduler maps every 100 millisecond(s)...
Real time since poller start: 21.247479 s
Filter: comm "stress_core"
Maps shown: total power consumption 

=== System totals (total) ===
  cpu_time:  722459660681 ns
  energy:    33482212730000 (units of your kfunc)
  uncore_energy:    973164220846040000 (units of your kfunc)

=== PID → power (EMA) (pid_to_power) [comm="stress_core"] ===
PID      power             
187894   51                
187897   31                
187898   48                
187895   50                
187899   47                
187890   53                
187893   50                
187896   59                
187892   55                
187891   56                

=== PID → cumulative energy (pid_to_consumption) [comm="stress_core"] ===
PID      energy            
187893   15334800000       
187890   15532600000       
187898   15447110000       
187895   16817800000       
187896   16207100000       
187891   16586310000       
187897   15604370000       
187892   15683010000       
187899   15524850000       
187894   14900810000       

[H[JPolling energy-fair scheduler maps every 100 millisecond(s)...
Real time since poller start: 21.366123 s
Filter: comm "stress_core"
Maps shown: total power consumption 

=== System totals (total) ===
  cpu_time:  722826870688 ns
  energy:    33501819550000 (units of your kfunc)
  uncore_energy:    973164390627800000 (units of your kfunc)

=== PID → power (EMA) (pid_to_power) [comm="stress_core"] ===
PID      power             
187894   44                
187897   49                
187898   49                
187895   50                
187899   49                
187890   51                
187893   30                
187896   54                
187892   49                
187891   36                

=== PID → cumulative energy (pid_to_consumption) [comm="stress_core"] ===
PID      energy            
187893   16950990000       
187890   16973170000       
187898   17026220000       
187895   18475990000       
187896   17729310000       
187891   18171240000       
187897   17182890000       
187892   17043170000       
187899   16761290000       
187894   16458440000       

[H[JPolling energy-fair scheduler maps every 100 millisecond(s)...
Real time since poller start: 21.484727 s
Filter: comm "stress_core"
Maps shown: total power consumption 

=== System totals (total) ===
  cpu_time:  723182996491 ns
  energy:    33519890780000 (units of your kfunc)
  uncore_energy:    973164560857660000 (units of your kfunc)

=== PID → power (EMA) (pid_to_power) [comm="stress_core"] ===
PID      power             
187894   48                
187897   30                
187898   47                
187895   48                
187899   50                
187890   49                
187893   48                
187896   27                
187892   50                
187891   51                

=== PID → cumulative energy (pid_to_consumption) [comm="stress_core"] ===
PID      energy            
187893   18238080000       
187890   18505190000       
187898   18134930000       
187895   19971980000       
187896   19179190000       
187891   19813700000       
187897   18739590000       
187892   18342750000       
187899   18506420000       
187894   18106410000       

[H[JPolling energy-fair scheduler maps every 100 millisecond(s)...
Real time since poller start: 21.603393 s
Filter: comm "stress_core"
Maps shown: total power consumption 

=== System totals (total) ===
  cpu_time:  723545728893 ns
  energy:    33539235430000 (units of your kfunc)
  uncore_energy:    973164730387670000 (units of your kfunc)

=== PID → power (EMA) (pid_to_power) [comm="stress_core"] ===
PID      power             
187894   49                
187897   52                
187898   49                
187895   50                
187899   52                
187890   47                
187893   52                
187896   50                
187892   49                
187891   49                

=== PID → cumulative energy (pid_to_consumption) [comm="stress_core"] ===
PID      energy            
187893   19646260000       
187890   19804650000       
187898   19719390000       
187895   21308970000       
187896   20481570000       
187891   21545730000       
187897   20642080000       
187892   20063920000       
187899   20267880000       
187894   19437890000       

[H[JPolling energy-fair scheduler maps every 100 millisecond(s)...
Real time since poller start: 21.722009 s
Filter: comm "stress_core"
Maps shown: total power consumption 

=== System totals (total) ===
  cpu_time:  723912480773 ns
  energy:    33558680170000 (units of your kfunc)
  uncore_energy:    973164898922970000 (units of your kfunc)

=== PID → power (EMA) (pid_to_power) [comm="stress_core"] ===
PID      power             
187894   51                
187897   48                
187898   51                
187895   50                
187899   51                
187890   51                
187893   48                
187896   48                
187892   47                
187891   53                

=== PID → cumulative energy (pid_to_consumption) [comm="stress_core"] ===
PID      energy            
187893   21186010000       
187890   21250420000       
187898   21202870000       
187895   22405160000       
187896   22200970000       
187891   23194760000       
187897   22518120000       
187892   21651420000       
187899   21797720000       
187894   21417140000       

[H[JPolling energy-fair scheduler maps every 100 millisecond(s)...
Real time since poller start: 21.840840 s
Filter: comm "stress_core"
Maps shown: total power consumption 

=== System totals (total) ===
  cpu_time:  724323447639 ns
  energy:    33580879880000 (units of your kfunc)
  uncore_energy:    973165066329890000 (units of your kfunc)

=== PID → power (EMA) (pid_to_power) [comm="stress_core"] ===
PID      power             
187894   46                
187897   50                
187898   49                
187895   44                
187899   47                
187890   47                
187893   50                
187896   50                
187892   52                
187891   50                

=== PID → cumulative energy (pid_to_consumption) [comm="stress_core"] ===
PID      energy            
187893   23023350000       
187890   23294630000       
187898   22723400000       
187895   24241700000       
187896   24205350000       
187891   24814820000       
187897   24031640000       
187892   23060550000       
187899   23230670000       
187894   23131180000       

[H[JPolling energy-fair scheduler maps every 100 millisecond(s)...
Real time since poller start: 21.959482 s
Filter: comm "stress_core"
Maps shown: total power consumption 

=== System totals (total) ===
  cpu_time:  724700255930 ns
  energy:    33600257830000 (units of your kfunc)
  uncore_energy:    973165239511600000 (units of your kfunc)

=== PID → power (EMA) (pid_to_power) [comm="stress_core"] ===
PID      power             
187894   45                
187897   50                
187898   46                
187895   52                
187899   48                
187890   50                
187893   51                
187896   51                
187892   51                
187891   48                

=== PID → cumulative energy (pid_to_consumption) [comm="stress_core"] ===
PID      energy            
187893   24382740000       
187890   24404880000       
187898   24264230000       
187895   25770490000       
187896   25754560000       
187891   26257500000       
187897   25646480000       
187892   24864480000       
187899   24659170000       
187894   24620590000       

[H[JPolling energy-fair scheduler maps every 100 millisecond(s)...
Real time since poller start: 22.078173 s
Filter: comm "stress_core"
Maps shown: total power consumption 

=== System totals (total) ===
  cpu_time:  725084998964 ns
  energy:    33621384950000 (units of your kfunc)
  uncore_energy:    973165407072080000 (units of your kfunc)

=== PID → power (EMA) (pid_to_power) [comm="stress_core"] ===
PID      power             
187894   50                
187897   48                
187898   48                
187895   48                
187899   48                
187890   51                
187893   48                
187896   47                
187892   48                
187891   50                

=== PID → cumulative energy (pid_to_consumption) [comm="stress_core"] ===
PID      energy            
187893   26038460000       
187890   26413240000       
187898   25548080000       
187895   27527090000       
187896   27353230000       
187891   27551470000       
187897   27143960000       
187892   26288250000       
187899   26454000000       
187894   26235730000       

[H[JPolling energy-fair scheduler maps every 100 millisecond(s)...
Real time since poller start: 22.196869 s
Filter: comm "stress_core"
Maps shown: total power consumption 

=== System totals (total) ===
  cpu_time:  725466552110 ns
  energy:    33641951640000 (units of your kfunc)
  uncore_energy:    973165573350020000 (units of your kfunc)

=== PID → power (EMA) (pid_to_power) [comm="stress_core"] ===
PID      power             
187894   49                
187897   48                
187898   40                
187895   47                
187899   44                
187890   27                
187893   46                
187896   45                
187892   49                
187891   45                

=== PID → cumulative energy (pid_to_consumption) [comm="stress_core"] ===
PID      energy            
187893   27652190000       
187890   27725780000       
187898   27229280000       
187895   29243140000       
187896   29212820000       
187891   29087710000       
187897   28577730000       
187892   27797800000       
187899   27885240000       
187894   28084210000       

[H[JPolling energy-fair scheduler maps every 100 millisecond(s)...
Real time since poller start: 22.315526 s
Filter: comm "stress_core"
Maps shown: total power consumption 

=== System totals (total) ===
  cpu_time:  725856140589 ns
  energy:    33663274580000 (units of your kfunc)
  uncore_energy:    973165740985210000 (units of your kfunc)

=== PID → power (EMA) (pid_to_power) [comm="stress_core"] ===
PID      power             
187894   50                
187897   49                
187898   49                
187895   48                
187899   50                
187890   49                
187893   48                
187896   49                
187892   52                
187891   47                

=== PID → cumulative energy (pid_to_consumption) [comm="stress_core"] ===
PID      energy            
187893   29162690000       
187890   29446080000       
187898   28861840000       
187895   30657000000       
187896   30836500000       
187891   30751710000       
187897   30232100000       
187892   29451350000       
187899   29186040000       
187894   29900920000       

[H[JPolling energy-fair scheduler maps every 100 millisecond(s)...
Real time since poller start: 22.434242 s
Filter: comm "stress_core"
Maps shown: total power consumption 

=== System totals (total) ===
  cpu_time:  726275346413 ns
  energy:    33686661500000 (units of your kfunc)
  uncore_energy:    973165904999410000 (units of your kfunc)

=== PID → power (EMA) (pid_to_power) [comm="stress_core"] ===
PID      power             
187894   43                
187897   50                
187898   27                
187895   49                
187899   49                
187890   48                
187893   48                
187896   51                
187892   48                
187891   49                

=== PID → cumulative energy (pid_to_consumption) [comm="stress_core"] ===
PID      energy            
187893   30713880000       
187890   31026710000       
187898   30507190000       
187895   32463190000       
187896   32345730000       
187891   32553620000       
187897   32161740000       
187892   31393470000       
187899   31049770000       
187894   31767840000       

[H[JPolling energy-fair scheduler maps every 100 millisecond(s)...
Real time since poller start: 22.552908 s
Filter: comm "stress_core"
Maps shown: total power consumption 

=== System totals (total) ===
  cpu_time:  726663604533 ns
  energy:    33707701610000 (units of your kfunc)
  uncore_energy:    973166071469070000 (units of your kfunc)

=== PID → power (EMA) (pid_to_power) [comm="stress_core"] ===
PID      power             
187894   48                
187897   47                
187898   29                
187895   51                
187899   48                
187890   50                
187893   44                
187896   50                
187892   49                
187891   51                

=== PID → cumulative energy (pid_to_consumption) [comm="stress_core"] ===
PID      energy            
187893   32681180000       
187890   32531370000       
187898   32275400000       
187895   34325960000       
187896   33570710000       
187891   34520780000       
187897   33379850000       
187892   33071140000       
187899   32757510000       
187894   33359980000       

[H[JPolling energy-fair scheduler maps every 100 millisecond(s)...
Real time since poller start: 22.671806 s
Filter: comm "stress_core"
Maps shown: total power consumption 

=== System totals (total) ===
  cpu_time:  727060302761 ns
  energy:    33729127950000 (units of your kfunc)
  uncore_energy:    973166239619450000 (units of your kfunc)

=== PID → power (EMA) (pid_to_power) [comm="stress_core"] ===
PID      power             
187894   48                
187897   50                
187898   40                
187895   46                
187899   47                
187890   44                
187893   46                
187896   47                
187892   49                
187891   37                

=== PID → cumulative energy (pid_to_consumption) [comm="stress_core"] ===
PID      energy            
187893   34343450000       
187890   34164620000       
187898   33876960000       
187895   35694970000       
187896   35355510000       
187891   35976220000       
187897   34784120000       
187892   34644320000       
187899   34118580000       
187894   35078280000       

[H[JPolling energy-fair scheduler maps every 100 millisecond(s)...
Real time since poller start: 22.790526 s
Filter: comm "stress_core"
Maps shown: total power consumption 

=== System totals (total) ===
  cpu_time:  727494267571 ns
  energy:    33752801830000 (units of your kfunc)
  uncore_energy:    973166411954480000 (units of your kfunc)

=== PID → power (EMA) (pid_to_power) [comm="stress_core"] ===
PID      power             
187894   46                
187897   50                
187898   28                
187895   47                
187899   45                
187890   48                
187893   47                
187896   48                
187892   46                
187891   46                

=== PID → cumulative energy (pid_to_consumption) [comm="stress_core"] ===
PID      energy            
187893   35843690000       
187890   35984830000       
187898   35347740000       
187895   37446210000       
187896   36985350000       
187891   37694200000       
187897   36489280000       
187892   36188010000       
187899   35911470000       
187894   36778570000       

[H[JPolling energy-fair scheduler maps every 100 millisecond(s)...
Real time since poller start: 22.909357 s
Filter: comm "stress_core"
Maps shown: total power consumption 

=== System totals (total) ===
  cpu_time:  727923926739 ns
  energy:    33774834290000 (units of your kfunc)
  uncore_energy:    973166583581380000 (units of your kfunc)

=== PID → power (EMA) (pid_to_power) [comm="stress_core"] ===
PID      power             
187894   49                
187897   49                
187898   47                
187895   45                
187899   50                
187890   43                
187893   43                
187896   50                
187892   51                
187891   46                

=== PID → cumulative energy (pid_to_consumption) [comm="stress_core"] ===
PID      energy            
187893   37477280000       
187890   37614660000       
187898   36812310000       
187895   39107580000       
187896   38582360000       
187891   39269810000       
187897   38222340000       
187892   37942000000       
187899   37337060000       
187894   38258680000       

[H[JPolling energy-fair scheduler maps every 100 millisecond(s)...
Real time since poller start: 23.028043 s
Filter: comm "stress_core"
Maps shown: total power consumption 

=== System totals (total) ===
  cpu_time:  728373284504 ns
  energy:    33798459090000 (units of your kfunc)
  uncore_energy:    973166751643440000 (units of your kfunc)

=== PID → power (EMA) (pid_to_power) [comm="stress_core"] ===
PID      power             
187894   41                
187897   30                
187898   47                
187895   29                
187899   42                
187890   49                
187893   34                
187896   45                
187892   49                
187891   48                

=== PID → cumulative energy (pid_to_consumption) [comm="stress_core"] ===
PID      energy            
187893   39140010000       
187890   39407730000       
187898   38364890000       
187895   40513080000       
187896   40294880000       
187891   40761170000       
187897   39741970000       
187892   39762680000       
187899   38862740000       
187894   39823160000       

[H[JPolling energy-fair scheduler maps every 100 millisecond(s)...
Real time since poller start: 23.146565 s
Filter: comm "stress_core"
Maps shown: total power consumption 

=== System totals (total) ===
  cpu_time:  728824042536 ns
  energy:    33822580060000 (units of your kfunc)
  uncore_energy:    973166918910110000 (units of your kfunc)

=== PID → power (EMA) (pid_to_power) [comm="stress_core"] ===
PID      power             
187894   47                
187897   45                
187898   52                
187895   49                
187899   51                
187890   44                
187893   50                
187896   49                
187892   50                
187891   48                

=== PID → cumulative energy (pid_to_consumption) [comm="stress_core"] ===
PID      energy            
187893   40873100000       
187890   41002440000       
187898   40038440000       
187895   42106100000       
187896   41817220000       
187891   42499430000       
187897   41235220000       
187892   41362300000       
187899   40711470000       
187894   41366410000       

[H[JPolling energy-fair scheduler maps every 100 millisecond(s)...
Real time since poller start: 23.265345 s
Filter: comm "stress_core"
Maps shown: total power consumption 

=== System totals (total) ===
  cpu_time:  729259700931 ns
  energy:    33846099490000 (units of your kfunc)
  uncore_energy:    973167092145290000 (units of your kfunc)

=== PID → power (EMA) (pid_to_power) [comm="stress_core"] ===
PID      power             
187894   49                
187897   43                
187898   40                
187895   44                
187899   44                
187890   46                
187893   49                
187896   51                
187892   43                
187891   50                

=== PID → cumulative energy (pid_to_consumption) [comm="stress_core"] ===
PID      energy            
187893   42799090000       
187890   42883380000       
187898   41386270000       
187895   43763950000       
187896   43506170000       
187891   44285330000       
187897   43121490000       
187892   42949710000       
187899   42068900000       
187894   43025020000       

[H[JPolling energy-fair scheduler maps every 100 millisecond(s)...
Real time since poller start: 23.383989 s
Filter: comm "stress_core"
Maps shown: total power consumption 

=== System totals (total) ===
  cpu_time:  729699157599 ns
  energy:    33869570830000 (units of your kfunc)
  uncore_energy:    973167255423670000 (units of your kfunc)

=== PID → power (EMA) (pid_to_power) [comm="stress_core"] ===
PID      power             
187894   48                
187897   51                
187898   49                
187895   26                
187899   48                
187890   19                
187893   38                
187896   47                
187892   48                
187891   49                

=== PID → cumulative energy (pid_to_consumption) [comm="stress_core"] ===
PID      energy            
187893   44684130000       
187890   44780800000       
187898   43009200000       
187895   45747920000       
187896   45148800000       
187891   45758540000       
187897   44862670000       
187892   44714860000       
187899   43987990000       
187894   44816610000       

[H[JPolling energy-fair scheduler maps every 100 millisecond(s)...
Real time since poller start: 23.502698 s
Filter: comm "stress_core"
Maps shown: total power consumption 

=== System totals (total) ===
  cpu_time:  730162805119 ns
  energy:    33895191280000 (units of your kfunc)
  uncore_energy:    973167417253630000 (units of your kfunc)

=== PID → power (EMA) (pid_to_power) [comm="stress_core"] ===
PID      power             
187894   48                
187897   53                
187898   51                
187895   45                
187899   48                
187890   31                
187893   38                
187896   47                
187892   48                
187891   44                

=== PID → cumulative energy (pid_to_consumption) [comm="stress_core"] ===
PID      energy            
187893   46666090000       
187890   46691200000       
187898   45044400000       
187895   47541280000       
187896   47064390000       
187891   47588860000       
187897   46816090000       
187892   46691650000       
187899   45943410000       
187894   46561480000       

[H[JPolling energy-fair scheduler maps every 100 millisecond(s)...
Real time since poller start: 23.621396 s
Filter: comm "stress_core"
Maps shown: total power consumption 

=== System totals (total) ===
  cpu_time:  730584906825 ns
  energy:    33917859070000 (units of your kfunc)
  uncore_energy:    973167582980920000 (units of your kfunc)

=== PID → power (EMA) (pid_to_power) [comm="stress_core"] ===
PID      power             
187894   48                
187897   26                
187898   48                
187895   50                
187899   45                
187890   44                
187893   50                
187896   50                
187892   47                
187891   48                

=== PID → cumulative energy (pid_to_consumption) [comm="stress_core"] ===
PID      energy            
187893   48556610000       
187890   47933550000       
187898   46665050000       
187895   49314190000       
187896   48606460000       
187891   49629730000       
187897   48397780000       
187892   48286950000       
187899   47486690000       
187894   48199990000       

[H[JPolling energy-fair scheduler maps every 100 millisecond(s)...
Real time since poller start: 23.740088 s
Filter: comm "stress_core"
Maps shown: total power consumption 

=== System totals (total) ===
  cpu_time:  731033680867 ns
  energy:    33941900540000 (units of your kfunc)
  uncore_energy:    973167746859980000 (units of your kfunc)

=== PID → power (EMA) (pid_to_power) [comm="stress_core"] ===
PID      power             
187894   49                
187897   29                
187898   49                
187895   50                
187899   38                
187890   47                
187893   48                
187896   52                
187892   46                
187891   29                

=== PID → cumulative energy (pid_to_consumption) [comm="stress_core"] ===
PID      energy            
187893   50323100000       
187890   50107770000       
187898   48725870000       
187895   51314610000       
187896   50422730000       
187891   51571290000       
187897   50320830000       
187892   50389630000       
187899   49216900000       
187894   49935530000       

[H[JPolling energy-fair scheduler maps every 100 millisecond(s)...
Real time since poller start: 23.859212 s
Filter: comm "stress_core"
Maps shown: total power consumption 

=== System totals (total) ===
  cpu_time:  731508363277 ns
  energy:    33967449370000 (units of your kfunc)
  uncore_energy:    973167913563350000 (units of your kfunc)

=== PID → power (EMA) (pid_to_power) [comm="stress_core"] ===
PID      power             
187894   52                
187897   50                
187898   38                
187895   26                
187899   47                
187890   51                
187893   51                
187896   50                
187892   49                
187891   51                

=== PID → cumulative energy (pid_to_consumption) [comm="stress_core"] ===
PID      energy            
187893   52236550000       
187890   52137030000       
187898   50330800000       
187895   53387020000       
187896   52352500000       
187891   53236740000       
187897   52102650000       
187892   52115350000       
187899   51039270000       
187894   52081510000       

[H[JPolling energy-fair scheduler maps every 100 millisecond(s)...
Real time since poller start: 23.977950 s
Filter: comm "stress_core"
Maps shown: total power consumption 

=== System totals (total) ===
  cpu_time:  731946022855 ns
  energy:    33990107510000 (units of your kfunc)
  uncore_energy:    973168079066830000 (units of your kfunc)

=== PID → power (EMA) (pid_to_power) [comm="stress_core"] ===
PID      power             
187894   49                
187897   18                
187898   51                
187895   48                
187899   39                
187890   50                
187893   26                
187896   47                
187892   48                
187891   48                

=== PID → cumulative energy (pid_to_consumption) [comm="stress_core"] ===
PID      energy            
187893   53932130000       
187890   53792760000       
187898   52206250000       
187895   55297580000       
187896   54011140000       
187891   54728130000       
187897   53553450000       
187892   53970950000       
187899   52374110000       
187894   54021210000       

[H[JPolling energy-fair scheduler maps every 100 millisecond(s)...
Real time since poller start: 24.096725 s
Filter: comm "stress_core"
Maps shown: total power consumption 

=== System totals (total) ===
  cpu_time:  732401605222 ns
  energy:    34014023030000 (units of your kfunc)
  uncore_energy:    973168245228980000 (units of your kfunc)

=== PID → power (EMA) (pid_to_power) [comm="stress_core"] ===
PID      power             
187894   51                
187897   26                
187898   49                
187895   37                
187899   51                
187890   31                
187893   29                
187896   51                
187892   47                
187891   45                

=== PID → cumulative energy (pid_to_consumption) [comm="stress_core"] ===
PID      energy            
187893   55730380000       
187890   55677830000       
187898   53957210000       
187895   56883240000       
187896   55919740000       
187891   56656870000       
187897   55414870000       
187892   55912430000       
187899   54024060000       
187894   55916240000       

[H[JPolling energy-fair scheduler maps every 100 millisecond(s)...
Real time since poller start: 24.215303 s
Filter: comm "stress_core"
Maps shown: total power consumption 

=== System totals (total) ===
  cpu_time:  732861851927 ns
  energy:    34037566670000 (units of your kfunc)
  uncore_energy:    973168410621500000 (units of your kfunc)

=== PID → power (EMA) (pid_to_power) [comm="stress_core"] ===
PID      power             
187894   39                
187897   37                
187898   46                
187895   40                
187899   53                
187890   34                
187893   26                
187896   51                
187892   48                
187891   49                

=== PID → cumulative energy (pid_to_consumption) [comm="stress_core"] ===
PID      energy            
187893   57273330000       
187890   57285620000       
187898   55830240000       
187895   58708530000       
187896   57797660000       
187891   58683660000       
187897   57154960000       
187892   57788040000       
187899   55784620000       
187894   57643080000       

[H[JPolling energy-fair scheduler maps every 100 millisecond(s)...
Real time since poller start: 24.333901 s
Filter: comm "stress_core"
Maps shown: total power consumption 

=== System totals (total) ===
  cpu_time:  733079550308 ns
  energy:    34045278370000 (units of your kfunc)
  uncore_energy:    973168569678290000 (units of your kfunc)

=== PID → power (EMA) (pid_to_power) [comm="stress_core"] ===
PID      power             
187894   310               
187897   38                
187898   44                
187895   43                
187899   43                
187890   18                
187893   41                
187896   29                
187892   12                
187891   32                

=== PID → cumulative energy (pid_to_consumption) [comm="stress_core"] ===
PID      energy            
187893   57471710000       
187890   57510380000       
187898   56098340000       
187895   59021630000       
187896   58096890000       
187891   58803450000       
187897   57446560000       
187892   57884020000       
187899   55907770000       
187894   57789570000       

[H[JPolling energy-fair scheduler maps every 100 millisecond(s)...
Real time since poller start: 24.452489 s
Filter: comm "stress_core"
Maps shown: total power consumption 

=== System totals (total) ===
  cpu_time:  733154145039 ns
  energy:    34047798100000 (units of your kfunc)
  uncore_energy:    973168724378710000 (units of your kfunc)

=== PID → power (EMA) (pid_to_power) [comm="stress_core"] ===
PID      power             
187894   310               
187897   38                
187898   44                
187895   43                
187899   43                
187890   18                
187893   41                
187896   29                
187892   12                
187891   32                

=== PID → cumulative energy (pid_to_consumption) [comm="stress_core"] ===
PID      energy            
187893   57471710000       
187890   57510380000       
187898   56098340000       
187895   59021630000       
187896   58096890000       
187891   58803450000       
187897   57446560000       
187892   57884020000       
187899   55907770000       
187894   57789570000       

[H[JPolling energy-fair scheduler maps every 100 millisecond(s)...
Real time since poller start: 24.570719 s
Filter: comm "stress_core"
Maps shown: total power consumption 

=== System totals (total) ===
  cpu_time:  733190437942 ns
  energy:    34050470830000 (units of your kfunc)
  uncore_energy:    973168873124750000 (units of your kfunc)

=== PID → power (EMA) (pid_to_power) [comm="stress_core"] ===
PID      power             
187894   310               
187897   38                
187898   44                
187895   43                
187899   43                
187890   18                
187893   41                
187896   29                
187892   12                
187891   32                

=== PID → cumulative energy (pid_to_consumption) [comm="stress_core"] ===
PID      energy            
187893   57471710000       
187890   57510380000       
187898   56098340000       
187895   59021630000       
187896   58096890000       
187891   58803450000       
187897   57446560000       
187892   57884020000       
187899   55907770000       
187894   57789570000       

[H[JPolling energy-fair scheduler maps every 100 millisecond(s)...
Real time since poller start: 24.689308 s
Filter: comm "stress_core"
Maps shown: total power consumption 

=== System totals (total) ===
  cpu_time:  733228062739 ns
  energy:    34053345870000 (units of your kfunc)
  uncore_energy:    973169023653330000 (units of your kfunc)

=== PID → power (EMA) (pid_to_power) [comm="stress_core"] ===
PID      power             
187894   310               
187897   38                
187898   44                
187895   43                
187899   43                
187890   18                
187893   41                
187896   29                
187892   12                
187891   32                

=== PID → cumulative energy (pid_to_consumption) [comm="stress_core"] ===
PID      energy            
187893   57471710000       
187890   57510380000       
187898   56098340000       
187895   59021630000       
187896   58096890000       
187891   58803450000       
187897   57446560000       
187892   57884020000       
187899   55907770000       
187894   57789570000       

[H[JPolling energy-fair scheduler maps every 100 millisecond(s)...
Real time since poller start: 24.807888 s
Filter: comm "stress_core"
Maps shown: total power consumption 

=== System totals (total) ===
  cpu_time:  733263982283 ns
  energy:    34055983060000 (units of your kfunc)
  uncore_energy:    973169172744050000 (units of your kfunc)

=== PID → power (EMA) (pid_to_power) [comm="stress_core"] ===
PID      power             
187894   310               
187897   38                
187898   44                
187895   43                
187899   43                
187890   18                
187893   41                
187896   29                
187892   12                
187891   32                

=== PID → cumulative energy (pid_to_consumption) [comm="stress_core"] ===
PID      energy            
187893   57471710000       
187890   57510380000       
187898   56098340000       
187895   59021630000       
187896   58096890000       
187891   58803450000       
187897   57446560000       
187892   57884020000       
187899   55907770000       
187894   57789570000       

[H[JPolling energy-fair scheduler maps every 100 millisecond(s)...
Real time since poller start: 24.926499 s
Filter: comm "stress_core"
Maps shown: total power consumption 

=== System totals (total) ===
  cpu_time:  733301588168 ns
  energy:    34058774670000 (units of your kfunc)
  uncore_energy:    973169323075000000 (units of your kfunc)

=== PID → power (EMA) (pid_to_power) [comm="stress_core"] ===
PID      power             
187894   310               
187897   38                
187898   44                
187895   43                
187899   43                
187890   18                
187893   41                
187896   29                
187892   12                
187891   32                

=== PID → cumulative energy (pid_to_consumption) [comm="stress_core"] ===
PID      energy            
187893   57471710000       
187890   57510380000       
187898   56098340000       
187895   59021630000       
187896   58096890000       
187891   58803450000       
187897   57446560000       
187892   57884020000       
187899   55907770000       
187894   57789570000       

[H[JPolling energy-fair scheduler maps every 100 millisecond(s)...
Real time since poller start: 25.045097 s
Filter: comm "stress_core"
Maps shown: total power consumption 

=== System totals (total) ===
  cpu_time:  733339384481 ns
  energy:    34061492430000 (units of your kfunc)
  uncore_energy:    973169472485530000 (units of your kfunc)

=== PID → power (EMA) (pid_to_power) [comm="stress_core"] ===
PID      power             
187894   310               
187897   38                
187898   44                
187895   43                
187899   43                
187890   18                
187893   41                
187896   29                
187892   12                
187891   32                

=== PID → cumulative energy (pid_to_consumption) [comm="stress_core"] ===
PID      energy            
187893   57471710000       
187890   57510380000       
187898   56098340000       
187895   59021630000       
187896   58096890000       
187891   58803450000       
187897   57446560000       
187892   57884020000       
187899   55907770000       
187894   57789570000       

[H[JPolling energy-fair scheduler maps every 100 millisecond(s)...
Real time since poller start: 25.163645 s
Filter: comm "stress_core"
Maps shown: total power consumption 

=== System totals (total) ===
  cpu_time:  733388951624 ns
  energy:    34064677700000 (units of your kfunc)
  uncore_energy:    973169623119380000 (units of your kfunc)

=== PID → power (EMA) (pid_to_power) [comm="stress_core"] ===
PID      power             
187894   310               
187897   38                
187898   44                
187895   43                
187899   43                
187890   18                
187893   41                
187896   29                
187892   12                
187891   32                

=== PID → cumulative energy (pid_to_consumption) [comm="stress_core"] ===
PID      energy            
187893   57471710000       
187890   57510380000       
187898   56098340000       
187895   59021630000       
187896   58096890000       
187891   58803450000       
187897   57446560000       
187892   57884020000       
187899   55907770000       
187894   57789570000       

[H[JPolling energy-fair scheduler maps every 100 millisecond(s)...
Real time since poller start: 25.282233 s
Filter: comm "stress_core"
Maps shown: total power consumption 

=== System totals (total) ===
  cpu_time:  733430134319 ns
  energy:    34067514330000 (units of your kfunc)
  uncore_energy:    973169773882000000 (units of your kfunc)

=== PID → power (EMA) (pid_to_power) [comm="stress_core"] ===
PID      power             
187894   310               
187897   38                
187898   44                
187895   43                
187899   43                
187890   18                
187893   41                
187896   29                
187892   12                
187891   32                

=== PID → cumulative energy (pid_to_consumption) [comm="stress_core"] ===
PID      energy            
187893   57471710000       
187890   57510380000       
187898   56098340000       
187895   59021630000       
187896   58096890000       
187891   58803450000       
187897   57446560000       
187892   57884020000       
187899   55907770000       
187894   57789570000       

[H[JPolling energy-fair scheduler maps every 100 millisecond(s)...
Real time since poller start: 25.400748 s
Filter: comm "stress_core"
Maps shown: total power consumption 

=== System totals (total) ===
  cpu_time:  733468795908 ns
  energy:    34070155640000 (units of your kfunc)
  uncore_energy:    973169923474270000 (units of your kfunc)

=== PID → power (EMA) (pid_to_power) [comm="stress_core"] ===
PID      power             
187894   310               
187897   38                
187898   44                
187895   43                
187899   43                
187890   18                
187893   41                
187896   29                
187892   12                
187891   32                

=== PID → cumulative energy (pid_to_consumption) [comm="stress_core"] ===
PID      energy            
187893   57471710000       
187890   57510380000       
187898   56098340000       
187895   59021630000       
187896   58096890000       
187891   58803450000       
187897   57446560000       
187892   57884020000       
187899   55907770000       
187894   57789570000       

[H[JPolling energy-fair scheduler maps every 100 millisecond(s)...
Real time since poller start: 25.519332 s
Filter: comm "stress_core"
Maps shown: total power consumption 

=== System totals (total) ===
  cpu_time:  733505283660 ns
  energy:    34072841970000 (units of your kfunc)
  uncore_energy:    973170074085670000 (units of your kfunc)

=== PID → power (EMA) (pid_to_power) [comm="stress_core"] ===
PID      power             
187894   310               
187897   38                
187898   44                
187895   43                
187899   43                
187890   18                
187893   41                
187896   29                
187892   12                
187891   32                

=== PID → cumulative energy (pid_to_consumption) [comm="stress_core"] ===
PID      energy            
187893   57471710000       
187890   57510380000       
187898   56098340000       
187895   59021630000       
187896   58096890000       
187891   58803450000       
187897   57446560000       
187892   57884020000       
187899   55907770000       
187894   57789570000       

[H[JPolling energy-fair scheduler maps every 100 millisecond(s)...
Real time since poller start: 25.637968 s
Filter: comm "stress_core"
Maps shown: total power consumption 

=== System totals (total) ===
  cpu_time:  733556664350 ns
  energy:    34076005580000 (units of your kfunc)
  uncore_energy:    973170223716400000 (units of your kfunc)

=== PID → power (EMA) (pid_to_power) [comm="stress_core"] ===
PID      power             
187894   310               
187897   38                
187898   44                
187895   43                
187899   43                
187890   18                
187893   41                
187896   29                
187892   12                
187891   32                

=== PID → cumulative energy (pid_to_consumption) [comm="stress_core"] ===
PID      energy            
187893   57471710000       
187890   57510380000       
187898   56098340000       
187895   59021630000       
187896   58096890000       
187891   58803450000       
187897   57446560000       
187892   57884020000       
187899   55907770000       
187894   57789570000       

[H[JPolling energy-fair scheduler maps every 100 millisecond(s)...
Real time since poller start: 25.756508 s
Filter: comm "stress_core"
Maps shown: total power consumption 

=== System totals (total) ===
  cpu_time:  733592880769 ns
  energy:    34078641070000 (units of your kfunc)
  uncore_energy:    973170373840610000 (units of your kfunc)

=== PID → power (EMA) (pid_to_power) [comm="stress_core"] ===
PID      power             
187894   310               
187897   38                
187898   44                
187895   43                
187899   43                
187890   18                
187893   41                
187896   29                
187892   12                
187891   32                

=== PID → cumulative energy (pid_to_consumption) [comm="stress_core"] ===
PID      energy            
187893   57471710000       
187890   57510380000       
187898   56098340000       
187895   59021630000       
187896   58096890000       
187891   58803450000       
187897   57446560000       
187892   57884020000       
187899   55907770000       
187894   57789570000       

[H[JPolling energy-fair scheduler maps every 100 millisecond(s)...
Real time since poller start: 25.875123 s
Filter: comm "stress_core"
Maps shown: total power consumption 

=== System totals (total) ===
  cpu_time:  733630514004 ns
  energy:    34081351640000 (units of your kfunc)
  uncore_energy:    973170523533610000 (units of your kfunc)

=== PID → power (EMA) (pid_to_power) [comm="stress_core"] ===
PID      power             
187894   310               
187897   38                
187898   44                
187895   43                
187899   43                
187890   18                
187893   41                
187896   29                
187892   12                
187891   32                

=== PID → cumulative energy (pid_to_consumption) [comm="stress_core"] ===
PID      energy            
187893   57471710000       
187890   57510380000       
187898   56098340000       
187895   59021630000       
187896   58096890000       
187891   58803450000       
187897   57446560000       
187892   57884020000       
187899   55907770000       
187894   57789570000       

[H[JPolling energy-fair scheduler maps every 100 millisecond(s)...
Real time since poller start: 25.993699 s
Filter: comm "stress_core"
Maps shown: total power consumption 

=== System totals (total) ===
  cpu_time:  733670436822 ns
  energy:    34084161380000 (units of your kfunc)
  uncore_energy:    973170674179370000 (units of your kfunc)

=== PID → power (EMA) (pid_to_power) [comm="stress_core"] ===
PID      power             
187894   310               
187897   38                
187898   44                
187895   43                
187899   43                
187890   18                
187893   41                
187896   29                
187892   12                
187891   32                

=== PID → cumulative energy (pid_to_consumption) [comm="stress_core"] ===
PID      energy            
187893   57471710000       
187890   57510380000       
187898   56098340000       
187895   59021630000       
187896   58096890000       
187891   58803450000       
187897   57446560000       
187892   57884020000       
187899   55907770000       
187894   57789570000       

[H[JPolling energy-fair scheduler maps every 100 millisecond(s)...
Real time since poller start: 26.112310 s
Filter: comm "stress_core"
Maps shown: total power consumption 

=== System totals (total) ===
  cpu_time:  733709549169 ns
  energy:    34086997090000 (units of your kfunc)
  uncore_energy:    973170824464540000 (units of your kfunc)

=== PID → power (EMA) (pid_to_power) [comm="stress_core"] ===
PID      power             
187894   310               
187897   38                
187898   44                
187895   43                
187899   43                
187890   18                
187893   41                
187896   29                
187892   12                
187891   32                

=== PID → cumulative energy (pid_to_consumption) [comm="stress_core"] ===
PID      energy            
187893   57471710000       
187890   57510380000       
187898   56098340000       
187895   59021630000       
187896   58096890000       
187891   58803450000       
187897   57446560000       
187892   57884020000       
187899   55907770000       
187894   57789570000       

[H[JPolling energy-fair scheduler maps every 100 millisecond(s)...
Real time since poller start: 26.230871 s
Filter: comm "stress_core"
Maps shown: total power consumption 

=== System totals (total) ===
  cpu_time:  733801912679 ns
  energy:    34091071370000 (units of your kfunc)
  uncore_energy:    973170981711220000 (units of your kfunc)

=== PID → power (EMA) (pid_to_power) [comm="stress_core"] ===
PID      power             
187894   310               
187897   38                
187898   44                
187895   43                
187899   43                
187890   18                
187893   41                
187896   29                
187892   12                
187891   32                

=== PID → cumulative energy (pid_to_consumption) [comm="stress_core"] ===
PID      energy            
187893   57471710000       
187890   57510380000       
187898   56098340000       
187895   59021630000       
187896   58096890000       
187891   58803450000       
187897   57446560000       
187892   57884020000       
187899   55907770000       
187894   57789570000       

[H[JPolling energy-fair scheduler maps every 100 millisecond(s)...
Real time since poller start: 26.349433 s
Filter: comm "stress_core"
Maps shown: total power consumption 

=== System totals (total) ===
  cpu_time:  733954723754 ns
  energy:    34095972180000 (units of your kfunc)
  uncore_energy:    973171135379440000 (units of your kfunc)

=== PID → power (EMA) (pid_to_power) [comm="stress_core"] ===
PID      power             
187894   310               
187897   38                
187898   44                
187895   43                
187899   43                
187890   18                
187893   41                
187896   29                
187892   12                
187891   32                

=== PID → cumulative energy (pid_to_consumption) [comm="stress_core"] ===
PID      energy            
187893   57471710000       
187890   57510380000       
187898   56098340000       
187895   59021630000       
187896   58096890000       
187891   58803450000       
187897   57446560000       
187892   57884020000       
187899   55907770000       
187894   57789570000       

[H[JPolling energy-fair scheduler maps every 100 millisecond(s)...
Real time since poller start: 26.468084 s
Filter: comm "stress_core"
Maps shown: total power consumption 

=== System totals (total) ===
  cpu_time:  734085107039 ns
  energy:    34100840830000 (units of your kfunc)
  uncore_energy:    973171292177660000 (units of your kfunc)

=== PID → power (EMA) (pid_to_power) [comm="stress_core"] ===
PID      power             
187894   310               
187897   38                
187898   44                
187895   43                
187899   43                
187890   18                
187893   41                
187896   29                
187892   12                
187891   32                

=== PID → cumulative energy (pid_to_consumption) [comm="stress_core"] ===
PID      energy            
187893   57471710000       
187890   57510380000       
187898   56098340000       
187895   59021630000       
187896   58096890000       
187891   58803450000       
187897   57446560000       
187892   57884020000       
187899   55907770000       
187894   57789570000       

[H[JPolling energy-fair scheduler maps every 100 millisecond(s)...
Real time since poller start: 26.586689 s
Filter: comm "stress_core"
Maps shown: total power consumption 

=== System totals (total) ===
  cpu_time:  734122074071 ns
  energy:    34103444280000 (units of your kfunc)
  uncore_energy:    973171443000420000 (units of your kfunc)

=== PID → power (EMA) (pid_to_power) [comm="stress_core"] ===
PID      power             
187894   310               
187897   38                
187898   44                
187895   43                
187899   43                
187890   18                
187893   41                
187896   29                
187892   12                
187891   32                

=== PID → cumulative energy (pid_to_consumption) [comm="stress_core"] ===
PID      energy            
187893   57471710000       
187890   57510380000       
187898   56098340000       
187895   59021630000       
187896   58096890000       
187891   58803450000       
187897   57446560000       
187892   57884020000       
187899   55907770000       
187894   57789570000       

[H[JPolling energy-fair scheduler maps every 100 millisecond(s)...
Real time since poller start: 26.705319 s
Filter: comm "stress_core"
Maps shown: total power consumption 

=== System totals (total) ===
  cpu_time:  734157352698 ns
  energy:    34106018880000 (units of your kfunc)
  uncore_energy:    973171593052920000 (units of your kfunc)

=== PID → power (EMA) (pid_to_power) [comm="stress_core"] ===
PID      power             
187894   310               
187897   38                
187898   44                
187895   43                
187899   43                
187890   18                
187893   41                
187896   29                
187892   12                
187891   32                

=== PID → cumulative energy (pid_to_consumption) [comm="stress_core"] ===
PID      energy            
187893   57471710000       
187890   57510380000       
187898   56098340000       
187895   59021630000       
187896   58096890000       
187891   58803450000       
187897   57446560000       
187892   57884020000       
187899   55907770000       
187894   57789570000       

[H[JPolling energy-fair scheduler maps every 100 millisecond(s)...
Real time since poller start: 26.823914 s
Filter: comm "stress_core"
Maps shown: total power consumption 

=== System totals (total) ===
  cpu_time:  734192348652 ns
  energy:    34108478890000 (units of your kfunc)
  uncore_energy:    973171742055470000 (units of your kfunc)

=== PID → power (EMA) (pid_to_power) [comm="stress_core"] ===
PID      power             
187894   310               
187897   38                
187898   44                
187895   43                
187899   43                
187890   18                
187893   41                
187896   29                
187892   12                
187891   32                

=== PID → cumulative energy (pid_to_consumption) [comm="stress_core"] ===
PID      energy            
187893   57471710000       
187890   57510380000       
187898   56098340000       
187895   59021630000       
187896   58096890000       
187891   58803450000       
187897   57446560000       
187892   57884020000       
187899   55907770000       
187894   57789570000       

[H[JPolling energy-fair scheduler maps every 100 millisecond(s)...
Real time since poller start: 26.942500 s
Filter: comm "stress_core"
Maps shown: total power consumption 

=== System totals (total) ===
  cpu_time:  734241014643 ns
  energy:    34111492340000 (units of your kfunc)
  uncore_energy:    973171892272150000 (units of your kfunc)

=== PID → power (EMA) (pid_to_power) [comm="stress_core"] ===
PID      power             
187894   310               
187897   38                
187898   44                
187895   43                
187899   43                
187890   18                
187893   41                
187896   29                
187892   12                
187891   32                

=== PID → cumulative energy (pid_to_consumption) [comm="stress_core"] ===
PID      energy            
187893   57471710000       
187890   57510380000       
187898   56098340000       
187895   59021630000       
187896   58096890000       
187891   58803450000       
187897   57446560000       
187892   57884020000       
187899   55907770000       
187894   57789570000       

[H[JPolling energy-fair scheduler maps every 100 millisecond(s)...
Real time since poller start: 27.061155 s
Filter: comm "stress_core"
Maps shown: total power consumption 

=== System totals (total) ===
  cpu_time:  734273506317 ns
  energy:    34113681040000 (units of your kfunc)
  uncore_energy:    973172041881090000 (units of your kfunc)

=== PID → power (EMA) (pid_to_power) [comm="stress_core"] ===
PID      power             
187894   310               
187897   38                
187898   44                
187895   43                
187899   43                
187890   18                
187893   41                
187896   29                
187892   12                
187891   32                

=== PID → cumulative energy (pid_to_consumption) [comm="stress_core"] ===
PID      energy            
187893   57471710000       
187890   57510380000       
187898   56098340000       
187895   59021630000       
187896   58096890000       
187891   58803450000       
187897   57446560000       
187892   57884020000       
187899   55907770000       
187894   57789570000       

[H[JPolling energy-fair scheduler maps every 100 millisecond(s)...
Real time since poller start: 27.179759 s
Filter: comm "stress_core"
Maps shown: total power consumption 

=== System totals (total) ===
  cpu_time:  734304144511 ns
  energy:    34115649980000 (units of your kfunc)
  uncore_energy:    973172192461280000 (units of your kfunc)

=== PID → power (EMA) (pid_to_power) [comm="stress_core"] ===
PID      power             
187894   310               
187897   38                
187898   44                
187895   43                
187899   43                
187890   18                
187893   41                
187896   29                
187892   12                
187891   32                

=== PID → cumulative energy (pid_to_consumption) [comm="stress_core"] ===
PID      energy            
187893   57471710000       
187890   57510380000       
187898   56098340000       
187895   59021630000       
187896   58096890000       
187891   58803450000       
187897   57446560000       
187892   57884020000       
187899   55907770000       
187894   57789570000       

[H[JPolling energy-fair scheduler maps every 100 millisecond(s)...
Real time since poller start: 27.298384 s
Filter: comm "stress_core"
Maps shown: total power consumption 

=== System totals (total) ===
  cpu_time:  734331483574 ns
  energy:    34117243590000 (units of your kfunc)
  uncore_energy:    973172343434050000 (units of your kfunc)

=== PID → power (EMA) (pid_to_power) [comm="stress_core"] ===
PID      power             
187894   310               
187897   38                
187898   44                
187895   43                
187899   43                
187890   18                
187893   41                
187896   29                
187892   12                
187891   32                

=== PID → cumulative energy (pid_to_consumption) [comm="stress_core"] ===
PID      energy            
187893   57471710000       
187890   57510380000       
187898   56098340000       
187895   59021630000       
187896   58096890000       
187891   58803450000       
187897   57446560000       
187892   57884020000       
187899   55907770000       
187894   57789570000       

[H[JPolling energy-fair scheduler maps every 100 millisecond(s)...
Real time since poller start: 27.416960 s
Filter: comm "stress_core"
Maps shown: total power consumption 

=== System totals (total) ===
  cpu_time:  734359779927 ns
  energy:    34118740620000 (units of your kfunc)
  uncore_energy:    973172492026130000 (units of your kfunc)

=== PID → power (EMA) (pid_to_power) [comm="stress_core"] ===
PID      power             
187894   310               
187897   38                
187898   44                
187895   43                
187899   43                
187890   18                
187893   41                
187896   29                
187892   12                
187891   32                

=== PID → cumulative energy (pid_to_consumption) [comm="stress_core"] ===
PID      energy            
187893   57471710000       
187890   57510380000       
187898   56098340000       
187895   59021630000       
187896   58096890000       
187891   58803450000       
187897   57446560000       
187892   57884020000       
187899   55907770000       
187894   57789570000       

[H[JPolling energy-fair scheduler maps every 100 millisecond(s)...
Real time since poller start: 27.535580 s
Filter: comm "stress_core"
Maps shown: total power consumption 

=== System totals (total) ===
  cpu_time:  734391339448 ns
  energy:    34120374550000 (units of your kfunc)
  uncore_energy:    973172631989180000 (units of your kfunc)

=== PID → power (EMA) (pid_to_power) [comm="stress_core"] ===
PID      power             
187894   310               
187897   38                
187898   44                
187895   43                
187899   43                
187890   18                
187893   41                
187896   29                
187892   12                
187891   32                

=== PID → cumulative energy (pid_to_consumption) [comm="stress_core"] ===
PID      energy            
187893   57471710000       
187890   57510380000       
187898   56098340000       
187895   59021630000       
187896   58096890000       
187891   58803450000       
187897   57446560000       
187892   57884020000       
187899   55907770000       
187894   57789570000       

[H[JPolling energy-fair scheduler maps every 100 millisecond(s)...
Real time since poller start: 27.654231 s
Filter: comm "stress_core"
Maps shown: total power consumption 

=== System totals (total) ===
  cpu_time:  734419709045 ns
  energy:    34121965760000 (units of your kfunc)
  uncore_energy:    973172789646020000 (units of your kfunc)

=== PID → power (EMA) (pid_to_power) [comm="stress_core"] ===
PID      power             
187894   310               
187897   38                
187898   44                
187895   43                
187899   43                
187890   18                
187893   41                
187896   29                
187892   12                
187891   32                

=== PID → cumulative energy (pid_to_consumption) [comm="stress_core"] ===
PID      energy            
187893   57471710000       
187890   57510380000       
187898   56098340000       
187895   59021630000       
187896   58096890000       
187891   58803450000       
187897   57446560000       
187892   57884020000       
187899   55907770000       
187894   57789570000       

[H[JPolling energy-fair scheduler maps every 100 millisecond(s)...
Real time since poller start: 27.772547 s
Filter: comm "stress_core"
Maps shown: total power consumption 

=== System totals (total) ===
  cpu_time:  734452296122 ns
  energy:    34123809020000 (units of your kfunc)
  uncore_energy:    973172945976130000 (units of your kfunc)

=== PID → power (EMA) (pid_to_power) [comm="stress_core"] ===
PID      power             
187894   310               
187897   38                
187898   44                
187895   43                
187899   43                
187890   18                
187893   41                
187896   29                
187892   12                
187891   32                

=== PID → cumulative energy (pid_to_consumption) [comm="stress_core"] ===
PID      energy            
187893   57471710000       
187890   57510380000       
187898   56098340000       
187895   59021630000       
187896   58096890000       
187891   58803450000       
187897   57446560000       
187892   57884020000       
187899   55907770000       
187894   57789570000       

[H[JPolling energy-fair scheduler maps every 100 millisecond(s)...
Real time since poller start: 27.891259 s
Filter: comm "stress_core"
Maps shown: total power consumption 

=== System totals (total) ===
  cpu_time:  734480082556 ns
  energy:    34125295670000 (units of your kfunc)
  uncore_energy:    973173094752090000 (units of your kfunc)

=== PID → power (EMA) (pid_to_power) [comm="stress_core"] ===
PID      power             
187894   310               
187897   38                
187898   44                
187895   43                
187899   43                
187890   18                
187893   41                
187896   29                
187892   12                
187891   32                

=== PID → cumulative energy (pid_to_consumption) [comm="stress_core"] ===
PID      energy            
187893   57471710000       
187890   57510380000       
187898   56098340000       
187895   59021630000       
187896   58096890000       
187891   58803450000       
187897   57446560000       
187892   57884020000       
187899   55907770000       
187894   57789570000       

[H[JPolling energy-fair scheduler maps every 100 millisecond(s)...
Real time since poller start: 28.009575 s
Filter: comm "stress_core"
Maps shown: total power consumption 

=== System totals (total) ===
  cpu_time:  734506587962 ns
  energy:    34126698730000 (units of your kfunc)
  uncore_energy:    973173246577330000 (units of your kfunc)

=== PID → power (EMA) (pid_to_power) [comm="stress_core"] ===
PID      power             
187894   310               
187897   38                
187898   44                
187895   43                
187899   43                
187890   18                
187893   41                
187896   29                
187892   12                
187891   32                

=== PID → cumulative energy (pid_to_consumption) [comm="stress_core"] ===
PID      energy            
187893   57471710000       
187890   57510380000       
187898   56098340000       
187895   59021630000       
187896   58096890000       
187891   58803450000       
187897   57446560000       
187892   57884020000       
187899   55907770000       
187894   57789570000       

[H[JPolling energy-fair scheduler maps every 100 millisecond(s)...
Real time since poller start: 28.128111 s
Filter: comm "stress_core"
Maps shown: total power consumption 

=== System totals (total) ===
  cpu_time:  734543824834 ns
  energy:    34128586660000 (units of your kfunc)
  uncore_energy:    973173386628480000 (units of your kfunc)

=== PID → power (EMA) (pid_to_power) [comm="stress_core"] ===
PID      power             
187894   310               
187897   38                
187898   44                
187895   43                
187899   43                
187890   18                
187893   41                
187896   29                
187892   12                
187891   32                

=== PID → cumulative energy (pid_to_consumption) [comm="stress_core"] ===
PID      energy            
187893   57471710000       
187890   57510380000       
187898   56098340000       
187895   59021630000       
187896   58096890000       
187891   58803450000       
187897   57446560000       
187892   57884020000       
187899   55907770000       
187894   57789570000       

[H[JPolling energy-fair scheduler maps every 100 millisecond(s)...
Real time since poller start: 28.246813 s
Filter: comm "stress_core"
Maps shown: total power consumption 

=== System totals (total) ===
  cpu_time:  734573312704 ns
  energy:    34130051800000 (units of your kfunc)
  uncore_energy:    973173539698560000 (units of your kfunc)

=== PID → power (EMA) (pid_to_power) [comm="stress_core"] ===
PID      power             
187894   310               
187897   38                
187898   44                
187895   43                
187899   43                
187890   18                
187893   41                
187896   29                
187892   12                
187891   32                

=== PID → cumulative energy (pid_to_consumption) [comm="stress_core"] ===
PID      energy            
187893   57471710000       
187890   57510380000       
187898   56098340000       
187895   59021630000       
187896   58096890000       
187891   58803450000       
187897   57446560000       
187892   57884020000       
187899   55907770000       
187894   57789570000       

[H[JPolling energy-fair scheduler maps every 100 millisecond(s)...
Real time since poller start: 28.365489 s
Filter: comm "stress_core"
Maps shown: total power consumption 

=== System totals (total) ===
  cpu_time:  734598406732 ns
  energy:    34131341890000 (units of your kfunc)
  uncore_energy:    973173683242610000 (units of your kfunc)

=== PID → power (EMA) (pid_to_power) [comm="stress_core"] ===
PID      power             
187894   310               
187897   38                
187898   44                
187895   43                
187899   43                
187890   18                
187893   41                
187896   29                
187892   12                
187891   32                

=== PID → cumulative energy (pid_to_consumption) [comm="stress_core"] ===
PID      energy            
187893   57471710000       
187890   57510380000       
187898   56098340000       
187895   59021630000       
187896   58096890000       
187891   58803450000       
187897   57446560000       
187892   57884020000       
187899   55907770000       
187894   57789570000       

[H[JPolling energy-fair scheduler maps every 100 millisecond(s)...
Real time since poller start: 28.484166 s
Filter: comm "stress_core"
Maps shown: total power consumption 

=== System totals (total) ===
  cpu_time:  734623509770 ns
  energy:    34132635840000 (units of your kfunc)
  uncore_energy:    973173848179740000 (units of your kfunc)

=== PID → power (EMA) (pid_to_power) [comm="stress_core"] ===
PID      power             
187894   310               
187897   38                
187898   44                
187895   43                
187899   43                
187890   18                
187893   41                
187896   29                
187892   12                
187891   32                

=== PID → cumulative energy (pid_to_consumption) [comm="stress_core"] ===
PID      energy            
187893   57471710000       
187890   57510380000       
187898   56098340000       
187895   59021630000       
187896   58096890000       
187891   58803450000       
187897   57446560000       
187892   57884020000       
187899   55907770000       
187894   57789570000       

[H[JPolling energy-fair scheduler maps every 100 millisecond(s)...
Real time since poller start: 28.602800 s
Filter: comm "stress_core"
Maps shown: total power consumption 

=== System totals (total) ===
  cpu_time:  734649830843 ns
  energy:    34134008680000 (units of your kfunc)
  uncore_energy:    973174002403820000 (units of your kfunc)

=== PID → power (EMA) (pid_to_power) [comm="stress_core"] ===
PID      power             
187894   310               
187897   38                
187898   44                
187895   43                
187899   43                
187890   18                
187893   41                
187896   29                
187892   12                
187891   32                

=== PID → cumulative energy (pid_to_consumption) [comm="stress_core"] ===
PID      energy            
187893   57471710000       
187890   57510380000       
187898   56098340000       
187895   59021630000       
187896   58096890000       
187891   58803450000       
187897   57446560000       
187892   57884020000       
187899   55907770000       
187894   57789570000       

[H[JPolling energy-fair scheduler maps every 100 millisecond(s)...
Real time since poller start: 28.721465 s
Filter: comm "stress_core"
Maps shown: total power consumption 

=== System totals (total) ===
  cpu_time:  734674756508 ns
  energy:    34135339910000 (units of your kfunc)
  uncore_energy:    973174151045430000 (units of your kfunc)

=== PID → power (EMA) (pid_to_power) [comm="stress_core"] ===
PID      power             
187894   310               
187897   38                
187898   44                
187895   43                
187899   43                
187890   18                
187893   41                
187896   29                
187892   12                
187891   32                

=== PID → cumulative energy (pid_to_consumption) [comm="stress_core"] ===
PID      energy            
187893   57471710000       
187890   57510380000       
187898   56098340000       
187895   59021630000       
187896   58096890000       
187891   58803450000       
187897   57446560000       
187892   57884020000       
187899   55907770000       
187894   57789570000       

[H[JPolling energy-fair scheduler maps every 100 millisecond(s)...
Real time since poller start: 28.840104 s
Filter: comm "stress_core"
Maps shown: total power consumption 

=== System totals (total) ===
  cpu_time:  734700879448 ns
  energy:    34136638280000 (units of your kfunc)
  uncore_energy:    973174298405050000 (units of your kfunc)

=== PID → power (EMA) (pid_to_power) [comm="stress_core"] ===
PID      power             
187894   310               
187897   38                
187898   44                
187895   43                
187899   43                
187890   18                
187893   41                
187896   29                
187892   12                
187891   32                

=== PID → cumulative energy (pid_to_consumption) [comm="stress_core"] ===
PID      energy            
187893   57471710000       
187890   57510380000       
187898   56098340000       
187895   59021630000       
187896   58096890000       
187891   58803450000       
187897   57446560000       
187892   57884020000       
187899   55907770000       
187894   57789570000       

[H[JPolling energy-fair scheduler maps every 100 millisecond(s)...
Real time since poller start: 28.958810 s
Filter: comm "stress_core"
Maps shown: total power consumption 

=== System totals (total) ===
  cpu_time:  734730835007 ns
  energy:    34138047880000 (units of your kfunc)
  uncore_energy:    973174437792110000 (units of your kfunc)

=== PID → power (EMA) (pid_to_power) [comm="stress_core"] ===
PID      power             
187894   310               
187897   38                
187898   44                
187895   43                
187899   43                
187890   18                
187893   41                
187896   29                
187892   12                
187891   32                

=== PID → cumulative energy (pid_to_consumption) [comm="stress_core"] ===
PID      energy            
187893   57471710000       
187890   57510380000       
187898   56098340000       
187895   59021630000       
187896   58096890000       
187891   58803450000       
187897   57446560000       
187892   57884020000       
187899   55907770000       
187894   57789570000       

[H[JPolling energy-fair scheduler maps every 100 millisecond(s)...
Real time since poller start: 29.077500 s
Filter: comm "stress_core"
Maps shown: total power consumption 

=== System totals (total) ===
  cpu_time:  734757705552 ns
  energy:    34139447570000 (units of your kfunc)
  uncore_energy:    973174607058930000 (units of your kfunc)

=== PID → power (EMA) (pid_to_power) [comm="stress_core"] ===
PID      power             
187894   310               
187897   38                
187898   44                
187895   43                
187899   43                
187890   18                
187893   41                
187896   29                
187892   12                
187891   32                

=== PID → cumulative energy (pid_to_consumption) [comm="stress_core"] ===
PID      energy            
187893   57471710000       
187890   57510380000       
187898   56098340000       
187895   59021630000       
187896   58096890000       
187891   58803450000       
187897   57446560000       
187892   57884020000       
187899   55907770000       
187894   57789570000       

[H[JPolling energy-fair scheduler maps every 100 millisecond(s)...
Real time since poller start: 29.196146 s
Filter: comm "stress_core"
Maps shown: total power consumption 

=== System totals (total) ===
  cpu_time:  734784978480 ns
  energy:    34140850590000 (units of your kfunc)
  uncore_energy:    973174755900810000 (units of your kfunc)

=== PID → power (EMA) (pid_to_power) [comm="stress_core"] ===
PID      power             
187894   310               
187897   38                
187898   44                
187895   43                
187899   43                
187890   18                
187893   41                
187896   29                
187892   12                
187891   32                

=== PID → cumulative energy (pid_to_consumption) [comm="stress_core"] ===
PID      energy            
187893   57471710000       
187890   57510380000       
187898   56098340000       
187895   59021630000       
187896   58096890000       
187891   58803450000       
187897   57446560000       
187892   57884020000       
187899   55907770000       
187894   57789570000       

[H[JPolling energy-fair scheduler maps every 100 millisecond(s)...
Real time since poller start: 29.314832 s
Filter: comm "stress_core"
Maps shown: total power consumption 

=== System totals (total) ===
  cpu_time:  735225842818 ns
  energy:    34160548800000 (units of your kfunc)
  uncore_energy:    973174912724050000 (units of your kfunc)

=== PID → power (EMA) (pid_to_power) [comm="stress_core"] ===
PID      power             
187894   44                
187897   14                
187898   28                
187895   35                
187899   35                
187890   21                
187893   53                
187896   35                
187892   35                
187891   14                

=== PID → cumulative energy (pid_to_consumption) [comm="stress_core"] ===
PID      energy            
187893   59532550000       
187890   59298840000       
187898   58183150000       
187895   61167650000       
187896   60303600000       
187891   60804500000       
187897   59403660000       
187892   59948680000       
187899   58011210000       
187894   59847530000       

[H[JPolling energy-fair scheduler maps every 100 millisecond(s)...
Real time since poller start: 29.433504 s
Filter: comm "stress_core"
Maps shown: total power consumption 

=== System totals (total) ===
  cpu_time:  735858744332 ns
  energy:    34183851220000 (units of your kfunc)
  uncore_energy:    973175076287480000 (units of your kfunc)

=== PID → power (EMA) (pid_to_power) [comm="stress_core"] ===
PID      power             
187894   49                
187897   45                
187898   47                
187895   50                
187899   28                
187890   49                
187893   45                
187896   20                
187892   49                
187891   35                

=== PID → cumulative energy (pid_to_consumption) [comm="stress_core"] ===
PID      energy            
187893   61655950000       
187890   61466530000       
187898   60116600000       
187895   63047210000       
187896   62236820000       
187891   62858920000       
187897   61280020000       
187892   62005710000       
187899   59884090000       
187894   61982810000       

[H[JPolling energy-fair scheduler maps every 100 millisecond(s)...
Real time since poller start: 29.552302 s
Filter: comm "stress_core"
Maps shown: total power consumption 

=== System totals (total) ===
  cpu_time:  736504610285 ns
  energy:    34209720780000 (units of your kfunc)
  uncore_energy:    973175240900860000 (units of your kfunc)

=== PID → power (EMA) (pid_to_power) [comm="stress_core"] ===
PID      power             
187894   47                
187897   28                
187898   40                
187895   40                
187899   45                
187890   32                
187893   33                
187896   42                
187892   46                
187891   34                

=== PID → cumulative energy (pid_to_consumption) [comm="stress_core"] ===
PID      energy            
187893   63609180000       
187890   63695540000       
187898   62377980000       
187895   65441260000       
187896   64398190000       
187891   64955450000       
187897   63620580000       
187892   64241100000       
187899   62258540000       
187894   64186730000       

[H[JPolling energy-fair scheduler maps every 100 millisecond(s)...
Real time since poller start: 29.670974 s
Filter: comm "stress_core"
Maps shown: total power consumption 

=== System totals (total) ===
  cpu_time:  737132833153 ns
  energy:    34234126170000 (units of your kfunc)
  uncore_energy:    973175404397380000 (units of your kfunc)

=== PID → power (EMA) (pid_to_power) [comm="stress_core"] ===
PID      power             
187894   42                
187897   50                
187898   46                
187895   23                
187899   28                
187890   17                
187893   18                
187896   37                
187892   49                
187891   50                

=== PID → cumulative energy (pid_to_consumption) [comm="stress_core"] ===
PID      energy            
187893   65619520000       
187890   65623520000       
187898   64508080000       
187895   67435310000       
187896   66728510000       
187891   67112130000       
187897   65746280000       
187892   66369250000       
187899   64097410000       
187894   66500390000       

[H[JPolling energy-fair scheduler maps every 100 millisecond(s)...
Real time since poller start: 29.789689 s
Filter: comm "stress_core"
Maps shown: total power consumption 

=== System totals (total) ===
  cpu_time:  737745561400 ns
  energy:    34257075100000 (units of your kfunc)
  uncore_energy:    973175571354770000 (units of your kfunc)

=== PID → power (EMA) (pid_to_power) [comm="stress_core"] ===
PID      power             
187894   23                
187897   46                
187898   23                
187895   36                
187899   36                
187890   53                
187893   45                
187896   24                
187892   23                
187891   21                

=== PID → cumulative energy (pid_to_consumption) [comm="stress_core"] ===
PID      energy            
187893   67300880000       
187890   67395790000       
187898   66567690000       
187895   69252960000       
187896   68465560000       
187891   69250050000       
187897   67859650000       
187892   68464120000       
187899   65776160000       
187894   68609890000       

[H[JPolling energy-fair scheduler maps every 100 millisecond(s)...
Real time since poller start: 29.908493 s
Filter: comm "stress_core"
Maps shown: total power consumption 

=== System totals (total) ===
  cpu_time:  738373214169 ns
  energy:    34281047170000 (units of your kfunc)
  uncore_energy:    973175737015870000 (units of your kfunc)

=== PID → power (EMA) (pid_to_power) [comm="stress_core"] ===
PID      power             
187894   41                
187897   33                
187898   41                
187895   25                
187899   44                
187890   31                
187893   20                
187896   41                
187892   47                
187891   27                

=== PID → cumulative energy (pid_to_consumption) [comm="stress_core"] ===
PID      energy            
187893   69445350000       
187890   69054910000       
187898   68653590000       
187895   71179710000       
187896   70392780000       
187891   71118380000       
187897   69958790000       
187892   70519590000       
187899   67596790000       
187894   70749310000       

[H[JPolling energy-fair scheduler maps every 100 millisecond(s)...
Real time since poller start: 30.027245 s
Filter: comm "stress_core"
Maps shown: total power consumption 

=== System totals (total) ===
  cpu_time:  739066027980 ns
  energy:    34309022150000 (units of your kfunc)
  uncore_energy:    973175897049470000 (units of your kfunc)

=== PID → power (EMA) (pid_to_power) [comm="stress_core"] ===
PID      power             
187894   40                
187897   39                
187898   47                
187895   24                
187899   31                
187890   50                
187893   42                
187896   25                
187892   32                
187891   35                

=== PID → cumulative energy (pid_to_consumption) [comm="stress_core"] ===
PID      energy            
187893   72085180000       
187890   71519870000       
187898   71168120000       
187895   73500570000       
187896   72990450000       
187891   73279330000       
187897   72201650000       
187892   72965620000       
187899   69953050000       
187894   73411200000       

[H[JPolling energy-fair scheduler maps every 100 millisecond(s)...
Real time since poller start: 30.145909 s
Filter: comm "stress_core"
Maps shown: total power consumption 

=== System totals (total) ===
  cpu_time:  739709828298 ns
  energy:    34334261660000 (units of your kfunc)
  uncore_energy:    973176058171350000 (units of your kfunc)

=== PID → power (EMA) (pid_to_power) [comm="stress_core"] ===
PID      power             
187894   35                
187897   52                
187898   44                
187895   22                
187899   9                 
187890   40                
187893   41                
187896   29                
187892   28                
187891   21                

=== PID → cumulative energy (pid_to_consumption) [comm="stress_core"] ===
PID      energy            
187893   74197470000       
187890   73669110000       
187898   73591350000       
187895   75561550000       
187896   75279420000       
187891   75586160000       
187897   74385170000       
187892   75159250000       
187899   71996270000       
187894   75688390000       

[H[JPolling energy-fair scheduler maps every 100 millisecond(s)...
Real time since poller start: 30.264521 s
Filter: comm "stress_core"
Maps shown: total power consumption 

=== System totals (total) ===
  cpu_time:  740370629615 ns
  energy:    34360207200000 (units of your kfunc)
  uncore_energy:    973176219412390000 (units of your kfunc)

=== PID → power (EMA) (pid_to_power) [comm="stress_core"] ===
PID      power             
187894   17                
187897   25                
187898   28                
187895   45                
187899   51                
187890   44                
187893   46                
187896   45                
187892   38                
187891   42                

=== PID → cumulative energy (pid_to_consumption) [comm="stress_core"] ===
PID      energy            
187893   76572970000       
187890   76060310000       
187898   75828940000       
187895   77780920000       
187896   77404820000       
187891   77594250000       
187897   76590060000       
187892   77636400000       
187899   74316050000       
187894   77988790000       

[H[JPolling energy-fair scheduler maps every 100 millisecond(s)...
Real time since poller start: 30.383179 s
Filter: comm "stress_core"
Maps shown: total power consumption 

=== System totals (total) ===
  cpu_time:  741061443685 ns
  energy:    34388337380000 (units of your kfunc)
  uncore_energy:    973176385605180000 (units of your kfunc)

=== PID → power (EMA) (pid_to_power) [comm="stress_core"] ===
PID      power             
187894   18                
187897   37                
187898   18                
187895   30                
187899   38                
187890   45                
187893   40                
187896   41                
187892   50                
187891   38                

=== PID → cumulative energy (pid_to_consumption) [comm="stress_core"] ===
PID      energy            
187893   79094190000       
187890   78663800000       
187898   78003310000       
187895   80263240000       
187896   79636830000       
187891   80021150000       
187897   78957320000       
187892   79982070000       
187899   76632810000       
187894   80234900000       

[H[JPolling energy-fair scheduler maps every 100 millisecond(s)...
Real time since poller start: 30.501779 s
Filter: comm "stress_core"
Maps shown: total power consumption 

=== System totals (total) ===
  cpu_time:  741714455730 ns
  energy:    34413161620000 (units of your kfunc)
  uncore_energy:    973176547989040000 (units of your kfunc)

=== PID → power (EMA) (pid_to_power) [comm="stress_core"] ===
PID      power             
187894   50                
187897   43                
187898   25                
187895   45                
187899   46                
187890   51                
187893   41                
187896   42                
187892   26                
187891   25                

=== PID → cumulative energy (pid_to_consumption) [comm="stress_core"] ===
PID      energy            
187893   80997860000       
187890   80750560000       
187898   79955870000       
187895   82589110000       
187896   81661040000       
187891   81921220000       
187897   80817510000       
187892   81733440000       
187899   78527790000       
187894   82327360000       

[H[JPolling energy-fair scheduler maps every 100 millisecond(s)...
Real time since poller start: 30.620419 s
Filter: comm "stress_core"
Maps shown: total power consumption 

=== System totals (total) ===
  cpu_time:  742384780251 ns
  energy:    34439004520000 (units of your kfunc)
  uncore_energy:    973176712419580000 (units of your kfunc)

=== PID → power (EMA) (pid_to_power) [comm="stress_core"] ===
PID      power             
187894   29                
187897   29                
187898   17                
187895   38                
187899   49                
187890   30                
187893   41                
187896   48                
187892   42                
187891   48                

=== PID → cumulative energy (pid_to_consumption) [comm="stress_core"] ===
PID      energy            
187893   82923200000       
187890   82962430000       
187898   82190530000       
187895   84725530000       
187896   83814240000       
187891   84025220000       
187897   82824800000       
187892   83701940000       
187899   80451310000       
187894   84522810000       

[H[JPolling energy-fair scheduler maps every 100 millisecond(s)...
Real time since poller start: 30.739059 s
Filter: comm "stress_core"
Maps shown: total power consumption 

=== System totals (total) ===
  cpu_time:  743106636915 ns
  energy:    34468116720000 (units of your kfunc)
  uncore_energy:    973176872316620000 (units of your kfunc)

=== PID → power (EMA) (pid_to_power) [comm="stress_core"] ===
PID      power             
187894   41                
187897   15                
187898   45                
187895   46                
187899   37                
187890   29                
187893   31                
187896   29                
187892   32                
187891   53                

=== PID → cumulative energy (pid_to_consumption) [comm="stress_core"] ===
PID      energy            
187893   85193710000       
187890   85299770000       
187898   84443640000       
187895   87047750000       
187896   86178750000       
187891   86404250000       
187897   85227760000       
187892   85822140000       
187899   82755040000       
187894   86730780000       

[H[JPolling energy-fair scheduler maps every 100 millisecond(s)...
Real time since poller start: 30.857754 s
Filter: comm "stress_core"
Maps shown: total power consumption 

=== System totals (total) ===
  cpu_time:  743773273501 ns
  energy:    34494174290000 (units of your kfunc)
  uncore_energy:    973177038105370000 (units of your kfunc)

=== PID → power (EMA) (pid_to_power) [comm="stress_core"] ===
PID      power             
187894   35                
187897   14                
187898   52                
187895   41                
187899   30                
187890   36                
187893   48                
187896   50                
187892   33                
187891   50                

=== PID → cumulative energy (pid_to_consumption) [comm="stress_core"] ===
PID      energy            
187893   87339230000       
187890   87357530000       
187898   86735850000       
187895   89532150000       
187896   88365560000       
187891   88902720000       
187897   87369630000       
187892   88047630000       
187899   84978270000       
187894   89131580000       

[H[JPolling energy-fair scheduler maps every 100 millisecond(s)...
Real time since poller start: 30.976417 s
Filter: comm "stress_core"
Maps shown: total power consumption 

=== System totals (total) ===
  cpu_time:  744428774553 ns
  energy:    34520639200000 (units of your kfunc)
  uncore_energy:    973177199063710000 (units of your kfunc)

=== PID → power (EMA) (pid_to_power) [comm="stress_core"] ===
PID      power             
187894   50                
187897   53                
187898   24                
187895   26                
187899   34                
187890   15                
187893   51                
187896   22                
187892   24                
187891   20                

=== PID → cumulative energy (pid_to_consumption) [comm="stress_core"] ===
PID      energy            
187893   89556190000       
187890   89704820000       
187898   88990790000       
187895   91514010000       
187896   90604480000       
187891   90936540000       
187897   89820280000       
187892   90220150000       
187899   87089180000       
187894   91483300000       

[H[JPolling energy-fair scheduler maps every 100 millisecond(s)...
Real time since poller start: 31.095076 s
Filter: comm "stress_core"
Maps shown: total power consumption 

=== System totals (total) ===
  cpu_time:  745103674301 ns
  energy:    34547417170000 (units of your kfunc)
  uncore_energy:    973177360188720000 (units of your kfunc)

=== PID → power (EMA) (pid_to_power) [comm="stress_core"] ===
PID      power             
187894   20                
187897   27                
187898   38                
187895   42                
187899   13                
187890   35                
187893   22                
187896   18                
187892   15                
187891   24                

=== PID → cumulative energy (pid_to_consumption) [comm="stress_core"] ===
PID      energy            
187893   91814160000       
187890   92070240000       
187898   91174310000       
187895   93814550000       
187896   93009090000       
187891   93347920000       
187897   92138560000       
187892   92822460000       
187899   89344000000       
187894   93779860000       

[H[JPolling energy-fair scheduler maps every 100 millisecond(s)...
Real time since poller start: 31.213707 s
Filter: comm "stress_core"
Maps shown: total power consumption 

=== System totals (total) ===
  cpu_time:  745754648518 ns
  energy:    34573103080000 (units of your kfunc)
  uncore_energy:    973177520373320000 (units of your kfunc)

=== PID → power (EMA) (pid_to_power) [comm="stress_core"] ===
PID      power             
187894   47                
187897   27                
187898   47                
187895   36                
187899   21                
187890   36                
187893   50                
187896   32                
187892   45                
187891   51                

=== PID → cumulative energy (pid_to_consumption) [comm="stress_core"] ===
PID      energy            
187893   94154850000       
187890   94465990000       
187898   93328560000       
187895   96055060000       
187896   95476550000       
187891   95658710000       
187897   94722060000       
187892   95004640000       
187899   91524410000       
187894   95977560000       

[H[JPolling energy-fair scheduler maps every 100 millisecond(s)...
Real time since poller start: 31.332303 s
Filter: comm "stress_core"
Maps shown: total power consumption 

=== System totals (total) ===
  cpu_time:  746422403213 ns
  energy:    34600009460000 (units of your kfunc)
  uncore_energy:    973177681418450000 (units of your kfunc)

=== PID → power (EMA) (pid_to_power) [comm="stress_core"] ===
PID      power             
187894   38                
187897   50                
187898   26                
187895   32                
187899   30                
187890   49                
187893   25                
187896   36                
187892   53                
187891   18                

=== PID → cumulative energy (pid_to_consumption) [comm="stress_core"] ===
PID      energy            
187893   96642210000       
187890   96694530000       
187898   95505080000       
187895   98291880000       
187896   97916070000       
187891   98210850000       
187897   97208450000       
187892   97674540000       
187899   93787380000       
187894   98322670000       

[H[JPolling energy-fair scheduler maps every 100 millisecond(s)...
Real time since poller start: 31.451064 s
Filter: comm "stress_core"
Maps shown: total power consumption 

=== System totals (total) ===
  cpu_time:  747094347135 ns
  energy:    34626490520000 (units of your kfunc)
  uncore_energy:    973177841127430000 (units of your kfunc)

=== PID → power (EMA) (pid_to_power) [comm="stress_core"] ===
PID      power             
187894   20                
187897   52                
187898   32                
187895   41                
187899   44                
187890   45                
187893   16                
187896   50                
187892   26                
187891   48                

=== PID → cumulative energy (pid_to_consumption) [comm="stress_core"] ===
PID      energy            
187893   98907420000       
187890   98978110000       
187898   97808370000       
187895   100672220000      
187896   100269900000      
187891   100687620000      
187897   99442500000       
187892   100047390000      
187899   96122190000       
187894   100939660000      

[H[JPolling energy-fair scheduler maps every 100 millisecond(s)...
Real time since poller start: 31.569872 s
Filter: comm "stress_core"
Maps shown: total power consumption 

=== System totals (total) ===
  cpu_time:  747775745582 ns
  energy:    34653616910000 (units of your kfunc)
  uncore_energy:    973177998179040000 (units of your kfunc)

=== PID → power (EMA) (pid_to_power) [comm="stress_core"] ===
PID      power             
187894   46                
187897   41                
187898   26                
187895   13                
187899   49                
187890   50                
187893   25                
187896   26                
187892   40                
187891   31                

=== PID → cumulative energy (pid_to_consumption) [comm="stress_core"] ===
PID      energy            
187893   101188490000      
187890   101336490000      
187898   99873510000       
187895   103032450000      
187896   102649180000      
187891   103034720000      
187897   101695790000      
187892   102478250000      
187899   98479240000       
187894   103192310000      

[H[JPolling energy-fair scheduler maps every 100 millisecond(s)...
Real time since poller start: 31.688625 s
Filter: comm "stress_core"
Maps shown: total power consumption 

=== System totals (total) ===
  cpu_time:  748448828550 ns
  energy:    34680235510000 (units of your kfunc)
  uncore_energy:    973178159154740000 (units of your kfunc)

=== PID → power (EMA) (pid_to_power) [comm="stress_core"] ===
PID      power             
187894   39                
187897   47                
187898   36                
187895   48                
187899   46                
187890   44                
187893   51                
187896   44                
187892   49                
187891   15                

=== PID → cumulative energy (pid_to_consumption) [comm="stress_core"] ===
PID      energy            
187893   103665900000      
187890   103682850000      
187898   102445810000      
187895   105508750000      
187896   105084790000      
187891   105457950000      
187897   104062700000      
187892   104980170000      
187899   101111560000      
187894   105445010000      

[H[JPolling energy-fair scheduler maps every 100 millisecond(s)...
Real time since poller start: 31.807428 s
Filter: comm "stress_core"
Maps shown: total power consumption 

=== System totals (total) ===
  cpu_time:  749140819945 ns
  energy:    34706941550000 (units of your kfunc)
  uncore_energy:    973178320553870000 (units of your kfunc)

=== PID → power (EMA) (pid_to_power) [comm="stress_core"] ===
PID      power             
187894   41                
187897   11                
187898   24                
187895   44                
187899   27                
187890   23                
187893   23                
187896   43                
187892   45                
187891   29                

=== PID → cumulative energy (pid_to_consumption) [comm="stress_core"] ===
PID      energy            
187893   106006700000      
187890   105874200000      
187898   104820830000      
187895   108005090000      
187896   107204050000      
187891   107814630000      
187897   106147250000      
187892   107237860000      
187899   103759280000      
187894   107754440000      

[H[JPolling energy-fair scheduler maps every 100 millisecond(s)...
Real time since poller start: 31.926247 s
Filter: comm "stress_core"
Maps shown: total power consumption 

=== System totals (total) ===
  cpu_time:  749812391194 ns
  energy:    34733087100000 (units of your kfunc)
  uncore_energy:    973178482858940000 (units of your kfunc)

=== PID → power (EMA) (pid_to_power) [comm="stress_core"] ===
PID      power             
187894   30                
187897   47                
187898   23                
187895   45                
187899   20                
187890   18                
187893   39                
187896   29                
187892   50                
187891   41                

=== PID → cumulative energy (pid_to_consumption) [comm="stress_core"] ===
PID      energy            
187893   108447460000      
187890   107914980000      
187898   107267390000      
187895   110280340000      
187896   109472110000      
187891   110397060000      
187897   108484610000      
187892   109428420000      
187899   105604070000      
187894   109930370000      

[H[JPolling energy-fair scheduler maps every 100 millisecond(s)...
Real time since poller start: 32.045049 s
Filter: comm "stress_core"
Maps shown: total power consumption 

=== System totals (total) ===
  cpu_time:  750510211155 ns
  energy:    34761215410000 (units of your kfunc)
  uncore_energy:    973178641527350000 (units of your kfunc)

=== PID → power (EMA) (pid_to_power) [comm="stress_core"] ===
PID      power             
187894   51                
187897   37                
187898   33                
187895   37                
187899   29                
187890   37                
187893   47                
187896   36                
187892   14                
187891   36                

=== PID → cumulative energy (pid_to_consumption) [comm="stress_core"] ===
PID      energy            
187893   110708960000      
187890   110571690000      
187898   109951950000      
187895   112572830000      
187896   111853220000      
187891   112899460000      
187897   110940260000      
187892   111971300000      
187899   107927720000      
187894   112425510000      

[H[JPolling energy-fair scheduler maps every 100 millisecond(s)...
Real time since poller start: 32.163792 s
Filter: comm "stress_core"
Maps shown: total power consumption 

=== System totals (total) ===
  cpu_time:  751166547937 ns
  energy:    34787078970000 (units of your kfunc)
  uncore_energy:    973178802471040000 (units of your kfunc)

=== PID → power (EMA) (pid_to_power) [comm="stress_core"] ===
PID      power             
187894   47                
187897   40                
187898   35                
187895   52                
187899   45                
187890   34                
187893   43                
187896   42                
187892   47                
187891   31                

=== PID → cumulative energy (pid_to_consumption) [comm="stress_core"] ===
PID      energy            
187893   113141080000      
187890   113055170000      
187898   112152270000      
187895   114823780000      
187896   114234050000      
187891   115417810000      
187897   113255360000      
187892   114361270000      
187899   110195180000      
187894   114628750000      

[H[JPolling energy-fair scheduler maps every 100 millisecond(s)...
Real time since poller start: 32.282519 s
Filter: comm "stress_core"
Maps shown: total power consumption 

=== System totals (total) ===
  cpu_time:  751858441317 ns
  energy:    34814580830000 (units of your kfunc)
  uncore_energy:    973178960249790000 (units of your kfunc)

=== PID → power (EMA) (pid_to_power) [comm="stress_core"] ===
PID      power             
187894   42                
187897   42                
187898   16                
187895   15                
187899   32                
187890   37                
187893   15                
187896   41                
187892   26                
187891   16                

=== PID → cumulative energy (pid_to_consumption) [comm="stress_core"] ===
PID      energy            
187893   115360440000      
187890   115511370000      
187898   114566660000      
187895   117372120000      
187896   116793850000      
187891   117675380000      
187897   115468220000      
187892   116794230000      
187899   112572670000      
187894   116943220000      

[H[JPolling energy-fair scheduler maps every 100 millisecond(s)...
Real time since poller start: 32.401193 s
Filter: comm "stress_core"
Maps shown: total power consumption 

=== System totals (total) ===
  cpu_time:  752530651990 ns
  energy:    34840775170000 (units of your kfunc)
  uncore_energy:    973179119283420000 (units of your kfunc)

=== PID → power (EMA) (pid_to_power) [comm="stress_core"] ===
PID      power             
187894   51                
187897   48                
187898   25                
187895   13                
187899   49                
187890   47                
187893   28                
187896   27                
187892   32                
187891   32                

=== PID → cumulative energy (pid_to_consumption) [comm="stress_core"] ===
PID      energy            
187893   117685280000      
187890   117812210000      
187898   117075570000      
187895   119739950000      
187896   119143580000      
187891   119864080000      
187897   117873140000      
187892   119088700000      
187899   115076220000      
187894   119552630000      

[H[JPolling energy-fair scheduler maps every 100 millisecond(s)...
Real time since poller start: 32.519896 s
Filter: comm "stress_core"
Maps shown: total power consumption 

=== System totals (total) ===
  cpu_time:  753212570621 ns
  energy:    34867779690000 (units of your kfunc)
  uncore_energy:    973179276748050000 (units of your kfunc)

=== PID → power (EMA) (pid_to_power) [comm="stress_core"] ===
PID      power             
187894   16                
187897   34                
187898   41                
187895   50                
187899   49                
187890   51                
187893   53                
187896   39                
187892   26                
187891   26                

=== PID → cumulative energy (pid_to_consumption) [comm="stress_core"] ===
PID      energy            
187893   120330220000      
187890   120119170000      
187898   119453530000      
187895   122024150000      
187896   121521970000      
187891   122313430000      
187897   120216730000      
187892   121324970000      
187899   117554450000      
187894   121800590000      

[H[JPolling energy-fair scheduler maps every 100 millisecond(s)...
Real time since poller start: 32.638596 s
Filter: comm "stress_core"
Maps shown: total power consumption 

=== System totals (total) ===
  cpu_time:  753904596818 ns
  energy:    34895174540000 (units of your kfunc)
  uncore_energy:    973179434492360000 (units of your kfunc)

=== PID → power (EMA) (pid_to_power) [comm="stress_core"] ===
PID      power             
187894   43                
187897   39                
187898   17                
187895   55                
187899   48                
187890   40                
187893   23                
187896   41                
187892   49                
187891   19                

=== PID → cumulative energy (pid_to_consumption) [comm="stress_core"] ===
PID      energy            
187893   122674290000      
187890   122558870000      
187898   122007860000      
187895   124507680000      
187896   123869380000      
187891   124864310000      
187897   122536110000      
187892   123733990000      
187899   119862200000      
187894   124190780000      

[H[JPolling energy-fair scheduler maps every 100 millisecond(s)...
Real time since poller start: 32.757318 s
Filter: comm "stress_core"
Maps shown: total power consumption 

=== System totals (total) ===
  cpu_time:  754581624456 ns
  energy:    34922005370000 (units of your kfunc)
  uncore_energy:    973179595162900000 (units of your kfunc)

=== PID → power (EMA) (pid_to_power) [comm="stress_core"] ===
PID      power             
187894   34                
187897   48                
187898   48                
187895   20                
187899   47                
187890   38                
187893   47                
187896   36                
187892   45                
187891   21                

=== PID → cumulative energy (pid_to_consumption) [comm="stress_core"] ===
PID      energy            
187893   124968300000      
187890   124927180000      
187898   124322590000      
187895   126812670000      
187896   126371400000      
187891   127220740000      
187897   125085470000      
187892   126172590000      
187899   122089350000      
187894   126739300000      

[H[JPolling energy-fair scheduler maps every 100 millisecond(s)...
Real time since poller start: 32.875998 s
Filter: comm "stress_core"
Maps shown: total power consumption 

=== System totals (total) ===
  cpu_time:  755267125790 ns
  energy:    34950087720000 (units of your kfunc)
  uncore_energy:    973179755853740000 (units of your kfunc)

=== PID → power (EMA) (pid_to_power) [comm="stress_core"] ===
PID      power             
187894   16                
187897   35                
187898   21                
187895   32                
187899   41                
187890   29                
187893   30                
187896   14                
187892   19                
187891   39                

=== PID → cumulative energy (pid_to_consumption) [comm="stress_core"] ===
PID      energy            
187893   127581760000      
187890   127453590000      
187898   126794030000      
187895   129217880000      
187896   128850820000      
187891   129707790000      
187897   127624400000      
187892   128780310000      
187899   124851540000      
187894   129197340000      

[H[JPolling energy-fair scheduler maps every 100 millisecond(s)...
Real time since poller start: 32.994782 s
Filter: comm "stress_core"
Maps shown: total power consumption 

=== System totals (total) ===
  cpu_time:  755993136422 ns
  energy:    34977246300000 (units of your kfunc)
  uncore_energy:    973179919749240000 (units of your kfunc)

=== PID → power (EMA) (pid_to_power) [comm="stress_core"] ===
PID      power             
187894   22                
187897   49                
187898   50                
187895   28                
187899   40                
187890   32                
187893   45                
187896   26                
187892   29                
187891   33                

=== PID → cumulative energy (pid_to_consumption) [comm="stress_core"] ===
PID      energy            
187893   129799780000      
187890   129769930000      
187898   128948060000      
187895   131404760000      
187896   130875810000      
187891   131887020000      
187897   129989530000      
187892   130847740000      
187899   126917450000      
187894   131384980000      

[H[JPolling energy-fair scheduler maps every 100 millisecond(s)...
Real time since poller start: 33.113496 s
Filter: comm "stress_core"
Maps shown: total power consumption 

=== System totals (total) ===
  cpu_time:  756721886563 ns
  energy:    35006507200000 (units of your kfunc)
  uncore_energy:    973180076755120000 (units of your kfunc)

=== PID → power (EMA) (pid_to_power) [comm="stress_core"] ===
PID      power             
187894   38                
187897   35                
187898   18                
187895   26                
187899   22                
187890   20                
187893   38                
187896   19                
187892   40                
187891   32                

=== PID → cumulative energy (pid_to_consumption) [comm="stress_core"] ===
PID      energy            
187893   132102490000      
187890   132113060000      
187898   131276980000      
187895   133612120000      
187896   133225320000      
187891   134126130000      
187897   132234110000      
187892   133203250000      
187899   129203980000      
187894   133605440000      

[H[JPolling energy-fair scheduler maps every 100 millisecond(s)...
Real time since poller start: 33.232208 s
Filter: comm "stress_core"
Maps shown: total power consumption 

=== System totals (total) ===
  cpu_time:  757434985537 ns
  energy:    35033699630000 (units of your kfunc)
  uncore_energy:    973180238858350000 (units of your kfunc)

=== PID → power (EMA) (pid_to_power) [comm="stress_core"] ===
PID      power             
187894   27                
187897   50                
187898   29                
187895   51                
187899   23                
187890   38                
187893   40                
187896   41                
187892   31                
187891   37                

=== PID → cumulative energy (pid_to_consumption) [comm="stress_core"] ===
PID      energy            
187893   134397380000      
187890   134439100000      
187898   133686330000      
187895   135711780000      
187896   135570630000      
187891   136307200000      
187897   134474520000      
187892   135130920000      
187899   131375890000      
187894   135850780000      

[H[JPolling energy-fair scheduler maps every 100 millisecond(s)...
Real time since poller start: 33.350960 s
Filter: comm "stress_core"
Maps shown: total power consumption 

=== System totals (total) ===
  cpu_time:  758145478485 ns
  energy:    35061319420000 (units of your kfunc)
  uncore_energy:    973180400141910000 (units of your kfunc)

=== PID → power (EMA) (pid_to_power) [comm="stress_core"] ===
PID      power             
187894   45                
187897   34                
187898   22                
187895   49                
187899   36                
187890   46                
187893   40                
187896   45                
187892   37                
187891   44                

=== PID → cumulative energy (pid_to_consumption) [comm="stress_core"] ===
PID      energy            
187893   136794230000      
187890   136796570000      
187898   136006920000      
187895   137953590000      
187896   137860130000      
187891   138625900000      
187897   136764100000      
187892   137320710000      
187899   133730050000      
187894   138380840000      

[H[JPolling energy-fair scheduler maps every 100 millisecond(s)...
Real time since poller start: 33.471287 s
Filter: comm "stress_core"
Maps shown: total power consumption 

=== System totals (total) ===
  cpu_time:  758828105164 ns
  energy:    35087813610000 (units of your kfunc)
  uncore_energy:    973180565648300000 (units of your kfunc)

=== PID → power (EMA) (pid_to_power) [comm="stress_core"] ===
PID      power             
187894   15                
187897   26                
187898   50                
187895   38                
187899   43                
187890   51                
187893   19                
187896   23                
187892   29                
187891   27                

=== PID → cumulative energy (pid_to_consumption) [comm="stress_core"] ===
PID      energy            
187893   139132170000      
187890   139286850000      
187898   138267530000      
187895   140167060000      
187896   140372760000      
187891   140960250000      
187897   138969750000      
187892   139389530000      
187899   135807230000      
187894   140546820000      

[H[JPolling energy-fair scheduler maps every 100 millisecond(s)...
Real time since poller start: 33.590050 s
Filter: comm "stress_core"
Maps shown: total power consumption 

=== System totals (total) ===
  cpu_time:  759513797896 ns
  energy:    35114368600000 (units of your kfunc)
  uncore_energy:    973180725558150000 (units of your kfunc)

=== PID → power (EMA) (pid_to_power) [comm="stress_core"] ===
PID      power             
187894   25                
187897   47                
187898   38                
187895   49                
187899   50                
187890   23                
187893   19                
187896   19                
187892   18                
187891   43                

=== PID → cumulative energy (pid_to_consumption) [comm="stress_core"] ===
PID      energy            
187893   141630950000      
187890   141746100000      
187898   140752140000      
187895   142638210000      
187896   142664280000      
187891   143470030000      
187897   141131040000      
187892   141679420000      
187899   138407720000      
187894   142908710000      

[H[JPolling energy-fair scheduler maps every 100 millisecond(s)...
Real time since poller start: 33.708753 s
Filter: comm "stress_core"
Maps shown: total power consumption 

=== System totals (total) ===
  cpu_time:  760195830352 ns
  energy:    35141746230000 (units of your kfunc)
  uncore_energy:    973180882296280000 (units of your kfunc)

=== PID → power (EMA) (pid_to_power) [comm="stress_core"] ===
PID      power             
187894   36                
187897   15                
187898   21                
187895   46                
187899   31                
187890   50                
187893   15                
187896   49                
187892   30                
187891   30                

=== PID → cumulative energy (pid_to_consumption) [comm="stress_core"] ===
PID      energy            
187893   143991770000      
187890   144335560000      
187898   143371510000      
187895   145109970000      
187896   145012390000      
187891   146070880000      
187897   143577000000      
187892   144117800000      
187899   140776660000      
187894   145049290000      

[H[JPolling energy-fair scheduler maps every 100 millisecond(s)...
Real time since poller start: 33.827496 s
Filter: comm "stress_core"
Maps shown: total power consumption 

=== System totals (total) ===
  cpu_time:  760880813535 ns
  energy:    35168237160000 (units of your kfunc)
  uncore_energy:    973181042636860000 (units of your kfunc)

=== PID → power (EMA) (pid_to_power) [comm="stress_core"] ===
PID      power             
187894   40                
187897   49                
187898   31                
187895   39                
187899   33                
187890   37                
187893   25                
187896   38                
187892   17                
187891   41                

=== PID → cumulative energy (pid_to_consumption) [comm="stress_core"] ===
PID      energy            
187893   146187040000      
187890   146627950000      
187898   145683670000      
187895   147540710000      
187896   147279520000      
187891   148285320000      
187897   145942000000      
187892   146554880000      
187899   143032210000      
187894   147403540000      

[H[JPolling energy-fair scheduler maps every 100 millisecond(s)...
Real time since poller start: 33.946285 s
Filter: comm "stress_core"
Maps shown: total power consumption 

=== System totals (total) ===
  cpu_time:  761579629805 ns
  energy:    35194697930000 (units of your kfunc)
  uncore_energy:    973181201712130000 (units of your kfunc)

=== PID → power (EMA) (pid_to_power) [comm="stress_core"] ===
PID      power             
187894   31                
187897   26                
187898   45                
187895   46                
187899   33                
187890   51                
187893   20                
187896   46                
187892   43                
187891   16                

=== PID → cumulative energy (pid_to_consumption) [comm="stress_core"] ===
PID      energy            
187893   148563310000      
187890   148995190000      
187898   147992070000      
187895   149961240000      
187896   149668300000      
187891   150803060000      
187897   148361630000      
187892   148864310000      
187899   145395380000      
187894   149636030000      

[H[JPolling energy-fair scheduler maps every 100 millisecond(s)...
Real time since poller start: 34.065080 s
Filter: comm "stress_core"
Maps shown: total power consumption 

=== System totals (total) ===
  cpu_time:  762281100440 ns
  energy:    35222326470000 (units of your kfunc)
  uncore_energy:    973181360728790000 (units of your kfunc)

=== PID → power (EMA) (pid_to_power) [comm="stress_core"] ===
PID      power             
187894   19                
187897   48                
187898   21                
187895   42                
187899   25                
187890   49                
187893   38                
187896   23                
187892   36                
187891   35                

=== PID → cumulative energy (pid_to_consumption) [comm="stress_core"] ===
PID      energy            
187893   151233000000      
187890   151337570000      
187898   150399450000      
187895   152373840000      
187896   152078470000      
187891   153155630000      
187897   150992680000      
187892   151312320000      
187899   147728150000      
187894   151979630000      

[H[JPolling energy-fair scheduler maps every 100 millisecond(s)...
Real time since poller start: 34.184049 s
Filter: comm "stress_core"
Maps shown: total power consumption 

=== System totals (total) ===
  cpu_time:  762976487852 ns
  energy:    35250052130000 (units of your kfunc)
  uncore_energy:    973181518658960000 (units of your kfunc)

=== PID → power (EMA) (pid_to_power) [comm="stress_core"] ===
PID      power             
187894   43                
187897   21                
187898   30                
187895   21                
187899   33                
187890   50                
187893   44                
187896   50                
187892   24                
187891   24                

=== PID → cumulative energy (pid_to_consumption) [comm="stress_core"] ===
PID      energy            
187893   153648650000      
187890   153992810000      
187898   152806840000      
187895   154775730000      
187896   154727390000      
187891   155588530000      
187897   153327260000      
187892   153900190000      
187899   150259260000      
187894   154418660000      

[H[JPolling energy-fair scheduler maps every 100 millisecond(s)...
Real time since poller start: 34.302804 s
Filter: comm "stress_core"
Maps shown: total power consumption 

=== System totals (total) ===
  cpu_time:  763421445500 ns
  energy:    35266101020000 (units of your kfunc)
  uncore_energy:    973181678281760000 (units of your kfunc)

=== PID → power (EMA) (pid_to_power) [comm="stress_core"] ===
PID      power             
187894   69                
187897   34                
187898   46                
187895   51                
187899   25                
187890   213               
187893   55                
187896   133               
187892   51                
187891   33                

=== PID → cumulative energy (pid_to_consumption) [comm="stress_core"] ===
PID      energy            
187893   154749600000      
187890   155204810000      
187898   153890680000      
187895   155940890000      
187896   155725170000      
187891   156658620000      
187897   154383350000      
187892   154931350000      
187899   151201800000      
187894   155534510000      

[H[JPolling energy-fair scheduler maps every 100 millisecond(s)...
Real time since poller start: 34.421607 s
Filter: comm "stress_core"
Maps shown: total power consumption 

=== System totals (total) ===
  cpu_time:  763512019313 ns
  energy:    35268029910000 (units of your kfunc)
  uncore_energy:    973181774958520000 (units of your kfunc)

=== PID → power (EMA) (pid_to_power) [comm="stress_core"] ===
PID      power             
187894   69                
187897   34                
187898   46                
187895   51                
187899   25                
187890   213               
187893   55                
187896   133               
187892   51                
187891   33                

=== PID → cumulative energy (pid_to_consumption) [comm="stress_core"] ===
PID      energy            
187893   154749600000      
187890   155204810000      
187898   153890680000      
187895   155940890000      
187896   155725170000      
187891   156658620000      
187897   154383350000      
187892   154931350000      
187899   151201800000      
187894   155534510000      

[H[JPolling energy-fair scheduler maps every 100 millisecond(s)...
Real time since poller start: 34.540306 s
Filter: comm "stress_core"
Maps shown: total power consumption 

=== System totals (total) ===
  cpu_time:  763532308234 ns
  energy:    35268779410000 (units of your kfunc)
  uncore_energy:    973181924968910000 (units of your kfunc)

=== PID → power (EMA) (pid_to_power) [comm="stress_core"] ===
PID      power             
187894   69                
187897   34                
187898   46                
187895   51                
187899   25                
187890   213               
187893   55                
187896   133               
187892   51                
187891   33                

=== PID → cumulative energy (pid_to_consumption) [comm="stress_core"] ===
PID      energy            
187893   154749600000      
187890   155204810000      
187898   153890680000      
187895   155940890000      
187896   155725170000      
187891   156658620000      
187897   154383350000      
187892   154931350000      
187899   151201800000      
187894   155534510000      

[H[JPolling energy-fair scheduler maps every 100 millisecond(s)...
Real time since poller start: 34.659001 s
Filter: comm "stress_core"
Maps shown: total power consumption 

=== System totals (total) ===
  cpu_time:  763552983256 ns
  energy:    35269536860000 (units of your kfunc)
  uncore_energy:    973182093811680000 (units of your kfunc)

=== PID → power (EMA) (pid_to_power) [comm="stress_core"] ===
PID      power             
187894   69                
187897   34                
187898   46                
187895   51                
187899   25                
187890   213               
187893   55                
187896   133               
187892   51                
187891   33                

=== PID → cumulative energy (pid_to_consumption) [comm="stress_core"] ===
PID      energy            
187893   154749600000      
187890   155204810000      
187898   153890680000      
187895   155940890000      
187896   155725170000      
187891   156658620000      
187897   154383350000      
187892   154931350000      
187899   151201800000      
187894   155534510000      

[H[JPolling energy-fair scheduler maps every 100 millisecond(s)...
Real time since poller start: 34.777698 s
Filter: comm "stress_core"
Maps shown: total power consumption 

=== System totals (total) ===
  cpu_time:  763573269837 ns
  energy:    35270271870000 (units of your kfunc)
  uncore_energy:    973182246436040000 (units of your kfunc)

=== PID → power (EMA) (pid_to_power) [comm="stress_core"] ===
PID      power             
187894   69                
187897   34                
187898   46                
187895   51                
187899   25                
187890   213               
187893   55                
187896   133               
187892   51                
187891   33                

=== PID → cumulative energy (pid_to_consumption) [comm="stress_core"] ===
PID      energy            
187893   154749600000      
187890   155204810000      
187898   153890680000      
187895   155940890000      
187896   155725170000      
187891   156658620000      
187897   154383350000      
187892   154931350000      
187899   151201800000      
187894   155534510000      

[H[JPolling energy-fair scheduler maps every 100 millisecond(s)...
Real time since poller start: 34.896350 s
Filter: comm "stress_core"
Maps shown: total power consumption 

=== System totals (total) ===
  cpu_time:  763593710220 ns
  energy:    35271061970000 (units of your kfunc)
  uncore_energy:    973182409308660000 (units of your kfunc)

=== PID → power (EMA) (pid_to_power) [comm="stress_core"] ===
PID      power             
187894   69                
187897   34                
187898   46                
187895   51                
187899   25                
187890   213               
187893   55                
187896   133               
187892   51                
187891   33                

=== PID → cumulative energy (pid_to_consumption) [comm="stress_core"] ===
PID      energy            
187893   154749600000      
187890   155204810000      
187898   153890680000      
187895   155940890000      
187896   155725170000      
187891   156658620000      
187897   154383350000      
187892   154931350000      
187899   151201800000      
187894   155534510000      

[H[JPolling energy-fair scheduler maps every 100 millisecond(s)...
Real time since poller start: 35.015046 s
Filter: comm "stress_core"
Maps shown: total power consumption 

=== System totals (total) ===
  cpu_time:  763614837167 ns
  energy:    35271858640000 (units of your kfunc)
  uncore_energy:    973182581398340000 (units of your kfunc)

=== PID → power (EMA) (pid_to_power) [comm="stress_core"] ===
PID      power             
187894   69                
187897   34                
187898   46                
187895   51                
187899   25                
187890   213               
187893   55                
187896   133               
187892   51                
187891   33                

=== PID → cumulative energy (pid_to_consumption) [comm="stress_core"] ===
PID      energy            
187893   154749600000      
187890   155204810000      
187898   153890680000      
187895   155940890000      
187896   155725170000      
187891   156658620000      
187897   154383350000      
187892   154931350000      
187899   151201800000      
187894   155534510000      

[H[JPolling energy-fair scheduler maps every 100 millisecond(s)...
Real time since poller start: 35.133706 s
Filter: comm "stress_core"
Maps shown: total power consumption 

=== System totals (total) ===
  cpu_time:  763635989934 ns
  energy:    35272638200000 (units of your kfunc)
  uncore_energy:    973182736097760000 (units of your kfunc)

=== PID → power (EMA) (pid_to_power) [comm="stress_core"] ===
PID      power             
187894   69                
187897   34                
187898   46                
187895   51                
187899   25                
187890   213               
187893   55                
187896   133               
187892   51                
187891   33                

=== PID → cumulative energy (pid_to_consumption) [comm="stress_core"] ===
PID      energy            
187893   154749600000      
187890   155204810000      
187898   153890680000      
187895   155940890000      
187896   155725170000      
187891   156658620000      
187897   154383350000      
187892   154931350000      
187899   151201800000      
187894   155534510000      

[H[JPolling energy-fair scheduler maps every 100 millisecond(s)...
Real time since poller start: 35.252396 s
Filter: comm "stress_core"
Maps shown: total power consumption 

=== System totals (total) ===
  cpu_time:  763657573942 ns
  energy:    35273481100000 (units of your kfunc)
  uncore_energy:    973182892106050000 (units of your kfunc)

=== PID → power (EMA) (pid_to_power) [comm="stress_core"] ===
PID      power             
187894   69                
187897   34                
187898   46                
187895   51                
187899   25                
187890   213               
187893   55                
187896   133               
187892   51                
187891   33                

=== PID → cumulative energy (pid_to_consumption) [comm="stress_core"] ===
PID      energy            
187893   154749600000      
187890   155204810000      
187898   153890680000      
187895   155940890000      
187896   155725170000      
187891   156658620000      
187897   154383350000      
187892   154931350000      
187899   151201800000      
187894   155534510000      

[H[JPolling energy-fair scheduler maps every 100 millisecond(s)...
Real time since poller start: 35.371114 s
Filter: comm "stress_core"
Maps shown: total power consumption 

=== System totals (total) ===
  cpu_time:  763692951826 ns
  energy:    35274958450000 (units of your kfunc)
  uncore_energy:    973183053403360000 (units of your kfunc)

=== PID → power (EMA) (pid_to_power) [comm="stress_core"] ===
PID      power             
187894   69                
187897   34                
187898   46                
187895   51                
187899   25                
187890   213               
187893   55                
187896   133               
187892   51                
187891   33                

=== PID → cumulative energy (pid_to_consumption) [comm="stress_core"] ===
PID      energy            
187893   154749600000      
187890   155204810000      
187898   153890680000      
187895   155940890000      
187896   155725170000      
187891   156658620000      
187897   154383350000      
187892   154931350000      
187899   151201800000      
187894   155534510000      

[H[JPolling energy-fair scheduler maps every 100 millisecond(s)...
Real time since poller start: 35.489776 s
Filter: comm "stress_core"
Maps shown: total power consumption 

=== System totals (total) ===
  cpu_time:  763715546299 ns
  energy:    35275835050000 (units of your kfunc)
  uncore_energy:    973183266730250000 (units of your kfunc)

=== PID → power (EMA) (pid_to_power) [comm="stress_core"] ===
PID      power             
187894   69                
187897   34                
187898   46                
187895   51                
187899   25                
187890   213               
187893   55                
187896   133               
187892   51                
187891   33                

=== PID → cumulative energy (pid_to_consumption) [comm="stress_core"] ===
PID      energy            
187893   154749600000      
187890   155204810000      
187898   153890680000      
187895   155940890000      
187896   155725170000      
187891   156658620000      
187897   154383350000      
187892   154931350000      
187899   151201800000      
187894   155534510000      

[H[JPolling energy-fair scheduler maps every 100 millisecond(s)...
Real time since poller start: 35.608397 s
Filter: comm "stress_core"
Maps shown: total power consumption 

=== System totals (total) ===
  cpu_time:  763737090066 ns
  energy:    35276656110000 (units of your kfunc)
  uncore_energy:    973183398617320000 (units of your kfunc)

=== PID → power (EMA) (pid_to_power) [comm="stress_core"] ===
PID      power             
187894   69                
187897   34                
187898   46                
187895   51                
187899   25                
187890   213               
187893   55                
187896   133               
187892   51                
187891   33                

=== PID → cumulative energy (pid_to_consumption) [comm="stress_core"] ===
PID      energy            
187893   154749600000      
187890   155204810000      
187898   153890680000      
187895   155940890000      
187896   155725170000      
187891   156658620000      
187897   154383350000      
187892   154931350000      
187899   151201800000      
187894   155534510000      

[H[JPolling energy-fair scheduler maps every 100 millisecond(s)...
Real time since poller start: 35.727013 s
Filter: comm "stress_core"
Maps shown: total power consumption 

=== System totals (total) ===
  cpu_time:  763771803847 ns
  energy:    35278094570000 (units of your kfunc)
  uncore_energy:    973183609615080000 (units of your kfunc)

=== PID → power (EMA) (pid_to_power) [comm="stress_core"] ===
PID      power             
187894   69                
187897   34                
187898   46                
187895   51                
187899   25                
187890   213               
187893   55                
187896   133               
187892   51                
187891   33                

=== PID → cumulative energy (pid_to_consumption) [comm="stress_core"] ===
PID      energy            
187893   154749600000      
187890   155204810000      
187898   153890680000      
187895   155940890000      
187896   155725170000      
187891   156658620000      
187897   154383350000      
187892   154931350000      
187899   151201800000      
187894   155534510000      

[H[JPolling energy-fair scheduler maps every 100 millisecond(s)...
Real time since poller start: 35.845702 s
Filter: comm "stress_core"
Maps shown: total power consumption 

=== System totals (total) ===
  cpu_time:  763792778470 ns
  energy:    35278860720000 (units of your kfunc)
  uncore_energy:    973183691949970000 (units of your kfunc)

=== PID → power (EMA) (pid_to_power) [comm="stress_core"] ===
PID      power             
187894   69                
187897   34                
187898   46                
187895   51                
187899   25                
187890   213               
187893   55                
187896   133               
187892   51                
187891   33                

=== PID → cumulative energy (pid_to_consumption) [comm="stress_core"] ===
PID      energy            
187893   154749600000      
187890   155204810000      
187898   153890680000      
187895   155940890000      
187896   155725170000      
187891   156658620000      
187897   154383350000      
187892   154931350000      
187899   151201800000      
187894   155534510000      

[H[JPolling energy-fair scheduler maps every 100 millisecond(s)...
Real time since poller start: 35.964377 s
Filter: comm "stress_core"
Maps shown: total power consumption 

=== System totals (total) ===
  cpu_time:  763815315023 ns
  energy:    35279714770000 (units of your kfunc)
  uncore_energy:    973183907935520000 (units of your kfunc)

=== PID → power (EMA) (pid_to_power) [comm="stress_core"] ===
PID      power             
187894   69                
187897   34                
187898   46                
187895   51                
187899   25                
187890   213               
187893   55                
187896   133               
187892   51                
187891   33                

=== PID → cumulative energy (pid_to_consumption) [comm="stress_core"] ===
PID      energy            
187893   154749600000      
187890   155204810000      
187898   153890680000      
187895   155940890000      
187896   155725170000      
187891   156658620000      
187897   154383350000      
187892   154931350000      
187899   151201800000      
187894   155534510000      

[H[JPolling energy-fair scheduler maps every 100 millisecond(s)...
Real time since poller start: 36.083043 s
Filter: comm "stress_core"
Maps shown: total power consumption 

=== System totals (total) ===
  cpu_time:  763835884636 ns
  energy:    35280466260000 (units of your kfunc)
  uncore_energy:    973184013135720000 (units of your kfunc)

=== PID → power (EMA) (pid_to_power) [comm="stress_core"] ===
PID      power             
187894   69                
187897   34                
187898   46                
187895   51                
187899   25                
187890   213               
187893   55                
187896   133               
187892   51                
187891   33                

=== PID → cumulative energy (pid_to_consumption) [comm="stress_core"] ===
PID      energy            
187893   154749600000      
187890   155204810000      
187898   153890680000      
187895   155940890000      
187896   155725170000      
187891   156658620000      
187897   154383350000      
187892   154931350000      
187899   151201800000      
187894   155534510000      

[H[JPolling energy-fair scheduler maps every 100 millisecond(s)...
Real time since poller start: 36.201704 s
Filter: comm "stress_core"
Maps shown: total power consumption 

=== System totals (total) ===
  cpu_time:  763857930385 ns
  energy:    35281282910000 (units of your kfunc)
  uncore_energy:    973184248842660000 (units of your kfunc)

=== PID → power (EMA) (pid_to_power) [comm="stress_core"] ===
PID      power             
187894   69                
187897   34                
187898   46                
187895   51                
187899   25                
187890   213               
187893   55                
187896   133               
187892   51                
187891   33                

=== PID → cumulative energy (pid_to_consumption) [comm="stress_core"] ===
PID      energy            
187893   154749600000      
187890   155204810000      
187898   153890680000      
187895   155940890000      
187896   155725170000      
187891   156658620000      
187897   154383350000      
187892   154931350000      
187899   151201800000      
187894   155534510000      

[H[JPolling energy-fair scheduler maps every 100 millisecond(s)...
Real time since poller start: 36.320349 s
Filter: comm "stress_core"
Maps shown: total power consumption 

=== System totals (total) ===
  cpu_time:  763878560408 ns
  energy:    35282076820000 (units of your kfunc)
  uncore_energy:    973184344388170000 (units of your kfunc)

=== PID → power (EMA) (pid_to_power) [comm="stress_core"] ===
PID      power             
187894   69                
187897   34                
187898   46                
187895   51                
187899   25                
187890   213               
187893   55                
187896   133               
187892   51                
187891   33                

=== PID → cumulative energy (pid_to_consumption) [comm="stress_core"] ===
PID      energy            
187893   154749600000      
187890   155204810000      
187898   153890680000      
187895   155940890000      
187896   155725170000      
187891   156658620000      
187897   154383350000      
187892   154931350000      
187899   151201800000      
187894   155534510000      

[H[JPolling energy-fair scheduler maps every 100 millisecond(s)...
Real time since poller start: 36.440299 s
Filter: comm "stress_core"
Maps shown: total power consumption 

=== System totals (total) ===
  cpu_time:  763988602470 ns
  energy:    35285568610000 (units of your kfunc)
  uncore_energy:    973184574085320000 (units of your kfunc)

=== PID → power (EMA) (pid_to_power) [comm="stress_core"] ===
PID      power             
187894   69                
187897   34                
187898   46                
187895   51                
187899   25                
187890   213               
187893   55                
187896   133               
187892   51                
187891   33                

=== PID → cumulative energy (pid_to_consumption) [comm="stress_core"] ===
PID      energy            
187893   154749600000      
187890   155204810000      
187898   153890680000      
187895   155940890000      
187896   155725170000      
187891   156658620000      
187897   154383350000      
187892   154931350000      
187899   151201800000      
187894   155534510000      

[H[JPolling energy-fair scheduler maps every 100 millisecond(s)...
Real time since poller start: 36.558920 s
Filter: comm "stress_core"
Maps shown: total power consumption 

=== System totals (total) ===
  cpu_time:  764122530915 ns
  energy:    35288594770000 (units of your kfunc)
  uncore_energy:    973184735247690000 (units of your kfunc)

=== PID → power (EMA) (pid_to_power) [comm="stress_core"] ===
PID      power             
187894   69                
187897   34                
187898   46                
187895   51                
187899   25                
187890   213               
187893   55                
187896   133               
187892   51                
187891   33                

=== PID → cumulative energy (pid_to_consumption) [comm="stress_core"] ===
PID      energy            
187893   154749600000      
187890   155204810000      
187898   153890680000      
187895   155940890000      
187896   155725170000      
187891   156658620000      
187897   154383350000      
187892   154931350000      
187899   151201800000      
187894   155534510000      

[H[JPolling energy-fair scheduler maps every 100 millisecond(s)...
Real time since poller start: 36.677581 s
Filter: comm "stress_core"
Maps shown: total power consumption 

=== System totals (total) ===
  cpu_time:  764215780370 ns
  energy:    35291126230000 (units of your kfunc)
  uncore_energy:    973184844052140000 (units of your kfunc)

=== PID → power (EMA) (pid_to_power) [comm="stress_core"] ===
PID      power             
187894   69                
187897   34                
187898   46                
187895   51                
187899   25                
187890   213               
187893   55                
187896   133               
187892   51                
187891   33                

=== PID → cumulative energy (pid_to_consumption) [comm="stress_core"] ===
PID      energy            
187893   154749600000      
187890   155204810000      
187898   153890680000      
187895   155940890000      
187896   155725170000      
187891   156658620000      
187897   154383350000      
187892   154931350000      
187899   151201800000      
187894   155534510000      

[H[JPolling energy-fair scheduler maps every 100 millisecond(s)...
Real time since poller start: 36.796285 s
Filter: comm "stress_core"
Maps shown: total power consumption 

=== System totals (total) ===
  cpu_time:  764236141898 ns
  energy:    35291869480000 (units of your kfunc)
  uncore_energy:    973185025769830000 (units of your kfunc)

=== PID → power (EMA) (pid_to_power) [comm="stress_core"] ===
PID      power             
187894   69                
187897   34                
187898   46                
187895   51                
187899   25                
187890   213               
187893   55                
187896   133               
187892   51                
187891   33                

=== PID → cumulative energy (pid_to_consumption) [comm="stress_core"] ===
PID      energy            
187893   154749600000      
187890   155204810000      
187898   153890680000      
187895   155940890000      
187896   155725170000      
187891   156658620000      
187897   154383350000      
187892   154931350000      
187899   151201800000      
187894   155534510000      

[H[JPolling energy-fair scheduler maps every 100 millisecond(s)...
Real time since poller start: 36.914947 s
Filter: comm "stress_core"
Maps shown: total power consumption 

=== System totals (total) ===
  cpu_time:  764256590251 ns
  energy:    35292619900000 (units of your kfunc)
  uncore_energy:    973185215022000000 (units of your kfunc)

=== PID → power (EMA) (pid_to_power) [comm="stress_core"] ===
PID      power             
187894   69                
187897   34                
187898   46                
187895   51                
187899   25                
187890   213               
187893   55                
187896   133               
187892   51                
187891   33                

=== PID → cumulative energy (pid_to_consumption) [comm="stress_core"] ===
PID      energy            
187893   154749600000      
187890   155204810000      
187898   153890680000      
187895   155940890000      
187896   155725170000      
187891   156658620000      
187897   154383350000      
187892   154931350000      
187899   151201800000      
187894   155534510000      

[H[JPolling energy-fair scheduler maps every 100 millisecond(s)...
Real time since poller start: 37.033628 s
Filter: comm "stress_core"
Maps shown: total power consumption 

=== System totals (total) ===
  cpu_time:  764291218039 ns
  energy:    35294005700000 (units of your kfunc)
  uncore_energy:    973185358066440000 (units of your kfunc)

=== PID → power (EMA) (pid_to_power) [comm="stress_core"] ===
PID      power             
187894   69                
187897   34                
187898   46                
187895   51                
187899   25                
187890   213               
187893   55                
187896   133               
187892   51                
187891   33                

=== PID → cumulative energy (pid_to_consumption) [comm="stress_core"] ===
PID      energy            
187893   154749600000      
187890   155204810000      
187898   153890680000      
187895   155940890000      
187896   155725170000      
187891   156658620000      
187897   154383350000      
187892   154931350000      
187899   151201800000      
187894   155534510000      

[H[JPolling energy-fair scheduler maps every 100 millisecond(s)...
Real time since poller start: 37.152295 s
Filter: comm "stress_core"
Maps shown: total power consumption 

=== System totals (total) ===
  cpu_time:  764312054784 ns
  energy:    35294762530000 (units of your kfunc)
  uncore_energy:    973185460780980000 (units of your kfunc)

=== PID → power (EMA) (pid_to_power) [comm="stress_core"] ===
PID      power             
187894   69                
187897   34                
187898   46                
187895   51                
187899   25                
187890   213               
187893   55                
187896   133               
187892   51                
187891   33                

=== PID → cumulative energy (pid_to_consumption) [comm="stress_core"] ===
PID      energy            
187893   154749600000      
187890   155204810000      
187898   153890680000      
187895   155940890000      
187896   155725170000      
187891   156658620000      
187897   154383350000      
187892   154931350000      
187899   151201800000      
187894   155534510000      

[H[JPolling energy-fair scheduler maps every 100 millisecond(s)...
Real time since poller start: 37.271013 s
Filter: comm "stress_core"
Maps shown: total power consumption 

=== System totals (total) ===
  cpu_time:  764333073428 ns
  energy:    35295530190000 (units of your kfunc)
  uncore_energy:    973185631809740000 (units of your kfunc)

=== PID → power (EMA) (pid_to_power) [comm="stress_core"] ===
PID      power             
187894   69                
187897   34                
187898   46                
187895   51                
187899   25                
187890   213               
187893   55                
187896   133               
187892   51                
187891   33                

=== PID → cumulative energy (pid_to_consumption) [comm="stress_core"] ===
PID      energy            
187893   154749600000      
187890   155204810000      
187898   153890680000      
187895   155940890000      
187896   155725170000      
187891   156658620000      
187897   154383350000      
187892   154931350000      
187899   151201800000      
187894   155534510000      

[H[JPolling energy-fair scheduler maps every 100 millisecond(s)...
Real time since poller start: 37.389710 s
Filter: comm "stress_core"
Maps shown: total power consumption 

=== System totals (total) ===
  cpu_time:  764353437649 ns
  energy:    35296279100000 (units of your kfunc)
  uncore_energy:    973185776111180000 (units of your kfunc)

=== PID → power (EMA) (pid_to_power) [comm="stress_core"] ===
PID      power             
187894   69                
187897   34                
187898   46                
187895   51                
187899   25                
187890   213               
187893   55                
187896   133               
187892   51                
187891   33                

=== PID → cumulative energy (pid_to_consumption) [comm="stress_core"] ===
PID      energy            
187893   154749600000      
187890   155204810000      
187898   153890680000      
187895   155940890000      
187896   155725170000      
187891   156658620000      
187897   154383350000      
187892   154931350000      
187899   151201800000      
187894   155534510000      

[H[JPolling energy-fair scheduler maps every 100 millisecond(s)...
Real time since poller start: 37.508405 s
Filter: comm "stress_core"
Maps shown: total power consumption 

=== System totals (total) ===
  cpu_time:  764373475628 ns
  energy:    35297015950000 (units of your kfunc)
  uncore_energy:    973185934862400000 (units of your kfunc)

=== PID → power (EMA) (pid_to_power) [comm="stress_core"] ===
PID      power             
187894   69                
187897   34                
187898   46                
187895   51                
187899   25                
187890   213               
187893   55                
187896   133               
187892   51                
187891   33                

=== PID → cumulative energy (pid_to_consumption) [comm="stress_core"] ===
PID      energy            
187893   154749600000      
187890   155204810000      
187898   153890680000      
187895   155940890000      
187896   155725170000      
187891   156658620000      
187897   154383350000      
187892   154931350000      
187899   151201800000      
187894   155534510000      

[H[JPolling energy-fair scheduler maps every 100 millisecond(s)...
Real time since poller start: 37.627122 s
Filter: comm "stress_core"
Maps shown: total power consumption 

=== System totals (total) ===
  cpu_time:  764392775444 ns
  energy:    35297701060000 (units of your kfunc)
  uncore_energy:    973186049873400000 (units of your kfunc)

=== PID → power (EMA) (pid_to_power) [comm="stress_core"] ===
PID      power             
187894   69                
187897   34                
187898   46                
187895   51                
187899   25                
187890   213               
187893   55                
187896   133               
187892   51                
187891   33                

=== PID → cumulative energy (pid_to_consumption) [comm="stress_core"] ===
PID      energy            
187893   154749600000      
187890   155204810000      
187898   153890680000      
187895   155940890000      
187896   155725170000      
187891   156658620000      
187897   154383350000      
187892   154931350000      
187899   151201800000      
187894   155534510000      

[H[JPolling energy-fair scheduler maps every 100 millisecond(s)...
Real time since poller start: 37.745775 s
Filter: comm "stress_core"
Maps shown: total power consumption 

=== System totals (total) ===
  cpu_time:  764413706808 ns
  energy:    35298440220000 (units of your kfunc)
  uncore_energy:    973186250990930000 (units of your kfunc)

=== PID → power (EMA) (pid_to_power) [comm="stress_core"] ===
PID      power             
187894   69                
187897   34                
187898   46                
187895   51                
187899   25                
187890   213               
187893   55                
187896   133               
187892   51                
187891   33                

=== PID → cumulative energy (pid_to_consumption) [comm="stress_core"] ===
PID      energy            
187893   154749600000      
187890   155204810000      
187898   153890680000      
187895   155940890000      
187896   155725170000      
187891   156658620000      
187897   154383350000      
187892   154931350000      
187899   151201800000      
187894   155534510000      

[H[JPolling energy-fair scheduler maps every 100 millisecond(s)...
Real time since poller start: 37.864481 s
Filter: comm "stress_core"
Maps shown: total power consumption 

=== System totals (total) ===
  cpu_time:  764433199735 ns
  energy:    35299168820000 (units of your kfunc)
  uncore_energy:    973186411335020000 (units of your kfunc)

=== PID → power (EMA) (pid_to_power) [comm="stress_core"] ===
PID      power             
187894   69                
187897   34                
187898   46                
187895   51                
187899   25                
187890   213               
187893   55                
187896   133               
187892   51                
187891   33                

=== PID → cumulative energy (pid_to_consumption) [comm="stress_core"] ===
PID      energy            
187893   154749600000      
187890   155204810000      
187898   153890680000      
187895   155940890000      
187896   155725170000      
187891   156658620000      
187897   154383350000      
187892   154931350000      
187899   151201800000      
187894   155534510000      

[H[JPolling energy-fair scheduler maps every 100 millisecond(s)...
Real time since poller start: 37.983193 s
Filter: comm "stress_core"
Maps shown: total power consumption 

=== System totals (total) ===
  cpu_time:  764455409807 ns
  energy:    35299955270000 (units of your kfunc)
  uncore_energy:    973186585759140000 (units of your kfunc)

=== PID → power (EMA) (pid_to_power) [comm="stress_core"] ===
PID      power             
187894   69                
187897   34                
187898   46                
187895   51                
187899   25                
187890   213               
187893   55                
187896   133               
187892   51                
187891   33                

=== PID → cumulative energy (pid_to_consumption) [comm="stress_core"] ===
PID      energy            
187893   154749600000      
187890   155204810000      
187898   153890680000      
187895   155940890000      
187896   155725170000      
187891   156658620000      
187897   154383350000      
187892   154931350000      
187899   151201800000      
187894   155534510000      

[H[JPolling energy-fair scheduler maps every 100 millisecond(s)...
Real time since poller start: 38.101887 s
Filter: comm "stress_core"
Maps shown: total power consumption 

=== System totals (total) ===
  cpu_time:  764477082933 ns
  energy:    35300735920000 (units of your kfunc)
  uncore_energy:    973186729753580000 (units of your kfunc)

=== PID → power (EMA) (pid_to_power) [comm="stress_core"] ===
PID      power             
187894   69                
187897   34                
187898   46                
187895   51                
187899   25                
187890   213               
187893   55                
187896   133               
187892   51                
187891   33                

=== PID → cumulative energy (pid_to_consumption) [comm="stress_core"] ===
PID      energy            
187893   154749600000      
187890   155204810000      
187898   153890680000      
187895   155940890000      
187896   155725170000      
187891   156658620000      
187897   154383350000      
187892   154931350000      
187899   151201800000      
187894   155534510000      

[H[JPolling energy-fair scheduler maps every 100 millisecond(s)...
Real time since poller start: 38.220594 s
Filter: comm "stress_core"
Maps shown: total power consumption 

=== System totals (total) ===
  cpu_time:  764496880830 ns
  energy:    35301476740000 (units of your kfunc)
  uncore_energy:    973186885130160000 (units of your kfunc)

=== PID → power (EMA) (pid_to_power) [comm="stress_core"] ===
PID      power             
187894   69                
187897   34                
187898   46                
187895   51                
187899   25                
187890   213               
187893   55                
187896   133               
187892   51                
187891   33                

=== PID → cumulative energy (pid_to_consumption) [comm="stress_core"] ===
PID      energy            
187893   154749600000      
187890   155204810000      
187898   153890680000      
187895   155940890000      
187896   155725170000      
187891   156658620000      
187897   154383350000      
187892   154931350000      
187899   151201800000      
187894   155534510000      

[H[JPolling energy-fair scheduler maps every 100 millisecond(s)...
Real time since poller start: 38.339262 s
Filter: comm "stress_core"
Maps shown: total power consumption 

=== System totals (total) ===
  cpu_time:  764516876949 ns
  energy:    35302180030000 (units of your kfunc)
  uncore_energy:    973187112289570000 (units of your kfunc)

=== PID → power (EMA) (pid_to_power) [comm="stress_core"] ===
PID      power             
187894   69                
187897   34                
187898   46                
187895   51                
187899   25                
187890   213               
187893   55                
187896   133               
187892   51                
187891   33                

=== PID → cumulative energy (pid_to_consumption) [comm="stress_core"] ===
PID      energy            
187893   154749600000      
187890   155204810000      
187898   153890680000      
187895   155940890000      
187896   155725170000      
187891   156658620000      
187897   154383350000      
187892   154931350000      
187899   151201800000      
187894   155534510000      

[H[JPolling energy-fair scheduler maps every 100 millisecond(s)...
Real time since poller start: 38.457932 s
Filter: comm "stress_core"
Maps shown: total power consumption 

=== System totals (total) ===
  cpu_time:  764550346270 ns
  energy:    35303520370000 (units of your kfunc)
  uncore_energy:    973187155323010000 (units of your kfunc)

=== PID → power (EMA) (pid_to_power) [comm="stress_core"] ===
PID      power             
187894   69                
187897   34                
187898   46                
187895   51                
187899   25                
187890   213               
187893   55                
187896   133               
187892   51                
187891   33                

=== PID → cumulative energy (pid_to_consumption) [comm="stress_core"] ===
PID      energy            
187893   154749600000      
187890   155204810000      
187898   153890680000      
187895   155940890000      
187896   155725170000      
187891   156658620000      
187897   154383350000      
187892   154931350000      
187899   151201800000      
187894   155534510000      

[H[JPolling energy-fair scheduler maps every 100 millisecond(s)...
Real time since poller start: 38.576558 s
Filter: comm "stress_core"
Maps shown: total power consumption 

=== System totals (total) ===
  cpu_time:  764571201073 ns
  energy:    35304326480000 (units of your kfunc)
  uncore_energy:    973187382349240000 (units of your kfunc)

=== PID → power (EMA) (pid_to_power) [comm="stress_core"] ===
PID      power             
187894   69                
187897   34                
187898   46                
187895   51                
187899   25                
187890   213               
187893   55                
187896   133               
187892   51                
187891   33                

=== PID → cumulative energy (pid_to_consumption) [comm="stress_core"] ===
PID      energy            
187893   154749600000      
187890   155204810000      
187898   153890680000      
187895   155940890000      
187896   155725170000      
187891   156658620000      
187897   154383350000      
187892   154931350000      
187899   151201800000      
187894   155534510000      

[H[JPolling energy-fair scheduler maps every 100 millisecond(s)...
Real time since poller start: 38.695260 s
Filter: comm "stress_core"
Maps shown: total power consumption 

=== System totals (total) ===
  cpu_time:  764591322234 ns
  energy:    35305028560000 (units of your kfunc)
  uncore_energy:    973187514882320000 (units of your kfunc)

=== PID → power (EMA) (pid_to_power) [comm="stress_core"] ===
PID      power             
187894   69                
187897   34                
187898   46                
187895   51                
187899   25                
187890   213               
187893   55                
187896   133               
187892   51                
187891   33                

=== PID → cumulative energy (pid_to_consumption) [comm="stress_core"] ===
PID      energy            
187893   154749600000      
187890   155204810000      
187898   153890680000      
187895   155940890000      
187896   155725170000      
187891   156658620000      
187897   154383350000      
187892   154931350000      
187899   151201800000      
187894   155534510000      

[H[JPolling energy-fair scheduler maps every 100 millisecond(s)...
Real time since poller start: 38.813956 s
Filter: comm "stress_core"
Maps shown: total power consumption 

=== System totals (total) ===
  cpu_time:  764612123068 ns
  energy:    35305813770000 (units of your kfunc)
  uncore_energy:    973187671155070000 (units of your kfunc)

=== PID → power (EMA) (pid_to_power) [comm="stress_core"] ===
PID      power             
187894   69                
187897   34                
187898   46                
187895   51                
187899   25                
187890   213               
187893   55                
187896   133               
187892   51                
187891   33                

=== PID → cumulative energy (pid_to_consumption) [comm="stress_core"] ===
PID      energy            
187893   154749600000      
187890   155204810000      
187898   153890680000      
187895   155940890000      
187896   155725170000      
187891   156658620000      
187897   154383350000      
187892   154931350000      
187899   151201800000      
187894   155534510000      

[H[JPolling energy-fair scheduler maps every 100 millisecond(s)...
Real time since poller start: 38.932633 s
Filter: comm "stress_core"
Maps shown: total power consumption 

=== System totals (total) ===
  cpu_time:  764631661893 ns
  energy:    35306537640000 (units of your kfunc)
  uncore_energy:    973187832699720000 (units of your kfunc)

=== PID → power (EMA) (pid_to_power) [comm="stress_core"] ===
PID      power             
187894   69                
187897   34                
187898   46                
187895   51                
187899   25                
187890   213               
187893   55                
187896   133               
187892   51                
187891   33                

=== PID → cumulative energy (pid_to_consumption) [comm="stress_core"] ===
PID      energy            
187893   154749600000      
187890   155204810000      
187898   153890680000      
187895   155940890000      
187896   155725170000      
187891   156658620000      
187897   154383350000      
187892   154931350000      
187899   151201800000      
187894   155534510000      

[H[JPolling energy-fair scheduler maps every 100 millisecond(s)...
Real time since poller start: 39.051336 s
Filter: comm "stress_core"
Maps shown: total power consumption 

=== System totals (total) ===
  cpu_time:  764652234605 ns
  energy:    35307255570000 (units of your kfunc)
  uncore_energy:    973187984983650000 (units of your kfunc)

=== PID → power (EMA) (pid_to_power) [comm="stress_core"] ===
PID      power             
187894   69                
187897   34                
187898   46                
187895   51                
187899   25                
187890   213               
187893   55                
187896   133               
187892   51                
187891   33                

=== PID → cumulative energy (pid_to_consumption) [comm="stress_core"] ===
PID      energy            
187893   154749600000      
187890   155204810000      
187898   153890680000      
187895   155940890000      
187896   155725170000      
187891   156658620000      
187897   154383350000      
187892   154931350000      
187899   151201800000      
187894   155534510000      

[H[JPolling energy-fair scheduler maps every 100 millisecond(s)...
Real time since poller start: 39.169982 s
Filter: comm "stress_core"
Maps shown: total power consumption 

=== System totals (total) ===
  cpu_time:  764671955483 ns
  energy:    35307957020000 (units of your kfunc)
  uncore_energy:    973188156519600000 (units of your kfunc)

=== PID → power (EMA) (pid_to_power) [comm="stress_core"] ===
PID      power             
187894   69                
187897   34                
187898   46                
187895   51                
187899   25                
187890   213               
187893   55                
187896   133               
187892   51                
187891   33                

=== PID → cumulative energy (pid_to_consumption) [comm="stress_core"] ===
PID      energy            
187893   154749600000      
187890   155204810000      
187898   153890680000      
187895   155940890000      
187896   155725170000      
187891   156658620000      
187897   154383350000      
187892   154931350000      
187899   151201800000      
187894   155534510000      

[H[JPolling energy-fair scheduler maps every 100 millisecond(s)...
Real time since poller start: 39.288699 s
Filter: comm "stress_core"
Maps shown: total power consumption 

=== System totals (total) ===
  cpu_time:  765020200486 ns
  energy:    35324178430000 (units of your kfunc)
  uncore_energy:    973188375246460000 (units of your kfunc)

=== PID → power (EMA) (pid_to_power) [comm="stress_core"] ===
PID      power             
187894   31                
187897   52                
187898   46                
187895   51                
187899   21                
187890   32                
187893   31                
187896   40                
187892   29                
187891   45                

=== PID → cumulative energy (pid_to_consumption) [comm="stress_core"] ===
PID      energy            
187893   156520230000      
187890   156924490000      
187898   155733200000      
187895   157739930000      
187896   157439470000      
187891   158494040000      
187897   156216530000      
187892   156730980000      
187899   152914430000      
187894   157435140000      

[H[JPolling energy-fair scheduler maps every 100 millisecond(s)...
Real time since poller start: 39.407346 s
Filter: comm "stress_core"
Maps shown: total power consumption 

=== System totals (total) ===
  cpu_time:  765729117885 ns
  energy:    35351881080000 (units of your kfunc)
  uncore_energy:    973188532508410000 (units of your kfunc)

=== PID → power (EMA) (pid_to_power) [comm="stress_core"] ===
PID      power             
187894   20                
187897   37                
187898   51                
187895   42                
187899   38                
187890   47                
187893   30                
187896   39                
187892   30                
187891   49                

=== PID → cumulative energy (pid_to_consumption) [comm="stress_core"] ===
PID      energy            
187893   158687280000      
187890   159494860000      
187898   158057680000      
187895   160326070000      
187896   160056900000      
187891   160869400000      
187897   158603720000      
187892   159301040000      
187899   155366240000      
187894   159832290000      

[H[JPolling energy-fair scheduler maps every 100 millisecond(s)...
Real time since poller start: 39.526127 s
Filter: comm "stress_core"
Maps shown: total power consumption 

=== System totals (total) ===
  cpu_time:  766449540420 ns
  energy:    35379759880000 (units of your kfunc)
  uncore_energy:    973188691570070000 (units of your kfunc)

=== PID → power (EMA) (pid_to_power) [comm="stress_core"] ===
PID      power             
187894   35                
187897   34                
187898   39                
187895   38                
187899   21                
187890   29                
187893   17                
187896   43                
187892   19                
187891   18                

=== PID → cumulative energy (pid_to_consumption) [comm="stress_core"] ===
PID      energy            
187893   161044580000      
187890   161864700000      
187898   160300400000      
187895   162589610000      
187896   162392290000      
187891   163106650000      
187897   160756620000      
187892   161915020000      
187899   157869910000      
187894   162610330000      

[H[JPolling energy-fair scheduler maps every 100 millisecond(s)...
Real time since poller start: 39.644907 s
Filter: comm "stress_core"
Maps shown: total power consumption 

=== System totals (total) ===
  cpu_time:  767150025537 ns
  energy:    35406146520000 (units of your kfunc)
  uncore_energy:    973188849969200000 (units of your kfunc)

=== PID → power (EMA) (pid_to_power) [comm="stress_core"] ===
PID      power             
187894   36                
187897   23                
187898   15                
187895   29                
187899   28                
187890   35                
187893   25                
187896   28                
187892   24                
187891   26                

=== PID → cumulative energy (pid_to_consumption) [comm="stress_core"] ===
PID      energy            
187893   163468030000      
187890   163963390000      
187898   162527260000      
187895   164796910000      
187896   164720450000      
187891   165343010000      
187897   163337970000      
187892   164147990000      
187899   160080630000      
187894   165285530000      

[H[JPolling energy-fair scheduler maps every 100 millisecond(s)...
Real time since poller start: 39.763650 s
Filter: comm "stress_core"
Maps shown: total power consumption 

=== System totals (total) ===
  cpu_time:  767868393824 ns
  energy:    35434234500000 (units of your kfunc)
  uncore_energy:    973189009699670000 (units of your kfunc)

=== PID → power (EMA) (pid_to_power) [comm="stress_core"] ===
PID      power             
187894   40                
187897   45                
187898   35                
187895   37                
187899   52                
187890   45                
187893   36                
187896   52                
187892   24                
187891   50                

=== PID → cumulative energy (pid_to_consumption) [comm="stress_core"] ===
PID      energy            
187893   166035200000      
187890   166420340000      
187898   164949180000      
187895   167128460000      
187896   167147920000      
187891   167970710000      
187897   165982810000      
187892   166532610000      
187899   162372910000      
187894   167585670000      

[H[JPolling energy-fair scheduler maps every 100 millisecond(s)...
Real time since poller start: 39.882367 s
Filter: comm "stress_core"
Maps shown: total power consumption 

=== System totals (total) ===
  cpu_time:  768586632894 ns
  energy:    35462088670000 (units of your kfunc)
  uncore_energy:    973189166959180000 (units of your kfunc)

=== PID → power (EMA) (pid_to_power) [comm="stress_core"] ===
PID      power             
187894   45                
187897   24                
187898   32                
187895   31                
187899   50                
187890   49                
187893   17                
187896   40                
187892   47                
187891   22                

=== PID → cumulative energy (pid_to_consumption) [comm="stress_core"] ===
PID      energy            
187893   168438340000      
187890   168917280000      
187898   167320840000      
187895   169469290000      
187896   169410930000      
187891   170425720000      
187897   168406080000      
187892   169022410000      
187899   165031280000      
187894   170104850000      

[H[JPolling energy-fair scheduler maps every 100 millisecond(s)...
Real time since poller start: 40.001055 s
Filter: comm "stress_core"
Maps shown: total power consumption 

=== System totals (total) ===
  cpu_time:  769334551719 ns
  energy:    35490408030000 (units of your kfunc)
  uncore_energy:    973189327285900000 (units of your kfunc)

=== PID → power (EMA) (pid_to_power) [comm="stress_core"] ===
PID      power             
187894   52                
187897   50                
187898   35                
187895   46                
187899   26                
187890   43                
187893   39                
187896   41                
187892   38                
187891   42                

=== PID → cumulative energy (pid_to_consumption) [comm="stress_core"] ===
PID      energy            
187893   170924600000      
187890   171288120000      
187898   169785440000      
187895   172003430000      
187896   171795420000      
187891   173043360000      
187897   170661370000      
187892   171669500000      
187899   167489040000      
187894   172591760000      

[H[JPolling energy-fair scheduler maps every 100 millisecond(s)...
Real time since poller start: 40.119867 s
Filter: comm "stress_core"
Maps shown: total power consumption 

=== System totals (total) ===
  cpu_time:  770037154840 ns
  energy:    35519105880000 (units of your kfunc)
  uncore_energy:    973189485866500000 (units of your kfunc)

=== PID → power (EMA) (pid_to_power) [comm="stress_core"] ===
PID      power             
187894   38                
187897   30                
187898   31                
187895   54                
187899   32                
187890   46                
187893   43                
187896   45                
187892   47                
187891   19                

=== PID → cumulative energy (pid_to_consumption) [comm="stress_core"] ===
PID      energy            
187893   173286550000      
187890   173918380000      
187898   172472510000      
187895   174491890000      
187896   174305340000      
187891   175653190000      
187897   173393490000      
187892   174442920000      
187899   169992640000      
187894   175045990000      

[H[JPolling energy-fair scheduler maps every 100 millisecond(s)...
Real time since poller start: 40.238605 s
Filter: comm "stress_core"
Maps shown: total power consumption 

=== System totals (total) ===
  cpu_time:  770757706467 ns
  energy:    35548819070000 (units of your kfunc)
  uncore_energy:    973189640516100000 (units of your kfunc)

=== PID → power (EMA) (pid_to_power) [comm="stress_core"] ===
PID      power             
187894   52                
187897   44                
187898   32                
187895   40                
187899   47                
187890   28                
187893   44                
187896   27                
187892   33                
187891   38                

=== PID → cumulative energy (pid_to_consumption) [comm="stress_core"] ===
PID      energy            
187893   175874620000      
187890   176299040000      
187898   174838550000      
187895   176871460000      
187896   177131710000      
187891   178101740000      
187897   175963040000      
187892   177213560000      
187899   172329000000      
187894   177747170000      

[H[JPolling energy-fair scheduler maps every 100 millisecond(s)...
Real time since poller start: 40.357301 s
Filter: comm "stress_core"
Maps shown: total power consumption 

=== System totals (total) ===
  cpu_time:  771502214128 ns
  energy:    35579327610000 (units of your kfunc)
  uncore_energy:    973189803406910000 (units of your kfunc)

=== PID → power (EMA) (pid_to_power) [comm="stress_core"] ===
PID      power             
187894   24                
187897   33                
187898   31                
187895   16                
187899   49                
187890   50                
187893   28                
187896   47                
187892   30                
187891   38                

=== PID → cumulative energy (pid_to_consumption) [comm="stress_core"] ===
PID      energy            
187893   178595690000      
187890   178948300000      
187898   177453740000      
187895   179617860000      
187896   179875550000      
187891   180722850000      
187897   178601560000      
187892   179895480000      
187899   174977210000      
187894   180345470000      

[H[JPolling energy-fair scheduler maps every 100 millisecond(s)...
Real time since poller start: 40.476051 s
Filter: comm "stress_core"
Maps shown: total power consumption 

=== System totals (total) ===
  cpu_time:  772262888761 ns
  energy:    35609061620000 (units of your kfunc)
  uncore_energy:    973189962347370000 (units of your kfunc)

=== PID → power (EMA) (pid_to_power) [comm="stress_core"] ===
PID      power             
187894   47                
187897   34                
187898   42                
187895   35                
187899   25                
187890   41                
187893   32                
187896   45                
187892   50                
187891   17                

=== PID → cumulative energy (pid_to_consumption) [comm="stress_core"] ===
PID      energy            
187893   181064410000      
187890   181704320000      
187898   179895170000      
187895   182099910000      
187896   182483600000      
187891   183152970000      
187897   181011080000      
187892   182196680000      
187899   177487770000      
187894   182756510000      

[H[JPolling energy-fair scheduler maps every 100 millisecond(s)...
Real time since poller start: 40.594704 s
Filter: comm "stress_core"
Maps shown: total power consumption 

=== System totals (total) ===
  cpu_time:  773026888386 ns
  energy:    35640081570000 (units of your kfunc)
  uncore_energy:    973190119201410000 (units of your kfunc)

=== PID → power (EMA) (pid_to_power) [comm="stress_core"] ===
PID      power             
187894   23                
187897   38                
187898   42                
187895   47                
187899   49                
187890   45                
187893   45                
187896   16                
187892   45                
187891   41                

=== PID → cumulative energy (pid_to_consumption) [comm="stress_core"] ===
PID      energy            
187893   183633230000      
187890   184416670000      
187898   182467590000      
187895   184796710000      
187896   184929330000      
187891   185596030000      
187897   183620320000      
187892   184709220000      
187899   180108210000      
187894   185213280000      

[H[JPolling energy-fair scheduler maps every 100 millisecond(s)...
Real time since poller start: 40.713461 s
Filter: comm "stress_core"
Maps shown: total power consumption 

=== System totals (total) ===
  cpu_time:  773801891278 ns
  energy:    35670916160000 (units of your kfunc)
  uncore_energy:    973190280302100000 (units of your kfunc)

=== PID → power (EMA) (pid_to_power) [comm="stress_core"] ===
PID      power             
187894   40                
187897   44                
187898   46                
187895   31                
187899   41                
187890   37                
187893   50                
187896   24                
187892   53                
187891   39                

=== PID → cumulative energy (pid_to_consumption) [comm="stress_core"] ===
PID      energy            
187893   186234100000      
187890   186546000000      
187898   185101870000      
187895   187226970000      
187896   187302690000      
187891   188254580000      
187897   186177910000      
187892   187129740000      
187899   182749930000      
187894   188025890000      

[H[JPolling energy-fair scheduler maps every 100 millisecond(s)...
Real time since poller start: 40.833830 s
Filter: comm "stress_core"
Maps shown: total power consumption 

=== System totals (total) ===
  cpu_time:  774553048486 ns
  energy:    35701702970000 (units of your kfunc)
  uncore_energy:    973190441912750000 (units of your kfunc)

=== PID → power (EMA) (pid_to_power) [comm="stress_core"] ===
PID      power             
187894   31                
187897   30                
187898   21                
187895   21                
187899   51                
187890   34                
187893   28                
187896   40                
187892   49                
187891   40                

=== PID → cumulative energy (pid_to_consumption) [comm="stress_core"] ===
PID      energy            
187893   188946320000      
187890   189314220000      
187898   187519790000      
187895   189870410000      
187896   189726820000      
187891   190914370000      
187897   188795540000      
187892   189946350000      
187899   185590210000      
187894   190547600000      

[H[JPolling energy-fair scheduler maps every 100 millisecond(s)...
Real time since poller start: 40.952504 s
Filter: comm "stress_core"
Maps shown: total power consumption 

=== System totals (total) ===
  cpu_time:  775311504658 ns
  energy:    35732428950000 (units of your kfunc)
  uncore_energy:    973190598629550000 (units of your kfunc)

=== PID → power (EMA) (pid_to_power) [comm="stress_core"] ===
PID      power             
187894   50                
187897   39                
187898   51                
187895   51                
187899   49                
187890   48                
187893   48                
187896   36                
187892   46                
187891   35                

=== PID → cumulative energy (pid_to_consumption) [comm="stress_core"] ===
PID      energy            
187893   191576670000      
187890   192118480000      
187898   190167900000      
187895   192616220000      
187896   192687370000      
187891   193655960000      
187897   191179310000      
187892   192363490000      
187899   188247200000      
187894   192849210000      

[H[JPolling energy-fair scheduler maps every 100 millisecond(s)...
Real time since poller start: 41.071162 s
Filter: comm "stress_core"
Maps shown: total power consumption 

=== System totals (total) ===
  cpu_time:  776028302489 ns
  energy:    35761454060000 (units of your kfunc)
  uncore_energy:    973190755551860000 (units of your kfunc)

=== PID → power (EMA) (pid_to_power) [comm="stress_core"] ===
PID      power             
187894   44                
187897   30                
187898   32                
187895   54                
187899   49                
187890   20                
187893   32                
187896   41                
187892   50                
187891   45                

=== PID → cumulative energy (pid_to_consumption) [comm="stress_core"] ===
PID      energy            
187893   194449600000      
187890   194346690000      
187898   192786040000      
187895   195139460000      
187896   195406010000      
187891   196582860000      
187897   193476550000      
187892   195000220000      
187899   190901020000      
187894   195304350000      

[H[JPolling energy-fair scheduler maps every 100 millisecond(s)...
Real time since poller start: 41.189787 s
Filter: comm "stress_core"
Maps shown: total power consumption 

=== System totals (total) ===
  cpu_time:  776763075021 ns
  energy:    35789690270000 (units of your kfunc)
  uncore_energy:    973190913606230000 (units of your kfunc)

=== PID → power (EMA) (pid_to_power) [comm="stress_core"] ===
PID      power             
187894   42                
187897   27                
187898   23                
187895   32                
187899   23                
187890   38                
187893   48                
187896   36                
187892   29                
187891   35                

=== PID → cumulative energy (pid_to_consumption) [comm="stress_core"] ===
PID      energy            
187893   196825400000      
187890   196679180000      
187898   195330760000      
187895   197626540000      
187896   197984140000      
187891   198976530000      
187897   196146790000      
187892   197461280000      
187899   193050370000      
187894   197648700000      

[H[JPolling energy-fair scheduler maps every 100 millisecond(s)...
Real time since poller start: 41.308563 s
Filter: comm "stress_core"
Maps shown: total power consumption 

=== System totals (total) ===
  cpu_time:  777485446782 ns
  energy:    35817793700000 (units of your kfunc)
  uncore_energy:    973191071915460000 (units of your kfunc)

=== PID → power (EMA) (pid_to_power) [comm="stress_core"] ===
PID      power             
187894   35                
187897   30                
187898   26                
187895   35                
187899   38                
187890   38                
187893   34                
187896   26                
187892   29                
187891   23                

=== PID → cumulative energy (pid_to_consumption) [comm="stress_core"] ===
PID      energy            
187893   199210840000      
187890   199180500000      
187898   197527710000      
187895   200041560000      
187896   200584070000      
187891   201632050000      
187897   198707590000      
187892   199833290000      
187899   195635590000      
187894   200107030000      

[H[JPolling energy-fair scheduler maps every 100 millisecond(s)...
Real time since poller start: 41.427246 s
Filter: comm "stress_core"
Maps shown: total power consumption 

=== System totals (total) ===
  cpu_time:  778229309542 ns
  energy:    35846632710000 (units of your kfunc)
  uncore_energy:    973191229102300000 (units of your kfunc)

=== PID → power (EMA) (pid_to_power) [comm="stress_core"] ===
PID      power             
187894   42                
187897   45                
187898   39                
187895   16                
187899   16                
187890   39                
187893   20                
187896   25                
187892   28                
187891   39                

=== PID → cumulative energy (pid_to_consumption) [comm="stress_core"] ===
PID      energy            
187893   201714490000      
187890   201533780000      
187898   200226390000      
187895   202401660000      
187896   203194520000      
187891   204233440000      
187897   201319970000      
187892   202363040000      
187899   198139220000      
187894   202498240000      

[H[JPolling energy-fair scheduler maps every 100 millisecond(s)...
Real time since poller start: 41.546467 s
Filter: comm "stress_core"
Maps shown: total power consumption 

=== System totals (total) ===
  cpu_time:  778976205183 ns
  energy:    35876289020000 (units of your kfunc)
  uncore_energy:    973191386752510000 (units of your kfunc)

=== PID → power (EMA) (pid_to_power) [comm="stress_core"] ===
PID      power             
187894   47                
187897   47                
187898   27                
187895   29                
187899   45                
187890   28                
187893   35                
187896   17                
187892   24                
187891   18                

=== PID → cumulative energy (pid_to_consumption) [comm="stress_core"] ===
PID      energy            
187893   204075760000      
187890   204198730000      
187898   202855730000      
187895   204892000000      
187896   205880570000      
187891   206745400000      
187897   203867300000      
187892   204838760000      
187899   200597650000      
187894   204700380000      

[H[JPolling energy-fair scheduler maps every 100 millisecond(s)...
Real time since poller start: 41.665308 s
Filter: comm "stress_core"
Maps shown: total power consumption 

=== System totals (total) ===
  cpu_time:  779694546234 ns
  energy:    35903529870000 (units of your kfunc)
  uncore_energy:    973191547131750000 (units of your kfunc)

=== PID → power (EMA) (pid_to_power) [comm="stress_core"] ===
PID      power             
187894   42                
187897   45                
187898   40                
187895   43                
187899   33                
187890   26                
187893   43                
187896   47                
187892   45                
187891   25                

=== PID → cumulative energy (pid_to_consumption) [comm="stress_core"] ===
PID      energy            
187893   206702870000      
187890   206518130000      
187898   205359120000      
187895   207248330000      
187896   208535480000      
187891   209113060000      
187897   206413050000      
187892   207171810000      
187899   203130200000      
187894   207181270000      

[H[JPolling energy-fair scheduler maps every 100 millisecond(s)...
Real time since poller start: 41.784205 s
Filter: comm "stress_core"
Maps shown: total power consumption 

=== System totals (total) ===
  cpu_time:  780464697068 ns
  energy:    35934403840000 (units of your kfunc)
  uncore_energy:    973191704802700000 (units of your kfunc)

=== PID → power (EMA) (pid_to_power) [comm="stress_core"] ===
PID      power             
187894   25                
187897   50                
187898   57                
187895   31                
187899   20                
187890   47                
187893   31                
187896   46                
187892   40                
187891   43                

=== PID → cumulative energy (pid_to_consumption) [comm="stress_core"] ===
PID      energy            
187893   209340080000      
187890   209253080000      
187898   208257320000      
187895   210011510000      
187896   211477520000      
187891   211670170000      
187897   208839760000      
187892   209832450000      
187899   205629860000      
187894   209936870000      

[H[JPolling energy-fair scheduler maps every 100 millisecond(s)...
Real time since poller start: 41.903066 s
Filter: comm "stress_core"
Maps shown: total power consumption 

=== System totals (total) ===
  cpu_time:  781198586704 ns
  energy:    35962532120000 (units of your kfunc)
  uncore_energy:    973191864604720000 (units of your kfunc)

=== PID → power (EMA) (pid_to_power) [comm="stress_core"] ===
PID      power             
187894   52                
187897   32                
187898   49                
187895   17                
187899   43                
187890   50                
187893   47                
187896   44                
187892   49                
187891   46                

=== PID → cumulative energy (pid_to_consumption) [comm="stress_core"] ===
PID      energy            
187893   211864330000      
187890   211970680000      
187898   210744990000      
187895   212562980000      
187896   213924740000      
187891   214174590000      
187897   211406460000      
187892   212236910000      
187899   208330780000      
187894   212463120000      

[H[JPolling energy-fair scheduler maps every 100 millisecond(s)...
Real time since poller start: 42.021833 s
Filter: comm "stress_core"
Maps shown: total power consumption 

=== System totals (total) ===
  cpu_time:  781927775180 ns
  energy:    35992254850000 (units of your kfunc)
  uncore_energy:    973192020383390000 (units of your kfunc)

=== PID → power (EMA) (pid_to_power) [comm="stress_core"] ===
PID      power             
187894   30                
187897   21                
187898   43                
187895   49                
187899   29                
187890   43                
187893   51                
187896   29                
187892   23                
187891   47                

=== PID → cumulative energy (pid_to_consumption) [comm="stress_core"] ===
PID      energy            
187893   214468810000      
187890   214422750000      
187898   213455080000      
187895   215478440000      
187896   216527270000      
187891   216744100000      
187897   213872290000      
187892   214614240000      
187899   210834640000      
187894   214971620000      

[H[JPolling energy-fair scheduler maps every 100 millisecond(s)...
Real time since poller start: 42.140644 s
Filter: comm "stress_core"
Maps shown: total power consumption 

=== System totals (total) ===
  cpu_time:  782650835315 ns
  energy:    36020423730000 (units of your kfunc)
  uncore_energy:    973192183167880000 (units of your kfunc)

=== PID → power (EMA) (pid_to_power) [comm="stress_core"] ===
PID      power             
187894   45                
187897   47                
187898   50                
187895   56                
187899   57                
187890   36                
187893   33                
187896   36                
187892   43                
187891   43                

=== PID → cumulative energy (pid_to_consumption) [comm="stress_core"] ===
PID      energy            
187893   216982020000      
187890   216797180000      
187898   216173620000      
187895   218016600000      
187896   218855150000      
187891   219202060000      
187897   216364170000      
187892   217013560000      
187899   213316470000      
187894   217434990000      

[H[JPolling energy-fair scheduler maps every 100 millisecond(s)...
Real time since poller start: 42.259699 s
Filter: comm "stress_core"
Maps shown: total power consumption 

=== System totals (total) ===
  cpu_time:  783385976881 ns
  energy:    36050024620000 (units of your kfunc)
  uncore_energy:    973192341200960000 (units of your kfunc)

=== PID → power (EMA) (pid_to_power) [comm="stress_core"] ===
PID      power             
187894   30                
187897   39                
187898   34                
187895   38                
187899   49                
187890   43                
187893   46                
187896   44                
187892   46                
187891   47                

=== PID → cumulative energy (pid_to_consumption) [comm="stress_core"] ===
PID      energy            
187893   219663730000      
187890   219651340000      
187898   218901890000      
187895   220451390000      
187896   221616830000      
187891   221968750000      
187897   218963800000      
187892   219886960000      
187899   216179950000      
187894   219954400000      

[H[JPolling energy-fair scheduler maps every 100 millisecond(s)...
Real time since poller start: 42.380499 s
Filter: comm "stress_core"
Maps shown: total power consumption 

=== System totals (total) ===
  cpu_time:  784167669298 ns
  energy:    36081955730000 (units of your kfunc)
  uncore_energy:    973192504408400000 (units of your kfunc)

=== PID → power (EMA) (pid_to_power) [comm="stress_core"] ===
PID      power             
187894   19                
187897   21                
187898   35                
187895   27                
187899   49                
187890   22                
187893   37                
187896   43                
187892   14                
187891   46                

=== PID → cumulative energy (pid_to_consumption) [comm="stress_core"] ===
PID      energy            
187893   222055100000      
187890   222265580000      
187898   221372140000      
187895   222900410000      
187896   224079450000      
187891   224538500000      
187897   221643370000      
187892   222292100000      
187899   218913850000      
187894   222363910000      

[H[JPolling energy-fair scheduler maps every 100 millisecond(s)...
Real time since poller start: 42.499297 s
Filter: comm "stress_core"
Maps shown: total power consumption 

=== System totals (total) ===
  cpu_time:  784933077369 ns
  energy:    36112010380000 (units of your kfunc)
  uncore_energy:    973192664463310000 (units of your kfunc)

=== PID → power (EMA) (pid_to_power) [comm="stress_core"] ===
PID      power             
187894   27                
187897   45                
187898   41                
187895   47                
187899   46                
187890   25                
187893   33                
187896   45                
187892   44                
187891   33                

=== PID → cumulative energy (pid_to_consumption) [comm="stress_core"] ===
PID      energy            
187893   224557710000      
187890   224862030000      
187898   223824250000      
187895   225294650000      
187896   226423170000      
187891   227121810000      
187897   224192950000      
187892   224731380000      
187899   221401040000      
187894   224896940000      

[H[JPolling energy-fair scheduler maps every 100 millisecond(s)...
Real time since poller start: 42.618034 s
Filter: comm "stress_core"
Maps shown: total power consumption 

=== System totals (total) ===
  cpu_time:  785696100296 ns
  energy:    36143088420000 (units of your kfunc)
  uncore_energy:    973192823003650000 (units of your kfunc)

=== PID → power (EMA) (pid_to_power) [comm="stress_core"] ===
PID      power             
187894   24                
187897   42                
187898   39                
187895   46                
187899   41                
187890   51                
187893   49                
187896   49                
187892   24                
187891   45                

=== PID → cumulative energy (pid_to_consumption) [comm="stress_core"] ===
PID      energy            
187893   227128080000      
187890   227326150000      
187898   226362290000      
187895   227727830000      
187896   229044480000      
187891   229872070000      
187897   226850980000      
187892   227340460000      
187899   223904040000      
187894   227499430000      

[H[JPolling energy-fair scheduler maps every 100 millisecond(s)...
Real time since poller start: 42.736797 s
Filter: comm "stress_core"
Maps shown: total power consumption 

=== System totals (total) ===
  cpu_time:  786475640871 ns
  energy:    36175310790000 (units of your kfunc)
  uncore_energy:    973192986289390000 (units of your kfunc)

=== PID → power (EMA) (pid_to_power) [comm="stress_core"] ===
PID      power             
187894   41                
187897   41                
187898   30                
187895   49                
187899   47                
187890   47                
187893   25                
187896   32                
187892   50                
187891   48                

=== PID → cumulative energy (pid_to_consumption) [comm="stress_core"] ===
PID      energy            
187893   229901720000      
187890   229949120000      
187898   229040070000      
187895   230513700000      
187896   231751740000      
187891   232732010000      
187897   229663640000      
187892   230115320000      
187899   226400960000      
187894   230148930000      

[H[JPolling energy-fair scheduler maps every 100 millisecond(s)...
Real time since poller start: 42.855442 s
Filter: comm "stress_core"
Maps shown: total power consumption 

=== System totals (total) ===
  cpu_time:  787204216719 ns
  energy:    36206027680000 (units of your kfunc)
  uncore_energy:    973193144668730000 (units of your kfunc)

=== PID → power (EMA) (pid_to_power) [comm="stress_core"] ===
PID      power             
187894   54                
187897   30                
187898   19                
187895   36                
187899   22                
187890   48                
187893   29                
187896   37                
187892   47                
187891   41                

=== PID → cumulative energy (pid_to_consumption) [comm="stress_core"] ===
PID      energy            
187893   232569210000      
187890   232880160000      
187898   231774450000      
187895   233033940000      
187896   234607590000      
187891   235383830000      
187897   232514780000      
187892   233019760000      
187899   228846460000      
187894   232989010000      

[H[JPolling energy-fair scheduler maps every 100 millisecond(s)...
Real time since poller start: 42.974274 s
Filter: comm "stress_core"
Maps shown: total power consumption 

=== System totals (total) ===
  cpu_time:  787956202085 ns
  energy:    36236477250000 (units of your kfunc)
  uncore_energy:    973193303666940000 (units of your kfunc)

=== PID → power (EMA) (pid_to_power) [comm="stress_core"] ===
PID      power             
187894   20                
187897   49                
187898   41                
187895   35                
187899   50                
187890   35                
187893   38                
187896   30                
187892   39                
187891   39                

=== PID → cumulative energy (pid_to_consumption) [comm="stress_core"] ===
PID      energy            
187893   235275410000      
187890   236006530000      
187898   234465160000      
187895   235840530000      
187896   237403630000      
187891   238019290000      
187897   234961720000      
187892   235755040000      
187899   231514410000      
187894   235652590000      

[H[JPolling energy-fair scheduler maps every 100 millisecond(s)...
Real time since poller start: 43.093116 s
Filter: comm "stress_core"
Maps shown: total power consumption 

=== System totals (total) ===
  cpu_time:  788691282761 ns
  energy:    36266152060000 (units of your kfunc)
  uncore_energy:    973193462402930000 (units of your kfunc)

=== PID → power (EMA) (pid_to_power) [comm="stress_core"] ===
PID      power             
187894   38                
187897   28                
187898   35                
187895   29                
187899   47                
187890   48                
187893   39                
187896   42                
187892   46                
187891   48                

=== PID → cumulative energy (pid_to_consumption) [comm="stress_core"] ===
PID      energy            
187893   237936210000      
187890   238687970000      
187898   237113980000      
187895   238392550000      
187896   240041750000      
187891   240745770000      
187897   237484650000      
187892   238194020000      
187899   234335420000      
187894   238235380000      

[H[JPolling energy-fair scheduler maps every 100 millisecond(s)...
Real time since poller start: 43.211891 s
Filter: comm "stress_core"
Maps shown: total power consumption 

=== System totals (total) ===
  cpu_time:  789399437468 ns
  energy:    36294085280000 (units of your kfunc)
  uncore_energy:    973193620150100000 (units of your kfunc)

=== PID → power (EMA) (pid_to_power) [comm="stress_core"] ===
PID      power             
187894   49                
187897   24                
187898   31                
187895   36                
187899   36                
187890   32                
187893   49                
187896   20                
187892   38                
187891   49                

=== PID → cumulative energy (pid_to_consumption) [comm="stress_core"] ===
PID      energy            
187893   240480630000      
187890   241262000000      
187898   239490770000      
187895   240776110000      
187896   242677980000      
187891   243284240000      
187897   240080420000      
187892   240776830000      
187899   236939230000      
187894   240897560000      

[H[JPolling energy-fair scheduler maps every 100 millisecond(s)...
Real time since poller start: 43.330685 s
Filter: comm "stress_core"
Maps shown: total power consumption 

=== System totals (total) ===
  cpu_time:  790114322299 ns
  energy:    36322258330000 (units of your kfunc)
  uncore_energy:    973193778385890000 (units of your kfunc)

=== PID → power (EMA) (pid_to_power) [comm="stress_core"] ===
PID      power             
187894   38                
187897   50                
187898   41                
187895   51                
187899   42                
187890   41                
187893   49                
187896   33                
187892   39                
187891   29                

=== PID → cumulative energy (pid_to_consumption) [comm="stress_core"] ===
PID      energy            
187893   243178530000      
187890   243893070000      
187898   242078480000      
187895   243310010000      
187896   245083400000      
187891   245762950000      
187897   242657500000      
187892   243367340000      
187899   239605370000      
187894   243170350000      

[H[JPolling energy-fair scheduler maps every 100 millisecond(s)...
Real time since poller start: 43.449454 s
Filter: comm "stress_core"
Maps shown: total power consumption 

=== System totals (total) ===
  cpu_time:  790837157975 ns
  energy:    36351881150000 (units of your kfunc)
  uncore_energy:    973193937087050000 (units of your kfunc)

=== PID → power (EMA) (pid_to_power) [comm="stress_core"] ===
PID      power             
187894   32                
187897   51                
187898   43                
187895   33                
187899   36                
187890   47                
187893   30                
187896   38                
187892   43                
187891   32                

=== PID → cumulative energy (pid_to_consumption) [comm="stress_core"] ===
PID      energy            
187893   245938400000      
187890   246598920000      
187898   244928940000      
187895   246015690000      
187896   247705720000      
187891   248438860000      
187897   245555590000      
187892   246064530000      
187899   242084940000      
187894   245725910000      

[H[JPolling energy-fair scheduler maps every 100 millisecond(s)...
Real time since poller start: 43.568288 s
Filter: comm "stress_core"
Maps shown: total power consumption 

=== System totals (total) ===
  cpu_time:  791536975503 ns
  energy:    36379087060000 (units of your kfunc)
  uncore_energy:    973194097114560000 (units of your kfunc)

=== PID → power (EMA) (pid_to_power) [comm="stress_core"] ===
PID      power             
187894   43                
187897   32                
187898   42                
187895   34                
187899   25                
187890   38                
187893   26                
187896   32                
187892   48                
187891   43                

=== PID → cumulative energy (pid_to_consumption) [comm="stress_core"] ===
PID      energy            
187893   248440100000      
187890   248931590000      
187898   247450870000      
187895   248545290000      
187896   250196910000      
187891   250846100000      
187897   248224220000      
187892   248517630000      
187899   244490450000      
187894   248123880000      

[H[JPolling energy-fair scheduler maps every 100 millisecond(s)...
Real time since poller start: 43.687333 s
Filter: comm "stress_core"
Maps shown: total power consumption 

=== System totals (total) ===
  cpu_time:  792242901273 ns
  energy:    36406575610000 (units of your kfunc)
  uncore_energy:    973194257171790000 (units of your kfunc)

=== PID → power (EMA) (pid_to_power) [comm="stress_core"] ===
PID      power             
187894   40                
187897   46                
187898   46                
187895   45                
187899   42                
187890   48                
187893   48                
187896   42                
187892   18                
187891   45                

=== PID → cumulative energy (pid_to_consumption) [comm="stress_core"] ===
PID      energy            
187893   250992500000      
187890   251427770000      
187898   249978030000      
187895   251075660000      
187896   252665700000      
187891   253157060000      
187897   250446350000      
187892   250809830000      
187899   246873710000      
187894   250808050000      

[H[JPolling energy-fair scheduler maps every 100 millisecond(s)...
Real time since poller start: 43.806177 s
Filter: comm "stress_core"
Maps shown: total power consumption 

=== System totals (total) ===
  cpu_time:  792989860553 ns
  energy:    36437812790000 (units of your kfunc)
  uncore_energy:    973194415681470000 (units of your kfunc)

=== PID → power (EMA) (pid_to_power) [comm="stress_core"] ===
PID      power             
187894   48                
187897   47                
187898   25                
187895   49                
187899   24                
187890   25                
187893   50                
187896   52                
187892   48                
187891   26                

=== PID → cumulative energy (pid_to_consumption) [comm="stress_core"] ===
PID      energy            
187893   253906790000      
187890   254303400000      
187898   252938910000      
187895   253687700000      
187896   255532100000      
187891   256148840000      
187897   253278040000      
187892   253841120000      
187899   249784650000      
187894   253610020000      

[H[JPolling energy-fair scheduler maps every 100 millisecond(s)...
Real time since poller start: 43.925009 s
Filter: comm "stress_core"
Maps shown: total power consumption 

=== System totals (total) ===
  cpu_time:  793737203001 ns
  energy:    36468274550000 (units of your kfunc)
  uncore_energy:    973194573974900000 (units of your kfunc)

=== PID → power (EMA) (pid_to_power) [comm="stress_core"] ===
PID      power             
187894   47                
187897   47                
187898   48                
187895   48                
187899   24                
187890   39                
187893   51                
187896   31                
187892   51                
187891   42                

=== PID → cumulative energy (pid_to_consumption) [comm="stress_core"] ===
PID      energy            
187893   256770830000      
187890   257174360000      
187898   255732220000      
187895   256289310000      
187896   258243300000      
187891   258913920000      
187897   256107950000      
187892   256472190000      
187899   252550470000      
187894   256309560000      

[H[JPolling energy-fair scheduler maps every 100 millisecond(s)...
Real time since poller start: 44.043853 s
Filter: comm "stress_core"
Maps shown: total power consumption 

=== System totals (total) ===
  cpu_time:  794470232068 ns
  energy:    36497955050000 (units of your kfunc)
  uncore_energy:    973194732430530000 (units of your kfunc)

=== PID → power (EMA) (pid_to_power) [comm="stress_core"] ===
PID      power             
187894   38                
187897   31                
187898   51                
187895   42                
187899   49                
187890   37                
187893   22                
187896   26                
187892   23                
187891   43                

=== PID → cumulative energy (pid_to_consumption) [comm="stress_core"] ===
PID      energy            
187893   259513340000      
187890   259931870000      
187898   258395710000      
187895   259025400000      
187896   260831410000      
187891   261620090000      
187897   258837870000      
187892   259183400000      
187899   255185310000      
187894   258896630000      

[H[JPolling energy-fair scheduler maps every 100 millisecond(s)...
Real time since poller start: 44.162718 s
Filter: comm "stress_core"
Maps shown: total power consumption 

=== System totals (total) ===
  cpu_time:  795196479366 ns
  energy:    36526440770000 (units of your kfunc)
  uncore_energy:    973194893745230000 (units of your kfunc)

=== PID → power (EMA) (pid_to_power) [comm="stress_core"] ===
PID      power             
187894   40                
187897   35                
187898   22                
187895   47                
187899   37                
187890   41                
187893   24                
187896   30                
187892   51                
187891   30                

=== PID → cumulative energy (pid_to_consumption) [comm="stress_core"] ===
PID      energy            
187893   262245270000      
187890   262316690000      
187898   260908230000      
187895   261740990000      
187896   263399150000      
187891   264401580000      
187897   261353860000      
187892   261843200000      
187899   257747560000      
187894   261256880000      

[H[JPolling energy-fair scheduler maps every 100 millisecond(s)...
Real time since poller start: 44.281514 s
Filter: comm "stress_core"
Maps shown: total power consumption 

=== System totals (total) ===
  cpu_time:  795748019971 ns
  energy:    36548412950000 (units of your kfunc)
  uncore_energy:    973195016492290000 (units of your kfunc)

=== PID → power (EMA) (pid_to_power) [comm="stress_core"] ===
PID      power             
187894   43                
187897   45                
187898   24                
187895   44                
187899   39                
187890   42                
187893   47                
187896   34                
187892   83                
187891   32                

=== PID → cumulative energy (pid_to_consumption) [comm="stress_core"] ===
PID      energy            
187893   263869590000      
187890   264037900000      
187898   262613880000      
187895   263281950000      
187896   264966970000      
187891   266006000000      
187897   262944920000      
187892   263300280000      
187899   259268230000      
187894   262499410000      

[H[JPolling energy-fair scheduler maps every 100 millisecond(s)...
Real time since poller start: 44.400340 s
Filter: comm "stress_core"
Maps shown: total power consumption 

=== System totals (total) ===
  cpu_time:  795769216077 ns
  energy:    36549299940000 (units of your kfunc)
  uncore_energy:    973195134333020000 (units of your kfunc)

=== PID → power (EMA) (pid_to_power) [comm="stress_core"] ===
PID      power             
187894   43                
187897   45                
187898   24                
187895   44                
187899   39                
187890   42                
187893   47                
187896   34                
187892   83                
187891   32                

=== PID → cumulative energy (pid_to_consumption) [comm="stress_core"] ===
PID      energy            
187893   263869590000      
187890   264037900000      
187898   262613880000      
187895   263281950000      
187896   264966970000      
187891   266006000000      
187897   262944920000      
187892   263300280000      
187899   259268230000      
187894   262499410000      

[H[JPolling energy-fair scheduler maps every 100 millisecond(s)...
Real time since poller start: 44.519146 s
Filter: comm "stress_core"
Maps shown: total power consumption 

=== System totals (total) ===
  cpu_time:  795789069786 ns
  energy:    36550142690000 (units of your kfunc)
  uncore_energy:    973195300839210000 (units of your kfunc)

=== PID → power (EMA) (pid_to_power) [comm="stress_core"] ===
PID      power             
187894   43                
187897   45                
187898   24                
187895   44                
187899   39                
187890   42                
187893   47                
187896   34                
187892   83                
187891   32                

=== PID → cumulative energy (pid_to_consumption) [comm="stress_core"] ===
PID      energy            
187893   263869590000      
187890   264037900000      
187898   262613880000      
187895   263281950000      
187896   264966970000      
187891   266006000000      
187897   262944920000      
187892   263300280000      
187899   259268230000      
187894   262499410000      

[H[JPolling energy-fair scheduler maps every 100 millisecond(s)...
Real time since poller start: 44.637915 s
Filter: comm "stress_core"
Maps shown: total power consumption 

=== System totals (total) ===
  cpu_time:  795810068020 ns
  energy:    36551082330000 (units of your kfunc)
  uncore_energy:    973195455209630000 (units of your kfunc)

=== PID → power (EMA) (pid_to_power) [comm="stress_core"] ===
PID      power             
187894   43                
187897   45                
187898   24                
187895   44                
187899   39                
187890   42                
187893   47                
187896   34                
187892   83                
187891   32                

=== PID → cumulative energy (pid_to_consumption) [comm="stress_core"] ===
PID      energy            
187893   263869590000      
187890   264037900000      
187898   262613880000      
187895   263281950000      
187896   264966970000      
187891   266006000000      
187897   262944920000      
187892   263300280000      
187899   259268230000      
187894   262499410000      

[H[JPolling energy-fair scheduler maps every 100 millisecond(s)...
Real time since poller start: 44.756702 s
Filter: comm "stress_core"
Maps shown: total power consumption 

=== System totals (total) ===
  cpu_time:  795828924804 ns
  energy:    36551918210000 (units of your kfunc)
  uncore_energy:    973195549287840000 (units of your kfunc)

=== PID → power (EMA) (pid_to_power) [comm="stress_core"] ===
PID      power             
187894   43                
187897   45                
187898   24                
187895   44                
187899   39                
187890   42                
187893   47                
187896   34                
187892   83                
187891   32                

=== PID → cumulative energy (pid_to_consumption) [comm="stress_core"] ===
PID      energy            
187893   263869590000      
187890   264037900000      
187898   262613880000      
187895   263281950000      
187896   264966970000      
187891   266006000000      
187897   262944920000      
187892   263300280000      
187899   259268230000      
187894   262499410000      

[H[JPolling energy-fair scheduler maps every 100 millisecond(s)...
Real time since poller start: 44.875425 s
Filter: comm "stress_core"
Maps shown: total power consumption 

=== System totals (total) ===
  cpu_time:  795878407142 ns
  energy:    36554110740000 (units of your kfunc)
  uncore_energy:    973195824233070000 (units of your kfunc)

=== PID → power (EMA) (pid_to_power) [comm="stress_core"] ===
PID      power             
187894   43                
187897   45                
187898   24                
187895   44                
187899   39                
187890   42                
187893   47                
187896   34                
187892   83                
187891   32                

=== PID → cumulative energy (pid_to_consumption) [comm="stress_core"] ===
PID      energy            
187893   263869590000      
187890   264037900000      
187898   262613880000      
187895   263281950000      
187896   264966970000      
187891   266006000000      
187897   262944920000      
187892   263300280000      
187899   259268230000      
187894   262499410000      

[H[JPolling energy-fair scheduler maps every 100 millisecond(s)...
Real time since poller start: 44.994277 s
Filter: comm "stress_core"
Maps shown: total power consumption 

=== System totals (total) ===
  cpu_time:  796030010793 ns
  energy:    36558272600000 (units of your kfunc)
  uncore_energy:    973195985199230000 (units of your kfunc)

=== PID → power (EMA) (pid_to_power) [comm="stress_core"] ===
PID      power             
187894   43                
187897   45                
187898   24                
187895   44                
187899   39                
187890   42                
187893   47                
187896   34                
187892   83                
187891   32                

=== PID → cumulative energy (pid_to_consumption) [comm="stress_core"] ===
PID      energy            
187893   263869590000      
187890   264037900000      
187898   262613880000      
187895   263281950000      
187896   264966970000      
187891   266006000000      
187897   262944920000      
187892   263300280000      
187899   259268230000      
187894   262499410000      

[H[JPolling energy-fair scheduler maps every 100 millisecond(s)...
Real time since poller start: 45.113096 s
Filter: comm "stress_core"
Maps shown: total power consumption 

=== System totals (total) ===
  cpu_time:  796160704793 ns
  energy:    36561816750000 (units of your kfunc)
  uncore_energy:    973196141628370000 (units of your kfunc)

=== PID → power (EMA) (pid_to_power) [comm="stress_core"] ===
PID      power             
187894   43                
187897   45                
187898   24                
187895   44                
187899   39                
187890   42                
187893   47                
187896   34                
187892   83                
187891   32                

=== PID → cumulative energy (pid_to_consumption) [comm="stress_core"] ===
PID      energy            
187893   263869590000      
187890   264037900000      
187898   262613880000      
187895   263281950000      
187896   264966970000      
187891   266006000000      
187897   262944920000      
187892   263300280000      
187899   259268230000      
187894   262499410000      

[H[JPolling energy-fair scheduler maps every 100 millisecond(s)...
Real time since poller start: 45.231974 s
Filter: comm "stress_core"
Maps shown: total power consumption 

=== System totals (total) ===
  cpu_time:  796180618713 ns
  energy:    36562688490000 (units of your kfunc)
  uncore_energy:    973196226980690000 (units of your kfunc)

=== PID → power (EMA) (pid_to_power) [comm="stress_core"] ===
PID      power             
187894   43                
187897   45                
187898   24                
187895   44                
187899   39                
187890   42                
187893   47                
187896   34                
187892   83                
187891   32                

=== PID → cumulative energy (pid_to_consumption) [comm="stress_core"] ===
PID      energy            
187893   263869590000      
187890   264037900000      
187898   262613880000      
187895   263281950000      
187896   264966970000      
187891   266006000000      
187897   262944920000      
187892   263300280000      
187899   259268230000      
187894   262499410000      

[H[JPolling energy-fair scheduler maps every 100 millisecond(s)...
Real time since poller start: 45.350745 s
Filter: comm "stress_core"
Maps shown: total power consumption 

=== System totals (total) ===
  cpu_time:  796200677143 ns
  energy:    36563579130000 (units of your kfunc)
  uncore_energy:    973196441254090000 (units of your kfunc)

=== PID → power (EMA) (pid_to_power) [comm="stress_core"] ===
PID      power             
187894   43                
187897   45                
187898   24                
187895   44                
187899   39                
187890   42                
187893   47                
187896   34                
187892   83                
187891   32                

=== PID → cumulative energy (pid_to_consumption) [comm="stress_core"] ===
PID      energy            
187893   263869590000      
187890   264037900000      
187898   262613880000      
187895   263281950000      
187896   264966970000      
187891   266006000000      
187897   262944920000      
187892   263300280000      
187899   259268230000      
187894   262499410000      

[H[JPolling energy-fair scheduler maps every 100 millisecond(s)...
Real time since poller start: 45.469489 s
Filter: comm "stress_core"
Maps shown: total power consumption 

=== System totals (total) ===
  cpu_time:  796220950903 ns
  energy:    36564435630000 (units of your kfunc)
  uncore_energy:    973196535089050000 (units of your kfunc)

=== PID → power (EMA) (pid_to_power) [comm="stress_core"] ===
PID      power             
187894   43                
187897   45                
187898   24                
187895   44                
187899   39                
187890   42                
187893   47                
187896   34                
187892   83                
187891   32                

=== PID → cumulative energy (pid_to_consumption) [comm="stress_core"] ===
PID      energy            
187893   263869590000      
187890   264037900000      
187898   262613880000      
187895   263281950000      
187896   264966970000      
187891   266006000000      
187897   262944920000      
187892   263300280000      
187899   259268230000      
187894   262499410000      

[H[JPolling energy-fair scheduler maps every 100 millisecond(s)...
Real time since poller start: 45.588286 s
Filter: comm "stress_core"
Maps shown: total power consumption 

=== System totals (total) ===
  cpu_time:  796254139043 ns
  energy:    36565936640000 (units of your kfunc)
  uncore_energy:    973196736479280000 (units of your kfunc)

=== PID → power (EMA) (pid_to_power) [comm="stress_core"] ===
PID      power             
187894   43                
187897   45                
187898   24                
187895   44                
187899   39                
187890   42                
187893   47                
187896   34                
187892   83                
187891   32                

=== PID → cumulative energy (pid_to_consumption) [comm="stress_core"] ===
PID      energy            
187893   263869590000      
187890   264037900000      
187898   262613880000      
187895   263281950000      
187896   264966970000      
187891   266006000000      
187897   262944920000      
187892   263300280000      
187899   259268230000      
187894   262499410000      

[H[JPolling energy-fair scheduler maps every 100 millisecond(s)...
Real time since poller start: 45.706996 s
Filter: comm "stress_core"
Maps shown: total power consumption 

=== System totals (total) ===
  cpu_time:  796273634638 ns
  energy:    36566773890000 (units of your kfunc)
  uncore_energy:    973196787649320000 (units of your kfunc)

=== PID → power (EMA) (pid_to_power) [comm="stress_core"] ===
PID      power             
187894   43                
187897   45                
187898   24                
187895   44                
187899   39                
187890   42                
187893   47                
187896   34                
187892   83                
187891   32                

=== PID → cumulative energy (pid_to_consumption) [comm="stress_core"] ===
PID      energy            
187893   263869590000      
187890   264037900000      
187898   262613880000      
187895   263281950000      
187896   264966970000      
187891   266006000000      
187897   262944920000      
187892   263300280000      
187899   259268230000      
187894   262499410000      

[H[JPolling energy-fair scheduler maps every 100 millisecond(s)...
Real time since poller start: 45.825815 s
Filter: comm "stress_core"
Maps shown: total power consumption 

=== System totals (total) ===
  cpu_time:  796294322381 ns
  energy:    36567685450000 (units of your kfunc)
  uncore_energy:    973197005170380000 (units of your kfunc)

=== PID → power (EMA) (pid_to_power) [comm="stress_core"] ===
PID      power             
187894   43                
187897   45                
187898   24                
187895   44                
187899   39                
187890   42                
187893   47                
187896   34                
187892   83                
187891   32                

=== PID → cumulative energy (pid_to_consumption) [comm="stress_core"] ===
PID      energy            
187893   263869590000      
187890   264037900000      
187898   262613880000      
187895   263281950000      
187896   264966970000      
187891   266006000000      
187897   262944920000      
187892   263300280000      
187899   259268230000      
187894   262499410000      

[H[JPolling energy-fair scheduler maps every 100 millisecond(s)...
Real time since poller start: 45.944582 s
Filter: comm "stress_core"
Maps shown: total power consumption 

=== System totals (total) ===
  cpu_time:  796314181989 ns
  energy:    36568569080000 (units of your kfunc)
  uncore_energy:    973197214518840000 (units of your kfunc)

=== PID → power (EMA) (pid_to_power) [comm="stress_core"] ===
PID      power             
187894   43                
187897   45                
187898   24                
187895   44                
187899   39                
187890   42                
187893   47                
187896   34                
187892   83                
187891   32                

=== PID → cumulative energy (pid_to_consumption) [comm="stress_core"] ===
PID      energy            
187893   263869590000      
187890   264037900000      
187898   262613880000      
187895   263281950000      
187896   264966970000      
187891   266006000000      
187897   262944920000      
187892   263300280000      
187899   259268230000      
187894   262499410000      

[H[JPolling energy-fair scheduler maps every 100 millisecond(s)...
Real time since poller start: 46.063303 s
Filter: comm "stress_core"
Maps shown: total power consumption 

=== System totals (total) ===
  cpu_time:  796332848871 ns
  energy:    36569370630000 (units of your kfunc)
  uncore_energy:    973197246446170000 (units of your kfunc)

=== PID → power (EMA) (pid_to_power) [comm="stress_core"] ===
PID      power             
187894   43                
187897   45                
187898   24                
187895   44                
187899   39                
187890   42                
187893   47                
187896   34                
187892   83                
187891   32                

=== PID → cumulative energy (pid_to_consumption) [comm="stress_core"] ===
PID      energy            
187893   263869590000      
187890   264037900000      
187898   262613880000      
187895   263281950000      
187896   264966970000      
187891   266006000000      
187897   262944920000      
187892   263300280000      
187899   259268230000      
187894   262499410000      

[H[JPolling energy-fair scheduler maps every 100 millisecond(s)...
Real time since poller start: 46.182084 s
Filter: comm "stress_core"
Maps shown: total power consumption 

=== System totals (total) ===
  cpu_time:  796353420934 ns
  energy:    36570273330000 (units of your kfunc)
  uncore_energy:    973197469985610000 (units of your kfunc)

=== PID → power (EMA) (pid_to_power) [comm="stress_core"] ===
PID      power             
187894   43                
187897   45                
187898   24                
187895   44                
187899   39                
187890   42                
187893   47                
187896   34                
187892   83                
187891   32                

=== PID → cumulative energy (pid_to_consumption) [comm="stress_core"] ===
PID      energy            
187893   263869590000      
187890   264037900000      
187898   262613880000      
187895   263281950000      
187896   264966970000      
187891   266006000000      
187897   262944920000      
187892   263300280000      
187899   259268230000      
187894   262499410000      

[H[JPolling energy-fair scheduler maps every 100 millisecond(s)...
Real time since poller start: 46.300871 s
Filter: comm "stress_core"
Maps shown: total power consumption 

=== System totals (total) ===
  cpu_time:  796372686179 ns
  energy:    36571136070000 (units of your kfunc)
  uncore_energy:    973197606643770000 (units of your kfunc)

=== PID → power (EMA) (pid_to_power) [comm="stress_core"] ===
PID      power             
187894   43                
187897   45                
187898   24                
187895   44                
187899   39                
187890   42                
187893   47                
187896   34                
187892   83                
187891   32                

=== PID → cumulative energy (pid_to_consumption) [comm="stress_core"] ===
PID      energy            
187893   263869590000      
187890   264037900000      
187898   262613880000      
187895   263281950000      
187896   264966970000      
187891   266006000000      
187897   262944920000      
187892   263300280000      
187899   259268230000      
187894   262499410000      

[H[JPolling energy-fair scheduler maps every 100 millisecond(s)...
Real time since poller start: 46.419676 s
Filter: comm "stress_core"
Maps shown: total power consumption 

=== System totals (total) ===
  cpu_time:  796391479012 ns
  energy:    36571972250000 (units of your kfunc)
  uncore_energy:    973197717502690000 (units of your kfunc)

=== PID → power (EMA) (pid_to_power) [comm="stress_core"] ===
PID      power             
187894   43                
187897   45                
187898   24                
187895   44                
187899   39                
187890   42                
187893   47                
187896   34                
187892   83                
187891   32                

=== PID → cumulative energy (pid_to_consumption) [comm="stress_core"] ===
PID      energy            
187893   263869590000      
187890   264037900000      
187898   262613880000      
187895   263281950000      
187896   264966970000      
187891   266006000000      
187897   262944920000      
187892   263300280000      
187899   259268230000      
187894   262499410000      

[H[JPolling energy-fair scheduler maps every 100 millisecond(s)...
Real time since poller start: 46.538454 s
Filter: comm "stress_core"
Maps shown: total power consumption 

=== System totals (total) ===
  cpu_time:  796411044448 ns
  energy:    36572802180000 (units of your kfunc)
  uncore_energy:    973197861571590000 (units of your kfunc)

=== PID → power (EMA) (pid_to_power) [comm="stress_core"] ===
PID      power             
187894   43                
187897   45                
187898   24                
187895   44                
187899   39                
187890   42                
187893   47                
187896   34                
187892   83                
187891   32                

=== PID → cumulative energy (pid_to_consumption) [comm="stress_core"] ===
PID      energy            
187893   263869590000      
187890   264037900000      
187898   262613880000      
187895   263281950000      
187896   264966970000      
187891   266006000000      
187897   262944920000      
187892   263300280000      
187899   259268230000      
187894   262499410000      

[H[JPolling energy-fair scheduler maps every 100 millisecond(s)...
Real time since poller start: 46.657254 s
Filter: comm "stress_core"
Maps shown: total power consumption 

=== System totals (total) ===
  cpu_time:  796430243902 ns
  energy:    36573633480000 (units of your kfunc)
  uncore_energy:    973198012576540000 (units of your kfunc)

=== PID → power (EMA) (pid_to_power) [comm="stress_core"] ===
PID      power             
187894   43                
187897   45                
187898   24                
187895   44                
187899   39                
187890   42                
187893   47                
187896   34                
187892   83                
187891   32                

=== PID → cumulative energy (pid_to_consumption) [comm="stress_core"] ===
PID      energy            
187893   263869590000      
187890   264037900000      
187898   262613880000      
187895   263281950000      
187896   264966970000      
187891   266006000000      
187897   262944920000      
187892   263300280000      
187899   259268230000      
187894   262499410000      

[H[JPolling energy-fair scheduler maps every 100 millisecond(s)...
Real time since poller start: 46.776046 s
Filter: comm "stress_core"
Maps shown: total power consumption 

=== System totals (total) ===
  cpu_time:  796463608745 ns
  energy:    36575140440000 (units of your kfunc)
  uncore_energy:    973198288930290000 (units of your kfunc)

=== PID → power (EMA) (pid_to_power) [comm="stress_core"] ===
PID      power             
187894   43                
187897   45                
187898   24                
187895   44                
187899   39                
187890   42                
187893   47                
187896   34                
187892   83                
187891   32                

=== PID → cumulative energy (pid_to_consumption) [comm="stress_core"] ===
PID      energy            
187893   263869590000      
187890   264037900000      
187898   262613880000      
187895   263281950000      
187896   264966970000      
187891   266006000000      
187897   262944920000      
187892   263300280000      
187899   259268230000      
187894   262499410000      

[H[JPolling energy-fair scheduler maps every 100 millisecond(s)...
Real time since poller start: 46.894770 s
Filter: comm "stress_core"
Maps shown: total power consumption 

=== System totals (total) ===
  cpu_time:  796482940890 ns
  energy:    36575994780000 (units of your kfunc)
  uncore_energy:    973198327613610000 (units of your kfunc)

=== PID → power (EMA) (pid_to_power) [comm="stress_core"] ===
PID      power             
187894   43                
187897   45                
187898   24                
187895   44                
187899   39                
187890   42                
187893   47                
187896   34                
187892   83                
187891   32                

=== PID → cumulative energy (pid_to_consumption) [comm="stress_core"] ===
PID      energy            
187893   263869590000      
187890   264037900000      
187898   262613880000      
187895   263281950000      
187896   264966970000      
187891   266006000000      
187897   262944920000      
187892   263300280000      
187899   259268230000      
187894   262499410000      

[H[JPolling energy-fair scheduler maps every 100 millisecond(s)...
Real time since poller start: 47.013615 s
Filter: comm "stress_core"
Maps shown: total power consumption 

=== System totals (total) ===
  cpu_time:  796503165121 ns
  energy:    36576896120000 (units of your kfunc)
  uncore_energy:    973198522884610000 (units of your kfunc)

=== PID → power (EMA) (pid_to_power) [comm="stress_core"] ===
PID      power             
187894   43                
187897   45                
187898   24                
187895   44                
187899   39                
187890   42                
187893   47                
187896   34                
187892   83                
187891   32                

=== PID → cumulative energy (pid_to_consumption) [comm="stress_core"] ===
PID      energy            
187893   263869590000      
187890   264037900000      
187898   262613880000      
187895   263281950000      
187896   264966970000      
187891   266006000000      
187897   262944920000      
187892   263300280000      
187899   259268230000      
187894   262499410000      

[H[JPolling energy-fair scheduler maps every 100 millisecond(s)...
Real time since poller start: 47.132381 s
Filter: comm "stress_core"
Maps shown: total power consumption 

=== System totals (total) ===
  cpu_time:  796523104188 ns
  energy:    36577756120000 (units of your kfunc)
  uncore_energy:    973198678491280000 (units of your kfunc)

=== PID → power (EMA) (pid_to_power) [comm="stress_core"] ===
PID      power             
187894   43                
187897   45                
187898   24                
187895   44                
187899   39                
187890   42                
187893   47                
187896   34                
187892   83                
187891   32                

=== PID → cumulative energy (pid_to_consumption) [comm="stress_core"] ===
PID      energy            
187893   263869590000      
187890   264037900000      
187898   262613880000      
187895   263281950000      
187896   264966970000      
187891   266006000000      
187897   262944920000      
187892   263300280000      
187899   259268230000      
187894   262499410000      

[H[JPolling energy-fair scheduler maps every 100 millisecond(s)...
Real time since poller start: 47.251239 s
Filter: comm "stress_core"
Maps shown: total power consumption 

=== System totals (total) ===
  cpu_time:  796543459729 ns
  energy:    36578633650000 (units of your kfunc)
  uncore_energy:    973198899987710000 (units of your kfunc)

=== PID → power (EMA) (pid_to_power) [comm="stress_core"] ===
PID      power             
187894   43                
187897   45                
187898   24                
187895   44                
187899   39                
187890   42                
187893   47                
187896   34                
187892   83                
187891   32                

=== PID → cumulative energy (pid_to_consumption) [comm="stress_core"] ===
PID      energy            
187893   263869590000      
187890   264037900000      
187898   262613880000      
187895   263281950000      
187896   264966970000      
187891   266006000000      
187897   262944920000      
187892   263300280000      
187899   259268230000      
187894   262499410000      

[H[JPolling energy-fair scheduler maps every 100 millisecond(s)...
Real time since poller start: 47.370055 s
Filter: comm "stress_core"
Maps shown: total power consumption 

=== System totals (total) ===
  cpu_time:  796563155145 ns
  energy:    36579480820000 (units of your kfunc)
  uncore_energy:    973199019247970000 (units of your kfunc)

=== PID → power (EMA) (pid_to_power) [comm="stress_core"] ===
PID      power             
187894   43                
187897   45                
187898   24                
187895   44                
187899   39                
187890   42                
187893   47                
187896   34                
187892   83                
187891   32                

=== PID → cumulative energy (pid_to_consumption) [comm="stress_core"] ===
PID      energy            
187893   263869590000      
187890   264037900000      
187898   262613880000      
187895   263281950000      
187896   264966970000      
187891   266006000000      
187897   262944920000      
187892   263300280000      
187899   259268230000      
187894   262499410000      

[H[JPolling energy-fair scheduler maps every 100 millisecond(s)...
Real time since poller start: 47.488854 s
Filter: comm "stress_core"
Maps shown: total power consumption 

=== System totals (total) ===
  cpu_time:  796583442916 ns
  energy:    36580364140000 (units of your kfunc)
  uncore_energy:    973199134705890000 (units of your kfunc)

=== PID → power (EMA) (pid_to_power) [comm="stress_core"] ===
PID      power             
187894   43                
187897   45                
187898   24                
187895   44                
187899   39                
187890   42                
187893   47                
187896   34                
187892   83                
187891   32                

=== PID → cumulative energy (pid_to_consumption) [comm="stress_core"] ===
PID      energy            
187893   263869590000      
187890   264037900000      
187898   262613880000      
187895   263281950000      
187896   264966970000      
187891   266006000000      
187897   262944920000      
187892   263300280000      
187899   259268230000      
187894   262499410000      

[H[JPolling energy-fair scheduler maps every 100 millisecond(s)...
Real time since poller start: 47.607676 s
Filter: comm "stress_core"
Maps shown: total power consumption 

=== System totals (total) ===
  cpu_time:  796603679448 ns
  energy:    36581243660000 (units of your kfunc)
  uncore_energy:    973199285494920000 (units of your kfunc)

=== PID → power (EMA) (pid_to_power) [comm="stress_core"] ===
PID      power             
187894   43                
187897   45                
187898   24                
187895   44                
187899   39                
187890   42                
187893   47                
187896   34                
187892   83                
187891   32                

=== PID → cumulative energy (pid_to_consumption) [comm="stress_core"] ===
PID      energy            
187893   263869590000      
187890   264037900000      
187898   262613880000      
187895   263281950000      
187896   264966970000      
187891   266006000000      
187897   262944920000      
187892   263300280000      
187899   259268230000      
187894   262499410000      

[H[JPolling energy-fair scheduler maps every 100 millisecond(s)...
Real time since poller start: 47.726458 s
Filter: comm "stress_core"
Maps shown: total power consumption 

=== System totals (total) ===
  cpu_time:  796624257481 ns
  energy:    36582099230000 (units of your kfunc)
  uncore_energy:    973199420784220000 (units of your kfunc)

=== PID → power (EMA) (pid_to_power) [comm="stress_core"] ===
PID      power             
187894   43                
187897   45                
187898   24                
187895   44                
187899   39                
187890   42                
187893   47                
187896   34                
187892   83                
187891   32                

=== PID → cumulative energy (pid_to_consumption) [comm="stress_core"] ===
PID      energy            
187893   263869590000      
187890   264037900000      
187898   262613880000      
187895   263281950000      
187896   264966970000      
187891   266006000000      
187897   262944920000      
187892   263300280000      
187899   259268230000      
187894   262499410000      

[H[JPolling energy-fair scheduler maps every 100 millisecond(s)...
Real time since poller start: 47.845265 s
Filter: comm "stress_core"
Maps shown: total power consumption 

=== System totals (total) ===
  cpu_time:  796643290385 ns
  energy:    36582913130000 (units of your kfunc)
  uncore_energy:    973199594209360000 (units of your kfunc)

=== PID → power (EMA) (pid_to_power) [comm="stress_core"] ===
PID      power             
187894   43                
187897   45                
187898   24                
187895   44                
187899   39                
187890   42                
187893   47                
187896   34                
187892   83                
187891   32                

=== PID → cumulative energy (pid_to_consumption) [comm="stress_core"] ===
PID      energy            
187893   263869590000      
187890   264037900000      
187898   262613880000      
187895   263281950000      
187896   264966970000      
187891   266006000000      
187897   262944920000      
187892   263300280000      
187899   259268230000      
187894   262499410000      

[H[JPolling energy-fair scheduler maps every 100 millisecond(s)...
Real time since poller start: 47.964037 s
Filter: comm "stress_core"
Maps shown: total power consumption 

=== System totals (total) ===
  cpu_time:  796663596506 ns
  energy:    36583790980000 (units of your kfunc)
  uncore_energy:    973199787293760000 (units of your kfunc)

=== PID → power (EMA) (pid_to_power) [comm="stress_core"] ===
PID      power             
187894   43                
187897   45                
187898   24                
187895   44                
187899   39                
187890   42                
187893   47                
187896   34                
187892   83                
187891   32                

=== PID → cumulative energy (pid_to_consumption) [comm="stress_core"] ===
PID      energy            
187893   263869590000      
187890   264037900000      
187898   262613880000      
187895   263281950000      
187896   264966970000      
187891   266006000000      
187897   262944920000      
187892   263300280000      
187899   259268230000      
187894   262499410000      

[H[JPolling energy-fair scheduler maps every 100 millisecond(s)...
Real time since poller start: 48.082818 s
Filter: comm "stress_core"
Maps shown: total power consumption 

=== System totals (total) ===
  cpu_time:  796683584705 ns
  energy:    36584652950000 (units of your kfunc)
  uncore_energy:    973199899211640000 (units of your kfunc)

=== PID → power (EMA) (pid_to_power) [comm="stress_core"] ===
PID      power             
187894   43                
187897   45                
187898   24                
187895   44                
187899   39                
187890   42                
187893   47                
187896   34                
187892   83                
187891   32                

=== PID → cumulative energy (pid_to_consumption) [comm="stress_core"] ===
PID      energy            
187893   263869590000      
187890   264037900000      
187898   262613880000      
187895   263281950000      
187896   264966970000      
187891   266006000000      
187897   262944920000      
187892   263300280000      
187899   259268230000      
187894   262499410000      

[H[JPolling energy-fair scheduler maps every 100 millisecond(s)...
Real time since poller start: 48.201600 s
Filter: comm "stress_core"
Maps shown: total power consumption 

=== System totals (total) ===
  cpu_time:  796703007492 ns
  energy:    36585528060000 (units of your kfunc)
  uncore_energy:    973200051906320000 (units of your kfunc)

=== PID → power (EMA) (pid_to_power) [comm="stress_core"] ===
PID      power             
187894   43                
187897   45                
187898   24                
187895   44                
187899   39                
187890   42                
187893   47                
187896   34                
187892   83                
187891   32                

=== PID → cumulative energy (pid_to_consumption) [comm="stress_core"] ===
PID      energy            
187893   263869590000      
187890   264037900000      
187898   262613880000      
187895   263281950000      
187896   264966970000      
187891   266006000000      
187897   262944920000      
187892   263300280000      
187899   259268230000      
187894   262499410000      

[H[JPolling energy-fair scheduler maps every 100 millisecond(s)...
Real time since poller start: 48.320338 s
Filter: comm "stress_core"
Maps shown: total power consumption 

=== System totals (total) ===
  cpu_time:  796721782514 ns
  energy:    36586346540000 (units of your kfunc)
  uncore_energy:    973200215307660000 (units of your kfunc)

=== PID → power (EMA) (pid_to_power) [comm="stress_core"] ===
PID      power             
187894   43                
187897   45                
187898   24                
187895   44                
187899   39                
187890   42                
187893   47                
187896   34                
187892   83                
187891   32                

=== PID → cumulative energy (pid_to_consumption) [comm="stress_core"] ===
PID      energy            
187893   263869590000      
187890   264037900000      
187898   262613880000      
187895   263281950000      
187896   264966970000      
187891   266006000000      
187897   262944920000      
187892   263300280000      
187899   259268230000      
187894   262499410000      

[H[JPolling energy-fair scheduler maps every 100 millisecond(s)...
Real time since poller start: 48.439157 s
Filter: comm "stress_core"
Maps shown: total power consumption 

=== System totals (total) ===
  cpu_time:  796755825878 ns
  energy:    36587877300000 (units of your kfunc)
  uncore_energy:    973200388290910000 (units of your kfunc)

=== PID → power (EMA) (pid_to_power) [comm="stress_core"] ===
PID      power             
187894   43                
187897   45                
187898   24                
187895   44                
187899   39                
187890   42                
187893   47                
187896   34                
187892   83                
187891   32                

=== PID → cumulative energy (pid_to_consumption) [comm="stress_core"] ===
PID      energy            
187893   263869590000      
187890   264037900000      
187898   262613880000      
187895   263281950000      
187896   264966970000      
187891   266006000000      
187897   262944920000      
187892   263300280000      
187899   259268230000      
187894   262499410000      

[H[JPolling energy-fair scheduler maps every 100 millisecond(s)...
Real time since poller start: 48.557888 s
Filter: comm "stress_core"
Maps shown: total power consumption 

=== System totals (total) ===
  cpu_time:  796775936757 ns
  energy:    36588763520000 (units of your kfunc)
  uncore_energy:    973200507457790000 (units of your kfunc)

=== PID → power (EMA) (pid_to_power) [comm="stress_core"] ===
PID      power             
187894   43                
187897   45                
187898   24                
187895   44                
187899   39                
187890   42                
187893   47                
187896   34                
187892   83                
187891   32                

=== PID → cumulative energy (pid_to_consumption) [comm="stress_core"] ===
PID      energy            
187893   263869590000      
187890   264037900000      
187898   262613880000      
187895   263281950000      
187896   264966970000      
187891   266006000000      
187897   262944920000      
187892   263300280000      
187899   259268230000      
187894   262499410000      

[H[JPolling energy-fair scheduler maps every 100 millisecond(s)...
Real time since poller start: 48.676697 s
Filter: comm "stress_core"
Maps shown: total power consumption 

=== System totals (total) ===
  cpu_time:  796796528720 ns
  energy:    36589662260000 (units of your kfunc)
  uncore_energy:    973200691494960000 (units of your kfunc)

=== PID → power (EMA) (pid_to_power) [comm="stress_core"] ===
PID      power             
187894   43                
187897   45                
187898   24                
187895   44                
187899   39                
187890   42                
187893   47                
187896   34                
187892   83                
187891   32                

=== PID → cumulative energy (pid_to_consumption) [comm="stress_core"] ===
PID      energy            
187893   263869590000      
187890   264037900000      
187898   262613880000      
187895   263281950000      
187896   264966970000      
187891   266006000000      
187897   262944920000      
187892   263300280000      
187899   259268230000      
187894   262499410000      

[H[JPolling energy-fair scheduler maps every 100 millisecond(s)...
Real time since poller start: 48.795472 s
Filter: comm "stress_core"
Maps shown: total power consumption 

=== System totals (total) ===
  cpu_time:  796816022027 ns
  energy:    36590493570000 (units of your kfunc)
  uncore_energy:    973200772475790000 (units of your kfunc)

=== PID → power (EMA) (pid_to_power) [comm="stress_core"] ===
PID      power             
187894   43                
187897   45                
187898   24                
187895   44                
187899   39                
187890   42                
187893   47                
187896   34                
187892   83                
187891   32                

=== PID → cumulative energy (pid_to_consumption) [comm="stress_core"] ===
PID      energy            
187893   263869590000      
187890   264037900000      
187898   262613880000      
187895   263281950000      
187896   264966970000      
187891   266006000000      
187897   262944920000      
187892   263300280000      
187899   259268230000      
187894   262499410000      

[H[JPolling energy-fair scheduler maps every 100 millisecond(s)...
Real time since poller start: 48.914277 s
Filter: comm "stress_core"
Maps shown: total power consumption 

=== System totals (total) ===
  cpu_time:  796834781139 ns
  energy:    36591302750000 (units of your kfunc)
  uncore_energy:    973200912408340000 (units of your kfunc)

=== PID → power (EMA) (pid_to_power) [comm="stress_core"] ===
PID      power             
187894   43                
187897   45                
187898   24                
187895   44                
187899   39                
187890   42                
187893   47                
187896   34                
187892   83                
187891   32                

=== PID → cumulative energy (pid_to_consumption) [comm="stress_core"] ===
PID      energy            
187893   263869590000      
187890   264037900000      
187898   262613880000      
187895   263281950000      
187896   264966970000      
187891   266006000000      
187897   262944920000      
187892   263300280000      
187899   259268230000      
187894   262499410000      

[H[JPolling energy-fair scheduler maps every 100 millisecond(s)...
Real time since poller start: 49.033067 s
Filter: comm "stress_core"
Maps shown: total power consumption 

=== System totals (total) ===
  cpu_time:  796855476072 ns
  energy:    36592197080000 (units of your kfunc)
  uncore_energy:    973201182760340000 (units of your kfunc)

=== PID → power (EMA) (pid_to_power) [comm="stress_core"] ===
PID      power             
187894   43                
187897   45                
187898   24                
187895   44                
187899   39                
187890   42                
187893   47                
187896   34                
187892   83                
187891   32                

=== PID → cumulative energy (pid_to_consumption) [comm="stress_core"] ===
PID      energy            
187893   263869590000      
187890   264037900000      
187898   262613880000      
187895   263281950000      
187896   264966970000      
187891   266006000000      
187897   262944920000      
187892   263300280000      
187899   259268230000      
187894   262499410000      

[H[JPolling energy-fair scheduler maps every 100 millisecond(s)...
Real time since poller start: 49.151830 s
Filter: comm "stress_core"
Maps shown: total power consumption 

=== System totals (total) ===
  cpu_time:  796874349544 ns
  energy:    36593036610000 (units of your kfunc)
  uncore_energy:    973201271875340000 (units of your kfunc)

=== PID → power (EMA) (pid_to_power) [comm="stress_core"] ===
PID      power             
187894   43                
187897   45                
187898   24                
187895   44                
187899   39                
187890   42                
187893   47                
187896   34                
187892   83                
187891   32                

=== PID → cumulative energy (pid_to_consumption) [comm="stress_core"] ===
PID      energy            
187893   263869590000      
187890   264037900000      
187898   262613880000      
187895   263281950000      
187896   264966970000      
187891   266006000000      
187897   262944920000      
187892   263300280000      
187899   259268230000      
187894   262499410000      

[H[JPolling energy-fair scheduler maps every 100 millisecond(s)...
Real time since poller start: 49.270656 s
Filter: comm "stress_core"
Maps shown: total power consumption 

=== System totals (total) ===
  cpu_time:  797022023081 ns
  energy:    36600530200000 (units of your kfunc)
  uncore_energy:    973201500076790000 (units of your kfunc)

=== PID → power (EMA) (pid_to_power) [comm="stress_core"] ===
PID      power             
187894   52                
187897   49                
187898   40                
187895   40                
187899   25                
187890   49                
187893   36                
187896   34                
187892   23                
187891   31                

=== PID → cumulative energy (pid_to_consumption) [comm="stress_core"] ===
PID      energy            
187893   265270330000      
187890   265308970000      
187898   263876540000      
187895   264692900000      
187896   266436710000      
187891   267482430000      
187897   264443470000      
187892   264603080000      
187899   260838510000      
187894   264166580000      

[H[JPolling energy-fair scheduler maps every 100 millisecond(s)...
Real time since poller start: 49.389545 s
Filter: comm "stress_core"
Maps shown: total power consumption 

=== System totals (total) ===
  cpu_time:  797813577510 ns
  energy:    36633578060000 (units of your kfunc)
  uncore_energy:    973201657715880000 (units of your kfunc)

=== PID → power (EMA) (pid_to_power) [comm="stress_core"] ===
PID      power             
187894   47                
187897   49                
187898   34                
187895   42                
187899   31                
187890   33                
187893   32                
187896   35                
187892   50                
187891   37                

=== PID → cumulative energy (pid_to_consumption) [comm="stress_core"] ===
PID      energy            
187893   268196680000      
187890   268261290000      
187898   266745780000      
187895   267586410000      
187896   269344250000      
187891   270239940000      
187897   267348270000      
187892   267533500000      
187899   263615800000      
187894   266916080000      

[H[JPolling energy-fair scheduler maps every 100 millisecond(s)...
Real time since poller start: 49.508640 s
Filter: comm "stress_core"
Maps shown: total power consumption 

=== System totals (total) ===
  cpu_time:  798545944035 ns
  energy:    36662880850000 (units of your kfunc)
  uncore_energy:    973201819084780000 (units of your kfunc)

=== PID → power (EMA) (pid_to_power) [comm="stress_core"] ===
PID      power             
187894   43                
187897   26                
187898   29                
187895   31                
187899   53                
187890   41                
187893   28                
187896   46                
187892   25                
187891   35                

=== PID → cumulative energy (pid_to_consumption) [comm="stress_core"] ===
PID      energy            
187893   270743770000      
187890   270674640000      
187898   269450850000      
187895   270204690000      
187896   272087960000      
187891   272901560000      
187897   270126030000      
187892   270212750000      
187899   266207570000      
187894   269684300000      

[H[JPolling energy-fair scheduler maps every 100 millisecond(s)...
Real time since poller start: 49.627513 s
Filter: comm "stress_core"
Maps shown: total power consumption 

=== System totals (total) ===
  cpu_time:  799299786811 ns
  energy:    36692950920000 (units of your kfunc)
  uncore_energy:    973201979950990000 (units of your kfunc)

=== PID → power (EMA) (pid_to_power) [comm="stress_core"] ===
PID      power             
187894   24                
187897   38                
187898   42                
187895   25                
187899   40                
187890   31                
187893   29                
187896   43                
187892   39                
187891   30                

=== PID → cumulative energy (pid_to_consumption) [comm="stress_core"] ===
PID      energy            
187893   273390980000      
187890   273508790000      
187898   272318570000      
187895   272953220000      
187896   274668470000      
187891   275713640000      
187897   273027330000      
187892   273111920000      
187899   268964270000      
187894   272434690000      

[H[JPolling energy-fair scheduler maps every 100 millisecond(s)...
Real time since poller start: 49.746380 s
Filter: comm "stress_core"
Maps shown: total power consumption 

=== System totals (total) ===
  cpu_time:  800062452509 ns
  energy:    36723620670000 (units of your kfunc)
  uncore_energy:    973202141522450000 (units of your kfunc)

=== PID → power (EMA) (pid_to_power) [comm="stress_core"] ===
PID      power             
187894   28                
187897   31                
187898   37                
187895   37                
187899   42                
187890   24                
187893   38                
187896   35                
187892   35                
187891   48                

=== PID → cumulative energy (pid_to_consumption) [comm="stress_core"] ===
PID      energy            
187893   276146530000      
187890   276269470000      
187898   275131980000      
187895   275615600000      
187896   277495330000      
187891   278700130000      
187897   275853270000      
187892   276150540000      
187899   272102700000      
187894   275336920000      

[H[JPolling energy-fair scheduler maps every 100 millisecond(s)...
Real time since poller start: 49.870400 s
Filter: comm "stress_core"
Maps shown: total power consumption 

=== System totals (total) ===
  cpu_time:  800865817808 ns
  energy:    36756668440000 (units of your kfunc)
  uncore_energy:    973202313711190000 (units of your kfunc)

=== PID → power (EMA) (pid_to_power) [comm="stress_core"] ===
PID      power             
187894   26                
187897   50                
187898   24                
187895   46                
187899   43                
187890   35                
187893   40                
187896   49                
187892   35                
187891   33                

=== PID → cumulative energy (pid_to_consumption) [comm="stress_core"] ===
PID      energy            
187893   278821110000      
187890   279036790000      
187898   277953350000      
187895   278536890000      
187896   280223860000      
187891   281367070000      
187897   278560920000      
187892   278991610000      
187899   274943710000      
187894   278017310000      

[H[JPolling energy-fair scheduler maps every 100 millisecond(s)...
Real time since poller start: 49.989253 s
Filter: comm "stress_core"
Maps shown: total power consumption 

=== System totals (total) ===
  cpu_time:  801666833242 ns
  energy:    36788877740000 (units of your kfunc)
  uncore_energy:    973202474268460000 (units of your kfunc)

=== PID → power (EMA) (pid_to_power) [comm="stress_core"] ===
PID      power             
187894   50                
187897   33                
187898   47                
187895   45                
187899   49                
187890   33                
187893   29                
187896   34                
187892   42                
187891   47                

=== PID → cumulative energy (pid_to_consumption) [comm="stress_core"] ===
PID      energy            
187893   281558460000      
187890   281515080000      
187898   280521760000      
187895   281216790000      
187896   282860480000      
187891   284147030000      
187897   281448080000      
187892   281789110000      
187899   277631500000      
187894   280626520000      

[H[JPolling energy-fair scheduler maps every 100 millisecond(s)...
Real time since poller start: 50.108225 s
Filter: comm "stress_core"
Maps shown: total power consumption 

=== System totals (total) ===
  cpu_time:  802429995466 ns
  energy:    36820107290000 (units of your kfunc)
  uncore_energy:    973202635632600000 (units of your kfunc)

=== PID → power (EMA) (pid_to_power) [comm="stress_core"] ===
PID      power             
187894   23                
187897   44                
187898   44                
187895   33                
187899   48                
187890   44                
187893   31                
187896   34                
187892   31                
187891   25                

=== PID → cumulative energy (pid_to_consumption) [comm="stress_core"] ===
PID      energy            
187893   284023930000      
187890   284096690000      
187898   283230800000      
187895   283814110000      
187896   285507710000      
187891   286642440000      
187897   284105880000      
187892   284354000000      
187899   280375920000      
187894   283135270000      

[H[JPolling energy-fair scheduler maps every 100 millisecond(s)...
Real time since poller start: 50.227107 s
Filter: comm "stress_core"
Maps shown: total power consumption 

=== System totals (total) ===
  cpu_time:  803196168450 ns
  energy:    36852217580000 (units of your kfunc)
  uncore_energy:    973202799943210000 (units of your kfunc)

=== PID → power (EMA) (pid_to_power) [comm="stress_core"] ===
PID      power             
187894   56                
187897   45                
187898   31                
187895   56                
187899   23                
187890   37                
187893   37                
187896   21                
187892   51                
187891   45                

=== PID → cumulative energy (pid_to_consumption) [comm="stress_core"] ===
PID      energy            
187893   286732710000      
187890   286723490000      
187898   285843960000      
187895   286713590000      
187896   288106390000      
187891   289293060000      
187897   286694560000      
187892   287119150000      
187899   283203430000      
187894   285933290000      

[H[JPolling energy-fair scheduler maps every 100 millisecond(s)...
Real time since poller start: 50.346103 s
Filter: comm "stress_core"
Maps shown: total power consumption 

=== System totals (total) ===
  cpu_time:  803927502505 ns
  energy:    36883063480000 (units of your kfunc)
  uncore_energy:    973202960144830000 (units of your kfunc)

=== PID → power (EMA) (pid_to_power) [comm="stress_core"] ===
PID      power             
187894   49                
187897   27                
187898   31                
187895   41                
187899   33                
187890   40                
187893   40                
187896   49                
187892   37                
187891   37                

=== PID → cumulative energy (pid_to_consumption) [comm="stress_core"] ===
PID      energy            
187893   289458670000      
187890   289461390000      
187898   288564940000      
187895   289422750000      
187896   290950370000      
187891   291971010000      
187897   289602130000      
187892   289899560000      
187899   285874810000      
187894   288658640000      

[H[JPolling energy-fair scheduler maps every 100 millisecond(s)...
Real time since poller start: 50.465057 s
Filter: comm "stress_core"
Maps shown: total power consumption 

=== System totals (total) ===
  cpu_time:  804664644307 ns
  energy:    36914185790000 (units of your kfunc)
  uncore_energy:    973203119412230000 (units of your kfunc)

=== PID → power (EMA) (pid_to_power) [comm="stress_core"] ===
PID      power             
187894   43                
187897   50                
187898   51                
187895   51                
187899   38                
187890   51                
187893   39                
187896   45                
187892   47                
187891   38                

=== PID → cumulative energy (pid_to_consumption) [comm="stress_core"] ===
PID      energy            
187893   292242670000      
187890   292305320000      
187898   291357780000      
187895   292276760000      
187896   293848800000      
187891   294817250000      
187897   292343540000      
187892   292625070000      
187899   288756720000      
187894   291421230000      

[H[JPolling energy-fair scheduler maps every 100 millisecond(s)...
Real time since poller start: 50.584214 s
Filter: comm "stress_core"
Maps shown: total power consumption 

=== System totals (total) ===
  cpu_time:  805371075298 ns
  energy:    36944018610000 (units of your kfunc)
  uncore_energy:    973203277493380000 (units of your kfunc)

=== PID → power (EMA) (pid_to_power) [comm="stress_core"] ===
PID      power             
187894   44                
187897   30                
187898   51                
187895   30                
187899   40                
187890   34                
187893   34                
187896   34                
187892   30                
187891   45                

=== PID → cumulative energy (pid_to_consumption) [comm="stress_core"] ===
PID      energy            
187893   295193950000      
187890   295221050000      
187898   294032940000      
187895   294853110000      
187896   296635810000      
187891   297529190000      
187897   294872520000      
187892   295165350000      
187899   291394550000      
187894   294232450000      

[H[JPolling energy-fair scheduler maps every 100 millisecond(s)...
Real time since poller start: 50.703152 s
Filter: comm "stress_core"
Maps shown: total power consumption 

=== System totals (total) ===
  cpu_time:  806093959987 ns
  energy:    36973817020000 (units of your kfunc)
  uncore_energy:    973203439031030000 (units of your kfunc)

=== PID → power (EMA) (pid_to_power) [comm="stress_core"] ===
PID      power             
187894   32                
187897   39                
187898   49                
187895   49                
187899   34                
187890   33                
187893   38                
187896   27                
187892   46                
187891   36                

=== PID → cumulative energy (pid_to_consumption) [comm="stress_core"] ===
PID      energy            
187893   298124670000      
187890   297832310000      
187898   296715580000      
187895   297705170000      
187896   299279030000      
187891   300292170000      
187897   297462890000      
187892   298117650000      
187899   294103460000      
187894   297017460000      

[H[JPolling energy-fair scheduler maps every 100 millisecond(s)...
Real time since poller start: 50.821978 s
Filter: comm "stress_core"
Maps shown: total power consumption 

=== System totals (total) ===
  cpu_time:  806834596544 ns
  energy:    37004321520000 (units of your kfunc)
  uncore_energy:    973203599913700000 (units of your kfunc)

=== PID → power (EMA) (pid_to_power) [comm="stress_core"] ===
PID      power             
187894   53                
187897   38                
187898   39                
187895   26                
187899   41                
187890   41                
187893   53                
187896   38                
187892   31                
187891   38                

=== PID → cumulative energy (pid_to_consumption) [comm="stress_core"] ===
PID      energy            
187893   300896740000      
187890   300667540000      
187898   299565460000      
187895   300667190000      
187896   302138060000      
187891   303255100000      
187897   300291400000      
187892   301171720000      
187899   297020790000      
187894   299970940000      

[H[JPolling energy-fair scheduler maps every 100 millisecond(s)...
Real time since poller start: 50.940795 s
Filter: comm "stress_core"
Maps shown: total power consumption 

=== System totals (total) ===
  cpu_time:  807603772351 ns
  energy:    37036108990000 (units of your kfunc)
  uncore_energy:    973203758748490000 (units of your kfunc)

=== PID → power (EMA) (pid_to_power) [comm="stress_core"] ===
PID      power             
187894   44                
187897   47                
187898   48                
187895   30                
187899   31                
187890   42                
187893   29                
187896   49                
187892   51                
187891   30                

=== PID → cumulative energy (pid_to_consumption) [comm="stress_core"] ===
PID      energy            
187893   303725910000      
187890   303540440000      
187898   302576250000      
187895   303553740000      
187896   305077850000      
187891   306219860000      
187897   303322200000      
187892   304346600000      
187899   299975620000      
187894   302866720000      

[H[JPolling energy-fair scheduler maps every 100 millisecond(s)...
Real time since poller start: 51.059560 s
Filter: comm "stress_core"
Maps shown: total power consumption 

=== System totals (total) ===
  cpu_time:  808351336902 ns
  energy:    37067254450000 (units of your kfunc)
  uncore_energy:    973203917508880000 (units of your kfunc)

=== PID → power (EMA) (pid_to_power) [comm="stress_core"] ===
PID      power             
187894   26                
187897   44                
187898   31                
187895   44                
187899   34                
187890   34                
187893   25                
187896   29                
187892   40                
187891   35                

=== PID → cumulative energy (pid_to_consumption) [comm="stress_core"] ===
PID      energy            
187893   306695090000      
187890   306590790000      
187898   305573780000      
187895   306382520000      
187896   307891400000      
187891   309135670000      
187897   306101560000      
187892   307190870000      
187899   302978610000      
187894   305679130000      

[H[JPolling energy-fair scheduler maps every 100 millisecond(s)...
Real time since poller start: 51.178391 s
Filter: comm "stress_core"
Maps shown: total power consumption 

=== System totals (total) ===
  cpu_time:  809110222929 ns
  energy:    37098805490000 (units of your kfunc)
  uncore_energy:    973204077582750000 (units of your kfunc)

=== PID → power (EMA) (pid_to_power) [comm="stress_core"] ===
PID      power             
187894   34                
187897   46                
187898   48                
187895   48                
187899   35                
187890   46                
187893   42                
187896   21                
187892   48                
187891   51                

=== PID → cumulative energy (pid_to_consumption) [comm="stress_core"] ===
PID      energy            
187893   309635920000      
187890   309535430000      
187898   308780540000      
187895   309543120000      
187896   310770890000      
187891   312080020000      
187897   309134840000      
187892   310105640000      
187899   305841190000      
187894   308655320000      

[H[JPolling energy-fair scheduler maps every 100 millisecond(s)...
Real time since poller start: 51.297177 s
Filter: comm "stress_core"
Maps shown: total power consumption 

=== System totals (total) ===
  cpu_time:  809861789941 ns
  energy:    37128807770000 (units of your kfunc)
  uncore_energy:    973204239260460000 (units of your kfunc)

=== PID → power (EMA) (pid_to_power) [comm="stress_core"] ===
PID      power             
187894   26                
187897   40                
187898   28                
187895   31                
187899   45                
187890   38                
187893   32                
187896   35                
187892   39                
187891   44                

=== PID → cumulative energy (pid_to_consumption) [comm="stress_core"] ===
PID      energy            
187893   312349370000      
187890   312233890000      
187898   311560510000      
187895   312434490000      
187896   313469570000      
187891   314894360000      
187897   311850480000      
187892   313157470000      
187899   308599390000      
187894   311536970000      

[H[JPolling energy-fair scheduler maps every 100 millisecond(s)...
Real time since poller start: 51.415932 s
Filter: comm "stress_core"
Maps shown: total power consumption 

=== System totals (total) ===
  cpu_time:  810611973954 ns
  energy:    37159611690000 (units of your kfunc)
  uncore_energy:    973204398564880000 (units of your kfunc)

=== PID → power (EMA) (pid_to_power) [comm="stress_core"] ===
PID      power             
187894   27                
187897   40                
187898   23                
187895   36                
187899   34                
187890   51                
187893   38                
187896   25                
187892   37                
187891   48                

=== PID → cumulative energy (pid_to_consumption) [comm="stress_core"] ===
PID      energy            
187893   315202000000      
187890   315104310000      
187898   314296410000      
187895   315390700000      
187896   316188710000      
187891   317824040000      
187897   314699740000      
187892   316077930000      
187899   311307520000      
187894   314561720000      

[H[JPolling energy-fair scheduler maps every 100 millisecond(s)...
Real time since poller start: 51.534816 s
Filter: comm "stress_core"
Maps shown: total power consumption 

=== System totals (total) ===
  cpu_time:  811357523978 ns
  energy:    37190557080000 (units of your kfunc)
  uncore_energy:    973204558195360000 (units of your kfunc)

=== PID → power (EMA) (pid_to_power) [comm="stress_core"] ===
PID      power             
187894   35                
187897   45                
187898   26                
187895   44                
187899   35                
187890   26                
187893   48                
187896   44                
187892   41                
187891   50                

=== PID → cumulative energy (pid_to_consumption) [comm="stress_core"] ===
PID      energy            
187893   317990110000      
187890   317777480000      
187898   317193030000      
187895   318106450000      
187896   318887200000      
187891   320677310000      
187897   317379620000      
187892   318886460000      
187899   314271540000      
187894   317437500000      

[H[JPolling energy-fair scheduler maps every 100 millisecond(s)...
Real time since poller start: 51.653530 s
Filter: comm "stress_core"
Maps shown: total power consumption 

=== System totals (total) ===
  cpu_time:  812101076700 ns
  energy:    37221617920000 (units of your kfunc)
  uncore_energy:    973204718953210000 (units of your kfunc)

=== PID → power (EMA) (pid_to_power) [comm="stress_core"] ===
PID      power             
187894   38                
187897   57                
187898   26                
187895   26                
187899   41                
187890   53                
187893   48                
187896   47                
187892   43                
187891   33                

=== PID → cumulative energy (pid_to_consumption) [comm="stress_core"] ===
PID      energy            
187893   320802600000      
187890   320646710000      
187898   319902540000      
187895   321037330000      
187896   321541950000      
187891   323571460000      
187897   320136900000      
187892   321607400000      
187899   317052960000      
187894   320292070000      

[H[JPolling energy-fair scheduler maps every 100 millisecond(s)...
Real time since poller start: 51.772238 s
Filter: comm "stress_core"
Maps shown: total power consumption 

=== System totals (total) ===
  cpu_time:  812841563187 ns
  energy:    37252212910000 (units of your kfunc)
  uncore_energy:    973204880681980000 (units of your kfunc)

=== PID → power (EMA) (pid_to_power) [comm="stress_core"] ===
PID      power             
187894   33                
187897   49                
187898   32                
187895   34                
187899   38                
187890   34                
187893   46                
187896   26                
187892   29                
187891   40                

=== PID → cumulative energy (pid_to_consumption) [comm="stress_core"] ===
PID      energy            
187893   323810700000      
187890   323386770000      
187898   322681480000      
187895   324113350000      
187896   324591580000      
187891   326536870000      
187897   323103020000      
187892   324439130000      
187899   319958170000      
187894   323307840000      

[H[JPolling energy-fair scheduler maps every 100 millisecond(s)...
Real time since poller start: 51.891854 s
Filter: comm "stress_core"
Maps shown: total power consumption 

=== System totals (total) ===
  cpu_time:  813606947574 ns
  energy:    37284260180000 (units of your kfunc)
  uncore_energy:    973205046368170000 (units of your kfunc)

=== PID → power (EMA) (pid_to_power) [comm="stress_core"] ===
PID      power             
187894   29                
187897   33                
187898   43                
187895   38                
187899   48                
187890   30                
187893   33                
187896   36                
187892   29                
187891   38                

=== PID → cumulative energy (pid_to_consumption) [comm="stress_core"] ===
PID      energy            
187893   326682990000      
187890   326341470000      
187898   325548600000      
187895   326834590000      
187896   327404130000      
187891   329413300000      
187897   325962810000      
187892   327023270000      
187899   322644170000      
187894   326068730000      

[H[JPolling energy-fair scheduler maps every 100 millisecond(s)...
Real time since poller start: 52.010481 s
Filter: comm "stress_core"
Maps shown: total power consumption 

=== System totals (total) ===
  cpu_time:  814369854809 ns
  energy:    37315742710000 (units of your kfunc)
  uncore_energy:    973205206106040000 (units of your kfunc)

=== PID → power (EMA) (pid_to_power) [comm="stress_core"] ===
PID      power             
187894   41                
187897   39                
187898   36                
187895   50                
187899   42                
187890   44                
187893   48                
187896   36                
187892   50                
187891   37                

=== PID → cumulative energy (pid_to_consumption) [comm="stress_core"] ===
PID      energy            
187893   329273020000      
187890   328998630000      
187898   328145930000      
187895   329542700000      
187896   330031880000      
187891   332186570000      
187897   328522300000      
187892   329854970000      
187899   325404940000      
187894   328740070000      

[H[JPolling energy-fair scheduler maps every 100 millisecond(s)...
Real time since poller start: 52.129127 s
Filter: comm "stress_core"
Maps shown: total power consumption 

=== System totals (total) ===
  cpu_time:  815158863480 ns
  energy:    37349455390000 (units of your kfunc)
  uncore_energy:    973205364866500000 (units of your kfunc)

=== PID → power (EMA) (pid_to_power) [comm="stress_core"] ===
PID      power             
187894   42                
187897   44                
187898   44                
187895   45                
187899   33                
187890   37                
187893   44                
187896   38                
187892   43                
187891   50                

=== PID → cumulative energy (pid_to_consumption) [comm="stress_core"] ===
PID      energy            
187893   331978100000      
187890   331714740000      
187898   330893080000      
187895   332422480000      
187896   332823020000      
187891   335012070000      
187897   331236430000      
187892   332702700000      
187899   328156530000      
187894   331737090000      

[H[JPolling energy-fair scheduler maps every 100 millisecond(s)...
Real time since poller start: 52.247826 s
Filter: comm "stress_core"
Maps shown: total power consumption 

=== System totals (total) ===
  cpu_time:  815950065202 ns
  energy:    37383314230000 (units of your kfunc)
  uncore_energy:    973205524574710000 (units of your kfunc)

=== PID → power (EMA) (pid_to_power) [comm="stress_core"] ===
PID      power             
187894   48                
187897   43                
187898   38                
187895   33                
187899   47                
187890   37                
187893   33                
187896   50                
187892   41                
187891   57                

=== PID → cumulative energy (pid_to_consumption) [comm="stress_core"] ===
PID      energy            
187893   334684560000      
187890   334737360000      
187898   333638890000      
187895   335310840000      
187896   335788210000      
187891   337763100000      
187897   334113870000      
187892   335596220000      
187899   331063450000      
187894   334414520000      

[H[JPolling energy-fair scheduler maps every 100 millisecond(s)...
Real time since poller start: 52.368936 s
Filter: comm "stress_core"
Maps shown: total power consumption 

=== System totals (total) ===
  cpu_time:  816718390663 ns
  energy:    37416385460000 (units of your kfunc)
  uncore_energy:    973205690972320000 (units of your kfunc)

=== PID → power (EMA) (pid_to_power) [comm="stress_core"] ===
PID      power             
187894   47                
187897   27                
187898   54                
187895   50                
187899   37                
187890   50                
187893   49                
187896   45                
187892   54                
187891   46                

=== PID → cumulative energy (pid_to_consumption) [comm="stress_core"] ===
PID      energy            
187893   337624150000      
187890   337786010000      
187898   336591330000      
187895   338357430000      
187896   338708920000      
187891   340744660000      
187897   336960360000      
187892   338510010000      
187899   333962800000      
187894   337220110000      

[H[JPolling energy-fair scheduler maps every 100 millisecond(s)...
Real time since poller start: 52.487629 s
Filter: comm "stress_core"
Maps shown: total power consumption 

=== System totals (total) ===
  cpu_time:  817439132829 ns
  energy:    37447720310000 (units of your kfunc)
  uncore_energy:    973205849076560000 (units of your kfunc)

=== PID → power (EMA) (pid_to_power) [comm="stress_core"] ===
PID      power             
187894   41                
187897   49                
187898   50                
187895   34                
187899   33                
187890   46                
187893   35                
187896   38                
187892   36                
187891   36                

=== PID → cumulative energy (pid_to_consumption) [comm="stress_core"] ===
PID      energy            
187893   340432990000      
187890   340675250000      
187898   339481980000      
187895   341118540000      
187896   341391280000      
187891   343546710000      
187897   339911860000      
187892   341381100000      
187899   336679370000      
187894   340102180000      

[H[JPolling energy-fair scheduler maps every 100 millisecond(s)...
Real time since poller start: 52.606462 s
Filter: comm "stress_core"
Maps shown: total power consumption 

=== System totals (total) ===
  cpu_time:  818153632482 ns
  energy:    37477739350000 (units of your kfunc)
  uncore_energy:    973206008945670000 (units of your kfunc)

=== PID → power (EMA) (pid_to_power) [comm="stress_core"] ===
PID      power             
187894   49                
187897   43                
187898   34                
187895   41                
187899   51                
187890   41                
187893   44                
187896   29                
187892   43                
187891   30                

=== PID → cumulative energy (pid_to_consumption) [comm="stress_core"] ===
PID      energy            
187893   343104580000      
187890   343306500000      
187898   342294580000      
187895   343950020000      
187896   344079440000      
187891   346169230000      
187897   342634000000      
187892   344105100000      
187899   339505720000      
187894   342940370000      

[H[JPolling energy-fair scheduler maps every 100 millisecond(s)...
Real time since poller start: 52.725532 s
Filter: comm "stress_core"
Maps shown: total power consumption 

=== System totals (total) ===
  cpu_time:  818876894220 ns
  energy:    37507398420000 (units of your kfunc)
  uncore_energy:    973206170080670000 (units of your kfunc)

=== PID → power (EMA) (pid_to_power) [comm="stress_core"] ===
PID      power             
187894   33                
187897   29                
187898   57                
187895   37                
187899   37                
187890   39                
187893   42                
187896   47                
187892   32                
187891   44                

=== PID → cumulative energy (pid_to_consumption) [comm="stress_core"] ===
PID      energy            
187893   345731540000      
187890   346091330000      
187898   345088590000      
187895   346673000000      
187896   346742820000      
187891   348977340000      
187897   345401630000      
187892   346665090000      
187899   342259330000      
187894   345581240000      

[H[JPolling energy-fair scheduler maps every 100 millisecond(s)...
Real time since poller start: 52.844491 s
Filter: comm "stress_core"
Maps shown: total power consumption 

=== System totals (total) ===
  cpu_time:  819638342410 ns
  energy:    37539609180000 (units of your kfunc)
  uncore_energy:    973206330376320000 (units of your kfunc)

=== PID → power (EMA) (pid_to_power) [comm="stress_core"] ===
PID      power             
187894   36                
187897   42                
187898   53                
187895   32                
187899   41                
187890   25                
187893   48                
187896   43                
187892   44                
187891   41                

=== PID → cumulative energy (pid_to_consumption) [comm="stress_core"] ===
PID      energy            
187893   348589370000      
187890   349162160000      
187898   348132610000      
187895   349624340000      
187896   349589030000      
187891   352051250000      
187897   348560900000      
187892   349811560000      
187899   345265670000      
187894   348687980000      

[H[JPolling energy-fair scheduler maps every 100 millisecond(s)...
Real time since poller start: 52.963181 s
Filter: comm "stress_core"
Maps shown: total power consumption 

=== System totals (total) ===
  cpu_time:  820400964251 ns
  energy:    37570904390000 (units of your kfunc)
  uncore_energy:    973206493197320000 (units of your kfunc)

=== PID → power (EMA) (pid_to_power) [comm="stress_core"] ===
PID      power             
187894   30                
187897   33                
187898   32                
187895   43                
187899   26                
187890   35                
187893   45                
187896   42                
187892   41                
187891   30                

=== PID → cumulative energy (pid_to_consumption) [comm="stress_core"] ===
PID      energy            
187893   351452980000      
187890   352179400000      
187898   350950390000      
187895   352491450000      
187896   352517620000      
187891   355007470000      
187897   351426950000      
187892   352836960000      
187899   348195870000      
187894   351580240000      

[H[JPolling energy-fair scheduler maps every 100 millisecond(s)...
Real time since poller start: 53.081918 s
Filter: comm "stress_core"
Maps shown: total power consumption 

=== System totals (total) ===
  cpu_time:  821143166040 ns
  energy:    37601912510000 (units of your kfunc)
  uncore_energy:    973206651998470000 (units of your kfunc)

=== PID → power (EMA) (pid_to_power) [comm="stress_core"] ===
PID      power             
187894   47                
187897   27                
187898   38                
187895   49                
187899   28                
187890   45                
187893   45                
187896   32                
187892   30                
187891   51                

=== PID → cumulative energy (pid_to_consumption) [comm="stress_core"] ===
PID      energy            
187893   354248090000      
187890   355143030000      
187898   353891780000      
187895   355436070000      
187896   355301020000      
187891   357682320000      
187897   354474690000      
187892   355817260000      
187899   351095070000      
187894   354679760000      

[H[JPolling energy-fair scheduler maps every 100 millisecond(s)...
Real time since poller start: 53.200958 s
Filter: comm "stress_core"
Maps shown: total power consumption 

=== System totals (total) ===
  cpu_time:  821889933105 ns
  energy:    37633326040000 (units of your kfunc)
  uncore_energy:    973206810859140000 (units of your kfunc)

=== PID → power (EMA) (pid_to_power) [comm="stress_core"] ===
PID      power             
187894   41                
187897   46                
187898   40                
187895   38                
187899   42                
187890   35                
187893   38                
187896   52                
187892   32                
187891   37                

=== PID → cumulative energy (pid_to_consumption) [comm="stress_core"] ===
PID      energy            
187893   357449750000      
187890   358035560000      
187898   356871000000      
187895   358319840000      
187896   358343750000      
187891   360500160000      
187897   357544870000      
187892   358723510000      
187899   354098970000      
187894   357737460000      

[H[JPolling energy-fair scheduler maps every 100 millisecond(s)...
Real time since poller start: 53.319850 s
Filter: comm "stress_core"
Maps shown: total power consumption 

=== System totals (total) ===
  cpu_time:  822640413362 ns
  energy:    37664664700000 (units of your kfunc)
  uncore_energy:    973206970826020000 (units of your kfunc)

=== PID → power (EMA) (pid_to_power) [comm="stress_core"] ===
PID      power             
187894   30                
187897   41                
187898   53                
187895   46                
187899   50                
187890   43                
187893   31                
187896   50                
187892   49                
187891   49                

=== PID → cumulative energy (pid_to_consumption) [comm="stress_core"] ===
PID      energy            
187893   360501790000      
187890   360890300000      
187898   359748680000      
187895   361082490000      
187896   361275460000      
187891   363581650000      
187897   360438190000      
187892   361850630000      
187899   357096440000      
187894   360598920000      

[H[JPolling energy-fair scheduler maps every 100 millisecond(s)...
Real time since poller start: 53.438625 s
Filter: comm "stress_core"
Maps shown: total power consumption 

=== System totals (total) ===
  cpu_time:  823374724312 ns
  energy:    37695109580000 (units of your kfunc)
  uncore_energy:    973207132956360000 (units of your kfunc)

=== PID → power (EMA) (pid_to_power) [comm="stress_core"] ===
PID      power             
187894   48                
187897   24                
187898   40                
187895   30                
187899   43                
187890   46                
187893   35                
187896   45                
187892   27                
187891   41                

=== PID → cumulative energy (pid_to_consumption) [comm="stress_core"] ===
PID      energy            
187893   363319070000      
187890   363888300000      
187898   362774460000      
187895   363884340000      
187896   364102630000      
187891   366596000000      
187897   363241960000      
187892   364653880000      
187899   359921180000      
187894   363539970000      

[H[JPolling energy-fair scheduler maps every 100 millisecond(s)...
Real time since poller start: 53.557578 s
Filter: comm "stress_core"
Maps shown: total power consumption 

=== System totals (total) ===
  cpu_time:  824103671621 ns
  energy:    37726008290000 (units of your kfunc)
  uncore_energy:    973207292221990000 (units of your kfunc)

=== PID → power (EMA) (pid_to_power) [comm="stress_core"] ===
PID      power             
187894   44                
187897   34                
187898   40                
187895   45                
187899   37                
187890   49                
187893   45                
187896   42                
187892   39                
187891   44                

=== PID → cumulative energy (pid_to_consumption) [comm="stress_core"] ===
PID      energy            
187893   366019250000      
187890   366513430000      
187898   365694630000      
187895   366739690000      
187896   366860350000      
187891   369385620000      
187897   366019530000      
187892   367655570000      
187899   362941540000      
187894   366340050000      

[H[JPolling energy-fair scheduler maps every 100 millisecond(s)...
Real time since poller start: 53.676406 s
Filter: comm "stress_core"
Maps shown: total power consumption 

=== System totals (total) ===
  cpu_time:  824852186173 ns
  energy:    37757894600000 (units of your kfunc)
  uncore_energy:    973207453445570000 (units of your kfunc)

=== PID → power (EMA) (pid_to_power) [comm="stress_core"] ===
PID      power             
187894   27                
187897   49                
187898   29                
187895   29                
187899   28                
187890   40                
187893   30                
187896   42                
187892   33                
187891   42                

=== PID → cumulative energy (pid_to_consumption) [comm="stress_core"] ===
PID      energy            
187893   369019280000      
187890   369637540000      
187898   368540710000      
187895   369469780000      
187896   369966000000      
187891   372269490000      
187897   369128390000      
187892   370624580000      
187899   365888440000      
187894   369493910000      

[H[JPolling energy-fair scheduler maps every 100 millisecond(s)...
Real time since poller start: 53.795365 s
Filter: comm "stress_core"
Maps shown: total power consumption 

=== System totals (total) ===
  cpu_time:  825597822274 ns
  energy:    37789135430000 (units of your kfunc)
  uncore_energy:    973207614712220000 (units of your kfunc)

=== PID → power (EMA) (pid_to_power) [comm="stress_core"] ===
PID      power             
187894   36                
187897   48                
187898   31                
187895   31                
187899   39                
187890   47                
187893   41                
187896   35                
187892   37                
187891   48                

=== PID → cumulative energy (pid_to_consumption) [comm="stress_core"] ===
PID      energy            
187893   371922090000      
187890   372655740000      
187898   371594640000      
187895   372505560000      
187896   372712440000      
187891   375270410000      
187897   372284020000      
187892   373613030000      
187899   369036300000      
187894   372496380000      

[H[JPolling energy-fair scheduler maps every 100 millisecond(s)...
Real time since poller start: 53.914228 s
Filter: comm "stress_core"
Maps shown: total power consumption 

=== System totals (total) ===
  cpu_time:  826399938884 ns
  energy:    37823749520000 (units of your kfunc)
  uncore_energy:    973207779435140000 (units of your kfunc)

=== PID → power (EMA) (pid_to_power) [comm="stress_core"] ===
PID      power             
187894   47                
187897   35                
187898   37                
187895   46                
187899   35                
187890   34                
187893   44                
187896   30                
187892   48                
187891   43                

=== PID → cumulative energy (pid_to_consumption) [comm="stress_core"] ===
PID      energy            
187893   375000690000      
187890   375610770000      
187898   374830800000      
187895   375696280000      
187896   375427110000      
187891   378295190000      
187897   375128430000      
187892   376636290000      
187899   371960060000      
187894   375424880000      

[H[JPolling energy-fair scheduler maps every 100 millisecond(s)...
Real time since poller start: 54.033301 s
Filter: comm "stress_core"
Maps shown: total power consumption 

=== System totals (total) ===
  cpu_time:  827179943131 ns
  energy:    37856792920000 (units of your kfunc)
  uncore_energy:    973207940064220000 (units of your kfunc)

=== PID → power (EMA) (pid_to_power) [comm="stress_core"] ===
PID      power             
187894   49                
187897   36                
187898   47                
187895   32                
187899   43                
187890   44                
187893   43                
187896   29                
187892   42                
187891   42                

=== PID → cumulative energy (pid_to_consumption) [comm="stress_core"] ===
PID      energy            
187893   377875100000      
187890   378498460000      
187898   377732000000      
187895   378528040000      
187896   378060190000      
187891   381087380000      
187897   377864180000      
187892   379335290000      
187899   374814680000      
187894   378367560000      

[H[JPolling energy-fair scheduler maps every 100 millisecond(s)...
Real time since poller start: 54.151951 s
Filter: comm "stress_core"
Maps shown: total power consumption 

=== System totals (total) ===
  cpu_time:  827961913893 ns
  energy:    37889378920000 (units of your kfunc)
  uncore_energy:    973208100060470000 (units of your kfunc)

=== PID → power (EMA) (pid_to_power) [comm="stress_core"] ===
PID      power             
187894   34                
187897   50                
187898   43                
187895   45                
187899   49                
187890   48                
187893   44                
187896   46                
187892   37                
187891   37                

=== PID → cumulative energy (pid_to_consumption) [comm="stress_core"] ===
PID      energy            
187893   380616750000      
187890   381261230000      
187898   380462270000      
187895   381444880000      
187896   380723430000      
187891   383838700000      
187897   380592380000      
187892   382006150000      
187899   377407910000      
187894   381096710000      

[H[JPolling energy-fair scheduler maps every 100 millisecond(s)...
Real time since poller start: 54.269894 s
Filter: comm "stress_core"
Maps shown: total power consumption 

=== System totals (total) ===
  cpu_time:  828641605976 ns
  energy:    37917830580000 (units of your kfunc)
  uncore_energy:    973208259275740000 (units of your kfunc)

=== PID → power (EMA) (pid_to_power) [comm="stress_core"] ===
PID      power             
187894   63                
187897   39                
187898   44                
187895   43                
187899   46                
187890   49                
187893   44                
187896   46                
187892   61                
187891   43                

=== PID → cumulative energy (pid_to_consumption) [comm="stress_core"] ===
PID      energy            
187893   382876580000      
187890   383197260000      
187898   382535280000      
187895   383550880000      
187896   382544860000      
187891   385638690000      
187897   382428310000      
187892   383793650000      
187899   379258060000      
187894   382965260000      

[H[JPolling energy-fair scheduler maps every 100 millisecond(s)...
Real time since poller start: 54.391392 s
Filter: comm "stress_core"
Maps shown: total power consumption 

=== System totals (total) ===
  cpu_time:  828687042356 ns
  energy:    37919650300000 (units of your kfunc)
  uncore_energy:    973208306004300000 (units of your kfunc)

=== PID → power (EMA) (pid_to_power) [comm="stress_core"] ===
PID      power             
187894   63                
187897   39                
187898   44                
187895   43                
187899   46                
187890   49                
187893   44                
187896   46                
187892   61                
187891   43                

=== PID → cumulative energy (pid_to_consumption) [comm="stress_core"] ===
PID      energy            
187893   382876580000      
187890   383197260000      
187898   382535280000      
187895   383550880000      
187896   382544860000      
187891   385638690000      
187897   382428310000      
187892   383793650000      
187899   379258060000      
187894   382965260000      

[H[JPolling energy-fair scheduler maps every 100 millisecond(s)...
Real time since poller start: 54.510171 s
Filter: comm "stress_core"
Maps shown: total power consumption 

=== System totals (total) ===
  cpu_time:  828706808504 ns
  energy:    37920498980000 (units of your kfunc)
  uncore_energy:    973208506449100000 (units of your kfunc)

=== PID → power (EMA) (pid_to_power) [comm="stress_core"] ===
PID      power             
187894   63                
187897   39                
187898   44                
187895   43                
187899   46                
187890   49                
187893   44                
187896   46                
187892   61                
187891   43                

=== PID → cumulative energy (pid_to_consumption) [comm="stress_core"] ===
PID      energy            
187893   382876580000      
187890   383197260000      
187898   382535280000      
187895   383550880000      
187896   382544860000      
187891   385638690000      
187897   382428310000      
187892   383793650000      
187899   379258060000      
187894   382965260000      

[H[JPolling energy-fair scheduler maps every 100 millisecond(s)...
Real time since poller start: 54.628894 s
Filter: comm "stress_core"
Maps shown: total power consumption 

=== System totals (total) ===
  cpu_time:  828725678777 ns
  energy:    37921333010000 (units of your kfunc)
  uncore_energy:    973208613082120000 (units of your kfunc)

=== PID → power (EMA) (pid_to_power) [comm="stress_core"] ===
PID      power             
187894   63                
187897   39                
187898   44                
187895   43                
187899   46                
187890   49                
187893   44                
187896   46                
187892   61                
187891   43                

=== PID → cumulative energy (pid_to_consumption) [comm="stress_core"] ===
PID      energy            
187893   382876580000      
187890   383197260000      
187898   382535280000      
187895   383550880000      
187896   382544860000      
187891   385638690000      
187897   382428310000      
187892   383793650000      
187899   379258060000      
187894   382965260000      

[H[JPolling energy-fair scheduler maps every 100 millisecond(s)...
Real time since poller start: 54.747623 s
Filter: comm "stress_core"
Maps shown: total power consumption 

=== System totals (total) ===
  cpu_time:  828744757962 ns
  energy:    37922142330000 (units of your kfunc)
  uncore_energy:    973208807192530000 (units of your kfunc)

=== PID → power (EMA) (pid_to_power) [comm="stress_core"] ===
PID      power             
187894   63                
187897   39                
187898   44                
187895   43                
187899   46                
187890   49                
187893   44                
187896   46                
187892   61                
187891   43                

=== PID → cumulative energy (pid_to_consumption) [comm="stress_core"] ===
PID      energy            
187893   382876580000      
187890   383197260000      
187898   382535280000      
187895   383550880000      
187896   382544860000      
187891   385638690000      
187897   382428310000      
187892   383793650000      
187899   379258060000      
187894   382965260000      

[H[JPolling energy-fair scheduler maps every 100 millisecond(s)...
Real time since poller start: 54.866345 s
Filter: comm "stress_core"
Maps shown: total power consumption 

=== System totals (total) ===
  cpu_time:  828764402549 ns
  energy:    37922964020000 (units of your kfunc)
  uncore_energy:    973208974438320000 (units of your kfunc)

=== PID → power (EMA) (pid_to_power) [comm="stress_core"] ===
PID      power             
187894   63                
187897   39                
187898   44                
187895   43                
187899   46                
187890   49                
187893   44                
187896   46                
187892   61                
187891   43                

=== PID → cumulative energy (pid_to_consumption) [comm="stress_core"] ===
PID      energy            
187893   382876580000      
187890   383197260000      
187898   382535280000      
187895   383550880000      
187896   382544860000      
187891   385638690000      
187897   382428310000      
187892   383793650000      
187899   379258060000      
187894   382965260000      

[H[JPolling energy-fair scheduler maps every 100 millisecond(s)...
Real time since poller start: 54.985067 s
Filter: comm "stress_core"
Maps shown: total power consumption 

=== System totals (total) ===
  cpu_time:  828783080160 ns
  energy:    37923779600000 (units of your kfunc)
  uncore_energy:    973209061788170000 (units of your kfunc)

=== PID → power (EMA) (pid_to_power) [comm="stress_core"] ===
PID      power             
187894   63                
187897   39                
187898   44                
187895   43                
187899   46                
187890   49                
187893   44                
187896   46                
187892   61                
187891   43                

=== PID → cumulative energy (pid_to_consumption) [comm="stress_core"] ===
PID      energy            
187893   382876580000      
187890   383197260000      
187898   382535280000      
187895   383550880000      
187896   382544860000      
187891   385638690000      
187897   382428310000      
187892   383793650000      
187899   379258060000      
187894   382965260000      

[H[JPolling energy-fair scheduler maps every 100 millisecond(s)...
Real time since poller start: 55.103766 s
Filter: comm "stress_core"
Maps shown: total power consumption 

=== System totals (total) ===
  cpu_time:  828816079430 ns
  energy:    37925279230000 (units of your kfunc)
  uncore_energy:    973209223347320000 (units of your kfunc)

=== PID → power (EMA) (pid_to_power) [comm="stress_core"] ===
PID      power             
187894   63                
187897   39                
187898   44                
187895   43                
187899   46                
187890   49                
187893   44                
187896   46                
187892   61                
187891   43                

=== PID → cumulative energy (pid_to_consumption) [comm="stress_core"] ===
PID      energy            
187893   382876580000      
187890   383197260000      
187898   382535280000      
187895   383550880000      
187896   382544860000      
187891   385638690000      
187897   382428310000      
187892   383793650000      
187899   379258060000      
187894   382965260000      

[H[JPolling energy-fair scheduler maps every 100 millisecond(s)...
Real time since poller start: 55.222515 s
Filter: comm "stress_core"
Maps shown: total power consumption 

=== System totals (total) ===
  cpu_time:  828834882042 ns
  energy:    37926086570000 (units of your kfunc)
  uncore_energy:    973209423032990000 (units of your kfunc)

=== PID → power (EMA) (pid_to_power) [comm="stress_core"] ===
PID      power             
187894   63                
187897   39                
187898   44                
187895   43                
187899   46                
187890   49                
187893   44                
187896   46                
187892   61                
187891   43                

=== PID → cumulative energy (pid_to_consumption) [comm="stress_core"] ===
PID      energy            
187893   382876580000      
187890   383197260000      
187898   382535280000      
187895   383550880000      
187896   382544860000      
187891   385638690000      
187897   382428310000      
187892   383793650000      
187899   379258060000      
187894   382965260000      

[H[JPolling energy-fair scheduler maps every 100 millisecond(s)...
Real time since poller start: 55.341253 s
Filter: comm "stress_core"
Maps shown: total power consumption 

=== System totals (total) ===
  cpu_time:  828853640604 ns
  energy:    37926905050000 (units of your kfunc)
  uncore_energy:    973209570632790000 (units of your kfunc)

=== PID → power (EMA) (pid_to_power) [comm="stress_core"] ===
PID      power             
187894   63                
187897   39                
187898   44                
187895   43                
187899   46                
187890   49                
187893   44                
187896   46                
187892   61                
187891   43                

=== PID → cumulative energy (pid_to_consumption) [comm="stress_core"] ===
PID      energy            
187893   382876580000      
187890   383197260000      
187898   382535280000      
187895   383550880000      
187896   382544860000      
187891   385638690000      
187897   382428310000      
187892   383793650000      
187899   379258060000      
187894   382965260000      

[H[JPolling energy-fair scheduler maps every 100 millisecond(s)...
Real time since poller start: 55.459977 s
Filter: comm "stress_core"
Maps shown: total power consumption 

=== System totals (total) ===
  cpu_time:  828872651206 ns
  energy:    37927737870000 (units of your kfunc)
  uncore_energy:    973209722174840000 (units of your kfunc)

=== PID → power (EMA) (pid_to_power) [comm="stress_core"] ===
PID      power             
187894   63                
187897   39                
187898   44                
187895   43                
187899   46                
187890   49                
187893   44                
187896   46                
187892   61                
187891   43                

=== PID → cumulative energy (pid_to_consumption) [comm="stress_core"] ===
PID      energy            
187893   382876580000      
187890   383197260000      
187898   382535280000      
187895   383550880000      
187896   382544860000      
187891   385638690000      
187897   382428310000      
187892   383793650000      
187899   379258060000      
187894   382965260000      

[H[JPolling energy-fair scheduler maps every 100 millisecond(s)...
Real time since poller start: 55.578694 s
Filter: comm "stress_core"
Maps shown: total power consumption 

=== System totals (total) ===
  cpu_time:  828891375427 ns
  energy:    37928579700000 (units of your kfunc)
  uncore_energy:    973209835162820000 (units of your kfunc)

=== PID → power (EMA) (pid_to_power) [comm="stress_core"] ===
PID      power             
187894   63                
187897   39                
187898   44                
187895   43                
187899   46                
187890   49                
187893   44                
187896   46                
187892   61                
187891   43                

=== PID → cumulative energy (pid_to_consumption) [comm="stress_core"] ===
PID      energy            
187893   382876580000      
187890   383197260000      
187898   382535280000      
187895   383550880000      
187896   382544860000      
187891   385638690000      
187897   382428310000      
187892   383793650000      
187899   379258060000      
187894   382965260000      

[H[JPolling energy-fair scheduler maps every 100 millisecond(s)...
Real time since poller start: 55.697409 s
Filter: comm "stress_core"
Maps shown: total power consumption 

=== System totals (total) ===
  cpu_time:  828910073109 ns
  energy:    37929383540000 (units of your kfunc)
  uncore_energy:    973210042507020000 (units of your kfunc)

=== PID → power (EMA) (pid_to_power) [comm="stress_core"] ===
PID      power             
187894   63                
187897   39                
187898   44                
187895   43                
187899   46                
187890   49                
187893   44                
187896   46                
187892   61                
187891   43                

=== PID → cumulative energy (pid_to_consumption) [comm="stress_core"] ===
PID      energy            
187893   382876580000      
187890   383197260000      
187898   382535280000      
187895   383550880000      
187896   382544860000      
187891   385638690000      
187897   382428310000      
187892   383793650000      
187899   379258060000      
187894   382965260000      

[H[JPolling energy-fair scheduler maps every 100 millisecond(s)...
Real time since poller start: 55.816168 s
Filter: comm "stress_core"
Maps shown: total power consumption 

=== System totals (total) ===
  cpu_time:  828928787991 ns
  energy:    37930195460000 (units of your kfunc)
  uncore_energy:    973210129488220000 (units of your kfunc)

=== PID → power (EMA) (pid_to_power) [comm="stress_core"] ===
PID      power             
187894   63                
187897   39                
187898   44                
187895   43                
187899   46                
187890   49                
187893   44                
187896   46                
187892   61                
187891   43                

=== PID → cumulative energy (pid_to_consumption) [comm="stress_core"] ===
PID      energy            
187893   382876580000      
187890   383197260000      
187898   382535280000      
187895   383550880000      
187896   382544860000      
187891   385638690000      
187897   382428310000      
187892   383793650000      
187899   379258060000      
187894   382965260000      

[H[JPolling energy-fair scheduler maps every 100 millisecond(s)...
Real time since poller start: 55.934881 s
Filter: comm "stress_core"
Maps shown: total power consumption 

=== System totals (total) ===
  cpu_time:  828947618263 ns
  energy:    37931039110000 (units of your kfunc)
  uncore_energy:    973210333950970000 (units of your kfunc)

=== PID → power (EMA) (pid_to_power) [comm="stress_core"] ===
PID      power             
187894   63                
187897   39                
187898   44                
187895   43                
187899   46                
187890   49                
187893   44                
187896   46                
187892   61                
187891   43                

=== PID → cumulative energy (pid_to_consumption) [comm="stress_core"] ===
PID      energy            
187893   382876580000      
187890   383197260000      
187898   382535280000      
187895   383550880000      
187896   382544860000      
187891   385638690000      
187897   382428310000      
187892   383793650000      
187899   379258060000      
187894   382965260000      

[H[JPolling energy-fair scheduler maps every 100 millisecond(s)...
Real time since poller start: 56.053613 s
Filter: comm "stress_core"
Maps shown: total power consumption 

=== System totals (total) ===
  cpu_time:  828968190545 ns
  energy:    37931937550000 (units of your kfunc)
  uncore_energy:    973210445913400000 (units of your kfunc)

=== PID → power (EMA) (pid_to_power) [comm="stress_core"] ===
PID      power             
187894   63                
187897   39                
187898   44                
187895   43                
187899   46                
187890   49                
187893   44                
187896   46                
187892   61                
187891   43                

=== PID → cumulative energy (pid_to_consumption) [comm="stress_core"] ===
PID      energy            
187893   382876580000      
187890   383197260000      
187898   382535280000      
187895   383550880000      
187896   382544860000      
187891   385638690000      
187897   382428310000      
187892   383793650000      
187899   379258060000      
187894   382965260000      

[H[JPolling energy-fair scheduler maps every 100 millisecond(s)...
Real time since poller start: 56.172340 s
Filter: comm "stress_core"
Maps shown: total power consumption 

=== System totals (total) ===
  cpu_time:  828986983737 ns
  energy:    37932755430000 (units of your kfunc)
  uncore_energy:    973210652966610000 (units of your kfunc)

=== PID → power (EMA) (pid_to_power) [comm="stress_core"] ===
PID      power             
187894   63                
187897   39                
187898   44                
187895   43                
187899   46                
187890   49                
187893   44                
187896   46                
187892   61                
187891   43                

=== PID → cumulative energy (pid_to_consumption) [comm="stress_core"] ===
PID      energy            
187893   382876580000      
187890   383197260000      
187898   382535280000      
187895   383550880000      
187896   382544860000      
187891   385638690000      
187897   382428310000      
187892   383793650000      
187899   379258060000      
187894   382965260000      

[H[JPolling energy-fair scheduler maps every 100 millisecond(s)...
Real time since poller start: 56.291051 s
Filter: comm "stress_core"
Maps shown: total power consumption 

=== System totals (total) ===
  cpu_time:  829006456024 ns
  energy:    37933623660000 (units of your kfunc)
  uncore_energy:    973210792829280000 (units of your kfunc)

=== PID → power (EMA) (pid_to_power) [comm="stress_core"] ===
PID      power             
187894   63                
187897   39                
187898   44                
187895   43                
187899   46                
187890   49                
187893   44                
187896   46                
187892   61                
187891   43                

=== PID → cumulative energy (pid_to_consumption) [comm="stress_core"] ===
PID      energy            
187893   382876580000      
187890   383197260000      
187898   382535280000      
187895   383550880000      
187896   382544860000      
187891   385638690000      
187897   382428310000      
187892   383793650000      
187899   379258060000      
187894   382965260000      

[H[JPolling energy-fair scheduler maps every 100 millisecond(s)...
Real time since poller start: 56.409774 s
Filter: comm "stress_core"
Maps shown: total power consumption 

=== System totals (total) ===
  cpu_time:  829026267833 ns
  energy:    37934493560000 (units of your kfunc)
  uncore_energy:    973210943078150000 (units of your kfunc)

=== PID → power (EMA) (pid_to_power) [comm="stress_core"] ===
PID      power             
187894   63                
187897   39                
187898   44                
187895   43                
187899   46                
187890   49                
187893   44                
187896   46                
187892   61                
187891   43                

=== PID → cumulative energy (pid_to_consumption) [comm="stress_core"] ===
PID      energy            
187893   382876580000      
187890   383197260000      
187898   382535280000      
187895   383550880000      
187896   382544860000      
187891   385638690000      
187897   382428310000      
187892   383793650000      
187899   379258060000      
187894   382965260000      

[H[JPolling energy-fair scheduler maps every 100 millisecond(s)...
Real time since poller start: 56.528443 s
Filter: comm "stress_core"
Maps shown: total power consumption 

=== System totals (total) ===
  cpu_time:  829044895894 ns
  energy:    37935288690000 (units of your kfunc)
  uncore_energy:    973211044342810000 (units of your kfunc)

=== PID → power (EMA) (pid_to_power) [comm="stress_core"] ===
PID      power             
187894   63                
187897   39                
187898   44                
187895   43                
187899   46                
187890   49                
187893   44                
187896   46                
187892   61                
187891   43                

=== PID → cumulative energy (pid_to_consumption) [comm="stress_core"] ===
PID      energy            
187893   382876580000      
187890   383197260000      
187898   382535280000      
187895   383550880000      
187896   382544860000      
187891   385638690000      
187897   382428310000      
187892   383793650000      
187899   379258060000      
187894   382965260000      

[H[JPolling energy-fair scheduler maps every 100 millisecond(s)...
Real time since poller start: 56.647227 s
Filter: comm "stress_core"
Maps shown: total power consumption 

=== System totals (total) ===
  cpu_time:  829063634806 ns
  energy:    37936099690000 (units of your kfunc)
  uncore_energy:    973211197129370000 (units of your kfunc)

=== PID → power (EMA) (pid_to_power) [comm="stress_core"] ===
PID      power             
187894   63                
187897   39                
187898   44                
187895   43                
187899   46                
187890   49                
187893   44                
187896   46                
187892   61                
187891   43                

=== PID → cumulative energy (pid_to_consumption) [comm="stress_core"] ===
PID      energy            
187893   382876580000      
187890   383197260000      
187898   382535280000      
187895   383550880000      
187896   382544860000      
187891   385638690000      
187897   382428310000      
187892   383793650000      
187899   379258060000      
187894   382965260000      

[H[JPolling energy-fair scheduler maps every 100 millisecond(s)...
Real time since poller start: 56.765944 s
Filter: comm "stress_core"
Maps shown: total power consumption 

=== System totals (total) ===
  cpu_time:  829096759288 ns
  energy:    37937591700000 (units of your kfunc)
  uncore_energy:    973211469695430000 (units of your kfunc)

=== PID → power (EMA) (pid_to_power) [comm="stress_core"] ===
PID      power             
187894   63                
187897   39                
187898   44                
187895   43                
187899   46                
187890   49                
187893   44                
187896   46                
187892   61                
187891   43                

=== PID → cumulative energy (pid_to_consumption) [comm="stress_core"] ===
PID      energy            
187893   382876580000      
187890   383197260000      
187898   382535280000      
187895   383550880000      
187896   382544860000      
187891   385638690000      
187897   382428310000      
187892   383793650000      
187899   379258060000      
187894   382965260000      

[H[JPolling energy-fair scheduler maps every 100 millisecond(s)...
Real time since poller start: 56.884638 s
Filter: comm "stress_core"
Maps shown: total power consumption 

=== System totals (total) ===
  cpu_time:  829116199383 ns
  energy:    37938423600000 (units of your kfunc)
  uncore_energy:    973211564349070000 (units of your kfunc)

=== PID → power (EMA) (pid_to_power) [comm="stress_core"] ===
PID      power             
187894   63                
187897   39                
187898   44                
187895   43                
187899   46                
187890   49                
187893   44                
187896   46                
187892   61                
187891   43                

=== PID → cumulative energy (pid_to_consumption) [comm="stress_core"] ===
PID      energy            
187893   382876580000      
187890   383197260000      
187898   382535280000      
187895   383550880000      
187896   382544860000      
187891   385638690000      
187897   382428310000      
187892   383793650000      
187899   379258060000      
187894   382965260000      

[H[JPolling energy-fair scheduler maps every 100 millisecond(s)...
Real time since poller start: 57.003391 s
Filter: comm "stress_core"
Maps shown: total power consumption 

=== System totals (total) ===
  cpu_time:  829135897992 ns
  energy:    37939260080000 (units of your kfunc)
  uncore_energy:    973211719799210000 (units of your kfunc)

=== PID → power (EMA) (pid_to_power) [comm="stress_core"] ===
PID      power             
187894   63                
187897   39                
187898   44                
187895   43                
187899   46                
187890   49                
187893   44                
187896   46                
187892   61                
187891   43                

=== PID → cumulative energy (pid_to_consumption) [comm="stress_core"] ===
PID      energy            
187893   382876580000      
187890   383197260000      
187898   382535280000      
187895   383550880000      
187896   382544860000      
187891   385638690000      
187897   382428310000      
187892   383793650000      
187899   379258060000      
187894   382965260000      

[H[JPolling energy-fair scheduler maps every 100 millisecond(s)...
Real time since poller start: 57.122072 s
Filter: comm "stress_core"
Maps shown: total power consumption 

=== System totals (total) ===
  cpu_time:  829154835715 ns
  energy:    37940081010000 (units of your kfunc)
  uncore_energy:    973211898564770000 (units of your kfunc)

=== PID → power (EMA) (pid_to_power) [comm="stress_core"] ===
PID      power             
187894   63                
187897   39                
187898   44                
187895   43                
187899   46                
187890   49                
187893   44                
187896   46                
187892   61                
187891   43                

=== PID → cumulative energy (pid_to_consumption) [comm="stress_core"] ===
PID      energy            
187893   382876580000      
187890   383197260000      
187898   382535280000      
187895   383550880000      
187896   382544860000      
187891   385638690000      
187897   382428310000      
187892   383793650000      
187899   379258060000      
187894   382965260000      

[H[JPolling energy-fair scheduler maps every 100 millisecond(s)...
Real time since poller start: 57.240796 s
Filter: comm "stress_core"
Maps shown: total power consumption 

=== System totals (total) ===
  cpu_time:  829174947354 ns
  energy:    37940963890000 (units of your kfunc)
  uncore_energy:    973212019014280000 (units of your kfunc)

=== PID → power (EMA) (pid_to_power) [comm="stress_core"] ===
PID      power             
187894   63                
187897   39                
187898   44                
187895   43                
187899   46                
187890   49                
187893   44                
187896   46                
187892   61                
187891   43                

=== PID → cumulative energy (pid_to_consumption) [comm="stress_core"] ===
PID      energy            
187893   382876580000      
187890   383197260000      
187898   382535280000      
187895   383550880000      
187896   382544860000      
187891   385638690000      
187897   382428310000      
187892   383793650000      
187899   379258060000      
187894   382965260000      

[H[JPolling energy-fair scheduler maps every 100 millisecond(s)...
Real time since poller start: 57.359498 s
Filter: comm "stress_core"
Maps shown: total power consumption 

=== System totals (total) ===
  cpu_time:  829194463701 ns
  energy:    37941765430000 (units of your kfunc)
  uncore_energy:    973212165655370000 (units of your kfunc)

=== PID → power (EMA) (pid_to_power) [comm="stress_core"] ===
PID      power             
187894   63                
187897   39                
187898   44                
187895   43                
187899   46                
187890   49                
187893   44                
187896   46                
187892   61                
187891   43                

=== PID → cumulative energy (pid_to_consumption) [comm="stress_core"] ===
PID      energy            
187893   382876580000      
187890   383197260000      
187898   382535280000      
187895   383550880000      
187896   382544860000      
187891   385638690000      
187897   382428310000      
187892   383793650000      
187899   379258060000      
187894   382965260000      

[H[JPolling energy-fair scheduler maps every 100 millisecond(s)...
Real time since poller start: 57.478247 s
Filter: comm "stress_core"
Maps shown: total power consumption 

=== System totals (total) ===
  cpu_time:  829213160543 ns
  energy:    37942574300000 (units of your kfunc)
  uncore_energy:    973212264702000000 (units of your kfunc)

=== PID → power (EMA) (pid_to_power) [comm="stress_core"] ===
PID      power             
187894   63                
187897   39                
187898   44                
187895   43                
187899   46                
187890   49                
187893   44                
187896   46                
187892   61                
187891   43                

=== PID → cumulative energy (pid_to_consumption) [comm="stress_core"] ===
PID      energy            
187893   382876580000      
187890   383197260000      
187898   382535280000      
187895   383550880000      
187896   382544860000      
187891   385638690000      
187897   382428310000      
187892   383793650000      
187899   379258060000      
187894   382965260000      

[H[JPolling energy-fair scheduler maps every 100 millisecond(s)...
Real time since poller start: 57.596952 s
Filter: comm "stress_core"
Maps shown: total power consumption 

=== System totals (total) ===
  cpu_time:  829232648659 ns
  energy:    37943428340000 (units of your kfunc)
  uncore_energy:    973212474100490000 (units of your kfunc)

=== PID → power (EMA) (pid_to_power) [comm="stress_core"] ===
PID      power             
187894   63                
187897   39                
187898   44                
187895   43                
187899   46                
187890   49                
187893   44                
187896   46                
187892   61                
187891   43                

=== PID → cumulative energy (pid_to_consumption) [comm="stress_core"] ===
PID      energy            
187893   382876580000      
187890   383197260000      
187898   382535280000      
187895   383550880000      
187896   382544860000      
187891   385638690000      
187897   382428310000      
187892   383793650000      
187899   379258060000      
187894   382965260000      

[H[JPolling energy-fair scheduler maps every 100 millisecond(s)...
Real time since poller start: 57.715656 s
Filter: comm "stress_core"
Maps shown: total power consumption 

=== System totals (total) ===
  cpu_time:  829252030164 ns
  energy:    37944250640000 (units of your kfunc)
  uncore_energy:    973212572630460000 (units of your kfunc)

=== PID → power (EMA) (pid_to_power) [comm="stress_core"] ===
PID      power             
187894   63                
187897   39                
187898   44                
187895   43                
187899   46                
187890   49                
187893   44                
187896   46                
187892   61                
187891   43                

=== PID → cumulative energy (pid_to_consumption) [comm="stress_core"] ===
PID      energy            
187893   382876580000      
187890   383197260000      
187898   382535280000      
187895   383550880000      
187896   382544860000      
187891   385638690000      
187897   382428310000      
187892   383793650000      
187899   379258060000      
187894   382965260000      

[H[JPolling energy-fair scheduler maps every 100 millisecond(s)...
Real time since poller start: 57.834367 s
Filter: comm "stress_core"
Maps shown: total power consumption 

=== System totals (total) ===
  cpu_time:  829275790913 ns
  energy:    37945217290000 (units of your kfunc)
  uncore_energy:    973212777414240000 (units of your kfunc)

=== PID → power (EMA) (pid_to_power) [comm="stress_core"] ===
PID      power             
187894   63                
187897   39                
187898   44                
187895   43                
187899   46                
187890   49                
187893   44                
187896   46                
187892   61                
187891   43                

=== PID → cumulative energy (pid_to_consumption) [comm="stress_core"] ===
PID      energy            
187893   382876580000      
187890   383197260000      
187898   382535280000      
187895   383550880000      
187896   382544860000      
187891   385638690000      
187897   382428310000      
187892   383793650000      
187899   379258060000      
187894   382965260000      

[H[JPolling energy-fair scheduler maps every 100 millisecond(s)...
Real time since poller start: 57.953119 s
Filter: comm "stress_core"
Maps shown: total power consumption 

=== System totals (total) ===
  cpu_time:  829295775452 ns
  energy:    37946060650000 (units of your kfunc)
  uncore_energy:    973212989881420000 (units of your kfunc)

=== PID → power (EMA) (pid_to_power) [comm="stress_core"] ===
PID      power             
187894   63                
187897   39                
187898   44                
187895   43                
187899   46                
187890   49                
187893   44                
187896   46                
187892   61                
187891   43                

=== PID → cumulative energy (pid_to_consumption) [comm="stress_core"] ===
PID      energy            
187893   382876580000      
187890   383197260000      
187898   382535280000      
187895   383550880000      
187896   382544860000      
187891   385638690000      
187897   382428310000      
187892   383793650000      
187899   379258060000      
187894   382965260000      

[H[JPolling energy-fair scheduler maps every 100 millisecond(s)...
Real time since poller start: 58.071924 s
Filter: comm "stress_core"
Maps shown: total power consumption 

=== System totals (total) ===
  cpu_time:  829315353818 ns
  energy:    37946925060000 (units of your kfunc)
  uncore_energy:    973213082701090000 (units of your kfunc)

=== PID → power (EMA) (pid_to_power) [comm="stress_core"] ===
PID      power             
187894   63                
187897   39                
187898   44                
187895   43                
187899   46                
187890   49                
187893   44                
187896   46                
187892   61                
187891   43                

=== PID → cumulative energy (pid_to_consumption) [comm="stress_core"] ===
PID      energy            
187893   382876580000      
187890   383197260000      
187898   382535280000      
187895   383550880000      
187896   382544860000      
187891   385638690000      
187897   382428310000      
187892   383793650000      
187899   379258060000      
187894   382965260000      

[H[JPolling energy-fair scheduler maps every 100 millisecond(s)...
Real time since poller start: 58.190664 s
Filter: comm "stress_core"
Maps shown: total power consumption 

=== System totals (total) ===
  cpu_time:  829334211611 ns
  energy:    37947726000000 (units of your kfunc)
  uncore_energy:    973213193352490000 (units of your kfunc)

=== PID → power (EMA) (pid_to_power) [comm="stress_core"] ===
PID      power             
187894   63                
187897   39                
187898   44                
187895   43                
187899   46                
187890   49                
187893   44                
187896   46                
187892   61                
187891   43                

=== PID → cumulative energy (pid_to_consumption) [comm="stress_core"] ===
PID      energy            
187893   382876580000      
187890   383197260000      
187898   382535280000      
187895   383550880000      
187896   382544860000      
187891   385638690000      
187897   382428310000      
187892   383793650000      
187899   379258060000      
187894   382965260000      

[H[JPolling energy-fair scheduler maps every 100 millisecond(s)...
Real time since poller start: 58.309369 s
Filter: comm "stress_core"
Maps shown: total power consumption 

=== System totals (total) ===
  cpu_time:  829356577573 ns
  energy:    37948667470000 (units of your kfunc)
  uncore_energy:    973213403910040000 (units of your kfunc)

=== PID → power (EMA) (pid_to_power) [comm="stress_core"] ===
PID      power             
187894   63                
187897   39                
187898   44                
187895   43                
187899   46                
187890   49                
187893   44                
187896   46                
187892   61                
187891   43                

=== PID → cumulative energy (pid_to_consumption) [comm="stress_core"] ===
PID      energy            
187893   382876580000      
187890   383197260000      
187898   382535280000      
187895   383550880000      
187896   382544860000      
187891   385638690000      
187897   382428310000      
187892   383793650000      
187899   379258060000      
187894   382965260000      

[H[JPolling energy-fair scheduler maps every 100 millisecond(s)...
Real time since poller start: 58.428145 s
Filter: comm "stress_core"
Maps shown: total power consumption 

=== System totals (total) ===
  cpu_time:  829375999159 ns
  energy:    37949521970000 (units of your kfunc)
  uncore_energy:    973213542505920000 (units of your kfunc)

=== PID → power (EMA) (pid_to_power) [comm="stress_core"] ===
PID      power             
187894   63                
187897   39                
187898   44                
187895   43                
187899   46                
187890   49                
187893   44                
187896   46                
187892   61                
187891   43                

=== PID → cumulative energy (pid_to_consumption) [comm="stress_core"] ===
PID      energy            
187893   382876580000      
187890   383197260000      
187898   382535280000      
187895   383550880000      
187896   382544860000      
187891   385638690000      
187897   382428310000      
187892   383793650000      
187899   379258060000      
187894   382965260000      

[H[JPolling energy-fair scheduler maps every 100 millisecond(s)...
Real time since poller start: 58.546886 s
Filter: comm "stress_core"
Maps shown: total power consumption 

=== System totals (total) ===
  cpu_time:  829409353082 ns
  energy:    37951067840000 (units of your kfunc)
  uncore_energy:    973213704381070000 (units of your kfunc)

=== PID → power (EMA) (pid_to_power) [comm="stress_core"] ===
PID      power             
187894   63                
187897   39                
187898   44                
187895   43                
187899   46                
187890   49                
187893   44                
187896   46                
187892   61                
187891   43                

=== PID → cumulative energy (pid_to_consumption) [comm="stress_core"] ===
PID      energy            
187893   382876580000      
187890   383197260000      
187898   382535280000      
187895   383550880000      
187896   382544860000      
187891   385638690000      
187897   382428310000      
187892   383793650000      
187899   379258060000      
187894   382965260000      

[H[JPolling energy-fair scheduler maps every 100 millisecond(s)...
Real time since poller start: 58.665662 s
Filter: comm "stress_core"
Maps shown: total power consumption 

=== System totals (total) ===
  cpu_time:  829428162205 ns
  energy:    37951862210000 (units of your kfunc)
  uncore_energy:    973213792661250000 (units of your kfunc)

=== PID → power (EMA) (pid_to_power) [comm="stress_core"] ===
PID      power             
187894   63                
187897   39                
187898   44                
187895   43                
187899   46                
187890   49                
187893   44                
187896   46                
187892   61                
187891   43                

=== PID → cumulative energy (pid_to_consumption) [comm="stress_core"] ===
PID      energy            
187893   382876580000      
187890   383197260000      
187898   382535280000      
187895   383550880000      
187896   382544860000      
187891   385638690000      
187897   382428310000      
187892   383793650000      
187899   379258060000      
187894   382965260000      

[H[JPolling energy-fair scheduler maps every 100 millisecond(s)...
Real time since poller start: 58.784398 s
Filter: comm "stress_core"
Maps shown: total power consumption 

=== System totals (total) ===
  cpu_time:  829451013348 ns
  energy:    37952834500000 (units of your kfunc)
  uncore_energy:    973214009700130000 (units of your kfunc)

=== PID → power (EMA) (pid_to_power) [comm="stress_core"] ===
PID      power             
187894   63                
187897   39                
187898   44                
187895   43                
187899   46                
187890   49                
187893   44                
187896   46                
187892   61                
187891   43                

=== PID → cumulative energy (pid_to_consumption) [comm="stress_core"] ===
PID      energy            
187893   382876580000      
187890   383197260000      
187898   382535280000      
187895   383550880000      
187896   382544860000      
187891   385638690000      
187897   382428310000      
187892   383793650000      
187899   379258060000      
187894   382965260000      

[H[JPolling energy-fair scheduler maps every 100 millisecond(s)...
Real time since poller start: 58.903188 s
Filter: comm "stress_core"
Maps shown: total power consumption 

=== System totals (total) ===
  cpu_time:  829469758711 ns
  energy:    37953645350000 (units of your kfunc)
  uncore_energy:    973214096865510000 (units of your kfunc)

=== PID → power (EMA) (pid_to_power) [comm="stress_core"] ===
PID      power             
187894   63                
187897   39                
187898   44                
187895   43                
187899   46                
187890   49                
187893   44                
187896   46                
187892   61                
187891   43                

=== PID → cumulative energy (pid_to_consumption) [comm="stress_core"] ===
PID      energy            
187893   382876580000      
187890   383197260000      
187898   382535280000      
187895   383550880000      
187896   382544860000      
187891   385638690000      
187897   382428310000      
187892   383793650000      
187899   379258060000      
187894   382965260000      

[H[JPolling energy-fair scheduler maps every 100 millisecond(s)...
Real time since poller start: 59.021985 s
Filter: comm "stress_core"
Maps shown: total power consumption 

=== System totals (total) ===
  cpu_time:  829494368585 ns
  energy:    37954586220000 (units of your kfunc)
  uncore_energy:    973214304778090000 (units of your kfunc)

=== PID → power (EMA) (pid_to_power) [comm="stress_core"] ===
PID      power             
187894   63                
187897   39                
187898   44                
187895   43                
187899   46                
187890   49                
187893   44                
187896   46                
187892   61                
187891   43                

=== PID → cumulative energy (pid_to_consumption) [comm="stress_core"] ===
PID      energy            
187893   382876580000      
187890   383197260000      
187898   382535280000      
187895   383550880000      
187896   382544860000      
187891   385638690000      
187897   382428310000      
187892   383793650000      
187899   379258060000      
187894   382965260000      

[H[JPolling energy-fair scheduler maps every 100 millisecond(s)...
Real time since poller start: 59.140783 s
Filter: comm "stress_core"
Maps shown: total power consumption 

=== System totals (total) ===
  cpu_time:  829513456519 ns
  energy:    37955431860000 (units of your kfunc)
  uncore_energy:    973214473368030000 (units of your kfunc)

=== PID → power (EMA) (pid_to_power) [comm="stress_core"] ===
PID      power             
187894   63                
187897   39                
187898   44                
187895   43                
187899   46                
187890   49                
187893   44                
187896   46                
187892   61                
187891   43                

=== PID → cumulative energy (pid_to_consumption) [comm="stress_core"] ===
PID      energy            
187893   382876580000      
187890   383197260000      
187898   382535280000      
187895   383550880000      
187896   382544860000      
187891   385638690000      
187897   382428310000      
187892   383793650000      
187899   379258060000      
187894   382965260000      

[H[JPolling energy-fair scheduler maps every 100 millisecond(s)...
Real time since poller start: 59.259599 s
Filter: comm "stress_core"
Maps shown: total power consumption 

=== System totals (total) ===
  cpu_time:  829547493184 ns
  energy:    37956933160000 (units of your kfunc)
  uncore_energy:    973214599049810000 (units of your kfunc)

=== PID → power (EMA) (pid_to_power) [comm="stress_core"] ===
PID      power             
187894   63                
187897   39                
187898   44                
187895   43                
187899   46                
187890   49                
187893   44                
187896   46                
187892   61                
187891   47                

=== PID → cumulative energy (pid_to_consumption) [comm="stress_core"] ===
PID      energy            
187893   382876580000      
187890   384340600000      
187898   383638040000      
187895   384642340000      
187896   383784630000      
187891   386952030000      
187897   383673870000      
187892   385020010000      
187899   380545140000      
187894   384308340000      

[H[JPolling energy-fair scheduler maps every 100 millisecond(s)...
Real time since poller start: 59.378513 s
Filter: comm "stress_core"
Maps shown: total power consumption 

=== System totals (total) ===
  cpu_time:  830462992859 ns
  energy:    37998848100000 (units of your kfunc)
  uncore_energy:    973214845015570000 (units of your kfunc)

=== PID → power (EMA) (pid_to_power) [comm="stress_core"] ===
PID      power             
187894   51                
187897   45                
187898   41                
187895   54                
187899   50                
187890   38                
187893   48                
187896   34                
187892   42                
187891   41                

=== PID → cumulative energy (pid_to_consumption) [comm="stress_core"] ===
PID      energy            
187893   386945160000      
187890   387242040000      
187898   386858410000      
187895   387615500000      
187896   386798710000      
187891   389970990000      
187897   386643980000      
187892   388111400000      
187899   383397830000      
187894   387351990000      

[H[JPolling energy-fair scheduler maps every 100 millisecond(s)...
Real time since poller start: 59.497477 s
Filter: comm "stress_core"
Maps shown: total power consumption 

=== System totals (total) ===
  cpu_time:  831231767822 ns
  energy:    38032570250000 (units of your kfunc)
  uncore_energy:    973215004933860000 (units of your kfunc)

=== PID → power (EMA) (pid_to_power) [comm="stress_core"] ===
PID      power             
187894   39                
187897   30                
187898   40                
187895   31                
187899   40                
187890   36                
187893   49                
187896   35                
187892   49                
187891   47                

=== PID → cumulative energy (pid_to_consumption) [comm="stress_core"] ===
PID      energy            
187893   389795690000      
187890   390032540000      
187898   389582230000      
187895   390584660000      
187896   389634440000      
187891   392776500000      
187897   389469750000      
187892   390982830000      
187899   386246680000      
187894   390273100000      

[H[JPolling energy-fair scheduler maps every 100 millisecond(s)...
Real time since poller start: 59.616482 s
Filter: comm "stress_core"
Maps shown: total power consumption 

=== System totals (total) ===
  cpu_time:  831980538751 ns
  energy:    38065015460000 (units of your kfunc)
  uncore_energy:    973215165017040000 (units of your kfunc)

=== PID → power (EMA) (pid_to_power) [comm="stress_core"] ===
PID      power             
187894   52                
187897   46                
187898   42                
187895   49                
187899   45                
187890   37                
187893   36                
187896   48                
187892   51                
187891   40                

=== PID → cumulative energy (pid_to_consumption) [comm="stress_core"] ===
PID      energy            
187893   392782870000      
187890   392793500000      
187898   392389120000      
187895   393209610000      
187896   392481420000      
187891   395474560000      
187897   392241960000      
187892   393596010000      
187899   388831530000      
187894   393128770000      

[H[JPolling energy-fair scheduler maps every 100 millisecond(s)...
Real time since poller start: 59.735488 s
Filter: comm "stress_core"
Maps shown: total power consumption 

=== System totals (total) ===
  cpu_time:  832756051783 ns
  energy:    38099293860000 (units of your kfunc)
  uncore_energy:    973215325231890000 (units of your kfunc)

=== PID → power (EMA) (pid_to_power) [comm="stress_core"] ===
PID      power             
187894   50                
187897   43                
187898   42                
187895   49                
187899   45                
187890   37                
187893   35                
187896   38                
187892   37                
187891   38                

=== PID → cumulative energy (pid_to_consumption) [comm="stress_core"] ===
PID      energy            
187893   395686900000      
187890   395696750000      
187898   395226050000      
187895   395929690000      
187896   395398600000      
187891   398466500000      
187897   395154390000      
187892   396470600000      
187899   391599300000      
187894   395914230000      

[H[JPolling energy-fair scheduler maps every 100 millisecond(s)...
Real time since poller start: 59.854611 s
Filter: comm "stress_core"
Maps shown: total power consumption 

=== System totals (total) ===
  cpu_time:  833512693171 ns
  energy:    38133110700000 (units of your kfunc)
  uncore_energy:    973215488825020000 (units of your kfunc)

=== PID → power (EMA) (pid_to_power) [comm="stress_core"] ===
PID      power             
187894   49                
187897   32                
187898   42                
187895   40                
187899   50                
187890   29                
187893   38                
187896   50                
187892   49                
187891   34                

=== PID → cumulative energy (pid_to_consumption) [comm="stress_core"] ===
PID      energy            
187893   398732320000      
187890   398600790000      
187898   398359140000      
187895   398869430000      
187896   398558530000      
187891   401335600000      
187897   398081950000      
187892   399563540000      
187899   394702160000      
187894   398951970000      

[H[JPolling energy-fair scheduler maps every 100 millisecond(s)...
Real time since poller start: 59.973536 s
Filter: comm "stress_core"
Maps shown: total power consumption 

=== System totals (total) ===
  cpu_time:  834231178425 ns
  energy:    38164605830000 (units of your kfunc)
  uncore_energy:    973215648492310000 (units of your kfunc)

=== PID → power (EMA) (pid_to_power) [comm="stress_core"] ===
PID      power             
187894   40                
187897   49                
187898   50                
187895   48                
187899   48                
187890   52                
187893   44                
187896   31                
187892   41                
187891   45                

=== PID → cumulative energy (pid_to_consumption) [comm="stress_core"] ===
PID      energy            
187893   401647550000      
187890   401533140000      
187898   401444630000      
187895   401925940000      
187896   401383980000      
187891   404091670000      
187897   401106740000      
187892   402400630000      
187899   397508340000      
187894   401867730000      

[H[JPolling energy-fair scheduler maps every 100 millisecond(s)...
Real time since poller start: 60.092647 s
Filter: comm "stress_core"
Maps shown: total power consumption 

=== System totals (total) ===
  cpu_time:  834964990899 ns
  energy:    38197611800000 (units of your kfunc)
  uncore_energy:    973215805796250000 (units of your kfunc)

=== PID → power (EMA) (pid_to_power) [comm="stress_core"] ===
PID      power             
187894   47                
187897   45                
187898   40                
187895   43                
187899   42                
187890   47                
187893   51                
187896   37                
187892   48                
187891   49                

=== PID → cumulative energy (pid_to_consumption) [comm="stress_core"] ===
PID      energy            
187893   404735270000      
187890   404658760000      
187898   404600450000      
187895   404873380000      
187896   404391130000      
187891   407083600000      
187897   404283330000      
187892   405326040000      
187899   400541940000      
187894   404720640000      

[H[JPolling energy-fair scheduler maps every 100 millisecond(s)...
Real time since poller start: 60.211597 s
Filter: comm "stress_core"
Maps shown: total power consumption 

=== System totals (total) ===
  cpu_time:  835697013008 ns
  energy:    38230833290000 (units of your kfunc)
  uncore_energy:    973215962446580000 (units of your kfunc)

=== PID → power (EMA) (pid_to_power) [comm="stress_core"] ===
PID      power             
187894   46                
187897   44                
187898   39                
187895   51                
187899   51                
187890   52                
187893   42                
187896   50                
187892   50                
187891   37                

=== PID → cumulative energy (pid_to_consumption) [comm="stress_core"] ===
PID      energy            
187893   407917340000      
187890   407435330000      
187898   407708470000      
187895   407864450000      
187896   407392100000      
187891   410171230000      
187897   407216570000      
187892   408275120000      
187899   403386330000      
187894   407692650000      

[H[JPolling energy-fair scheduler maps every 100 millisecond(s)...
Real time since poller start: 60.330603 s
Filter: comm "stress_core"
Maps shown: total power consumption 

=== System totals (total) ===
  cpu_time:  836415227525 ns
  energy:    38262830340000 (units of your kfunc)
  uncore_energy:    973216121009220000 (units of your kfunc)

=== PID → power (EMA) (pid_to_power) [comm="stress_core"] ===
PID      power             
187894   45                
187897   51                
187898   45                
187895   51                
187899   49                
187890   49                
187893   35                
187896   37                
187892   48                
187891   49                

=== PID → cumulative energy (pid_to_consumption) [comm="stress_core"] ===
PID      energy            
187893   410807200000      
187890   410319480000      
187898   410703180000      
187895   410752780000      
187896   410431770000      
187891   413057600000      
187897   410347490000      
187892   411234270000      
187899   406425880000      
187894   410667890000      

[H[JPolling energy-fair scheduler maps every 100 millisecond(s)...
Real time since poller start: 60.449581 s
Filter: comm "stress_core"
Maps shown: total power consumption 

=== System totals (total) ===
  cpu_time:  837146160449 ns
  energy:    38295519470000 (units of your kfunc)
  uncore_energy:    973216280156180000 (units of your kfunc)

=== PID → power (EMA) (pid_to_power) [comm="stress_core"] ===
PID      power             
187894   33                
187897   34                
187898   33                
187895   42                
187899   51                
187890   41                
187893   50                
187896   45                
187892   50                
187891   36                

=== PID → cumulative energy (pid_to_consumption) [comm="stress_core"] ===
PID      energy            
187893   413721760000      
187890   413226400000      
187898   413543930000      
187895   413460290000      
187896   413375030000      
187891   416112080000      
187897   413347210000      
187892   414051010000      
187899   409378900000      
187894   413799870000      

[H[JPolling energy-fair scheduler maps every 100 millisecond(s)...
Real time since poller start: 60.568801 s
Filter: comm "stress_core"
Maps shown: total power consumption 

=== System totals (total) ===
  cpu_time:  837871555918 ns
  energy:    38327436730000 (units of your kfunc)
  uncore_energy:    973216439333590000 (units of your kfunc)

=== PID → power (EMA) (pid_to_power) [comm="stress_core"] ===
PID      power             
187894   44                
187897   33                
187898   42                
187895   39                
187899   45                
187890   49                
187893   36                
187896   48                
187892   49                
187891   49                

=== PID → cumulative energy (pid_to_consumption) [comm="stress_core"] ===
PID      energy            
187893   416753220000      
187890   416372380000      
187898   416670740000      
187895   416526420000      
187896   416486340000      
187891   419223590000      
187897   416438070000      
187892   417053790000      
187899   412398470000      
187894   416955540000      

[H[JPolling energy-fair scheduler maps every 100 millisecond(s)...
Real time since poller start: 60.687813 s
Filter: comm "stress_core"
Maps shown: total power consumption 

=== System totals (total) ===
  cpu_time:  838633848416 ns
  energy:    38361866130000 (units of your kfunc)
  uncore_energy:    973216597803050000 (units of your kfunc)

=== PID → power (EMA) (pid_to_power) [comm="stress_core"] ===
PID      power             
187894   39                
187897   47                
187898   39                
187895   31                
187899   49                
187890   35                
187893   41                
187896   50                
187892   37                
187891   33                

=== PID → cumulative energy (pid_to_consumption) [comm="stress_core"] ===
PID      energy            
187893   419875460000      
187890   419583540000      
187898   419766590000      
187895   419712630000      
187896   419791250000      
187891   422598380000      
187897   419655890000      
187892   420317200000      
187899   415729090000      
187894   420267070000      

[H[JPolling energy-fair scheduler maps every 100 millisecond(s)...
Real time since poller start: 60.807074 s
Filter: comm "stress_core"
Maps shown: total power consumption 

=== System totals (total) ===
  cpu_time:  839391555702 ns
  energy:    38395591450000 (units of your kfunc)
  uncore_energy:    973216758244450000 (units of your kfunc)

=== PID → power (EMA) (pid_to_power) [comm="stress_core"] ===
PID      power             
187894   49                
187897   37                
187898   46                
187895   31                
187899   38                
187890   46                
187893   31                
187896   45                
187892   46                
187891   46                

=== PID → cumulative energy (pid_to_consumption) [comm="stress_core"] ===
PID      energy            
187893   423320590000      
187890   422899000000      
187898   423024670000      
187895   422945340000      
187896   423003170000      
187891   426010130000      
187897   422826670000      
187892   423444260000      
187899   418964540000      
187894   423348400000      

[H[JPolling energy-fair scheduler maps every 100 millisecond(s)...
Real time since poller start: 60.926395 s
Filter: comm "stress_core"
Maps shown: total power consumption 

=== System totals (total) ===
  cpu_time:  840155009094 ns
  energy:    38429441720000 (units of your kfunc)
  uncore_energy:    973216918065450000 (units of your kfunc)

=== PID → power (EMA) (pid_to_power) [comm="stress_core"] ===
PID      power             
187894   48                
187897   44                
187898   34                
187895   47                
187899   48                
187890   40                
187893   48                
187896   52                
187892   54                
187891   34                

=== PID → cumulative energy (pid_to_consumption) [comm="stress_core"] ===
PID      energy            
187893   426506950000      
187890   426312750000      
187898   426190180000      
187895   426235900000      
187896   426339110000      
187891   429453090000      
187897   425981100000      
187892   426695710000      
187899   422271230000      
187894   426585230000      

[H[JPolling energy-fair scheduler maps every 100 millisecond(s)...
Real time since poller start: 61.045399 s
Filter: comm "stress_core"
Maps shown: total power consumption 

=== System totals (total) ===
  cpu_time:  840906379878 ns
  energy:    38462906890000 (units of your kfunc)
  uncore_energy:    973217078263760000 (units of your kfunc)

=== PID → power (EMA) (pid_to_power) [comm="stress_core"] ===
PID      power             
187894   44                
187897   34                
187898   38                
187895   44                
187899   35                
187890   48                
187893   34                
187896   44                
187892   42                
187891   53                

=== PID → cumulative energy (pid_to_consumption) [comm="stress_core"] ===
PID      energy            
187893   429531810000      
187890   429469370000      
187898   429448080000      
187895   429416300000      
187896   429624470000      
187891   432674950000      
187897   429179280000      
187892   429867540000      
187899   425176060000      
187894   429707490000      

[H[JPolling energy-fair scheduler maps every 100 millisecond(s)...
Real time since poller start: 61.164359 s
Filter: comm "stress_core"
Maps shown: total power consumption 

=== System totals (total) ===
  cpu_time:  841656700913 ns
  energy:    38496407340000 (units of your kfunc)
  uncore_energy:    973217236055580000 (units of your kfunc)

=== PID → power (EMA) (pid_to_power) [comm="stress_core"] ===
PID      power             
187894   45                
187897   50                
187898   38                
187895   44                
187899   48                
187890   34                
187893   52                
187896   52                
187892   49                
187891   46                

=== PID → cumulative energy (pid_to_consumption) [comm="stress_core"] ===
PID      energy            
187893   432630250000      
187890   432643060000      
187898   432433010000      
187895   432661310000      
187896   432912000000      
187891   435854710000      
187897   432301370000      
187892   433057390000      
187899   428535600000      
187894   432785650000      

[H[JPolling energy-fair scheduler maps every 100 millisecond(s)...
Real time since poller start: 61.283335 s
Filter: comm "stress_core"
Maps shown: total power consumption 

=== System totals (total) ===
  cpu_time:  842377626990 ns
  energy:    38529371790000 (units of your kfunc)
  uncore_energy:    973217393125000000 (units of your kfunc)

=== PID → power (EMA) (pid_to_power) [comm="stress_core"] ===
PID      power             
187894   37                
187897   48                
187898   51                
187895   50                
187899   46                
187890   46                
187893   50                
187896   47                
187892   33                
187891   38                

=== PID → cumulative energy (pid_to_consumption) [comm="stress_core"] ===
PID      energy            
187893   435762340000      
187890   435837920000      
187898   435530750000      
187895   435747970000      
187896   436077500000      
187891   439046380000      
187897   435315430000      
187892   436151100000      
187899   431679520000      
187894   435732560000      

[H[JPolling energy-fair scheduler maps every 100 millisecond(s)...
Real time since poller start: 61.402452 s
Filter: comm "stress_core"
Maps shown: total power consumption 

=== System totals (total) ===
  cpu_time:  843102847799 ns
  energy:    38561613500000 (units of your kfunc)
  uncore_energy:    973217551776850000 (units of your kfunc)

=== PID → power (EMA) (pid_to_power) [comm="stress_core"] ===
PID      power             
187894   48                
187897   49                
187898   39                
187895   36                
187899   34                
187890   41                
187893   46                
187896   49                
187892   39                
187891   52                

=== PID → cumulative energy (pid_to_consumption) [comm="stress_core"] ===
PID      energy            
187893   438969390000      
187890   439153910000      
187898   438744370000      
187895   438693600000      
187896   439264050000      
187891   442175310000      
187897   438535190000      
187892   439422710000      
187899   434781120000      
187894   439064350000      

[H[JPolling energy-fair scheduler maps every 100 millisecond(s)...
Real time since poller start: 61.526602 s
Filter: comm "stress_core"
Maps shown: total power consumption 

=== System totals (total) ===
  cpu_time:  843864976520 ns
  energy:    38595611330000 (units of your kfunc)
  uncore_energy:    973217719642270000 (units of your kfunc)

=== PID → power (EMA) (pid_to_power) [comm="stress_core"] ===
PID      power             
187894   41                
187897   34                
187898   33                
187895   41                
187899   46                
187890   35                
187893   34                
187896   49                
187892   41                
187891   44                

=== PID → cumulative energy (pid_to_consumption) [comm="stress_core"] ===
PID      energy            
187893   441977820000      
187890   442336470000      
187898   441844190000      
187895   441735580000      
187896   442204430000      
187891   445179410000      
187897   441394520000      
187892   442351630000      
187899   437621410000      
187894   441929420000      

[H[JPolling energy-fair scheduler maps every 100 millisecond(s)...
Real time since poller start: 61.645663 s
Filter: comm "stress_core"
Maps shown: total power consumption 

=== System totals (total) ===
  cpu_time:  844631921528 ns
  energy:    38630229940000 (units of your kfunc)
  uncore_energy:    973217877968140000 (units of your kfunc)

=== PID → power (EMA) (pid_to_power) [comm="stress_core"] ===
PID      power             
187894   38                
187897   41                
187898   49                
187895   49                
187899   54                
187890   52                
187893   48                
187896   52                
187892   48                
187891   41                

=== PID → cumulative energy (pid_to_consumption) [comm="stress_core"] ===
PID      energy            
187893   445041500000      
187890   445156900000      
187898   444866790000      
187895   444709130000      
187896   445150800000      
187891   448256770000      
187897   444372230000      
187892   445559720000      
187899   440799210000      
187894   444927650000      

[H[JPolling energy-fair scheduler maps every 100 millisecond(s)...
Real time since poller start: 61.764762 s
Filter: comm "stress_core"
Maps shown: total power consumption 

=== System totals (total) ===
  cpu_time:  845430804660 ns
  energy:    38665865010000 (units of your kfunc)
  uncore_energy:    973218037668920000 (units of your kfunc)

=== PID → power (EMA) (pid_to_power) [comm="stress_core"] ===
PID      power             
187894   38                
187897   45                
187898   35                
187895   51                
187899   43                
187890   52                
187893   50                
187896   48                
187892   40                
187891   49                

=== PID → cumulative energy (pid_to_consumption) [comm="stress_core"] ===
PID      energy            
187893   447964710000      
187890   448107650000      
187898   447859030000      
187895   447821060000      
187896   448115110000      
187891   451204490000      
187897   447477890000      
187892   448543740000      
187899   443881180000      
187894   447890530000      

[H[JPolling energy-fair scheduler maps every 100 millisecond(s)...
Real time since poller start: 61.883606 s
Filter: comm "stress_core"
Maps shown: total power consumption 

=== System totals (total) ===
  cpu_time:  846233996497 ns
  energy:    38702057210000 (units of your kfunc)
  uncore_energy:    973218202033820000 (units of your kfunc)

=== PID → power (EMA) (pid_to_power) [comm="stress_core"] ===
PID      power             
187894   43                
187897   47                
187898   46                
187895   39                
187899   31                
187890   39                
187893   46                
187896   47                
187892   31                
187891   36                

=== PID → cumulative energy (pid_to_consumption) [comm="stress_core"] ===
PID      energy            
187893   451075860000      
187890   451205180000      
187898   450877030000      
187895   450809520000      
187896   451024100000      
187891   454235080000      
187897   450609300000      
187892   451746750000      
187899   447039720000      
187894   450940120000      

[H[JPolling energy-fair scheduler maps every 100 millisecond(s)...
Real time since poller start: 62.002478 s
Filter: comm "stress_core"
Maps shown: total power consumption 

=== System totals (total) ===
  cpu_time:  846975864592 ns
  energy:    38735356710000 (units of your kfunc)
  uncore_energy:    973218360888400000 (units of your kfunc)

=== PID → power (EMA) (pid_to_power) [comm="stress_core"] ===
PID      power             
187894   52                
187897   36                
187898   46                
187895   49                
187899   50                
187890   50                
187893   48                
187896   52                
187892   51                
187891   48                

=== PID → cumulative energy (pid_to_consumption) [comm="stress_core"] ===
PID      energy            
187893   454182680000      
187890   454354590000      
187898   453888090000      
187895   453799030000      
187896   454175280000      
187891   457362240000      
187897   453733190000      
187892   454765960000      
187899   450210980000      
187894   454122990000      

[H[JPolling energy-fair scheduler maps every 100 millisecond(s)...
Real time since poller start: 62.121332 s
Filter: comm "stress_core"
Maps shown: total power consumption 

=== System totals (total) ===
  cpu_time:  847701721356 ns
  energy:    38768001060000 (units of your kfunc)
  uncore_energy:    973218518756140000 (units of your kfunc)

=== PID → power (EMA) (pid_to_power) [comm="stress_core"] ===
PID      power             
187894   53                
187897   49                
187898   39                
187895   42                
187899   49                
187890   39                
187893   51                
187896   50                
187892   43                
187891   39                

=== PID → cumulative energy (pid_to_consumption) [comm="stress_core"] ===
PID      energy            
187893   457023690000      
187890   457303150000      
187898   456804540000      
187895   456878890000      
187896   457168000000      
187891   460342520000      
187897   456797500000      
187892   457760700000      
187899   453184160000      
187894   457117630000      

[H[JPolling energy-fair scheduler maps every 100 millisecond(s)...
Real time since poller start: 62.240193 s
Filter: comm "stress_core"
Maps shown: total power consumption 

=== System totals (total) ===
  cpu_time:  848447246497 ns
  energy:    38801807590000 (units of your kfunc)
  uncore_energy:    973218675686910000 (units of your kfunc)

=== PID → power (EMA) (pid_to_power) [comm="stress_core"] ===
PID      power             
187894   35                
187897   49                
187898   50                
187895   44                
187899   39                
187890   51                
187893   43                
187896   42                
187892   42                
187891   50                

=== PID → cumulative energy (pid_to_consumption) [comm="stress_core"] ===
PID      energy            
187893   460125330000      
187890   460371560000      
187898   460087320000      
187895   459799260000      
187896   460355270000      
187891   463440000000      
187897   459796260000      
187892   460867370000      
187899   456327930000      
187894   460153100000      

[H[JPolling energy-fair scheduler maps every 100 millisecond(s)...
Real time since poller start: 62.359340 s
Filter: comm "stress_core"
Maps shown: total power consumption 

=== System totals (total) ===
  cpu_time:  849179101000 ns
  energy:    38835087510000 (units of your kfunc)
  uncore_energy:    973218832661510000 (units of your kfunc)

=== PID → power (EMA) (pid_to_power) [comm="stress_core"] ===
PID      power             
187894   52                
187897   45                
187898   46                
187895   39                
187899   47                
187890   50                
187893   54                
187896   45                
187892   33                
187891   47                

=== PID → cumulative energy (pid_to_consumption) [comm="stress_core"] ===
PID      energy            
187893   463234280000      
187890   463331040000      
187898   462931240000      
187895   462773360000      
187896   463337300000      
187891   466543170000      
187897   462754460000      
187892   463781110000      
187899   459296550000      
187894   463295960000      

[H[JPolling energy-fair scheduler maps every 100 millisecond(s)...
Real time since poller start: 62.478634 s
Filter: comm "stress_core"
Maps shown: total power consumption 

=== System totals (total) ===
  cpu_time:  849898632077 ns
  energy:    38868145840000 (units of your kfunc)
  uncore_energy:    973218989197910000 (units of your kfunc)

=== PID → power (EMA) (pid_to_power) [comm="stress_core"] ===
PID      power             
187894   52                
187897   44                
187898   47                
187895   51                
187899   41                
187890   50                
187893   51                
187896   50                
187892   32                
187891   39                

=== PID → cumulative energy (pid_to_consumption) [comm="stress_core"] ===
PID      energy            
187893   466393130000      
187890   466350740000      
187898   465838050000      
187895   465964640000      
187896   466341430000      
187891   469682670000      
187897   465749280000      
187892   466957880000      
187899   462168930000      
187894   466328590000      

[H[JPolling energy-fair scheduler maps every 100 millisecond(s)...
Real time since poller start: 62.597884 s
Filter: comm "stress_core"
Maps shown: total power consumption 

=== System totals (total) ===
  cpu_time:  850634240864 ns
  energy:    38901445450000 (units of your kfunc)
  uncore_energy:    973219148153090000 (units of your kfunc)

=== PID → power (EMA) (pid_to_power) [comm="stress_core"] ===
PID      power             
187894   47                
187897   43                
187898   41                
187895   40                
187899   35                
187890   49                
187893   41                
187896   51                
187892   50                
187891   40                

=== PID → cumulative energy (pid_to_consumption) [comm="stress_core"] ===
PID      energy            
187893   469688370000      
187890   469700180000      
187898   469183960000      
187895   469072880000      
187896   469564950000      
187891   472827990000      
187897   469085290000      
187892   470089130000      
187899   465482700000      
187894   469450250000      

[H[JPolling energy-fair scheduler maps every 100 millisecond(s)...
Real time since poller start: 62.716757 s
Filter: comm "stress_core"
Maps shown: total power consumption 

=== System totals (total) ===
  cpu_time:  851367381801 ns
  energy:    38934677300000 (units of your kfunc)
  uncore_energy:    973219305907720000 (units of your kfunc)

=== PID → power (EMA) (pid_to_power) [comm="stress_core"] ===
PID      power             
187894   37                
187897   47                
187898   47                
187895   31                
187899   37                
187890   44                
187893   46                
187896   46                
187892   34                
187891   50                

=== PID → cumulative energy (pid_to_consumption) [comm="stress_core"] ===
PID      energy            
187893   473054730000      
187890   472842290000      
187898   472307260000      
187895   472128660000      
187896   472732520000      
187891   476024730000      
187897   472151200000      
187892   473289180000      
187899   468669250000      
187894   472575210000      

[H[JPolling energy-fair scheduler maps every 100 millisecond(s)...
Real time since poller start: 62.836015 s
Filter: comm "stress_core"
Maps shown: total power consumption 

=== System totals (total) ===
  cpu_time:  852114937202 ns
  energy:    38968535040000 (units of your kfunc)
  uncore_energy:    973219464413720000 (units of your kfunc)

=== PID → power (EMA) (pid_to_power) [comm="stress_core"] ===
PID      power             
187894   49                
187897   49                
187898   48                
187895   52                
187899   49                
187890   55                
187893   45                
187896   54                
187892   55                
187891   45                

=== PID → cumulative energy (pid_to_consumption) [comm="stress_core"] ===
PID      energy            
187893   476391520000      
187890   476225330000      
187898   475520770000      
187895   475588700000      
187896   476088620000      
187891   479334200000      
187897   475590100000      
187892   476667100000      
187899   472027860000      
187894   475725070000      

[H[JPolling energy-fair scheduler maps every 100 millisecond(s)...
Real time since poller start: 62.955213 s
Filter: comm "stress_core"
Maps shown: total power consumption 

=== System totals (total) ===
  cpu_time:  852866433680 ns
  energy:    39002602730000 (units of your kfunc)
  uncore_energy:    973219625831870000 (units of your kfunc)

=== PID → power (EMA) (pid_to_power) [comm="stress_core"] ===
PID      power             
187894   51                
187897   39                
187898   40                
187895   34                
187899   41                
187890   44                
187893   51                
187896   35                
187892   53                
187891   45                

=== PID → cumulative energy (pid_to_consumption) [comm="stress_core"] ===
PID      energy            
187893   479663630000      
187890   479463540000      
187898   478995050000      
187895   478661780000      
187896   479291600000      
187891   482807790000      
187897   478615430000      
187892   479797920000      
187899   475391110000      
187894   479012340000      

[H[JPolling energy-fair scheduler maps every 100 millisecond(s)...
Real time since poller start: 63.074019 s
Filter: comm "stress_core"
Maps shown: total power consumption 

=== System totals (total) ===
  cpu_time:  853599832417 ns
  energy:    39035847640000 (units of your kfunc)
  uncore_energy:    973219783758530000 (units of your kfunc)

=== PID → power (EMA) (pid_to_power) [comm="stress_core"] ===
PID      power             
187894   44                
187897   54                
187898   37                
187895   48                
187899   39                
187890   51                
187893   43                
187896   47                
187892   39                
187891   47                

=== PID → cumulative energy (pid_to_consumption) [comm="stress_core"] ===
PID      energy            
187893   482786000000      
187890   482695230000      
187898   482147640000      
187895   481903370000      
187896   482698270000      
187891   485877230000      
187897   481878080000      
187892   482970520000      
187899   478624740000      
187894   482360280000      

[H[JPolling energy-fair scheduler maps every 100 millisecond(s)...
Real time since poller start: 63.192893 s
Filter: comm "stress_core"
Maps shown: total power consumption 

=== System totals (total) ===
  cpu_time:  854351881755 ns
  energy:    39070181190000 (units of your kfunc)
  uncore_energy:    973219940849840000 (units of your kfunc)

=== PID → power (EMA) (pid_to_power) [comm="stress_core"] ===
PID      power             
187894   39                
187897   33                
187898   39                
187895   47                
187899   42                
187890   41                
187893   48                
187896   55                
187892   49                
187891   53                

=== PID → cumulative energy (pid_to_consumption) [comm="stress_core"] ===
PID      energy            
187893   486012600000      
187890   485904760000      
187898   485391760000      
187895   485119630000      
187896   485935100000      
187891   489339970000      
187897   485083010000      
187892   486111080000      
187899   481895290000      
187894   485366430000      

[H[JPolling energy-fair scheduler maps every 100 millisecond(s)...
Real time since poller start: 63.311723 s
Filter: comm "stress_core"
Maps shown: total power consumption 

=== System totals (total) ===
  cpu_time:  855102163321 ns
  energy:    39104040860000 (units of your kfunc)
  uncore_energy:    973220100214510000 (units of your kfunc)

=== PID → power (EMA) (pid_to_power) [comm="stress_core"] ===
PID      power             
187894   45                
187897   50                
187898   40                
187895   37                
187899   41                
187890   34                
187893   38                
187896   35                
187892   38                
187891   47                

=== PID → cumulative energy (pid_to_consumption) [comm="stress_core"] ===
PID      energy            
187893   489404530000      
187890   488994320000      
187898   488570610000      
187895   488098450000      
187896   489112210000      
187891   492630460000      
187897   488338330000      
187892   489411160000      
187899   485190760000      
187894   488603410000      

[H[JPolling energy-fair scheduler maps every 100 millisecond(s)...
Real time since poller start: 63.430594 s
Filter: comm "stress_core"
Maps shown: total power consumption 

=== System totals (total) ===
  cpu_time:  855857014682 ns
  energy:    39138153120000 (units of your kfunc)
  uncore_energy:    973220259726510000 (units of your kfunc)

=== PID → power (EMA) (pid_to_power) [comm="stress_core"] ===
PID      power             
187894   48                
187897   47                
187898   40                
187895   50                
187899   52                
187890   50                
187893   42                
187896   41                
187892   50                
187891   50                

=== PID → cumulative energy (pid_to_consumption) [comm="stress_core"] ===
PID      energy            
187893   492528570000      
187890   492126310000      
187898   491712690000      
187895   491323360000      
187896   492519620000      
187891   495952970000      
187897   491569350000      
187892   492700820000      
187899   488519410000      
187894   491903730000      

[H[JPolling energy-fair scheduler maps every 100 millisecond(s)...
Real time since poller start: 63.549500 s
Filter: comm "stress_core"
Maps shown: total power consumption 

=== System totals (total) ===
  cpu_time:  856581383113 ns
  energy:    39171649370000 (units of your kfunc)
  uncore_energy:    973220422134040000 (units of your kfunc)

=== PID → power (EMA) (pid_to_power) [comm="stress_core"] ===
PID      power             
187894   47                
187897   35                
187898   46                
187895   49                
187899   44                
187890   42                
187893   45                
187896   40                
187892   37                
187891   46                

=== PID → cumulative energy (pid_to_consumption) [comm="stress_core"] ===
PID      energy            
187893   495720570000      
187890   495493440000      
187898   494855840000      
187895   494537940000      
187896   495587090000      
187891   499196830000      
187897   494925220000      
187892   495976350000      
187899   491810520000      
187894   495056990000      

[H[JPolling energy-fair scheduler maps every 100 millisecond(s)...
Real time since poller start: 63.668314 s
Filter: comm "stress_core"
Maps shown: total power consumption 

=== System totals (total) ===
  cpu_time:  857379600437 ns
  energy:    39206547060000 (units of your kfunc)
  uncore_energy:    973220580755490000 (units of your kfunc)

=== PID → power (EMA) (pid_to_power) [comm="stress_core"] ===
PID      power             
187894   48                
187897   39                
187898   35                
187895   45                
187899   50                
187890   39                
187893   48                
187896   42                
187892   48                
187891   35                

=== PID → cumulative energy (pid_to_consumption) [comm="stress_core"] ===
PID      energy            
187893   498580710000      
187890   498215490000      
187898   497890660000      
187895   497387820000      
187896   498533640000      
187891   501942020000      
187897   497822580000      
187892   498886340000      
187899   494633220000      
187894   497749210000      

[H[JPolling energy-fair scheduler maps every 100 millisecond(s)...
Real time since poller start: 63.787222 s
Filter: comm "stress_core"
Maps shown: total power consumption 

=== System totals (total) ===
  cpu_time:  858176701724 ns
  energy:    39242408660000 (units of your kfunc)
  uncore_energy:    973220739339380000 (units of your kfunc)

=== PID → power (EMA) (pid_to_power) [comm="stress_core"] ===
PID      power             
187894   40                
187897   40                
187898   44                
187895   49                
187899   32                
187890   46                
187893   46                
187896   48                
187892   46                
187891   52                

=== PID → cumulative energy (pid_to_consumption) [comm="stress_core"] ===
PID      energy            
187893   501672760000      
187890   501172790000      
187898   501102490000      
187895   500438970000      
187896   501659500000      
187891   505100400000      
187897   500743600000      
187892   501832210000      
187899   497791190000      
187894   500837740000      

[H[JPolling energy-fair scheduler maps every 100 millisecond(s)...
Real time since poller start: 63.906128 s
Filter: comm "stress_core"
Maps shown: total power consumption 

=== System totals (total) ===
  cpu_time:  858982502336 ns
  energy:    39278216540000 (units of your kfunc)
  uncore_energy:    973220898925030000 (units of your kfunc)

=== PID → power (EMA) (pid_to_power) [comm="stress_core"] ===
PID      power             
187894   44                
187897   45                
187898   50                
187895   32                
187899   39                
187890   36                
187893   46                
187896   36                
187892   35                
187891   47                

=== PID → cumulative energy (pid_to_consumption) [comm="stress_core"] ===
PID      energy            
187893   504781640000      
187890   504268190000      
187898   504300060000      
187895   503354140000      
187896   504752510000      
187891   508184820000      
187897   503676740000      
187892   504836900000      
187899   500639080000      
187894   503834240000      

[H[JPolling energy-fair scheduler maps every 100 millisecond(s)...
Real time since poller start: 64.025067 s
Filter: comm "stress_core"
Maps shown: total power consumption 

=== System totals (total) ===
  cpu_time:  859752534682 ns
  energy:    39312438410000 (units of your kfunc)
  uncore_energy:    973221064482670000 (units of your kfunc)

=== PID → power (EMA) (pid_to_power) [comm="stress_core"] ===
PID      power             
187894   50                
187897   36                
187898   43                
187895   47                
187899   44                
187890   33                
187893   50                
187896   41                
187892   47                
187891   42                

=== PID → cumulative energy (pid_to_consumption) [comm="stress_core"] ===
PID      energy            
187893   507847890000      
187890   507286980000      
187898   507207280000      
187895   506225670000      
187896   507748600000      
187891   511054780000      
187897   506535740000      
187892   507763250000      
187899   503544930000      
187894   506779090000      

[H[JPolling energy-fair scheduler maps every 100 millisecond(s)...
Real time since poller start: 64.143997 s
Filter: comm "stress_core"
Maps shown: total power consumption 

=== System totals (total) ===
  cpu_time:  860453473401 ns
  energy:    39343870240000 (units of your kfunc)
  uncore_energy:    973221220550070000 (units of your kfunc)

=== PID → power (EMA) (pid_to_power) [comm="stress_core"] ===
PID      power             
187894   47                
187897   49                
187898   43                
187895   52                
187899   45                
187890   51                
187893   49                
187896   35                
187892   48                
187891   44                

=== PID → cumulative energy (pid_to_consumption) [comm="stress_core"] ===
PID      energy            
187893   510756540000      
187890   510163110000      
187898   510108300000      
187895   509294340000      
187896   510730960000      
187891   514172160000      
187897   509423140000      
187892   510719320000      
187899   506551300000      
187894   509515660000      

[H[JPolling energy-fair scheduler maps every 100 millisecond(s)...
Real time since poller start: 64.262875 s
Filter: comm "stress_core"
Maps shown: total power consumption 

=== System totals (total) ===
  cpu_time:  861093570971 ns
  energy:    39373260770000 (units of your kfunc)
  uncore_energy:    973221378328890000 (units of your kfunc)

=== PID → power (EMA) (pid_to_power) [comm="stress_core"] ===
PID      power             
187894   49                
187897   47                
187898   38                
187895   63                
187899   51                
187890   38                
187893   36                
187896   48                
187892   47                
187891   57                

=== PID → cumulative energy (pid_to_consumption) [comm="stress_core"] ===
PID      energy            
187893   513164960000      
187890   512506880000      
187898   512546360000      
187895   511491140000      
187896   513066810000      
187891   516585000000      
187897   511775860000      
187892   512980700000      
187899   508640070000      
187894   511694750000      

[H[JPolling energy-fair scheduler maps every 100 millisecond(s)...
Real time since poller start: 64.381755 s
Filter: comm "stress_core"
Maps shown: total power consumption 

=== System totals (total) ===
  cpu_time:  861125207394 ns
  energy:    39374350850000 (units of your kfunc)
  uncore_energy:    973221459375950000 (units of your kfunc)

=== PID → power (EMA) (pid_to_power) [comm="stress_core"] ===
PID      power             
187894   49                
187897   47                
187898   38                
187895   63                
187899   51                
187890   38                
187893   36                
187896   48                
187892   47                
187891   57                

=== PID → cumulative energy (pid_to_consumption) [comm="stress_core"] ===
PID      energy            
187893   513164960000      
187890   512506880000      
187898   512546360000      
187895   511491140000      
187896   513066810000      
187891   516585000000      
187897   511775860000      
187892   512980700000      
187899   508640070000      
187894   511694750000      

[H[JPolling energy-fair scheduler maps every 100 millisecond(s)...
Real time since poller start: 64.500526 s
Filter: comm "stress_core"
Maps shown: total power consumption 

=== System totals (total) ===
  cpu_time:  861147622138 ns
  energy:    39375118970000 (units of your kfunc)
  uncore_energy:    973221671229290000 (units of your kfunc)

=== PID → power (EMA) (pid_to_power) [comm="stress_core"] ===
PID      power             
187894   49                
187897   47                
187898   38                
187895   63                
187899   51                
187890   38                
187893   36                
187896   48                
187892   47                
187891   57                

=== PID → cumulative energy (pid_to_consumption) [comm="stress_core"] ===
PID      energy            
187893   513164960000      
187890   512506880000      
187898   512546360000      
187895   511491140000      
187896   513066810000      
187891   516585000000      
187897   511775860000      
187892   512980700000      
187899   508640070000      
187894   511694750000      

[H[JPolling energy-fair scheduler maps every 100 millisecond(s)...
Real time since poller start: 64.619341 s
Filter: comm "stress_core"
Maps shown: total power consumption 

=== System totals (total) ===
  cpu_time:  861166511450 ns
  energy:    39375804090000 (units of your kfunc)
  uncore_energy:    973221769396100000 (units of your kfunc)

=== PID → power (EMA) (pid_to_power) [comm="stress_core"] ===
PID      power             
187894   49                
187897   47                
187898   38                
187895   63                
187899   51                
187890   38                
187893   36                
187896   48                
187892   47                
187891   57                

=== PID → cumulative energy (pid_to_consumption) [comm="stress_core"] ===
PID      energy            
187893   513164960000      
187890   512506880000      
187898   512546360000      
187895   511491140000      
187896   513066810000      
187891   516585000000      
187897   511775860000      
187892   512980700000      
187899   508640070000      
187894   511694750000      

[H[JPolling energy-fair scheduler maps every 100 millisecond(s)...
Real time since poller start: 64.738187 s
Filter: comm "stress_core"
Maps shown: total power consumption 

=== System totals (total) ===
  cpu_time:  861187159192 ns
  energy:    39376531630000 (units of your kfunc)
  uncore_energy:    973221923026010000 (units of your kfunc)

=== PID → power (EMA) (pid_to_power) [comm="stress_core"] ===
PID      power             
187894   49                
187897   47                
187898   38                
187895   63                
187899   51                
187890   38                
187893   36                
187896   48                
187892   47                
187891   57                

=== PID → cumulative energy (pid_to_consumption) [comm="stress_core"] ===
PID      energy            
187893   513164960000      
187890   512506880000      
187898   512546360000      
187895   511491140000      
187896   513066810000      
187891   516585000000      
187897   511775860000      
187892   512980700000      
187899   508640070000      
187894   511694750000      

[H[JPolling energy-fair scheduler maps every 100 millisecond(s)...
Real time since poller start: 64.856984 s
Filter: comm "stress_core"
Maps shown: total power consumption 

=== System totals (total) ===
  cpu_time:  861209290385 ns
  energy:    39377333640000 (units of your kfunc)
  uncore_energy:    973222145159640000 (units of your kfunc)

=== PID → power (EMA) (pid_to_power) [comm="stress_core"] ===
PID      power             
187894   49                
187897   47                
187898   38                
187895   63                
187899   51                
187890   38                
187893   36                
187896   48                
187892   47                
187891   57                

=== PID → cumulative energy (pid_to_consumption) [comm="stress_core"] ===
PID      energy            
187893   513164960000      
187890   512506880000      
187898   512546360000      
187895   511491140000      
187896   513066810000      
187891   516585000000      
187897   511775860000      
187892   512980700000      
187899   508640070000      
187894   511694750000      

[H[JPolling energy-fair scheduler maps every 100 millisecond(s)...
Real time since poller start: 64.975767 s
Filter: comm "stress_core"
Maps shown: total power consumption 

=== System totals (total) ===
  cpu_time:  861229049674 ns
  energy:    39378030800000 (units of your kfunc)
  uncore_energy:    973222227430770000 (units of your kfunc)

=== PID → power (EMA) (pid_to_power) [comm="stress_core"] ===
PID      power             
187894   49                
187897   47                
187898   38                
187895   63                
187899   51                
187890   38                
187893   36                
187896   48                
187892   47                
187891   57                

=== PID → cumulative energy (pid_to_consumption) [comm="stress_core"] ===
PID      energy            
187893   513164960000      
187890   512506880000      
187898   512546360000      
187895   511491140000      
187896   513066810000      
187891   516585000000      
187897   511775860000      
187892   512980700000      
187899   508640070000      
187894   511694750000      

[H[JPolling energy-fair scheduler maps every 100 millisecond(s)...
Real time since poller start: 65.094511 s
Filter: comm "stress_core"
Maps shown: total power consumption 

=== System totals (total) ===
  cpu_time:  861247801276 ns
  energy:    39378697460000 (units of your kfunc)
  uncore_energy:    973222376142780000 (units of your kfunc)

=== PID → power (EMA) (pid_to_power) [comm="stress_core"] ===
PID      power             
187894   49                
187897   47                
187898   38                
187895   63                
187899   51                
187890   38                
187893   36                
187896   48                
187892   47                
187891   57                

=== PID → cumulative energy (pid_to_consumption) [comm="stress_core"] ===
PID      energy            
187893   513164960000      
187890   512506880000      
187898   512546360000      
187895   511491140000      
187896   513066810000      
187891   516585000000      
187897   511775860000      
187892   512980700000      
187899   508640070000      
187894   511694750000      

[H[JPolling energy-fair scheduler maps every 100 millisecond(s)...
Real time since poller start: 65.213293 s
Filter: comm "stress_core"
Maps shown: total power consumption 

=== System totals (total) ===
  cpu_time:  861266528558 ns
  energy:    39379374040000 (units of your kfunc)
  uncore_energy:    973222479115790000 (units of your kfunc)

=== PID → power (EMA) (pid_to_power) [comm="stress_core"] ===
PID      power             
187894   49                
187897   47                
187898   38                
187895   63                
187899   51                
187890   38                
187893   36                
187896   48                
187892   47                
187891   57                

=== PID → cumulative energy (pid_to_consumption) [comm="stress_core"] ===
PID      energy            
187893   513164960000      
187890   512506880000      
187898   512546360000      
187895   511491140000      
187896   513066810000      
187891   516585000000      
187897   511775860000      
187892   512980700000      
187899   508640070000      
187894   511694750000      

[H[JPolling energy-fair scheduler maps every 100 millisecond(s)...
Real time since poller start: 65.332049 s
Filter: comm "stress_core"
Maps shown: total power consumption 

=== System totals (total) ===
  cpu_time:  861285227520 ns
  energy:    39380058700000 (units of your kfunc)
  uncore_energy:    973222631864820000 (units of your kfunc)

=== PID → power (EMA) (pid_to_power) [comm="stress_core"] ===
PID      power             
187894   49                
187897   47                
187898   38                
187895   63                
187899   51                
187890   38                
187893   36                
187896   48                
187892   47                
187891   57                

=== PID → cumulative energy (pid_to_consumption) [comm="stress_core"] ===
PID      energy            
187893   513164960000      
187890   512506880000      
187898   512546360000      
187895   511491140000      
187896   513066810000      
187891   516585000000      
187897   511775860000      
187892   512980700000      
187899   508640070000      
187894   511694750000      

[H[JPolling energy-fair scheduler maps every 100 millisecond(s)...
Real time since poller start: 65.450837 s
Filter: comm "stress_core"
Maps shown: total power consumption 

=== System totals (total) ===
  cpu_time:  861304831546 ns
  energy:    39380785010000 (units of your kfunc)
  uncore_energy:    973222842644250000 (units of your kfunc)

=== PID → power (EMA) (pid_to_power) [comm="stress_core"] ===
PID      power             
187894   49                
187897   47                
187898   38                
187895   63                
187899   51                
187890   38                
187893   36                
187896   48                
187892   47                
187891   57                

=== PID → cumulative energy (pid_to_consumption) [comm="stress_core"] ===
PID      energy            
187893   513164960000      
187890   512506880000      
187898   512546360000      
187895   511491140000      
187896   513066810000      
187891   516585000000      
187897   511775860000      
187892   512980700000      
187899   508640070000      
187894   511694750000      

[H[JPolling energy-fair scheduler maps every 100 millisecond(s)...
Real time since poller start: 65.569646 s
Filter: comm "stress_core"
Maps shown: total power consumption 

=== System totals (total) ===
  cpu_time:  861323675648 ns
  energy:    39381459150000 (units of your kfunc)
  uncore_energy:    973222989951370000 (units of your kfunc)

=== PID → power (EMA) (pid_to_power) [comm="stress_core"] ===
PID      power             
187894   49                
187897   47                
187898   38                
187895   63                
187899   51                
187890   38                
187893   36                
187896   48                
187892   47                
187891   57                

=== PID → cumulative energy (pid_to_consumption) [comm="stress_core"] ===
PID      energy            
187893   513164960000      
187890   512506880000      
187898   512546360000      
187895   511491140000      
187896   513066810000      
187891   516585000000      
187897   511775860000      
187892   512980700000      
187899   508640070000      
187894   511694750000      

[H[JPolling energy-fair scheduler maps every 100 millisecond(s)...
Real time since poller start: 65.688428 s
Filter: comm "stress_core"
Maps shown: total power consumption 

=== System totals (total) ===
  cpu_time:  861342647802 ns
  energy:    39382133430000 (units of your kfunc)
  uncore_energy:    973223143006950000 (units of your kfunc)

=== PID → power (EMA) (pid_to_power) [comm="stress_core"] ===
PID      power             
187894   49                
187897   47                
187898   38                
187895   63                
187899   51                
187890   38                
187893   36                
187896   48                
187892   47                
187891   57                

=== PID → cumulative energy (pid_to_consumption) [comm="stress_core"] ===
PID      energy            
187893   513164960000      
187890   512506880000      
187898   512546360000      
187895   511491140000      
187896   513066810000      
187891   516585000000      
187897   511775860000      
187892   512980700000      
187899   508640070000      
187894   511694750000      

[H[JPolling energy-fair scheduler maps every 100 millisecond(s)...
Real time since poller start: 65.807246 s
Filter: comm "stress_core"
Maps shown: total power consumption 

=== System totals (total) ===
  cpu_time:  861377581792 ns
  energy:    39383569290000 (units of your kfunc)
  uncore_energy:    973223369150130000 (units of your kfunc)

=== PID → power (EMA) (pid_to_power) [comm="stress_core"] ===
PID      power             
187894   49                
187897   47                
187898   38                
187895   63                
187899   51                
187890   38                
187893   36                
187896   48                
187892   47                
187891   57                

=== PID → cumulative energy (pid_to_consumption) [comm="stress_core"] ===
PID      energy            
187893   513164960000      
187890   512506880000      
187898   512546360000      
187895   511491140000      
187896   513066810000      
187891   516585000000      
187897   511775860000      
187892   512980700000      
187899   508640070000      
187894   511694750000      

[H[JPolling energy-fair scheduler maps every 100 millisecond(s)...
Real time since poller start: 65.926038 s
Filter: comm "stress_core"
Maps shown: total power consumption 

=== System totals (total) ===
  cpu_time:  861396348335 ns
  energy:    39384262950000 (units of your kfunc)
  uncore_energy:    973223450435840000 (units of your kfunc)

=== PID → power (EMA) (pid_to_power) [comm="stress_core"] ===
PID      power             
187894   49                
187897   47                
187898   38                
187895   63                
187899   51                
187890   38                
187893   36                
187896   48                
187892   47                
187891   57                

=== PID → cumulative energy (pid_to_consumption) [comm="stress_core"] ===
PID      energy            
187893   513164960000      
187890   512506880000      
187898   512546360000      
187895   511491140000      
187896   513066810000      
187891   516585000000      
187897   511775860000      
187892   512980700000      
187899   508640070000      
187894   511694750000      

[H[JPolling energy-fair scheduler maps every 100 millisecond(s)...
Real time since poller start: 66.044845 s
Filter: comm "stress_core"
Maps shown: total power consumption 

=== System totals (total) ===
  cpu_time:  861415353219 ns
  energy:    39384961350000 (units of your kfunc)
  uncore_energy:    973223599797400000 (units of your kfunc)

=== PID → power (EMA) (pid_to_power) [comm="stress_core"] ===
PID      power             
187894   49                
187897   47                
187898   38                
187895   63                
187899   51                
187890   38                
187893   36                
187896   48                
187892   47                
187891   57                

=== PID → cumulative energy (pid_to_consumption) [comm="stress_core"] ===
PID      energy            
187893   513164960000      
187890   512506880000      
187898   512546360000      
187895   511491140000      
187896   513066810000      
187891   516585000000      
187897   511775860000      
187892   512980700000      
187899   508640070000      
187894   511694750000      

[H[JPolling energy-fair scheduler maps every 100 millisecond(s)...
Real time since poller start: 66.163641 s
Filter: comm "stress_core"
Maps shown: total power consumption 

=== System totals (total) ===
  cpu_time:  861434101971 ns
  energy:    39385621600000 (units of your kfunc)
  uncore_energy:    973223701369670000 (units of your kfunc)

=== PID → power (EMA) (pid_to_power) [comm="stress_core"] ===
PID      power             
187894   49                
187897   47                
187898   38                
187895   63                
187899   51                
187890   38                
187893   36                
187896   48                
187892   47                
187891   57                

=== PID → cumulative energy (pid_to_consumption) [comm="stress_core"] ===
PID      energy            
187893   513164960000      
187890   512506880000      
187898   512546360000      
187895   511491140000      
187896   513066810000      
187891   516585000000      
187897   511775860000      
187892   512980700000      
187899   508640070000      
187894   511694750000      

[H[JPolling energy-fair scheduler maps every 100 millisecond(s)...
Real time since poller start: 66.282444 s
Filter: comm "stress_core"
Maps shown: total power consumption 

=== System totals (total) ===
  cpu_time:  861452978104 ns
  energy:    39386301980000 (units of your kfunc)
  uncore_energy:    973223907297560000 (units of your kfunc)

=== PID → power (EMA) (pid_to_power) [comm="stress_core"] ===
PID      power             
187894   49                
187897   47                
187898   38                
187895   63                
187899   51                
187890   38                
187893   36                
187896   48                
187892   47                
187891   57                

=== PID → cumulative energy (pid_to_consumption) [comm="stress_core"] ===
PID      energy            
187893   513164960000      
187890   512506880000      
187898   512546360000      
187895   511491140000      
187896   513066810000      
187891   516585000000      
187897   511775860000      
187892   512980700000      
187899   508640070000      
187894   511694750000      

[H[JPolling energy-fair scheduler maps every 100 millisecond(s)...
Real time since poller start: 66.401240 s
Filter: comm "stress_core"
Maps shown: total power consumption 

=== System totals (total) ===
  cpu_time:  861473124206 ns
  energy:    39387021130000 (units of your kfunc)
  uncore_energy:    973224019078720000 (units of your kfunc)

=== PID → power (EMA) (pid_to_power) [comm="stress_core"] ===
PID      power             
187894   49                
187897   47                
187898   38                
187895   63                
187899   51                
187890   38                
187893   36                
187896   48                
187892   47                
187891   57                

=== PID → cumulative energy (pid_to_consumption) [comm="stress_core"] ===
PID      energy            
187893   513164960000      
187890   512506880000      
187898   512546360000      
187895   511491140000      
187896   513066810000      
187891   516585000000      
187897   511775860000      
187892   512980700000      
187899   508640070000      
187894   511694750000      

[H[JPolling energy-fair scheduler maps every 100 millisecond(s)...
Real time since poller start: 66.519998 s
Filter: comm "stress_core"
Maps shown: total power consumption 

=== System totals (total) ===
  cpu_time:  861491932119 ns
  energy:    39387720130000 (units of your kfunc)
  uncore_energy:    973224170513350000 (units of your kfunc)

=== PID → power (EMA) (pid_to_power) [comm="stress_core"] ===
PID      power             
187894   49                
187897   47                
187898   38                
187895   63                
187899   51                
187890   38                
187893   36                
187896   48                
187892   47                
187891   57                

=== PID → cumulative energy (pid_to_consumption) [comm="stress_core"] ===
PID      energy            
187893   513164960000      
187890   512506880000      
187898   512546360000      
187895   511491140000      
187896   513066810000      
187891   516585000000      
187897   511775860000      
187892   512980700000      
187899   508640070000      
187894   511694750000      

[H[JPolling energy-fair scheduler maps every 100 millisecond(s)...
Real time since poller start: 66.638816 s
Filter: comm "stress_core"
Maps shown: total power consumption 

=== System totals (total) ===
  cpu_time:  861510772362 ns
  energy:    39388380060000 (units of your kfunc)
  uncore_energy:    973224313557500000 (units of your kfunc)

=== PID → power (EMA) (pid_to_power) [comm="stress_core"] ===
PID      power             
187894   49                
187897   47                
187898   38                
187895   63                
187899   51                

=== PID → cumulative energy (pid_to_consumption) [comm="stress_core"] ===
PID      energy            

[H[JPolling energy-fair scheduler maps every 100 millisecond(s)...
Real time since poller start: 66.757513 s
Filter: comm "stress_core"
Maps shown: total power consumption 

=== System totals (total) ===
  cpu_time:  861533607608 ns
  energy:    39389264320000 (units of your kfunc)
  uncore_energy:    973224465266770000 (units of your kfunc)

=== PID → power (EMA) (pid_to_power) [comm="stress_core"] ===
PID      power             

=== PID → cumulative energy (pid_to_consumption) [comm="stress_core"] ===
PID      energy            

[H[JPolling energy-fair scheduler maps every 100 millisecond(s)...
Real time since poller start: 66.876212 s
Filter: comm "stress_core"
Maps shown: total power consumption 

=== System totals (total) ===
  cpu_time:  861552254180 ns
  energy:    39389937540000 (units of your kfunc)
  uncore_energy:    973224619714550000 (units of your kfunc)

=== PID → power (EMA) (pid_to_power) [comm="stress_core"] ===
PID      power             

=== PID → cumulative energy (pid_to_consumption) [comm="stress_core"] ===
PID      energy            

[H[JPolling energy-fair scheduler maps every 100 millisecond(s)...
Real time since poller start: 66.994900 s
Filter: comm "stress_core"
Maps shown: total power consumption 

=== System totals (total) ===
  cpu_time:  861572529190 ns
  energy:    39390680350000 (units of your kfunc)
  uncore_energy:    973224882042420000 (units of your kfunc)

=== PID → power (EMA) (pid_to_power) [comm="stress_core"] ===
PID      power             

=== PID → cumulative energy (pid_to_consumption) [comm="stress_core"] ===
PID      energy            

[H[JPolling energy-fair scheduler maps every 100 millisecond(s)...
Real time since poller start: 67.113553 s
Filter: comm "stress_core"
Maps shown: total power consumption 

=== System totals (total) ===
  cpu_time:  861591582574 ns
  energy:    39391361810000 (units of your kfunc)
  uncore_energy:    973224979595830000 (units of your kfunc)

=== PID → power (EMA) (pid_to_power) [comm="stress_core"] ===
PID      power             

=== PID → cumulative energy (pid_to_consumption) [comm="stress_core"] ===
PID      energy            

[H[JPolling energy-fair scheduler maps every 100 millisecond(s)...
Real time since poller start: 67.232264 s
Filter: comm "stress_core"
Maps shown: total power consumption 

=== System totals (total) ===
  cpu_time:  861611167921 ns
  energy:    39392048760000 (units of your kfunc)
  uncore_energy:    973225130134770000 (units of your kfunc)

=== PID → power (EMA) (pid_to_power) [comm="stress_core"] ===
PID      power             

=== PID → cumulative energy (pid_to_consumption) [comm="stress_core"] ===
PID      energy            

[H[JPolling energy-fair scheduler maps every 100 millisecond(s)...
Real time since poller start: 67.350801 s
Filter: comm "stress_core"
Maps shown: total power consumption 

=== System totals (total) ===
  cpu_time:  861643942700 ns
  energy:    39393395660000 (units of your kfunc)
  uncore_energy:    973225333666410000 (units of your kfunc)

=== PID → power (EMA) (pid_to_power) [comm="stress_core"] ===
PID      power             

=== PID → cumulative energy (pid_to_consumption) [comm="stress_core"] ===
PID      energy            

[H[JPolling energy-fair scheduler maps every 100 millisecond(s)...
Real time since poller start: 67.469242 s
Filter: comm "stress_core"
Maps shown: total power consumption 

=== System totals (total) ===
  cpu_time:  861662576741 ns
  energy:    39394065360000 (units of your kfunc)
  uncore_energy:    973225441302520000 (units of your kfunc)

=== PID → power (EMA) (pid_to_power) [comm="stress_core"] ===
PID      power             

=== PID → cumulative energy (pid_to_consumption) [comm="stress_core"] ===
PID      energy            

[H[JPolling energy-fair scheduler maps every 100 millisecond(s)...
Real time since poller start: 67.587490 s
Filter: comm "stress_core"
Maps shown: total power consumption 

=== System totals (total) ===
  cpu_time:  861680833221 ns
  energy:    39394724380000 (units of your kfunc)
  uncore_energy:    973225547171210000 (units of your kfunc)

=== PID → power (EMA) (pid_to_power) [comm="stress_core"] ===
PID      power             

=== PID → cumulative energy (pid_to_consumption) [comm="stress_core"] ===
PID      energy            

[H[JPolling energy-fair scheduler maps every 100 millisecond(s)...
Real time since poller start: 67.705702 s
Filter: comm "stress_core"
Maps shown: total power consumption 

=== System totals (total) ===
  cpu_time:  861699838504 ns
  energy:    39395414850000 (units of your kfunc)
  uncore_energy:    973225808475070000 (units of your kfunc)

=== PID → power (EMA) (pid_to_power) [comm="stress_core"] ===
PID      power             

=== PID → cumulative energy (pid_to_consumption) [comm="stress_core"] ===
PID      energy            

[H[JPolling energy-fair scheduler maps every 100 millisecond(s)...
Real time since poller start: 67.823949 s
Filter: comm "stress_core"
Maps shown: total power consumption 

=== System totals (total) ===
  cpu_time:  861718027074 ns
  energy:    39396091580000 (units of your kfunc)
  uncore_energy:    973225840435970000 (units of your kfunc)

=== PID → power (EMA) (pid_to_power) [comm="stress_core"] ===
PID      power             

=== PID → cumulative energy (pid_to_consumption) [comm="stress_core"] ===
PID      energy            

[H[JPolling energy-fair scheduler maps every 100 millisecond(s)...
Real time since poller start: 67.942299 s
Filter: comm "stress_core"
Maps shown: total power consumption 

=== System totals (total) ===
  cpu_time:  861751465487 ns
  energy:    39397477220000 (units of your kfunc)
  uncore_energy:    973226119263800000 (units of your kfunc)

=== PID → power (EMA) (pid_to_power) [comm="stress_core"] ===
PID      power             

=== PID → cumulative energy (pid_to_consumption) [comm="stress_core"] ===
PID      energy            

[H[JPolling energy-fair scheduler maps every 100 millisecond(s)...
Real time since poller start: 68.060768 s
Filter: comm "stress_core"
Maps shown: total power consumption 

=== System totals (total) ===
  cpu_time:  861770055988 ns
  energy:    39398150140000 (units of your kfunc)
  uncore_energy:    973226155482060000 (units of your kfunc)

=== PID → power (EMA) (pid_to_power) [comm="stress_core"] ===
PID      power             

=== PID → cumulative energy (pid_to_consumption) [comm="stress_core"] ===
PID      energy            

[H[JPolling energy-fair scheduler maps every 100 millisecond(s)...
Real time since poller start: 68.179248 s
Filter: comm "stress_core"
Maps shown: total power consumption 

=== System totals (total) ===
  cpu_time:  861788736191 ns
  energy:    39398827020000 (units of your kfunc)
  uncore_energy:    973226349312320000 (units of your kfunc)

=== PID → power (EMA) (pid_to_power) [comm="stress_core"] ===
PID      power             

=== PID → cumulative energy (pid_to_consumption) [comm="stress_core"] ===
PID      energy            

[H[JPolling energy-fair scheduler maps every 100 millisecond(s)...
Real time since poller start: 68.297520 s
Filter: comm "stress_core"
Maps shown: total power consumption 

=== System totals (total) ===
  cpu_time:  861865235230 ns
  energy:    39401877560000 (units of your kfunc)
  uncore_energy:    973226584163080000 (units of your kfunc)

=== PID → power (EMA) (pid_to_power) [comm="stress_core"] ===
PID      power             

=== PID → cumulative energy (pid_to_consumption) [comm="stress_core"] ===
PID      energy            

[H[JPolling energy-fair scheduler maps every 100 millisecond(s)...
Real time since poller start: 68.415852 s
Filter: comm "stress_core"
Maps shown: total power consumption 

=== System totals (total) ===
  cpu_time:  861997415165 ns
  energy:    39406226150000 (units of your kfunc)
  uncore_energy:    973226738172190000 (units of your kfunc)

=== PID → power (EMA) (pid_to_power) [comm="stress_core"] ===
PID      power             

=== PID → cumulative energy (pid_to_consumption) [comm="stress_core"] ===
PID      energy            

[H[JPolling energy-fair scheduler maps every 100 millisecond(s)...
Real time since poller start: 68.534146 s
Filter: comm "stress_core"
Maps shown: total power consumption 

=== System totals (total) ===
  cpu_time:  862112046103 ns
  energy:    39410070170000 (units of your kfunc)
  uncore_energy:    973226885382860000 (units of your kfunc)

=== PID → power (EMA) (pid_to_power) [comm="stress_core"] ===
PID      power             

=== PID → cumulative energy (pid_to_consumption) [comm="stress_core"] ===
PID      energy            

[H[JPolling energy-fair scheduler maps every 100 millisecond(s)...
Real time since poller start: 68.652397 s
Filter: comm "stress_core"
Maps shown: total power consumption 

=== System totals (total) ===
  cpu_time:  862130348092 ns
  energy:    39410738810000 (units of your kfunc)
  uncore_energy:    973226934592450000 (units of your kfunc)

=== PID → power (EMA) (pid_to_power) [comm="stress_core"] ===
PID      power             

=== PID → cumulative energy (pid_to_consumption) [comm="stress_core"] ===
PID      energy            

[H[JPolling energy-fair scheduler maps every 100 millisecond(s)...
Real time since poller start: 68.770621 s
Filter: comm "stress_core"
Maps shown: total power consumption 

=== System totals (total) ===
  cpu_time:  862148948494 ns
  energy:    39411420570000 (units of your kfunc)
  uncore_energy:    973227140869770000 (units of your kfunc)

=== PID → power (EMA) (pid_to_power) [comm="stress_core"] ===
PID      power             

=== PID → cumulative energy (pid_to_consumption) [comm="stress_core"] ===
PID      energy            

[H[JPolling energy-fair scheduler maps every 100 millisecond(s)...
Real time since poller start: 68.888836 s
Filter: comm "stress_core"
Maps shown: total power consumption 

=== System totals (total) ===
  cpu_time:  862168067577 ns
  energy:    39412110250000 (units of your kfunc)
  uncore_energy:    973227281922190000 (units of your kfunc)

=== PID → power (EMA) (pid_to_power) [comm="stress_core"] ===
PID      power             

=== PID → cumulative energy (pid_to_consumption) [comm="stress_core"] ===
PID      energy            

[H[JPolling energy-fair scheduler maps every 100 millisecond(s)...
Real time since poller start: 69.007077 s
Filter: comm "stress_core"
Maps shown: total power consumption 

=== System totals (total) ===
  cpu_time:  862200218813 ns
  energy:    39413400540000 (units of your kfunc)
  uncore_energy:    973227379210840000 (units of your kfunc)

=== PID → power (EMA) (pid_to_power) [comm="stress_core"] ===
PID      power             

=== PID → cumulative energy (pid_to_consumption) [comm="stress_core"] ===
PID      energy            

[H[JPolling energy-fair scheduler maps every 100 millisecond(s)...
Real time since poller start: 69.125323 s
Filter: comm "stress_core"
Maps shown: total power consumption 

=== System totals (total) ===
  cpu_time:  862218414112 ns
  energy:    39414060790000 (units of your kfunc)
  uncore_energy:    973227531396210000 (units of your kfunc)

=== PID → power (EMA) (pid_to_power) [comm="stress_core"] ===
PID      power             

=== PID → cumulative energy (pid_to_consumption) [comm="stress_core"] ===
PID      energy            

[H[JPolling energy-fair scheduler maps every 100 millisecond(s)...
Real time since poller start: 69.243612 s
Filter: comm "stress_core"
Maps shown: total power consumption 

=== System totals (total) ===
  cpu_time:  862236756011 ns
  energy:    39414726550000 (units of your kfunc)
  uncore_energy:    973227714447790000 (units of your kfunc)

=== PID → power (EMA) (pid_to_power) [comm="stress_core"] ===
PID      power             

=== PID → cumulative energy (pid_to_consumption) [comm="stress_core"] ===
PID      energy            

[H[JPolling energy-fair scheduler maps every 100 millisecond(s)...
Real time since poller start: 69.361800 s
Filter: comm "stress_core"
Maps shown: total power consumption 

=== System totals (total) ===
  cpu_time:  862255071359 ns
  energy:    39415380550000 (units of your kfunc)
  uncore_energy:    973227836187590000 (units of your kfunc)

=== PID → power (EMA) (pid_to_power) [comm="stress_core"] ===
PID      power             

=== PID → cumulative energy (pid_to_consumption) [comm="stress_core"] ===
PID      energy            

[H[JPolling energy-fair scheduler maps every 100 millisecond(s)...
Real time since poller start: 69.480077 s
Filter: comm "stress_core"
Maps shown: total power consumption 

=== System totals (total) ===
  cpu_time:  862273334448 ns
  energy:    39416064600000 (units of your kfunc)
  uncore_energy:    973228049502110000 (units of your kfunc)

=== PID → power (EMA) (pid_to_power) [comm="stress_core"] ===
PID      power             

=== PID → cumulative energy (pid_to_consumption) [comm="stress_core"] ===
PID      energy            

