Polling energy-fair scheduler maps every 100 millisecond(s)...
Filtering on comm "stress_core"
Maps shown: total power consumption 
Press Ctrl+C to stop.

[H[JPolling energy-fair scheduler maps every 100 millisecond(s)...
Real time since poller start: 0.000019 s
Filter: comm "stress_core"
Maps shown: total power consumption 

=== System totals (total) ===
  cpu_time:  239800386378 ns
  energy:    11460351270000 (units of your kfunc)
  uncore_energy:    966374414940630000 (units of your kfunc)

=== PID → power (EMA) (pid_to_power) [comm="stress_core"] ===
PID      power             

=== PID → cumulative energy (pid_to_consumption) [comm="stress_core"] ===
PID      energy            

[H[JPolling energy-fair scheduler maps every 100 millisecond(s)...
Real time since poller start: 0.116555 s
Filter: comm "stress_core"
Maps shown: total power consumption 

=== System totals (total) ===
  cpu_time:  239820382743 ns
  energy:    11461232910000 (units of your kfunc)
  uncore_energy:    966374552140190000 (units of your kfunc)

=== PID → power (EMA) (pid_to_power) [comm="stress_core"] ===
PID      power             

=== PID → cumulative energy (pid_to_consumption) [comm="stress_core"] ===
PID      energy            

[H[JPolling energy-fair scheduler maps every 100 millisecond(s)...
Real time since poller start: 0.233166 s
Filter: comm "stress_core"
Maps shown: total power consumption 

=== System totals (total) ===
  cpu_time:  239838970287 ns
  energy:    11462051840000 (units of your kfunc)
  uncore_energy:    966374689137880000 (units of your kfunc)

=== PID → power (EMA) (pid_to_power) [comm="stress_core"] ===
PID      power             

=== PID → cumulative energy (pid_to_consumption) [comm="stress_core"] ===
PID      energy            

[H[JPolling energy-fair scheduler maps every 100 millisecond(s)...
Real time since poller start: 0.349744 s
Filter: comm "stress_core"
Maps shown: total power consumption 

=== System totals (total) ===
  cpu_time:  239859627994 ns
  energy:    11462913950000 (units of your kfunc)
  uncore_energy:    966374843470630000 (units of your kfunc)

=== PID → power (EMA) (pid_to_power) [comm="stress_core"] ===
PID      power             

=== PID → cumulative energy (pid_to_consumption) [comm="stress_core"] ===
PID      energy            

[H[JPolling energy-fair scheduler maps every 100 millisecond(s)...
Real time since poller start: 0.466335 s
Filter: comm "stress_core"
Maps shown: total power consumption 

=== System totals (total) ===
  cpu_time:  239876973271 ns
  energy:    11463665890000 (units of your kfunc)
  uncore_energy:    966374942093380000 (units of your kfunc)

=== PID → power (EMA) (pid_to_power) [comm="stress_core"] ===
PID      power             

=== PID → cumulative energy (pid_to_consumption) [comm="stress_core"] ===
PID      energy            

[H[JPolling energy-fair scheduler maps every 100 millisecond(s)...
Real time since poller start: 0.582906 s
Filter: comm "stress_core"
Maps shown: total power consumption 

=== System totals (total) ===
  cpu_time:  239896082820 ns
  energy:    11464509230000 (units of your kfunc)
  uncore_energy:    966375090046730000 (units of your kfunc)

=== PID → power (EMA) (pid_to_power) [comm="stress_core"] ===
PID      power             

=== PID → cumulative energy (pid_to_consumption) [comm="stress_core"] ===
PID      energy            

[H[JPolling energy-fair scheduler maps every 100 millisecond(s)...
Real time since poller start: 0.700030 s
Filter: comm "stress_core"
Maps shown: total power consumption 

=== System totals (total) ===
  cpu_time:  240024204673 ns
  energy:    11469084750000 (units of your kfunc)
  uncore_energy:    966375310177180000 (units of your kfunc)

=== PID → power (EMA) (pid_to_power) [comm="stress_core"] ===
PID      power             

=== PID → cumulative energy (pid_to_consumption) [comm="stress_core"] ===
PID      energy            

[H[JPolling energy-fair scheduler maps every 100 millisecond(s)...
Real time since poller start: 0.816798 s
Filter: comm "stress_core"
Maps shown: total power consumption 

=== System totals (total) ===
  cpu_time:  240156334467 ns
  energy:    11473034800000 (units of your kfunc)
  uncore_energy:    966375461828020000 (units of your kfunc)

=== PID → power (EMA) (pid_to_power) [comm="stress_core"] ===
PID      power             

=== PID → cumulative energy (pid_to_consumption) [comm="stress_core"] ===
PID      energy            

[H[JPolling energy-fair scheduler maps every 100 millisecond(s)...
Real time since poller start: 0.933732 s
Filter: comm "stress_core"
Maps shown: total power consumption 

=== System totals (total) ===
  cpu_time:  240230590007 ns
  energy:    11475582570000 (units of your kfunc)
  uncore_energy:    966375587233740000 (units of your kfunc)

=== PID → power (EMA) (pid_to_power) [comm="stress_core"] ===
PID      power             

=== PID → cumulative energy (pid_to_consumption) [comm="stress_core"] ===
PID      energy            

[H[JPolling energy-fair scheduler maps every 100 millisecond(s)...
Real time since poller start: 1.050732 s
Filter: comm "stress_core"
Maps shown: total power consumption 

=== System totals (total) ===
  cpu_time:  240252280047 ns
  energy:    11476460100000 (units of your kfunc)
  uncore_energy:    966375756633460000 (units of your kfunc)

=== PID → power (EMA) (pid_to_power) [comm="stress_core"] ===
PID      power             

=== PID → cumulative energy (pid_to_consumption) [comm="stress_core"] ===
PID      energy            

[H[JPolling energy-fair scheduler maps every 100 millisecond(s)...
Real time since poller start: 1.167727 s
Filter: comm "stress_core"
Maps shown: total power consumption 

=== System totals (total) ===
  cpu_time:  240275182277 ns
  energy:    11477436370000 (units of your kfunc)
  uncore_energy:    966375869116360000 (units of your kfunc)

=== PID → power (EMA) (pid_to_power) [comm="stress_core"] ===
PID      power             

=== PID → cumulative energy (pid_to_consumption) [comm="stress_core"] ===
PID      energy            

[H[JPolling energy-fair scheduler maps every 100 millisecond(s)...
Real time since poller start: 1.284654 s
Filter: comm "stress_core"
Maps shown: total power consumption 

=== System totals (total) ===
  cpu_time:  240307499349 ns
  energy:    11478798980000 (units of your kfunc)
  uncore_energy:    966376037721100000 (units of your kfunc)

=== PID → power (EMA) (pid_to_power) [comm="stress_core"] ===
PID      power             

=== PID → cumulative energy (pid_to_consumption) [comm="stress_core"] ===
PID      energy            

[H[JPolling energy-fair scheduler maps every 100 millisecond(s)...
Real time since poller start: 1.401659 s
Filter: comm "stress_core"
Maps shown: total power consumption 

=== System totals (total) ===
  cpu_time:  240326402015 ns
  energy:    11479655480000 (units of your kfunc)
  uncore_energy:    966376205156680000 (units of your kfunc)

=== PID → power (EMA) (pid_to_power) [comm="stress_core"] ===
PID      power             

=== PID → cumulative energy (pid_to_consumption) [comm="stress_core"] ===
PID      energy            

[H[JPolling energy-fair scheduler maps every 100 millisecond(s)...
Real time since poller start: 1.518638 s
Filter: comm "stress_core"
Maps shown: total power consumption 

=== System totals (total) ===
  cpu_time:  240347186122 ns
  energy:    11480524330000 (units of your kfunc)
  uncore_energy:    966376342141680000 (units of your kfunc)

=== PID → power (EMA) (pid_to_power) [comm="stress_core"] ===
PID      power             

=== PID → cumulative energy (pid_to_consumption) [comm="stress_core"] ===
PID      energy            

[H[JPolling energy-fair scheduler maps every 100 millisecond(s)...
Real time since poller start: 1.635886 s
Filter: comm "stress_core"
Maps shown: total power consumption 

=== System totals (total) ===
  cpu_time:  240366556321 ns
  energy:    11481378060000 (units of your kfunc)
  uncore_energy:    966376492645220000 (units of your kfunc)

=== PID → power (EMA) (pid_to_power) [comm="stress_core"] ===
PID      power             

=== PID → cumulative energy (pid_to_consumption) [comm="stress_core"] ===
PID      energy            

[H[JPolling energy-fair scheduler maps every 100 millisecond(s)...
Real time since poller start: 1.753191 s
Filter: comm "stress_core"
Maps shown: total power consumption 

=== System totals (total) ===
  cpu_time:  240387068795 ns
  energy:    11482247050000 (units of your kfunc)
  uncore_energy:    966376633407550000 (units of your kfunc)

=== PID → power (EMA) (pid_to_power) [comm="stress_core"] ===
PID      power             

=== PID → cumulative energy (pid_to_consumption) [comm="stress_core"] ===
PID      energy            

[H[JPolling energy-fair scheduler maps every 100 millisecond(s)...
Real time since poller start: 1.870507 s
Filter: comm "stress_core"
Maps shown: total power consumption 

=== System totals (total) ===
  cpu_time:  240406160963 ns
  energy:    11483076040000 (units of your kfunc)
  uncore_energy:    966376785670600000 (units of your kfunc)

=== PID → power (EMA) (pid_to_power) [comm="stress_core"] ===
PID      power             

=== PID → cumulative energy (pid_to_consumption) [comm="stress_core"] ===
PID      energy            

[H[JPolling energy-fair scheduler maps every 100 millisecond(s)...
Real time since poller start: 1.987855 s
Filter: comm "stress_core"
Maps shown: total power consumption 

=== System totals (total) ===
  cpu_time:  240425201119 ns
  energy:    11483902000000 (units of your kfunc)
  uncore_energy:    966376895812350000 (units of your kfunc)

=== PID → power (EMA) (pid_to_power) [comm="stress_core"] ===
PID      power             

=== PID → cumulative energy (pid_to_consumption) [comm="stress_core"] ===
PID      energy            

[H[JPolling energy-fair scheduler maps every 100 millisecond(s)...
Real time since poller start: 2.105167 s
Filter: comm "stress_core"
Maps shown: total power consumption 

=== System totals (total) ===
  cpu_time:  240446196369 ns
  energy:    11484795410000 (units of your kfunc)
  uncore_energy:    966377087376670000 (units of your kfunc)

=== PID → power (EMA) (pid_to_power) [comm="stress_core"] ===
PID      power             

=== PID → cumulative energy (pid_to_consumption) [comm="stress_core"] ===
PID      energy            

[H[JPolling energy-fair scheduler maps every 100 millisecond(s)...
Real time since poller start: 2.222475 s
Filter: comm "stress_core"
Maps shown: total power consumption 

=== System totals (total) ===
  cpu_time:  240467621152 ns
  energy:    11485660130000 (units of your kfunc)
  uncore_energy:    966377247492790000 (units of your kfunc)

=== PID → power (EMA) (pid_to_power) [comm="stress_core"] ===
PID      power             

=== PID → cumulative energy (pid_to_consumption) [comm="stress_core"] ===
PID      energy            

[H[JPolling energy-fair scheduler maps every 100 millisecond(s)...
Real time since poller start: 2.339798 s
Filter: comm "stress_core"
Maps shown: total power consumption 

=== System totals (total) ===
  cpu_time:  240501415990 ns
  energy:    11487127560000 (units of your kfunc)
  uncore_energy:    966377395671660000 (units of your kfunc)

=== PID → power (EMA) (pid_to_power) [comm="stress_core"] ===
PID      power             

=== PID → cumulative energy (pid_to_consumption) [comm="stress_core"] ===
PID      energy            

[H[JPolling energy-fair scheduler maps every 100 millisecond(s)...
Real time since poller start: 2.457078 s
Filter: comm "stress_core"
Maps shown: total power consumption 

=== System totals (total) ===
  cpu_time:  240521757355 ns
  energy:    11488010880000 (units of your kfunc)
  uncore_energy:    966377505731790000 (units of your kfunc)

=== PID → power (EMA) (pid_to_power) [comm="stress_core"] ===
PID      power             

=== PID → cumulative energy (pid_to_consumption) [comm="stress_core"] ===
PID      energy            

[H[JPolling energy-fair scheduler maps every 100 millisecond(s)...
Real time since poller start: 2.574390 s
Filter: comm "stress_core"
Maps shown: total power consumption 

=== System totals (total) ===
  cpu_time:  240541903837 ns
  energy:    11488852720000 (units of your kfunc)
  uncore_energy:    966377684581110000 (units of your kfunc)

=== PID → power (EMA) (pid_to_power) [comm="stress_core"] ===
PID      power             

=== PID → cumulative energy (pid_to_consumption) [comm="stress_core"] ===
PID      energy            

[H[JPolling energy-fair scheduler maps every 100 millisecond(s)...
Real time since poller start: 2.691715 s
Filter: comm "stress_core"
Maps shown: total power consumption 

=== System totals (total) ===
  cpu_time:  240565569422 ns
  energy:    11489809910000 (units of your kfunc)
  uncore_energy:    966377853950000000 (units of your kfunc)

=== PID → power (EMA) (pid_to_power) [comm="stress_core"] ===
PID      power             

=== PID → cumulative energy (pid_to_consumption) [comm="stress_core"] ===
PID      energy            

[H[JPolling energy-fair scheduler maps every 100 millisecond(s)...
Real time since poller start: 2.809037 s
Filter: comm "stress_core"
Maps shown: total power consumption 

=== System totals (total) ===
  cpu_time:  240584669380 ns
  energy:    11490645780000 (units of your kfunc)
  uncore_energy:    966377971163450000 (units of your kfunc)

=== PID → power (EMA) (pid_to_power) [comm="stress_core"] ===
PID      power             

=== PID → cumulative energy (pid_to_consumption) [comm="stress_core"] ===
PID      energy            

[H[JPolling energy-fair scheduler maps every 100 millisecond(s)...
Real time since poller start: 2.926381 s
Filter: comm "stress_core"
Maps shown: total power consumption 

=== System totals (total) ===
  cpu_time:  240604366070 ns
  energy:    11491471580000 (units of your kfunc)
  uncore_energy:    966378154054840000 (units of your kfunc)

=== PID → power (EMA) (pid_to_power) [comm="stress_core"] ===
PID      power             

=== PID → cumulative energy (pid_to_consumption) [comm="stress_core"] ===
PID      energy            

[H[JPolling energy-fair scheduler maps every 100 millisecond(s)...
Real time since poller start: 3.043711 s
Filter: comm "stress_core"
Maps shown: total power consumption 

=== System totals (total) ===
  cpu_time:  240623375109 ns
  energy:    11492290970000 (units of your kfunc)
  uncore_energy:    966378305957320000 (units of your kfunc)

=== PID → power (EMA) (pid_to_power) [comm="stress_core"] ===
PID      power             

=== PID → cumulative energy (pid_to_consumption) [comm="stress_core"] ===
PID      energy            

[H[JPolling energy-fair scheduler maps every 100 millisecond(s)...
Real time since poller start: 3.161043 s
Filter: comm "stress_core"
Maps shown: total power consumption 

=== System totals (total) ===
  cpu_time:  240642679237 ns
  energy:    11493131420000 (units of your kfunc)
  uncore_energy:    966378344080950000 (units of your kfunc)

=== PID → power (EMA) (pid_to_power) [comm="stress_core"] ===
PID      power             

=== PID → cumulative energy (pid_to_consumption) [comm="stress_core"] ===
PID      energy            

[H[JPolling energy-fair scheduler maps every 100 millisecond(s)...
Real time since poller start: 3.278342 s
Filter: comm "stress_core"
Maps shown: total power consumption 

=== System totals (total) ===
  cpu_time:  240662317177 ns
  energy:    11493974170000 (units of your kfunc)
  uncore_energy:    966378608655680000 (units of your kfunc)

=== PID → power (EMA) (pid_to_power) [comm="stress_core"] ===
PID      power             

=== PID → cumulative energy (pid_to_consumption) [comm="stress_core"] ===
PID      energy            

[H[JPolling energy-fair scheduler maps every 100 millisecond(s)...
Real time since poller start: 3.395628 s
Filter: comm "stress_core"
Maps shown: total power consumption 

=== System totals (total) ===
  cpu_time:  240681587956 ns
  energy:    11494803190000 (units of your kfunc)
  uncore_energy:    966378747950100000 (units of your kfunc)

=== PID → power (EMA) (pid_to_power) [comm="stress_core"] ===
PID      power             

=== PID → cumulative energy (pid_to_consumption) [comm="stress_core"] ===
PID      energy            

[H[JPolling energy-fair scheduler maps every 100 millisecond(s)...
Real time since poller start: 3.512951 s
Filter: comm "stress_core"
Maps shown: total power consumption 

=== System totals (total) ===
  cpu_time:  240700808745 ns
  energy:    11495647300000 (units of your kfunc)
  uncore_energy:    966378869314850000 (units of your kfunc)

=== PID → power (EMA) (pid_to_power) [comm="stress_core"] ===
PID      power             

=== PID → cumulative energy (pid_to_consumption) [comm="stress_core"] ===
PID      energy            

[H[JPolling energy-fair scheduler maps every 100 millisecond(s)...
Real time since poller start: 3.630244 s
Filter: comm "stress_core"
Maps shown: total power consumption 

=== System totals (total) ===
  cpu_time:  240720610176 ns
  energy:    11496523920000 (units of your kfunc)
  uncore_energy:    966379043292050000 (units of your kfunc)

=== PID → power (EMA) (pid_to_power) [comm="stress_core"] ===
PID      power             

=== PID → cumulative energy (pid_to_consumption) [comm="stress_core"] ===
PID      energy            

[H[JPolling energy-fair scheduler maps every 100 millisecond(s)...
Real time since poller start: 3.747605 s
Filter: comm "stress_core"
Maps shown: total power consumption 

=== System totals (total) ===
  cpu_time:  240739145850 ns
  energy:    11497324550000 (units of your kfunc)
  uncore_energy:    966379185319180000 (units of your kfunc)

=== PID → power (EMA) (pid_to_power) [comm="stress_core"] ===
PID      power             

=== PID → cumulative energy (pid_to_consumption) [comm="stress_core"] ===
PID      energy            

[H[JPolling energy-fair scheduler maps every 100 millisecond(s)...
Real time since poller start: 3.864937 s
Filter: comm "stress_core"
Maps shown: total power consumption 

=== System totals (total) ===
  cpu_time:  240771829154 ns
  energy:    11498811370000 (units of your kfunc)
  uncore_energy:    966379293467530000 (units of your kfunc)

=== PID → power (EMA) (pid_to_power) [comm="stress_core"] ===
PID      power             

=== PID → cumulative energy (pid_to_consumption) [comm="stress_core"] ===
PID      energy            

[H[JPolling energy-fair scheduler maps every 100 millisecond(s)...
Real time since poller start: 3.982278 s
Filter: comm "stress_core"
Maps shown: total power consumption 

=== System totals (total) ===
  cpu_time:  240792388581 ns
  energy:    11499738340000 (units of your kfunc)
  uncore_energy:    966379498915370000 (units of your kfunc)

=== PID → power (EMA) (pid_to_power) [comm="stress_core"] ===
PID      power             

=== PID → cumulative energy (pid_to_consumption) [comm="stress_core"] ===
PID      energy            

[H[JPolling energy-fair scheduler maps every 100 millisecond(s)...
Real time since poller start: 4.099638 s
Filter: comm "stress_core"
Maps shown: total power consumption 

=== System totals (total) ===
  cpu_time:  240811776251 ns
  energy:    11500600610000 (units of your kfunc)
  uncore_energy:    966379654976170000 (units of your kfunc)

=== PID → power (EMA) (pid_to_power) [comm="stress_core"] ===
PID      power             

=== PID → cumulative energy (pid_to_consumption) [comm="stress_core"] ===
PID      energy            

[H[JPolling energy-fair scheduler maps every 100 millisecond(s)...
Real time since poller start: 4.216952 s
Filter: comm "stress_core"
Maps shown: total power consumption 

=== System totals (total) ===
  cpu_time:  240830230494 ns
  energy:    11501450680000 (units of your kfunc)
  uncore_energy:    966379785017360000 (units of your kfunc)

=== PID → power (EMA) (pid_to_power) [comm="stress_core"] ===
PID      power             

=== PID → cumulative energy (pid_to_consumption) [comm="stress_core"] ===
PID      energy            

[H[JPolling energy-fair scheduler maps every 100 millisecond(s)...
Real time since poller start: 4.334295 s
Filter: comm "stress_core"
Maps shown: total power consumption 

=== System totals (total) ===
  cpu_time:  240849623045 ns
  energy:    11502281820000 (units of your kfunc)
  uncore_energy:    966379894829840000 (units of your kfunc)

=== PID → power (EMA) (pid_to_power) [comm="stress_core"] ===
PID      power             

=== PID → cumulative energy (pid_to_consumption) [comm="stress_core"] ===
PID      energy            

[H[JPolling energy-fair scheduler maps every 100 millisecond(s)...
Real time since poller start: 4.451651 s
Filter: comm "stress_core"
Maps shown: total power consumption 

=== System totals (total) ===
  cpu_time:  240869314354 ns
  energy:    11503152940000 (units of your kfunc)
  uncore_energy:    966380092426280000 (units of your kfunc)

=== PID → power (EMA) (pid_to_power) [comm="stress_core"] ===
PID      power             

=== PID → cumulative energy (pid_to_consumption) [comm="stress_core"] ===
PID      energy            

[H[JPolling energy-fair scheduler maps every 100 millisecond(s)...
Real time since poller start: 4.568609 s
Filter: comm "stress_core"
Maps shown: total power consumption 

=== System totals (total) ===
  cpu_time:  240888448582 ns
  energy:    11503976460000 (units of your kfunc)
  uncore_energy:    966380237034280000 (units of your kfunc)

=== PID → power (EMA) (pid_to_power) [comm="stress_core"] ===
PID      power             

=== PID → cumulative energy (pid_to_consumption) [comm="stress_core"] ===
PID      energy            

[H[JPolling energy-fair scheduler maps every 100 millisecond(s)...
Real time since poller start: 4.685582 s
Filter: comm "stress_core"
Maps shown: total power consumption 

=== System totals (total) ===
  cpu_time:  241007586066 ns
  energy:    11508752520000 (units of your kfunc)
  uncore_energy:    966380422027500000 (units of your kfunc)

=== PID → power (EMA) (pid_to_power) [comm="stress_core"] ===
PID      power             
180606   34                

=== PID → cumulative energy (pid_to_consumption) [comm="stress_core"] ===
PID      energy            
180606   4254830000        

[H[JPolling energy-fair scheduler maps every 100 millisecond(s)...
Real time since poller start: 4.802736 s
Filter: comm "stress_core"
Maps shown: total power consumption 

=== System totals (total) ===
  cpu_time:  241142569243 ns
  energy:    11513761550000 (units of your kfunc)
  uncore_energy:    966380572930340000 (units of your kfunc)

=== PID → power (EMA) (pid_to_power) [comm="stress_core"] ===
PID      power             
180606   35                

=== PID → cumulative energy (pid_to_consumption) [comm="stress_core"] ===
PID      energy            
180606   8312140000        

[H[JPolling energy-fair scheduler maps every 100 millisecond(s)...
Real time since poller start: 4.919880 s
Filter: comm "stress_core"
Maps shown: total power consumption 

=== System totals (total) ===
  cpu_time:  241273834214 ns
  energy:    11518624490000 (units of your kfunc)
  uncore_energy:    966380724072340000 (units of your kfunc)

=== PID → power (EMA) (pid_to_power) [comm="stress_core"] ===
PID      power             
180606   34                

=== PID → cumulative energy (pid_to_consumption) [comm="stress_core"] ===
PID      energy            
180606   12317660000       

[H[JPolling energy-fair scheduler maps every 100 millisecond(s)...
Real time since poller start: 5.036956 s
Filter: comm "stress_core"
Maps shown: total power consumption 

=== System totals (total) ===
  cpu_time:  241405258514 ns
  energy:    11523473100000 (units of your kfunc)
  uncore_energy:    966380874998570000 (units of your kfunc)

=== PID → power (EMA) (pid_to_power) [comm="stress_core"] ===
PID      power             
180606   34                

=== PID → cumulative energy (pid_to_consumption) [comm="stress_core"] ===
PID      energy            
180606   16344280000       

[H[JPolling energy-fair scheduler maps every 100 millisecond(s)...
Real time since poller start: 5.153984 s
Filter: comm "stress_core"
Maps shown: total power consumption 

=== System totals (total) ===
  cpu_time:  241555730167 ns
  energy:    11529249730000 (units of your kfunc)
  uncore_energy:    966381026289510000 (units of your kfunc)

=== PID → power (EMA) (pid_to_power) [comm="stress_core"] ===
PID      power             
180606   33                

=== PID → cumulative energy (pid_to_consumption) [comm="stress_core"] ===
PID      energy            
180606   20386300000       

[H[JPolling energy-fair scheduler maps every 100 millisecond(s)...
Real time since poller start: 5.271062 s
Filter: comm "stress_core"
Maps shown: total power consumption 

=== System totals (total) ===
  cpu_time:  241688358949 ns
  energy:    11534216220000 (units of your kfunc)
  uncore_energy:    966381177247400000 (units of your kfunc)

=== PID → power (EMA) (pid_to_power) [comm="stress_core"] ===
PID      power             
180606   33                

=== PID → cumulative energy (pid_to_consumption) [comm="stress_core"] ===
PID      energy            
180606   24482910000       

[H[JPolling energy-fair scheduler maps every 100 millisecond(s)...
Real time since poller start: 5.388110 s
Filter: comm "stress_core"
Maps shown: total power consumption 

=== System totals (total) ===
  cpu_time:  241819774132 ns
  energy:    11539119350000 (units of your kfunc)
  uncore_energy:    966381328667510000 (units of your kfunc)

=== PID → power (EMA) (pid_to_power) [comm="stress_core"] ===
PID      power             
180606   33                

=== PID → cumulative energy (pid_to_consumption) [comm="stress_core"] ===
PID      energy            
180606   28532410000       

[H[JPolling energy-fair scheduler maps every 100 millisecond(s)...
Real time since poller start: 5.505168 s
Filter: comm "stress_core"
Maps shown: total power consumption 

=== System totals (total) ===
  cpu_time:  241959136131 ns
  energy:    11544185050000 (units of your kfunc)
  uncore_energy:    966381481613590000 (units of your kfunc)

=== PID → power (EMA) (pid_to_power) [comm="stress_core"] ===
PID      power             
180606   34                

=== PID → cumulative energy (pid_to_consumption) [comm="stress_core"] ===
PID      energy            
180606   32593790000       

[H[JPolling energy-fair scheduler maps every 100 millisecond(s)...
Real time since poller start: 5.622263 s
Filter: comm "stress_core"
Maps shown: total power consumption 

=== System totals (total) ===
  cpu_time:  242107637128 ns
  energy:    11549877490000 (units of your kfunc)
  uncore_energy:    966381631874520000 (units of your kfunc)

=== PID → power (EMA) (pid_to_power) [comm="stress_core"] ===
PID      power             
180606   34                

=== PID → cumulative energy (pid_to_consumption) [comm="stress_core"] ===
PID      energy            
180606   36638440000       

[H[JPolling energy-fair scheduler maps every 100 millisecond(s)...
Real time since poller start: 5.739535 s
Filter: comm "stress_core"
Maps shown: total power consumption 

=== System totals (total) ===
  cpu_time:  242239468194 ns
  energy:    11554957640000 (units of your kfunc)
  uncore_energy:    966381790102780000 (units of your kfunc)

=== PID → power (EMA) (pid_to_power) [comm="stress_core"] ===
PID      power             
180606   36                

=== PID → cumulative energy (pid_to_consumption) [comm="stress_core"] ===
PID      energy            
180606   40820320000       

[H[JPolling energy-fair scheduler maps every 100 millisecond(s)...
Real time since poller start: 5.856571 s
Filter: comm "stress_core"
Maps shown: total power consumption 

=== System totals (total) ===
  cpu_time:  242490007524 ns
  energy:    11564928140000 (units of your kfunc)
  uncore_energy:    966381941508930000 (units of your kfunc)

=== PID → power (EMA) (pid_to_power) [comm="stress_core"] ===
PID      power             
180606   35                

=== PID → cumulative energy (pid_to_consumption) [comm="stress_core"] ===
PID      energy            
180606   45510370000       

[H[JPolling energy-fair scheduler maps every 100 millisecond(s)...
Real time since poller start: 5.973604 s
Filter: comm "stress_core"
Maps shown: total power consumption 

=== System totals (total) ===
  cpu_time:  242732855678 ns
  energy:    11574391990000 (units of your kfunc)
  uncore_energy:    966382092983650000 (units of your kfunc)

=== PID → power (EMA) (pid_to_power) [comm="stress_core"] ===
PID      power             
180606   37                

=== PID → cumulative energy (pid_to_consumption) [comm="stress_core"] ===
PID      energy            
180606   50282360000       

[H[JPolling energy-fair scheduler maps every 100 millisecond(s)...
Real time since poller start: 6.090648 s
Filter: comm "stress_core"
Maps shown: total power consumption 

=== System totals (total) ===
  cpu_time:  242911398663 ns
  energy:    11581502780000 (units of your kfunc)
  uncore_energy:    966382248695120000 (units of your kfunc)

=== PID → power (EMA) (pid_to_power) [comm="stress_core"] ===
PID      power             
180606   37                

=== PID → cumulative energy (pid_to_consumption) [comm="stress_core"] ===
PID      energy            
180606   54784820000       

[H[JPolling energy-fair scheduler maps every 100 millisecond(s)...
Real time since poller start: 6.207761 s
Filter: comm "stress_core"
Maps shown: total power consumption 

=== System totals (total) ===
  cpu_time:  243061399264 ns
  energy:    11587472660000 (units of your kfunc)
  uncore_energy:    966382399257680000 (units of your kfunc)

=== PID → power (EMA) (pid_to_power) [comm="stress_core"] ===
PID      power             
180606   37                

=== PID → cumulative energy (pid_to_consumption) [comm="stress_core"] ===
PID      energy            
180606   59109950000       

[H[JPolling energy-fair scheduler maps every 100 millisecond(s)...
Real time since poller start: 6.324825 s
Filter: comm "stress_core"
Maps shown: total power consumption 

=== System totals (total) ===
  cpu_time:  243193353661 ns
  energy:    11592721860000 (units of your kfunc)
  uncore_energy:    966382550391690000 (units of your kfunc)

=== PID → power (EMA) (pid_to_power) [comm="stress_core"] ===
PID      power             
180606   37                

=== PID → cumulative energy (pid_to_consumption) [comm="stress_core"] ===
PID      energy            
180606   63490000000       

[H[JPolling energy-fair scheduler maps every 100 millisecond(s)...
Real time since poller start: 6.441894 s
Filter: comm "stress_core"
Maps shown: total power consumption 

=== System totals (total) ===
  cpu_time:  243323914367 ns
  energy:    11597790550000 (units of your kfunc)
  uncore_energy:    966382701109590000 (units of your kfunc)

=== PID → power (EMA) (pid_to_power) [comm="stress_core"] ===
PID      power             
180606   36                

=== PID → cumulative energy (pid_to_consumption) [comm="stress_core"] ===
PID      energy            
180606   67757750000       

[H[JPolling energy-fair scheduler maps every 100 millisecond(s)...
Real time since poller start: 6.559040 s
Filter: comm "stress_core"
Maps shown: total power consumption 

=== System totals (total) ===
  cpu_time:  243456347194 ns
  energy:    11602970550000 (units of your kfunc)
  uncore_energy:    966382851964900000 (units of your kfunc)

=== PID → power (EMA) (pid_to_power) [comm="stress_core"] ===
PID      power             
180606   36                

=== PID → cumulative energy (pid_to_consumption) [comm="stress_core"] ===
PID      energy            
180606   72082020000       

[H[JPolling energy-fair scheduler maps every 100 millisecond(s)...
Real time since poller start: 6.676074 s
Filter: comm "stress_core"
Maps shown: total power consumption 

=== System totals (total) ===
  cpu_time:  243587272294 ns
  energy:    11608050610000 (units of your kfunc)
  uncore_energy:    966383003048930000 (units of your kfunc)

=== PID → power (EMA) (pid_to_power) [comm="stress_core"] ===
PID      power             
180606   35                

=== PID → cumulative energy (pid_to_consumption) [comm="stress_core"] ===
PID      energy            
180606   76343170000       

[H[JPolling energy-fair scheduler maps every 100 millisecond(s)...
Real time since poller start: 6.793262 s
Filter: comm "stress_core"
Maps shown: total power consumption 

=== System totals (total) ===
  cpu_time:  243718669578 ns
  energy:    11613092400000 (units of your kfunc)
  uncore_energy:    966383154866270000 (units of your kfunc)

=== PID → power (EMA) (pid_to_power) [comm="stress_core"] ===
PID      power             
180606   36                

=== PID → cumulative energy (pid_to_consumption) [comm="stress_core"] ===
PID      energy            
180606   80542990000       

[H[JPolling energy-fair scheduler maps every 100 millisecond(s)...
Real time since poller start: 6.910340 s
Filter: comm "stress_core"
Maps shown: total power consumption 

=== System totals (total) ===
  cpu_time:  243850871748 ns
  energy:    11618118390000 (units of your kfunc)
  uncore_energy:    966383305882150000 (units of your kfunc)

=== PID → power (EMA) (pid_to_power) [comm="stress_core"] ===
PID      power             
180606   36                

=== PID → cumulative energy (pid_to_consumption) [comm="stress_core"] ===
PID      energy            
180606   84722700000       

[H[JPolling energy-fair scheduler maps every 100 millisecond(s)...
Real time since poller start: 7.027404 s
Filter: comm "stress_core"
Maps shown: total power consumption 

=== System totals (total) ===
  cpu_time:  243984300785 ns
  energy:    11623209750000 (units of your kfunc)
  uncore_energy:    966383456511920000 (units of your kfunc)

=== PID → power (EMA) (pid_to_power) [comm="stress_core"] ===
PID      power             
180606   35                

=== PID → cumulative energy (pid_to_consumption) [comm="stress_core"] ===
PID      energy            
180606   88890590000       

[H[JPolling energy-fair scheduler maps every 100 millisecond(s)...
Real time since poller start: 7.144459 s
Filter: comm "stress_core"
Maps shown: total power consumption 

=== System totals (total) ===
  cpu_time:  244132691217 ns
  energy:    11628989860000 (units of your kfunc)
  uncore_energy:    966383606606600000 (units of your kfunc)

=== PID → power (EMA) (pid_to_power) [comm="stress_core"] ===
PID      power             
180606   35                

=== PID → cumulative energy (pid_to_consumption) [comm="stress_core"] ===
PID      energy            
180606   93065470000       

[H[JPolling energy-fair scheduler maps every 100 millisecond(s)...
Real time since poller start: 7.261536 s
Filter: comm "stress_core"
Maps shown: total power consumption 

=== System totals (total) ===
  cpu_time:  244265667769 ns
  energy:    11634081200000 (units of your kfunc)
  uncore_energy:    966383757656770000 (units of your kfunc)

=== PID → power (EMA) (pid_to_power) [comm="stress_core"] ===
PID      power             
180606   37                

=== PID → cumulative energy (pid_to_consumption) [comm="stress_core"] ===
PID      energy            
180606   97277000000       

[H[JPolling energy-fair scheduler maps every 100 millisecond(s)...
Real time since poller start: 7.378801 s
Filter: comm "stress_core"
Maps shown: total power consumption 

=== System totals (total) ===
  cpu_time:  244407591458 ns
  energy:    11639614830000 (units of your kfunc)
  uncore_energy:    966383908051490000 (units of your kfunc)

=== PID → power (EMA) (pid_to_power) [comm="stress_core"] ===
PID      power             
180606   35                

=== PID → cumulative energy (pid_to_consumption) [comm="stress_core"] ===
PID      energy            
180606   101482820000      

[H[JPolling energy-fair scheduler maps every 100 millisecond(s)...
Real time since poller start: 7.495902 s
Filter: comm "stress_core"
Maps shown: total power consumption 

=== System totals (total) ===
  cpu_time:  244539255434 ns
  energy:    11644691880000 (units of your kfunc)
  uncore_energy:    966384058710370000 (units of your kfunc)

=== PID → power (EMA) (pid_to_power) [comm="stress_core"] ===
PID      power             
180606   36                

=== PID → cumulative energy (pid_to_consumption) [comm="stress_core"] ===
PID      energy            
180606   105752060000      

[H[JPolling energy-fair scheduler maps every 100 millisecond(s)...
Real time since poller start: 7.612959 s
Filter: comm "stress_core"
Maps shown: total power consumption 

=== System totals (total) ===
  cpu_time:  244672549340 ns
  energy:    11649772050000 (units of your kfunc)
  uncore_energy:    966384210977150000 (units of your kfunc)

=== PID → power (EMA) (pid_to_power) [comm="stress_core"] ===
PID      power             
180606   36                

=== PID → cumulative energy (pid_to_consumption) [comm="stress_core"] ===
PID      energy            
180606   110028540000      

[H[JPolling energy-fair scheduler maps every 100 millisecond(s)...
Real time since poller start: 7.730184 s
Filter: comm "stress_core"
Maps shown: total power consumption 

=== System totals (total) ===
  cpu_time:  244804744458 ns
  energy:    11654888030000 (units of your kfunc)
  uncore_energy:    966384361997340000 (units of your kfunc)

=== PID → power (EMA) (pid_to_power) [comm="stress_core"] ===
PID      power             
180606   36                

=== PID → cumulative energy (pid_to_consumption) [comm="stress_core"] ===
PID      energy            
180606   114298110000      

[H[JPolling energy-fair scheduler maps every 100 millisecond(s)...
Real time since poller start: 7.847452 s
Filter: comm "stress_core"
Maps shown: total power consumption 

=== System totals (total) ===
  cpu_time:  244939796337 ns
  energy:    11660097990000 (units of your kfunc)
  uncore_energy:    966384512432980000 (units of your kfunc)

=== PID → power (EMA) (pid_to_power) [comm="stress_core"] ===
PID      power             
180606   37                

=== PID → cumulative energy (pid_to_consumption) [comm="stress_core"] ===
PID      energy            
180606   118564600000      

[H[JPolling energy-fair scheduler maps every 100 millisecond(s)...
Real time since poller start: 7.964784 s
Filter: comm "stress_core"
Maps shown: total power consumption 

=== System totals (total) ===
  cpu_time:  245072355338 ns
  energy:    11665253070000 (units of your kfunc)
  uncore_energy:    966384662853610000 (units of your kfunc)

=== PID → power (EMA) (pid_to_power) [comm="stress_core"] ===
PID      power             
180606   37                

=== PID → cumulative energy (pid_to_consumption) [comm="stress_core"] ===
PID      energy            
180606   122834070000      

[H[JPolling energy-fair scheduler maps every 100 millisecond(s)...
Real time since poller start: 8.082101 s
Filter: comm "stress_core"
Maps shown: total power consumption 

=== System totals (total) ===
  cpu_time:  245202675138 ns
  energy:    11670359550000 (units of your kfunc)
  uncore_energy:    966384813528080000 (units of your kfunc)

=== PID → power (EMA) (pid_to_power) [comm="stress_core"] ===
PID      power             
180606   38                

=== PID → cumulative energy (pid_to_consumption) [comm="stress_core"] ===
PID      energy            
180606   127095940000      

[H[JPolling energy-fair scheduler maps every 100 millisecond(s)...
Real time since poller start: 8.198943 s
Filter: comm "stress_core"
Maps shown: total power consumption 

=== System totals (total) ===
  cpu_time:  245334566887 ns
  energy:    11675509830000 (units of your kfunc)
  uncore_energy:    966384964329640000 (units of your kfunc)

=== PID → power (EMA) (pid_to_power) [comm="stress_core"] ===
PID      power             
180606   37                

=== PID → cumulative energy (pid_to_consumption) [comm="stress_core"] ===
PID      energy            
180606   131383360000      

[H[JPolling energy-fair scheduler maps every 100 millisecond(s)...
Real time since poller start: 8.315960 s
Filter: comm "stress_core"
Maps shown: total power consumption 

=== System totals (total) ===
  cpu_time:  245464665881 ns
  energy:    11680645000000 (units of your kfunc)
  uncore_energy:    966385114818400000 (units of your kfunc)

=== PID → power (EMA) (pid_to_power) [comm="stress_core"] ===
PID      power             
180606   36                

=== PID → cumulative energy (pid_to_consumption) [comm="stress_core"] ===
PID      energy            
180606   135716050000      

[H[JPolling energy-fair scheduler maps every 100 millisecond(s)...
Real time since poller start: 8.432955 s
Filter: comm "stress_core"
Maps shown: total power consumption 

=== System totals (total) ===
  cpu_time:  245618704447 ns
  energy:    11686792960000 (units of your kfunc)
  uncore_energy:    966385265817660000 (units of your kfunc)

=== PID → power (EMA) (pid_to_power) [comm="stress_core"] ===
PID      power             
180606   37                

=== PID → cumulative energy (pid_to_consumption) [comm="stress_core"] ===
PID      energy            
180606   139986860000      

[H[JPolling energy-fair scheduler maps every 100 millisecond(s)...
Real time since poller start: 8.549966 s
Filter: comm "stress_core"
Maps shown: total power consumption 

=== System totals (total) ===
  cpu_time:  245751741263 ns
  energy:    11691887110000 (units of your kfunc)
  uncore_energy:    966385416449680000 (units of your kfunc)

=== PID → power (EMA) (pid_to_power) [comm="stress_core"] ===
PID      power             
180606   37                

=== PID → cumulative energy (pid_to_consumption) [comm="stress_core"] ===
PID      energy            
180606   144282390000      

[H[JPolling energy-fair scheduler maps every 100 millisecond(s)...
Real time since poller start: 8.666890 s
Filter: comm "stress_core"
Maps shown: total power consumption 

=== System totals (total) ===
  cpu_time:  245889111958 ns
  energy:    11697222690000 (units of your kfunc)
  uncore_energy:    966385567726490000 (units of your kfunc)

=== PID → power (EMA) (pid_to_power) [comm="stress_core"] ===
PID      power             
180606   41                

=== PID → cumulative energy (pid_to_consumption) [comm="stress_core"] ===
PID      energy            
180606   148626170000      

[H[JPolling energy-fair scheduler maps every 100 millisecond(s)...
Real time since poller start: 8.783868 s
Filter: comm "stress_core"
Maps shown: total power consumption 

=== System totals (total) ===
  cpu_time:  246023977662 ns
  energy:    11702494790000 (units of your kfunc)
  uncore_energy:    966385719522110000 (units of your kfunc)

=== PID → power (EMA) (pid_to_power) [comm="stress_core"] ===
PID      power             
180606   37                

=== PID → cumulative energy (pid_to_consumption) [comm="stress_core"] ===
PID      energy            
180606   152946890000      

[H[JPolling energy-fair scheduler maps every 100 millisecond(s)...
Real time since poller start: 8.901018 s
Filter: comm "stress_core"
Maps shown: total power consumption 

=== System totals (total) ===
  cpu_time:  246159558881 ns
  energy:    11707903260000 (units of your kfunc)
  uncore_energy:    966385869947690000 (units of your kfunc)

=== PID → power (EMA) (pid_to_power) [comm="stress_core"] ===
PID      power             
180606   37                

=== PID → cumulative energy (pid_to_consumption) [comm="stress_core"] ===
PID      energy            
180606   157287530000      

[H[JPolling energy-fair scheduler maps every 100 millisecond(s)...
Real time since poller start: 9.018119 s
Filter: comm "stress_core"
Maps shown: total power consumption 

=== System totals (total) ===
  cpu_time:  246290637851 ns
  energy:    11713062670000 (units of your kfunc)
  uncore_energy:    966386020994330000 (units of your kfunc)

=== PID → power (EMA) (pid_to_power) [comm="stress_core"] ===
PID      power             
180606   38                

=== PID → cumulative energy (pid_to_consumption) [comm="stress_core"] ===
PID      energy            
180606   161644830000      

[H[JPolling energy-fair scheduler maps every 100 millisecond(s)...
Real time since poller start: 9.135163 s
Filter: comm "stress_core"
Maps shown: total power consumption 

=== System totals (total) ===
  cpu_time:  246422965682 ns
  energy:    11718331590000 (units of your kfunc)
  uncore_energy:    966386172866530000 (units of your kfunc)

=== PID → power (EMA) (pid_to_power) [comm="stress_core"] ===
PID      power             
180606   36                

=== PID → cumulative energy (pid_to_consumption) [comm="stress_core"] ===
PID      energy            
180606   165657950000      

[H[JPolling energy-fair scheduler maps every 100 millisecond(s)...
Real time since poller start: 9.252208 s
Filter: comm "stress_core"
Maps shown: total power consumption 

=== System totals (total) ===
  cpu_time:  246453140703 ns
  energy:    11719609990000 (units of your kfunc)
  uncore_energy:    966386272739550000 (units of your kfunc)

=== PID → power (EMA) (pid_to_power) [comm="stress_core"] ===
PID      power             
180606   39                

=== PID → cumulative energy (pid_to_consumption) [comm="stress_core"] ===
PID      energy            
180606   165657950000      

[H[JPolling energy-fair scheduler maps every 100 millisecond(s)...
Real time since poller start: 9.369287 s
Filter: comm "stress_core"
Maps shown: total power consumption 

=== System totals (total) ===
  cpu_time:  246473343288 ns
  energy:    11720462480000 (units of your kfunc)
  uncore_energy:    966386458045050000 (units of your kfunc)

=== PID → power (EMA) (pid_to_power) [comm="stress_core"] ===
PID      power             
180606   39                

=== PID → cumulative energy (pid_to_consumption) [comm="stress_core"] ===
PID      energy            
180606   165657950000      

[H[JPolling energy-fair scheduler maps every 100 millisecond(s)...
Real time since poller start: 9.486308 s
Filter: comm "stress_core"
Maps shown: total power consumption 

=== System totals (total) ===
  cpu_time:  246493405462 ns
  energy:    11721295460000 (units of your kfunc)
  uncore_energy:    966386599881600000 (units of your kfunc)

=== PID → power (EMA) (pid_to_power) [comm="stress_core"] ===
PID      power             
180606   39                

=== PID → cumulative energy (pid_to_consumption) [comm="stress_core"] ===
PID      energy            
180606   165657950000      

[H[JPolling energy-fair scheduler maps every 100 millisecond(s)...
Real time since poller start: 9.603325 s
Filter: comm "stress_core"
Maps shown: total power consumption 

=== System totals (total) ===
  cpu_time:  246514482912 ns
  energy:    11722160800000 (units of your kfunc)
  uncore_energy:    966386760682820000 (units of your kfunc)

=== PID → power (EMA) (pid_to_power) [comm="stress_core"] ===
PID      power             
180606   39                

=== PID → cumulative energy (pid_to_consumption) [comm="stress_core"] ===
PID      energy            
180606   165657950000      

[H[JPolling energy-fair scheduler maps every 100 millisecond(s)...
Real time since poller start: 9.720346 s
Filter: comm "stress_core"
Maps shown: total power consumption 

=== System totals (total) ===
  cpu_time:  246546802383 ns
  energy:    11723657250000 (units of your kfunc)
  uncore_energy:    966386854962890000 (units of your kfunc)

=== PID → power (EMA) (pid_to_power) [comm="stress_core"] ===
PID      power             
180606   39                

=== PID → cumulative energy (pid_to_consumption) [comm="stress_core"] ===
PID      energy            
180606   165657950000      

[H[JPolling energy-fair scheduler maps every 100 millisecond(s)...
Real time since poller start: 9.837300 s
Filter: comm "stress_core"
Maps shown: total power consumption 

=== System totals (total) ===
  cpu_time:  246568458095 ns
  energy:    11724633950000 (units of your kfunc)
  uncore_energy:    966387055422960000 (units of your kfunc)

=== PID → power (EMA) (pid_to_power) [comm="stress_core"] ===
PID      power             
180606   39                

=== PID → cumulative energy (pid_to_consumption) [comm="stress_core"] ===
PID      energy            
180606   165657950000      

[H[JPolling energy-fair scheduler maps every 100 millisecond(s)...
Real time since poller start: 9.954352 s
Filter: comm "stress_core"
Maps shown: total power consumption 

=== System totals (total) ===
  cpu_time:  246590729911 ns
  energy:    11725563840000 (units of your kfunc)
  uncore_energy:    966387213254360000 (units of your kfunc)

=== PID → power (EMA) (pid_to_power) [comm="stress_core"] ===
PID      power             
180606   39                

=== PID → cumulative energy (pid_to_consumption) [comm="stress_core"] ===
PID      energy            
180606   165657950000      

[H[JPolling energy-fair scheduler maps every 100 millisecond(s)...
Real time since poller start: 10.071350 s
Filter: comm "stress_core"
Maps shown: total power consumption 

=== System totals (total) ===
  cpu_time:  246612624915 ns
  energy:    11726493880000 (units of your kfunc)
  uncore_energy:    966387346465400000 (units of your kfunc)

=== PID → power (EMA) (pid_to_power) [comm="stress_core"] ===
PID      power             
180606   39                

=== PID → cumulative energy (pid_to_consumption) [comm="stress_core"] ===
PID      energy            
180606   165657950000      

[H[JPolling energy-fair scheduler maps every 100 millisecond(s)...
Real time since poller start: 10.188318 s
Filter: comm "stress_core"
Maps shown: total power consumption 

=== System totals (total) ===
  cpu_time:  246646059355 ns
  energy:    11728047840000 (units of your kfunc)
  uncore_energy:    966387463814030000 (units of your kfunc)

=== PID → power (EMA) (pid_to_power) [comm="stress_core"] ===
PID      power             
180606   39                

=== PID → cumulative energy (pid_to_consumption) [comm="stress_core"] ===
PID      energy            
180606   165657950000      

[H[JPolling energy-fair scheduler maps every 100 millisecond(s)...
Real time since poller start: 10.305293 s
Filter: comm "stress_core"
Maps shown: total power consumption 

=== System totals (total) ===
  cpu_time:  246664860232 ns
  energy:    11728848780000 (units of your kfunc)
  uncore_energy:    966387630440310000 (units of your kfunc)

=== PID → power (EMA) (pid_to_power) [comm="stress_core"] ===
PID      power             
180606   39                

=== PID → cumulative energy (pid_to_consumption) [comm="stress_core"] ===
PID      energy            
180606   165657950000      

[H[JPolling energy-fair scheduler maps every 100 millisecond(s)...
Real time since poller start: 10.424463 s
Filter: comm "stress_core"
Maps shown: total power consumption 

=== System totals (total) ===
  cpu_time:  246772443781 ns
  energy:    11732969120000 (units of your kfunc)
  uncore_energy:    966387830255060000 (units of your kfunc)

=== PID → power (EMA) (pid_to_power) [comm="stress_core"] ===
PID      power             
180606   39                

=== PID → cumulative energy (pid_to_consumption) [comm="stress_core"] ===
PID      energy            
180606   165657950000      

[H[JPolling energy-fair scheduler maps every 100 millisecond(s)...
Real time since poller start: 10.541525 s
Filter: comm "stress_core"
Maps shown: total power consumption 

=== System totals (total) ===
  cpu_time:  246904372610 ns
  energy:    11737267240000 (units of your kfunc)
  uncore_energy:    966387981673950000 (units of your kfunc)

=== PID → power (EMA) (pid_to_power) [comm="stress_core"] ===
PID      power             
180606   39                

=== PID → cumulative energy (pid_to_consumption) [comm="stress_core"] ===
PID      energy            
180606   165657950000      

[H[JPolling energy-fair scheduler maps every 100 millisecond(s)...
Real time since poller start: 10.658629 s
Filter: comm "stress_core"
Maps shown: total power consumption 

=== System totals (total) ===
  cpu_time:  246983652609 ns
  energy:    11739933530000 (units of your kfunc)
  uncore_energy:    966388136699160000 (units of your kfunc)

=== PID → power (EMA) (pid_to_power) [comm="stress_core"] ===
PID      power             
180606   39                

=== PID → cumulative energy (pid_to_consumption) [comm="stress_core"] ===
PID      energy            
180606   165657950000      

[H[JPolling energy-fair scheduler maps every 100 millisecond(s)...
Real time since poller start: 10.775465 s
Filter: comm "stress_core"
Maps shown: total power consumption 

=== System totals (total) ===
  cpu_time:  247002851866 ns
  energy:    11740759950000 (units of your kfunc)
  uncore_energy:    966388274837120000 (units of your kfunc)

=== PID → power (EMA) (pid_to_power) [comm="stress_core"] ===
PID      power             
180606   39                

=== PID → cumulative energy (pid_to_consumption) [comm="stress_core"] ===
PID      energy            
180606   165657950000      

[H[JPolling energy-fair scheduler maps every 100 millisecond(s)...
Real time since poller start: 10.892425 s
Filter: comm "stress_core"
Maps shown: total power consumption 

=== System totals (total) ===
  cpu_time:  247025125761 ns
  energy:    11741683090000 (units of your kfunc)
  uncore_energy:    966388374229690000 (units of your kfunc)

=== PID → power (EMA) (pid_to_power) [comm="stress_core"] ===
PID      power             
180606   39                

=== PID → cumulative energy (pid_to_consumption) [comm="stress_core"] ===
PID      energy            
180606   165657950000      

[H[JPolling energy-fair scheduler maps every 100 millisecond(s)...
Real time since poller start: 11.009385 s
Filter: comm "stress_core"
Maps shown: total power consumption 

=== System totals (total) ===
  cpu_time:  247062258732 ns
  energy:    11743211250000 (units of your kfunc)
  uncore_energy:    966388564412950000 (units of your kfunc)

=== PID → power (EMA) (pid_to_power) [comm="stress_core"] ===
PID      power             
180606   39                

=== PID → cumulative energy (pid_to_consumption) [comm="stress_core"] ===
PID      energy            
180606   165657950000      

[H[JPolling energy-fair scheduler maps every 100 millisecond(s)...
Real time since poller start: 11.126367 s
Filter: comm "stress_core"
Maps shown: total power consumption 

=== System totals (total) ===
  cpu_time:  247080538395 ns
  energy:    11744015080000 (units of your kfunc)
  uncore_energy:    966388660206110000 (units of your kfunc)

=== PID → power (EMA) (pid_to_power) [comm="stress_core"] ===
PID      power             
180606   39                

=== PID → cumulative energy (pid_to_consumption) [comm="stress_core"] ===
PID      energy            
180606   165657950000      

[H[JPolling energy-fair scheduler maps every 100 millisecond(s)...
Real time since poller start: 11.243360 s
Filter: comm "stress_core"
Maps shown: total power consumption 

=== System totals (total) ===
  cpu_time:  247100511220 ns
  energy:    11744884980000 (units of your kfunc)
  uncore_energy:    966388862714810000 (units of your kfunc)

=== PID → power (EMA) (pid_to_power) [comm="stress_core"] ===
PID      power             
180606   39                

=== PID → cumulative energy (pid_to_consumption) [comm="stress_core"] ===
PID      energy            
180606   165657950000      

[H[JPolling energy-fair scheduler maps every 100 millisecond(s)...
Real time since poller start: 11.360352 s
Filter: comm "stress_core"
Maps shown: total power consumption 

=== System totals (total) ===
  cpu_time:  247127336623 ns
  energy:    11746029070000 (units of your kfunc)
  uncore_energy:    966388959612710000 (units of your kfunc)

=== PID → power (EMA) (pid_to_power) [comm="stress_core"] ===
PID      power             
180606   39                

=== PID → cumulative energy (pid_to_consumption) [comm="stress_core"] ===
PID      energy            
180606   165657950000      

[H[JPolling energy-fair scheduler maps every 100 millisecond(s)...
Real time since poller start: 11.477399 s
Filter: comm "stress_core"
Maps shown: total power consumption 

=== System totals (total) ===
  cpu_time:  247147018346 ns
  energy:    11746859910000 (units of your kfunc)
  uncore_energy:    966389142845740000 (units of your kfunc)

=== PID → power (EMA) (pid_to_power) [comm="stress_core"] ===
PID      power             
180606   39                

=== PID → cumulative energy (pid_to_consumption) [comm="stress_core"] ===
PID      energy            
180606   165657950000      

[H[JPolling energy-fair scheduler maps every 100 millisecond(s)...
Real time since poller start: 11.594451 s
Filter: comm "stress_core"
Maps shown: total power consumption 

=== System totals (total) ===
  cpu_time:  247164941967 ns
  energy:    11747636590000 (units of your kfunc)
  uncore_energy:    966389327608160000 (units of your kfunc)

=== PID → power (EMA) (pid_to_power) [comm="stress_core"] ===
PID      power             
180606   39                

=== PID → cumulative energy (pid_to_consumption) [comm="stress_core"] ===
PID      energy            
180606   165657950000      

[H[JPolling energy-fair scheduler maps every 100 millisecond(s)...
Real time since poller start: 11.711492 s
Filter: comm "stress_core"
Maps shown: total power consumption 

=== System totals (total) ===
  cpu_time:  247192250482 ns
  energy:    11748728650000 (units of your kfunc)
  uncore_energy:    966389472682630000 (units of your kfunc)

=== PID → power (EMA) (pid_to_power) [comm="stress_core"] ===
PID      power             
180606   39                

=== PID → cumulative energy (pid_to_consumption) [comm="stress_core"] ===
PID      energy            
180606   165657950000      

[H[JPolling energy-fair scheduler maps every 100 millisecond(s)...
Real time since poller start: 11.828510 s
Filter: comm "stress_core"
Maps shown: total power consumption 

=== System totals (total) ===
  cpu_time:  247209958512 ns
  energy:    11749501660000 (units of your kfunc)
  uncore_energy:    966389564640640000 (units of your kfunc)

=== PID → power (EMA) (pid_to_power) [comm="stress_core"] ===
PID      power             
180606   39                

=== PID → cumulative energy (pid_to_consumption) [comm="stress_core"] ===
PID      energy            
180606   165657950000      

[H[JPolling energy-fair scheduler maps every 100 millisecond(s)...
Real time since poller start: 11.945467 s
Filter: comm "stress_core"
Maps shown: total power consumption 

=== System totals (total) ===
  cpu_time:  247228981637 ns
  energy:    11750305800000 (units of your kfunc)
  uncore_energy:    966389700328050000 (units of your kfunc)

=== PID → power (EMA) (pid_to_power) [comm="stress_core"] ===
PID      power             
180606   39                

=== PID → cumulative energy (pid_to_consumption) [comm="stress_core"] ===
PID      energy            
180606   165657950000      

[H[JPolling energy-fair scheduler maps every 100 millisecond(s)...
Real time since poller start: 12.062488 s
Filter: comm "stress_core"
Maps shown: total power consumption 

=== System totals (total) ===
  cpu_time:  247262413296 ns
  energy:    11751752030000 (units of your kfunc)
  uncore_energy:    966389925360700000 (units of your kfunc)

=== PID → power (EMA) (pid_to_power) [comm="stress_core"] ===
PID      power             
180606   39                

=== PID → cumulative energy (pid_to_consumption) [comm="stress_core"] ===
PID      energy            
180606   165657950000      

[H[JPolling energy-fair scheduler maps every 100 millisecond(s)...
Real time since poller start: 12.179486 s
Filter: comm "stress_core"
Maps shown: total power consumption 

=== System totals (total) ===
  cpu_time:  247280511451 ns
  energy:    11752565940000 (units of your kfunc)
  uncore_energy:    966390082332430000 (units of your kfunc)

=== PID → power (EMA) (pid_to_power) [comm="stress_core"] ===
PID      power             
180606   39                

=== PID → cumulative energy (pid_to_consumption) [comm="stress_core"] ===
PID      energy            
180606   165657950000      

[H[JPolling energy-fair scheduler maps every 100 millisecond(s)...
Real time since poller start: 12.296516 s
Filter: comm "stress_core"
Maps shown: total power consumption 

=== System totals (total) ===
  cpu_time:  247302377346 ns
  energy:    11753439820000 (units of your kfunc)
  uncore_energy:    966390215150420000 (units of your kfunc)

=== PID → power (EMA) (pid_to_power) [comm="stress_core"] ===
PID      power             
180606   39                

=== PID → cumulative energy (pid_to_consumption) [comm="stress_core"] ===
PID      energy            
180606   165657950000      

[H[JPolling energy-fair scheduler maps every 100 millisecond(s)...
Real time since poller start: 12.413198 s
Filter: comm "stress_core"
Maps shown: total power consumption 

=== System totals (total) ===
  cpu_time:  247320670059 ns
  energy:    11754240610000 (units of your kfunc)
  uncore_energy:    966390309878950000 (units of your kfunc)

=== PID → power (EMA) (pid_to_power) [comm="stress_core"] ===
PID      power             
180606   39                

=== PID → cumulative energy (pid_to_consumption) [comm="stress_core"] ===
PID      energy            
180606   165657950000      

[H[JPolling energy-fair scheduler maps every 100 millisecond(s)...
Real time since poller start: 12.530207 s
Filter: comm "stress_core"
Maps shown: total power consumption 

=== System totals (total) ===
  cpu_time:  247339877407 ns
  energy:    11755058620000 (units of your kfunc)
  uncore_energy:    966390529226500000 (units of your kfunc)

=== PID → power (EMA) (pid_to_power) [comm="stress_core"] ===
PID      power             
180606   39                

=== PID → cumulative energy (pid_to_consumption) [comm="stress_core"] ===
PID      energy            
180606   165657950000      

[H[JPolling energy-fair scheduler maps every 100 millisecond(s)...
Real time since poller start: 12.646887 s
Filter: comm "stress_core"
Maps shown: total power consumption 

=== System totals (total) ===
  cpu_time:  247356660111 ns
  energy:    11755803110000 (units of your kfunc)
  uncore_energy:    966390667530630000 (units of your kfunc)

=== PID → power (EMA) (pid_to_power) [comm="stress_core"] ===
PID      power             
180606   39                

=== PID → cumulative energy (pid_to_consumption) [comm="stress_core"] ===
PID      energy            
180606   165657950000      

[H[JPolling energy-fair scheduler maps every 100 millisecond(s)...
Real time since poller start: 12.763810 s
Filter: comm "stress_core"
Maps shown: total power consumption 

=== System totals (total) ===
  cpu_time:  247374182349 ns
  energy:    11756571410000 (units of your kfunc)
  uncore_energy:    966390767676630000 (units of your kfunc)

=== PID → power (EMA) (pid_to_power) [comm="stress_core"] ===
PID      power             
180606   39                

=== PID → cumulative energy (pid_to_consumption) [comm="stress_core"] ===
PID      energy            
180606   165657950000      

[H[JPolling energy-fair scheduler maps every 100 millisecond(s)...
Real time since poller start: 12.880833 s
Filter: comm "stress_core"
Maps shown: total power consumption 

=== System totals (total) ===
  cpu_time:  247391576739 ns
  energy:    11757339530000 (units of your kfunc)
  uncore_energy:    966390917582650000 (units of your kfunc)

=== PID → power (EMA) (pid_to_power) [comm="stress_core"] ===
PID      power             
180606   39                

=== PID → cumulative energy (pid_to_consumption) [comm="stress_core"] ===
PID      energy            
180606   165657950000      

[H[JPolling energy-fair scheduler maps every 100 millisecond(s)...
Real time since poller start: 12.997796 s
Filter: comm "stress_core"
Maps shown: total power consumption 

=== System totals (total) ===
  cpu_time:  247413327431 ns
  energy:    11758234440000 (units of your kfunc)
  uncore_energy:    966391127255670000 (units of your kfunc)

=== PID → power (EMA) (pid_to_power) [comm="stress_core"] ===
PID      power             
180606   39                

=== PID → cumulative energy (pid_to_consumption) [comm="stress_core"] ===
PID      energy            
180606   165657950000      

[H[JPolling energy-fair scheduler maps every 100 millisecond(s)...
Real time since poller start: 13.114766 s
Filter: comm "stress_core"
Maps shown: total power consumption 

=== System totals (total) ===
  cpu_time:  247433575805 ns
  energy:    11759072760000 (units of your kfunc)
  uncore_energy:    966391251258050000 (units of your kfunc)

=== PID → power (EMA) (pid_to_power) [comm="stress_core"] ===
PID      power             
180606   39                

=== PID → cumulative energy (pid_to_consumption) [comm="stress_core"] ===
PID      energy            
180606   165657950000      

[H[JPolling energy-fair scheduler maps every 100 millisecond(s)...
Real time since poller start: 13.231783 s
Filter: comm "stress_core"
Maps shown: total power consumption 

=== System totals (total) ===
  cpu_time:  247453124206 ns
  energy:    11759895060000 (units of your kfunc)
  uncore_energy:    966391407498890000 (units of your kfunc)

=== PID → power (EMA) (pid_to_power) [comm="stress_core"] ===
PID      power             
180606   39                

=== PID → cumulative energy (pid_to_consumption) [comm="stress_core"] ===
PID      energy            
180606   165657950000      

[H[JPolling energy-fair scheduler maps every 100 millisecond(s)...
Real time since poller start: 13.348762 s
Filter: comm "stress_core"
Maps shown: total power consumption 

=== System totals (total) ===
  cpu_time:  247470094172 ns
  energy:    11760639540000 (units of your kfunc)
  uncore_energy:    966391504268140000 (units of your kfunc)

=== PID → power (EMA) (pid_to_power) [comm="stress_core"] ===
PID      power             
180606   39                

=== PID → cumulative energy (pid_to_consumption) [comm="stress_core"] ===
PID      energy            
180606   165657950000      

[H[JPolling energy-fair scheduler maps every 100 millisecond(s)...
Real time since poller start: 13.465763 s
Filter: comm "stress_core"
Maps shown: total power consumption 

=== System totals (total) ===
  cpu_time:  247503294440 ns
  energy:    11762034500000 (units of your kfunc)
  uncore_energy:    966391702341410000 (units of your kfunc)

=== PID → power (EMA) (pid_to_power) [comm="stress_core"] ===
PID      power             
180606   39                

=== PID → cumulative energy (pid_to_consumption) [comm="stress_core"] ===
PID      energy            
180606   165657950000      

[H[JPolling energy-fair scheduler maps every 100 millisecond(s)...
Real time since poller start: 13.582786 s
Filter: comm "stress_core"
Maps shown: total power consumption 

=== System totals (total) ===
  cpu_time:  247522884290 ns
  energy:    11762864740000 (units of your kfunc)
  uncore_energy:    966391875241790000 (units of your kfunc)

=== PID → power (EMA) (pid_to_power) [comm="stress_core"] ===
PID      power             
180606   39                

=== PID → cumulative energy (pid_to_consumption) [comm="stress_core"] ===
PID      energy            
180606   165657950000      

[H[JPolling energy-fair scheduler maps every 100 millisecond(s)...
Real time since poller start: 13.699795 s
Filter: comm "stress_core"
Maps shown: total power consumption 

=== System totals (total) ===
  cpu_time:  247541057863 ns
  energy:    11763668260000 (units of your kfunc)
  uncore_energy:    966391969699350000 (units of your kfunc)

=== PID → power (EMA) (pid_to_power) [comm="stress_core"] ===
PID      power             
180606   39                

=== PID → cumulative energy (pid_to_consumption) [comm="stress_core"] ===
PID      energy            
180606   165657950000      

[H[JPolling energy-fair scheduler maps every 100 millisecond(s)...
Real time since poller start: 13.816823 s
Filter: comm "stress_core"
Maps shown: total power consumption 

=== System totals (total) ===
  cpu_time:  247559733669 ns
  energy:    11764479260000 (units of your kfunc)
  uncore_energy:    966392146031450000 (units of your kfunc)

=== PID → power (EMA) (pid_to_power) [comm="stress_core"] ===
PID      power             
180606   39                

=== PID → cumulative energy (pid_to_consumption) [comm="stress_core"] ===
PID      energy            
180606   165657950000      

[H[JPolling energy-fair scheduler maps every 100 millisecond(s)...
Real time since poller start: 13.933863 s
Filter: comm "stress_core"
Maps shown: total power consumption 

=== System totals (total) ===
  cpu_time:  247576814825 ns
  energy:    11765226180000 (units of your kfunc)
  uncore_energy:    966392281883190000 (units of your kfunc)

=== PID → power (EMA) (pid_to_power) [comm="stress_core"] ===
PID      power             
180606   39                

=== PID → cumulative energy (pid_to_consumption) [comm="stress_core"] ===
PID      energy            
180606   165657950000      

[H[JPolling energy-fair scheduler maps every 100 millisecond(s)...
Real time since poller start: 14.050839 s
Filter: comm "stress_core"
Maps shown: total power consumption 

=== System totals (total) ===
  cpu_time:  247594462976 ns
  energy:    11765994140000 (units of your kfunc)
  uncore_energy:    966392423623010000 (units of your kfunc)

=== PID → power (EMA) (pid_to_power) [comm="stress_core"] ===
PID      power             
180606   39                

=== PID → cumulative energy (pid_to_consumption) [comm="stress_core"] ===
PID      energy            
180606   165657950000      

[H[JPolling energy-fair scheduler maps every 100 millisecond(s)...
Real time since poller start: 14.167832 s
Filter: comm "stress_core"
Maps shown: total power consumption 

=== System totals (total) ===
  cpu_time:  247638125223 ns
  energy:    11768090540000 (units of your kfunc)
  uncore_energy:    966392625497410000 (units of your kfunc)

=== PID → power (EMA) (pid_to_power) [comm="stress_core"] ===
PID      power             
180606   42                

=== PID → cumulative energy (pid_to_consumption) [comm="stress_core"] ===
PID      energy            
180606   167588450000      

[H[JPolling energy-fair scheduler maps every 100 millisecond(s)...
Real time since poller start: 14.284866 s
Filter: comm "stress_core"
Maps shown: total power consumption 

=== System totals (total) ===
  cpu_time:  247774162681 ns
  energy:    11773855380000 (units of your kfunc)
  uncore_energy:    966392775885670000 (units of your kfunc)

=== PID → power (EMA) (pid_to_power) [comm="stress_core"] ===
PID      power             
180606   42                

=== PID → cumulative energy (pid_to_consumption) [comm="stress_core"] ===
PID      energy            
180606   172381040000      

[H[JPolling energy-fair scheduler maps every 100 millisecond(s)...
Real time since poller start: 14.401956 s
Filter: comm "stress_core"
Maps shown: total power consumption 

=== System totals (total) ===
  cpu_time:  247907192930 ns
  energy:    11779535070000 (units of your kfunc)
  uncore_energy:    966392926221760000 (units of your kfunc)

=== PID → power (EMA) (pid_to_power) [comm="stress_core"] ===
PID      power             
180606   39                

=== PID → cumulative energy (pid_to_consumption) [comm="stress_core"] ===
PID      energy            
180606   177175230000      

[H[JPolling energy-fair scheduler maps every 100 millisecond(s)...
Real time since poller start: 14.519001 s
Filter: comm "stress_core"
Maps shown: total power consumption 

=== System totals (total) ===
  cpu_time:  248039112299 ns
  energy:    11785149720000 (units of your kfunc)
  uncore_energy:    966393076289480000 (units of your kfunc)

=== PID → power (EMA) (pid_to_power) [comm="stress_core"] ===
PID      power             
180606   41                

=== PID → cumulative energy (pid_to_consumption) [comm="stress_core"] ===
PID      energy            
180606   181986020000      

[H[JPolling energy-fair scheduler maps every 100 millisecond(s)...
Real time since poller start: 14.636017 s
Filter: comm "stress_core"
Maps shown: total power consumption 

=== System totals (total) ===
  cpu_time:  248170134097 ns
  energy:    11790774550000 (units of your kfunc)
  uncore_energy:    966393226807080000 (units of your kfunc)

=== PID → power (EMA) (pid_to_power) [comm="stress_core"] ===
PID      power             
180606   50                

=== PID → cumulative energy (pid_to_consumption) [comm="stress_core"] ===
PID      energy            
180606   186855090000      

[H[JPolling energy-fair scheduler maps every 100 millisecond(s)...
Real time since poller start: 14.753059 s
Filter: comm "stress_core"
Maps shown: total power consumption 

=== System totals (total) ===
  cpu_time:  248318195097 ns
  energy:    11797339010000 (units of your kfunc)
  uncore_energy:    966393376830300000 (units of your kfunc)

=== PID → power (EMA) (pid_to_power) [comm="stress_core"] ===
PID      power             
180606   44                

=== PID → cumulative energy (pid_to_consumption) [comm="stress_core"] ===
PID      energy            
180606   191876240000      

[H[JPolling energy-fair scheduler maps every 100 millisecond(s)...
Real time since poller start: 14.870060 s
Filter: comm "stress_core"
Maps shown: total power consumption 

=== System totals (total) ===
  cpu_time:  248455018064 ns
  energy:    11803282280000 (units of your kfunc)
  uncore_energy:    966393526963990000 (units of your kfunc)

=== PID → power (EMA) (pid_to_power) [comm="stress_core"] ===
PID      power             
180606   41                

=== PID → cumulative energy (pid_to_consumption) [comm="stress_core"] ===
PID      energy            
180606   196914570000      

[H[JPolling energy-fair scheduler maps every 100 millisecond(s)...
Real time since poller start: 14.987244 s
Filter: comm "stress_core"
Maps shown: total power consumption 

=== System totals (total) ===
  cpu_time:  248592258176 ns
  energy:    11809321780000 (units of your kfunc)
  uncore_energy:    966393678673820000 (units of your kfunc)

=== PID → power (EMA) (pid_to_power) [comm="stress_core"] ===
PID      power             
180606   41                

=== PID → cumulative energy (pid_to_consumption) [comm="stress_core"] ===
PID      energy            
180606   201921670000      

[H[JPolling energy-fair scheduler maps every 100 millisecond(s)...
Real time since poller start: 15.104453 s
Filter: comm "stress_core"
Maps shown: total power consumption 

=== System totals (total) ===
  cpu_time:  248729089080 ns
  energy:    11815392990000 (units of your kfunc)
  uncore_energy:    966393828385230000 (units of your kfunc)

=== PID → power (EMA) (pid_to_power) [comm="stress_core"] ===
PID      power             
180606   43                

=== PID → cumulative energy (pid_to_consumption) [comm="stress_core"] ===
PID      energy            
180606   206935870000      

[H[JPolling energy-fair scheduler maps every 100 millisecond(s)...
Real time since poller start: 15.221645 s
Filter: comm "stress_core"
Maps shown: total power consumption 

=== System totals (total) ===
  cpu_time:  248861712780 ns
  energy:    11821311630000 (units of your kfunc)
  uncore_energy:    966393978270270000 (units of your kfunc)

=== PID → power (EMA) (pid_to_power) [comm="stress_core"] ===
PID      power             
180606   43                

=== PID → cumulative energy (pid_to_consumption) [comm="stress_core"] ===
PID      energy            
180606   211961100000      

[H[JPolling energy-fair scheduler maps every 100 millisecond(s)...
Real time since poller start: 15.338821 s
Filter: comm "stress_core"
Maps shown: total power consumption 

=== System totals (total) ===
  cpu_time:  249031753483 ns
  energy:    11828909460000 (units of your kfunc)
  uncore_energy:    966394136808610000 (units of your kfunc)

=== PID → power (EMA) (pid_to_power) [comm="stress_core"] ===
PID      power             
180606   44                

=== PID → cumulative energy (pid_to_consumption) [comm="stress_core"] ===
PID      energy            
180606   217018060000      

[H[JPolling energy-fair scheduler maps every 100 millisecond(s)...
Real time since poller start: 15.455725 s
Filter: comm "stress_core"
Maps shown: total power consumption 

=== System totals (total) ===
  cpu_time:  249296361767 ns
  energy:    11840036620000 (units of your kfunc)
  uncore_energy:    966394287956690000 (units of your kfunc)

=== PID → power (EMA) (pid_to_power) [comm="stress_core"] ===
PID      power             
180606   48                

=== PID → cumulative energy (pid_to_consumption) [comm="stress_core"] ===
PID      energy            
180606   222314380000      

[H[JPolling energy-fair scheduler maps every 100 millisecond(s)...
Real time since poller start: 15.572727 s
Filter: comm "stress_core"
Maps shown: total power consumption 

=== System totals (total) ===
  cpu_time:  249538099289 ns
  energy:    11850377980000 (units of your kfunc)
  uncore_energy:    966394440326060000 (units of your kfunc)

=== PID → power (EMA) (pid_to_power) [comm="stress_core"] ===
PID      power             
180606   54                

=== PID → cumulative energy (pid_to_consumption) [comm="stress_core"] ===
PID      energy            
180606   227853540000      

[H[JPolling energy-fair scheduler maps every 100 millisecond(s)...
Real time since poller start: 15.691783 s
Filter: comm "stress_core"
Maps shown: total power consumption 

=== System totals (total) ===
  cpu_time:  249692148425 ns
  energy:    11857208030000 (units of your kfunc)
  uncore_energy:    966394598772040000 (units of your kfunc)

=== PID → power (EMA) (pid_to_power) [comm="stress_core"] ===
PID      power             
180606   40                

=== PID → cumulative energy (pid_to_consumption) [comm="stress_core"] ===
PID      energy            
180606   232941850000      

[H[JPolling energy-fair scheduler maps every 100 millisecond(s)...
Real time since poller start: 15.808792 s
Filter: comm "stress_core"
Maps shown: total power consumption 

=== System totals (total) ===
  cpu_time:  249841145905 ns
  energy:    11863923470000 (units of your kfunc)
  uncore_energy:    966394749253100000 (units of your kfunc)

=== PID → power (EMA) (pid_to_power) [comm="stress_core"] ===
PID      power             
180606   43                

=== PID → cumulative energy (pid_to_consumption) [comm="stress_core"] ===
PID      energy            
180606   238018010000      

[H[JPolling energy-fair scheduler maps every 100 millisecond(s)...
Real time since poller start: 15.925930 s
Filter: comm "stress_core"
Maps shown: total power consumption 

=== System totals (total) ===
  cpu_time:  249973019562 ns
  energy:    11869843530000 (units of your kfunc)
  uncore_energy:    966394899274510000 (units of your kfunc)

=== PID → power (EMA) (pid_to_power) [comm="stress_core"] ===
PID      power             
180606   45                

=== PID → cumulative energy (pid_to_consumption) [comm="stress_core"] ===
PID      energy            
180606   243128590000      

[H[JPolling energy-fair scheduler maps every 100 millisecond(s)...
Real time since poller start: 16.043061 s
Filter: comm "stress_core"
Maps shown: total power consumption 

=== System totals (total) ===
  cpu_time:  250103451635 ns
  energy:    11875746830000 (units of your kfunc)
  uncore_energy:    966395049298640000 (units of your kfunc)

=== PID → power (EMA) (pid_to_power) [comm="stress_core"] ===
PID      power             
180606   43                

=== PID → cumulative energy (pid_to_consumption) [comm="stress_core"] ===
PID      energy            
180606   248279160000      

[H[JPolling energy-fair scheduler maps every 100 millisecond(s)...
Real time since poller start: 16.160167 s
Filter: comm "stress_core"
Maps shown: total power consumption 

=== System totals (total) ===
  cpu_time:  250235826597 ns
  energy:    11881765500000 (units of your kfunc)
  uncore_energy:    966395200458460000 (units of your kfunc)

=== PID → power (EMA) (pid_to_power) [comm="stress_core"] ===
PID      power             
180606   44                

=== PID → cumulative energy (pid_to_consumption) [comm="stress_core"] ===
PID      energy            
180606   253415450000      

[H[JPolling energy-fair scheduler maps every 100 millisecond(s)...
Real time since poller start: 16.277296 s
Filter: comm "stress_core"
Maps shown: total power consumption 

=== System totals (total) ===
  cpu_time:  250365192132 ns
  energy:    11887652060000 (units of your kfunc)
  uncore_energy:    966395350082460000 (units of your kfunc)

=== PID → power (EMA) (pid_to_power) [comm="stress_core"] ===
PID      power             
180606   43                

=== PID → cumulative energy (pid_to_consumption) [comm="stress_core"] ===
PID      energy            
180606   258530840000      

[H[JPolling energy-fair scheduler maps every 100 millisecond(s)...
Real time since poller start: 16.394374 s
Filter: comm "stress_core"
Maps shown: total power consumption 

=== System totals (total) ===
  cpu_time:  250497490407 ns
  energy:    11893725170000 (units of your kfunc)
  uncore_energy:    966395500821490000 (units of your kfunc)

=== PID → power (EMA) (pid_to_power) [comm="stress_core"] ===
PID      power             
180606   47                

=== PID → cumulative energy (pid_to_consumption) [comm="stress_core"] ===
PID      energy            
180606   263719380000      

[H[JPolling energy-fair scheduler maps every 100 millisecond(s)...
Real time since poller start: 16.511504 s
Filter: comm "stress_core"
Maps shown: total power consumption 

=== System totals (total) ===
  cpu_time:  250629802123 ns
  energy:    11899756890000 (units of your kfunc)
  uncore_energy:    966395651492950000 (units of your kfunc)

=== PID → power (EMA) (pid_to_power) [comm="stress_core"] ===
PID      power             
180606   45                

=== PID → cumulative energy (pid_to_consumption) [comm="stress_core"] ===
PID      energy            
180606   268879710000      

[H[JPolling energy-fair scheduler maps every 100 millisecond(s)...
Real time since poller start: 16.628587 s
Filter: comm "stress_core"
Maps shown: total power consumption 

=== System totals (total) ===
  cpu_time:  250776429841 ns
  energy:    11906439490000 (units of your kfunc)
  uncore_energy:    966395801421070000 (units of your kfunc)

=== PID → power (EMA) (pid_to_power) [comm="stress_core"] ===
PID      power             
180606   45                

=== PID → cumulative energy (pid_to_consumption) [comm="stress_core"] ===
PID      energy            
180606   274016250000      

[H[JPolling energy-fair scheduler maps every 100 millisecond(s)...
Real time since poller start: 16.745670 s
Filter: comm "stress_core"
Maps shown: total power consumption 

=== System totals (total) ===
  cpu_time:  250907201541 ns
  energy:    11912454460000 (units of your kfunc)
  uncore_energy:    966395952090210000 (units of your kfunc)

=== PID → power (EMA) (pid_to_power) [comm="stress_core"] ===
PID      power             
180606   45                

=== PID → cumulative energy (pid_to_consumption) [comm="stress_core"] ===
PID      energy            
180606   279221610000      

[H[JPolling energy-fair scheduler maps every 100 millisecond(s)...
Real time since poller start: 16.862759 s
Filter: comm "stress_core"
Maps shown: total power consumption 

=== System totals (total) ===
  cpu_time:  251037652481 ns
  energy:    11918429220000 (units of your kfunc)
  uncore_energy:    966396102676730000 (units of your kfunc)

=== PID → power (EMA) (pid_to_power) [comm="stress_core"] ===
PID      power             
180606   42                

=== PID → cumulative energy (pid_to_consumption) [comm="stress_core"] ===
PID      energy            
180606   284389810000      

[H[JPolling energy-fair scheduler maps every 100 millisecond(s)...
Real time since poller start: 16.979851 s
Filter: comm "stress_core"
Maps shown: total power consumption 

=== System totals (total) ===
  cpu_time:  251168994886 ns
  energy:    11924376470000 (units of your kfunc)
  uncore_energy:    966396252551170000 (units of your kfunc)

=== PID → power (EMA) (pid_to_power) [comm="stress_core"] ===
PID      power             
180606   42                

=== PID → cumulative energy (pid_to_consumption) [comm="stress_core"] ===
PID      energy            
180606   289520220000      

[H[JPolling energy-fair scheduler maps every 100 millisecond(s)...
Real time since poller start: 17.096975 s
Filter: comm "stress_core"
Maps shown: total power consumption 

=== System totals (total) ===
  cpu_time:  251300407322 ns
  energy:    11930360960000 (units of your kfunc)
  uncore_energy:    966396402980100000 (units of your kfunc)

=== PID → power (EMA) (pid_to_power) [comm="stress_core"] ===
PID      power             
180606   45                

=== PID → cumulative energy (pid_to_consumption) [comm="stress_core"] ===
PID      energy            
180606   294734450000      

[H[JPolling energy-fair scheduler maps every 100 millisecond(s)...
Real time since poller start: 17.214042 s
Filter: comm "stress_core"
Maps shown: total power consumption 

=== System totals (total) ===
  cpu_time:  251432698718 ns
  energy:    11936368960000 (units of your kfunc)
  uncore_energy:    966396553171440000 (units of your kfunc)

=== PID → power (EMA) (pid_to_power) [comm="stress_core"] ===
PID      power             
180606   45                

=== PID → cumulative energy (pid_to_consumption) [comm="stress_core"] ===
PID      energy            
180606   299952210000      

[H[JPolling energy-fair scheduler maps every 100 millisecond(s)...
Real time since poller start: 17.331113 s
Filter: comm "stress_core"
Maps shown: total power consumption 

=== System totals (total) ===
  cpu_time:  251562519542 ns
  energy:    11942356430000 (units of your kfunc)
  uncore_energy:    966396702901130000 (units of your kfunc)

=== PID → power (EMA) (pid_to_power) [comm="stress_core"] ===
PID      power             
180606   47                

=== PID → cumulative energy (pid_to_consumption) [comm="stress_core"] ===
PID      energy            
180606   305170600000      

[H[JPolling energy-fair scheduler maps every 100 millisecond(s)...
Real time since poller start: 17.448214 s
Filter: comm "stress_core"
Maps shown: total power consumption 

=== System totals (total) ===
  cpu_time:  251697558104 ns
  energy:    11948597720000 (units of your kfunc)
  uncore_energy:    966396853624110000 (units of your kfunc)

=== PID → power (EMA) (pid_to_power) [comm="stress_core"] ===
PID      power             
180606   44                

=== PID → cumulative energy (pid_to_consumption) [comm="stress_core"] ===
PID      energy            
180606   310402650000      

[H[JPolling energy-fair scheduler maps every 100 millisecond(s)...
Real time since poller start: 17.565281 s
Filter: comm "stress_core"
Maps shown: total power consumption 

=== System totals (total) ===
  cpu_time:  251828839162 ns
  energy:    11954620820000 (units of your kfunc)
  uncore_energy:    966397003735500000 (units of your kfunc)

=== PID → power (EMA) (pid_to_power) [comm="stress_core"] ===
PID      power             
180606   45                

=== PID → cumulative energy (pid_to_consumption) [comm="stress_core"] ===
PID      energy            
180606   315582570000      

[H[JPolling energy-fair scheduler maps every 100 millisecond(s)...
Real time since poller start: 17.682393 s
Filter: comm "stress_core"
Maps shown: total power consumption 

=== System totals (total) ===
  cpu_time:  251962332674 ns
  energy:    11960754880000 (units of your kfunc)
  uncore_energy:    966397154206360000 (units of your kfunc)

=== PID → power (EMA) (pid_to_power) [comm="stress_core"] ===
PID      power             
180606   44                

=== PID → cumulative energy (pid_to_consumption) [comm="stress_core"] ===
PID      energy            
180606   320823980000      

[H[JPolling energy-fair scheduler maps every 100 millisecond(s)...
Real time since poller start: 17.799487 s
Filter: comm "stress_core"
Maps shown: total power consumption 

=== System totals (total) ===
  cpu_time:  252092915981 ns
  energy:    11966802580000 (units of your kfunc)
  uncore_energy:    966397304094940000 (units of your kfunc)

=== PID → power (EMA) (pid_to_power) [comm="stress_core"] ===
PID      power             
180606   45                

=== PID → cumulative energy (pid_to_consumption) [comm="stress_core"] ===
PID      energy            
180606   326096790000      

[H[JPolling energy-fair scheduler maps every 100 millisecond(s)...
Real time since poller start: 17.916875 s
Filter: comm "stress_core"
Maps shown: total power consumption 

=== System totals (total) ===
  cpu_time:  252241277899 ns
  energy:    11973621370000 (units of your kfunc)
  uncore_energy:    966397454492790000 (units of your kfunc)

=== PID → power (EMA) (pid_to_power) [comm="stress_core"] ===
PID      power             
180606   45                

=== PID → cumulative energy (pid_to_consumption) [comm="stress_core"] ===
PID      energy            
180606   331343770000      

[H[JPolling energy-fair scheduler maps every 100 millisecond(s)...
Real time since poller start: 18.034006 s
Filter: comm "stress_core"
Maps shown: total power consumption 

=== System totals (total) ===
  cpu_time:  252372530900 ns
  energy:    11979737060000 (units of your kfunc)
  uncore_energy:    966397604378990000 (units of your kfunc)

=== PID → power (EMA) (pid_to_power) [comm="stress_core"] ===
PID      power             
180606   44                

=== PID → cumulative energy (pid_to_consumption) [comm="stress_core"] ===
PID      energy            
180606   336694570000      

[H[JPolling energy-fair scheduler maps every 100 millisecond(s)...
Real time since poller start: 18.151099 s
Filter: comm "stress_core"
Maps shown: total power consumption 

=== System totals (total) ===
  cpu_time:  252505108942 ns
  energy:    11985883010000 (units of your kfunc)
  uncore_energy:    966397755791640000 (units of your kfunc)

=== PID → power (EMA) (pid_to_power) [comm="stress_core"] ===
PID      power             
180606   45                

=== PID → cumulative energy (pid_to_consumption) [comm="stress_core"] ===
PID      energy            
180606   341986160000      

[H[JPolling energy-fair scheduler maps every 100 millisecond(s)...
Real time since poller start: 18.268198 s
Filter: comm "stress_core"
Maps shown: total power consumption 

=== System totals (total) ===
  cpu_time:  252637517093 ns
  energy:    11992049820000 (units of your kfunc)
  uncore_energy:    966397906317640000 (units of your kfunc)

=== PID → power (EMA) (pid_to_power) [comm="stress_core"] ===
PID      power             
180606   44                

=== PID → cumulative energy (pid_to_consumption) [comm="stress_core"] ===
PID      energy            
180606   347254360000      

[H[JPolling energy-fair scheduler maps every 100 millisecond(s)...
Real time since poller start: 18.385301 s
Filter: comm "stress_core"
Maps shown: total power consumption 

=== System totals (total) ===
  cpu_time:  252770623496 ns
  energy:    11998267960000 (units of your kfunc)
  uncore_energy:    966398055710760000 (units of your kfunc)

=== PID → power (EMA) (pid_to_power) [comm="stress_core"] ===
PID      power             
180606   47                

=== PID → cumulative energy (pid_to_consumption) [comm="stress_core"] ===
PID      energy            
180606   352547980000      

[H[JPolling energy-fair scheduler maps every 100 millisecond(s)...
Real time since poller start: 18.502416 s
Filter: comm "stress_core"
Maps shown: total power consumption 

=== System totals (total) ===
  cpu_time:  252901290133 ns
  energy:    12004384400000 (units of your kfunc)
  uncore_energy:    966398206018430000 (units of your kfunc)

=== PID → power (EMA) (pid_to_power) [comm="stress_core"] ===
PID      power             
180606   44                

=== PID → cumulative energy (pid_to_consumption) [comm="stress_core"] ===
PID      energy            
180606   357856790000      

[H[JPolling energy-fair scheduler maps every 100 millisecond(s)...
Real time since poller start: 18.619532 s
Filter: comm "stress_core"
Maps shown: total power consumption 

=== System totals (total) ===
  cpu_time:  253032443754 ns
  energy:    12010505480000 (units of your kfunc)
  uncore_energy:    966398355975840000 (units of your kfunc)

=== PID → power (EMA) (pid_to_power) [comm="stress_core"] ===
PID      power             
180606   47                

=== PID → cumulative energy (pid_to_consumption) [comm="stress_core"] ===
PID      energy            
180606   363166420000      

[H[JPolling energy-fair scheduler maps every 100 millisecond(s)...
Real time since poller start: 18.736621 s
Filter: comm "stress_core"
Maps shown: total power consumption 

=== System totals (total) ===
  cpu_time:  253164114550 ns
  energy:    12016694140000 (units of your kfunc)
  uncore_energy:    966398506680640000 (units of your kfunc)

=== PID → power (EMA) (pid_to_power) [comm="stress_core"] ===
PID      power             
180606   47                

=== PID → cumulative energy (pid_to_consumption) [comm="stress_core"] ===
PID      energy            
180606   368527120000      

[H[JPolling energy-fair scheduler maps every 100 millisecond(s)...
Real time since poller start: 18.853728 s
Filter: comm "stress_core"
Maps shown: total power consumption 

=== System totals (total) ===
  cpu_time:  253295927063 ns
  energy:    12022885540000 (units of your kfunc)
  uncore_energy:    966398656466570000 (units of your kfunc)

=== PID → power (EMA) (pid_to_power) [comm="stress_core"] ===
PID      power             
180606   46                

=== PID → cumulative energy (pid_to_consumption) [comm="stress_core"] ===
PID      energy            
180606   373878360000      

[H[JPolling energy-fair scheduler maps every 100 millisecond(s)...
Real time since poller start: 18.970801 s
Filter: comm "stress_core"
Maps shown: total power consumption 

=== System totals (total) ===
  cpu_time:  253428851747 ns
  energy:    12029110490000 (units of your kfunc)
  uncore_energy:    966398806362830000 (units of your kfunc)

=== PID → power (EMA) (pid_to_power) [comm="stress_core"] ===
PID      power             
180606   46                

=== PID → cumulative energy (pid_to_consumption) [comm="stress_core"] ===
PID      energy            
180606   379227650000      

[H[JPolling energy-fair scheduler maps every 100 millisecond(s)...
Real time since poller start: 19.087899 s
Filter: comm "stress_core"
Maps shown: total power consumption 

=== System totals (total) ===
  cpu_time:  253577150386 ns
  energy:    12036065740000 (units of your kfunc)
  uncore_energy:    966398956399620000 (units of your kfunc)

=== PID → power (EMA) (pid_to_power) [comm="stress_core"] ===
PID      power             
180606   46                

=== PID → cumulative energy (pid_to_consumption) [comm="stress_core"] ===
PID      energy            
180606   384596590000      

[H[JPolling energy-fair scheduler maps every 100 millisecond(s)...
Real time since poller start: 19.205010 s
Filter: comm "stress_core"
Maps shown: total power consumption 

=== System totals (total) ===
  cpu_time:  253645646634 ns
  energy:    12039227210000 (units of your kfunc)
  uncore_energy:    966399071760180000 (units of your kfunc)

=== PID → power (EMA) (pid_to_power) [comm="stress_core"] ===
PID      power             
180606   47                

=== PID → cumulative energy (pid_to_consumption) [comm="stress_core"] ===
PID      energy            
180606   386242880000      

[H[JPolling energy-fair scheduler maps every 100 millisecond(s)...
Real time since poller start: 19.321988 s
Filter: comm "stress_core"
Maps shown: total power consumption 

=== System totals (total) ===
  cpu_time:  253663531075 ns
  energy:    12039993210000 (units of your kfunc)
  uncore_energy:    966399230542830000 (units of your kfunc)

=== PID → power (EMA) (pid_to_power) [comm="stress_core"] ===
PID      power             
180606   47                

=== PID → cumulative energy (pid_to_consumption) [comm="stress_core"] ===
PID      energy            
180606   386242880000      

[H[JPolling energy-fair scheduler maps every 100 millisecond(s)...
Real time since poller start: 19.439051 s
Filter: comm "stress_core"
Maps shown: total power consumption 

=== System totals (total) ===
  cpu_time:  253682310503 ns
  energy:    12040801150000 (units of your kfunc)
  uncore_energy:    966399332855310000 (units of your kfunc)

=== PID → power (EMA) (pid_to_power) [comm="stress_core"] ===
PID      power             
180606   47                

=== PID → cumulative energy (pid_to_consumption) [comm="stress_core"] ===
PID      energy            
180606   386242880000      

[H[JPolling energy-fair scheduler maps every 100 millisecond(s)...
Real time since poller start: 19.556054 s
Filter: comm "stress_core"
Maps shown: total power consumption 

=== System totals (total) ===
  cpu_time:  253701160509 ns
  energy:    12041603770000 (units of your kfunc)
  uncore_energy:    966399478705980000 (units of your kfunc)

=== PID → power (EMA) (pid_to_power) [comm="stress_core"] ===
PID      power             
180606   47                

=== PID → cumulative energy (pid_to_consumption) [comm="stress_core"] ===
PID      energy            
180606   386242880000      

[H[JPolling energy-fair scheduler maps every 100 millisecond(s)...
Real time since poller start: 19.673072 s
Filter: comm "stress_core"
Maps shown: total power consumption 

=== System totals (total) ===
  cpu_time:  253733731503 ns
  energy:    12043052300000 (units of your kfunc)
  uncore_energy:    966399670631320000 (units of your kfunc)

=== PID → power (EMA) (pid_to_power) [comm="stress_core"] ===
PID      power             
180606   47                

=== PID → cumulative energy (pid_to_consumption) [comm="stress_core"] ===
PID      energy            
180606   386242880000      

[H[JPolling energy-fair scheduler maps every 100 millisecond(s)...
Real time since poller start: 19.790133 s
Filter: comm "stress_core"
Maps shown: total power consumption 

=== System totals (total) ===
  cpu_time:  253788828285 ns
  energy:    12045491900000 (units of your kfunc)
  uncore_energy:    966399864532660000 (units of your kfunc)

=== PID → power (EMA) (pid_to_power) [comm="stress_core"] ===
PID      power             
180606   47                

=== PID → cumulative energy (pid_to_consumption) [comm="stress_core"] ===
PID      energy            
180606   386242880000      

[H[JPolling energy-fair scheduler maps every 100 millisecond(s)...
Real time since poller start: 19.907026 s
Filter: comm "stress_core"
Maps shown: total power consumption 

=== System totals (total) ===
  cpu_time:  253938299348 ns
  energy:    12050927410000 (units of your kfunc)
  uncore_energy:    966400015990460000 (units of your kfunc)

=== PID → power (EMA) (pid_to_power) [comm="stress_core"] ===
PID      power             
180606   47                

=== PID → cumulative energy (pid_to_consumption) [comm="stress_core"] ===
PID      energy            
180606   386242880000      

[H[JPolling energy-fair scheduler maps every 100 millisecond(s)...
Real time since poller start: 20.024119 s
Filter: comm "stress_core"
Maps shown: total power consumption 

=== System totals (total) ===
  cpu_time:  254058615231 ns
  energy:    12055282300000 (units of your kfunc)
  uncore_energy:    966400154469280000 (units of your kfunc)

=== PID → power (EMA) (pid_to_power) [comm="stress_core"] ===
PID      power             
180606   47                

=== PID → cumulative energy (pid_to_consumption) [comm="stress_core"] ===
PID      energy            
180606   386242880000      

[H[JPolling energy-fair scheduler maps every 100 millisecond(s)...
Real time since poller start: 20.141214 s
Filter: comm "stress_core"
Maps shown: total power consumption 

=== System totals (total) ===
  cpu_time:  254075686557 ns
  energy:    12056057590000 (units of your kfunc)
  uncore_energy:    966400227937610000 (units of your kfunc)

=== PID → power (EMA) (pid_to_power) [comm="stress_core"] ===
PID      power             
180606   47                

=== PID → cumulative energy (pid_to_consumption) [comm="stress_core"] ===
PID      energy            
180606   386242880000      

[H[JPolling energy-fair scheduler maps every 100 millisecond(s)...
Real time since poller start: 20.258344 s
Filter: comm "stress_core"
Maps shown: total power consumption 

=== System totals (total) ===
  cpu_time:  254094711965 ns
  energy:    12056888890000 (units of your kfunc)
  uncore_energy:    966400471470940000 (units of your kfunc)

=== PID → power (EMA) (pid_to_power) [comm="stress_core"] ===
PID      power             
180606   47                

=== PID → cumulative energy (pid_to_consumption) [comm="stress_core"] ===
PID      energy            
180606   386242880000      

[H[JPolling energy-fair scheduler maps every 100 millisecond(s)...
Real time since poller start: 20.375492 s
Filter: comm "stress_core"
Maps shown: total power consumption 

=== System totals (total) ===
  cpu_time:  254127000249 ns
  energy:    12058324890000 (units of your kfunc)
  uncore_energy:    966400607282560000 (units of your kfunc)

=== PID → power (EMA) (pid_to_power) [comm="stress_core"] ===
PID      power             
180606   47                

=== PID → cumulative energy (pid_to_consumption) [comm="stress_core"] ===
PID      energy            
180606   386242880000      

[H[JPolling energy-fair scheduler maps every 100 millisecond(s)...
Real time since poller start: 20.492557 s
Filter: comm "stress_core"
Maps shown: total power consumption 

=== System totals (total) ===
  cpu_time:  254147649095 ns
  energy:    12059190370000 (units of your kfunc)
  uncore_energy:    966400747510980000 (units of your kfunc)

=== PID → power (EMA) (pid_to_power) [comm="stress_core"] ===
PID      power             
180606   47                

=== PID → cumulative energy (pid_to_consumption) [comm="stress_core"] ===
PID      energy            
180606   386242880000      

[H[JPolling energy-fair scheduler maps every 100 millisecond(s)...
Real time since poller start: 20.609659 s
Filter: comm "stress_core"
Maps shown: total power consumption 

=== System totals (total) ===
  cpu_time:  254165601866 ns
  energy:    12059977420000 (units of your kfunc)
  uncore_energy:    966400888332210000 (units of your kfunc)

=== PID → power (EMA) (pid_to_power) [comm="stress_core"] ===
PID      power             
180606   47                

=== PID → cumulative energy (pid_to_consumption) [comm="stress_core"] ===
PID      energy            
180606   386242880000      

[H[JPolling energy-fair scheduler maps every 100 millisecond(s)...
Real time since poller start: 20.726721 s
Filter: comm "stress_core"
Maps shown: total power consumption 

=== System totals (total) ===
  cpu_time:  254184573243 ns
  energy:    12060800790000 (units of your kfunc)
  uncore_energy:    966401041156600000 (units of your kfunc)

=== PID → power (EMA) (pid_to_power) [comm="stress_core"] ===
PID      power             
180606   47                

=== PID → cumulative energy (pid_to_consumption) [comm="stress_core"] ===
PID      energy            
180606   386242880000      

[H[JPolling energy-fair scheduler maps every 100 millisecond(s)...
Real time since poller start: 20.843766 s
Filter: comm "stress_core"
Maps shown: total power consumption 

=== System totals (total) ===
  cpu_time:  254202489643 ns
  energy:    12061576700000 (units of your kfunc)
  uncore_energy:    966401189610430000 (units of your kfunc)

=== PID → power (EMA) (pid_to_power) [comm="stress_core"] ===
PID      power             
180606   47                

=== PID → cumulative energy (pid_to_consumption) [comm="stress_core"] ===
PID      energy            
180606   386242880000      

[H[JPolling energy-fair scheduler maps every 100 millisecond(s)...
Real time since poller start: 20.960830 s
Filter: comm "stress_core"
Maps shown: total power consumption 

=== System totals (total) ===
  cpu_time:  254224670327 ns
  energy:    12062474980000 (units of your kfunc)
  uncore_energy:    966401339898980000 (units of your kfunc)

=== PID → power (EMA) (pid_to_power) [comm="stress_core"] ===
PID      power             
180606   47                

=== PID → cumulative energy (pid_to_consumption) [comm="stress_core"] ===
PID      energy            
180606   386242880000      

[H[JPolling energy-fair scheduler maps every 100 millisecond(s)...
Real time since poller start: 21.077883 s
Filter: comm "stress_core"
Maps shown: total power consumption 

=== System totals (total) ===
  cpu_time:  254252311552 ns
  energy:    12063622140000 (units of your kfunc)
  uncore_energy:    966401486963790000 (units of your kfunc)

=== PID → power (EMA) (pid_to_power) [comm="stress_core"] ===
PID      power             
180606   47                

=== PID → cumulative energy (pid_to_consumption) [comm="stress_core"] ===
PID      energy            
180606   386242880000      

[H[JPolling energy-fair scheduler maps every 100 millisecond(s)...
Real time since poller start: 21.194958 s
Filter: comm "stress_core"
Maps shown: total power consumption 

=== System totals (total) ===
  cpu_time:  254275129361 ns
  energy:    12064553550000 (units of your kfunc)
  uncore_energy:    966401643660560000 (units of your kfunc)

=== PID → power (EMA) (pid_to_power) [comm="stress_core"] ===
PID      power             
180606   47                

=== PID → cumulative energy (pid_to_consumption) [comm="stress_core"] ===
PID      energy            
180606   386242880000      

[H[JPolling energy-fair scheduler maps every 100 millisecond(s)...
Real time since poller start: 21.312020 s
Filter: comm "stress_core"
Maps shown: total power consumption 

=== System totals (total) ===
  cpu_time:  254294151857 ns
  energy:    12065353570000 (units of your kfunc)
  uncore_energy:    966401795980650000 (units of your kfunc)

=== PID → power (EMA) (pid_to_power) [comm="stress_core"] ===
PID      power             
180606   47                

=== PID → cumulative energy (pid_to_consumption) [comm="stress_core"] ===
PID      energy            
180606   386242880000      

[H[JPolling energy-fair scheduler maps every 100 millisecond(s)...
Real time since poller start: 21.429130 s
Filter: comm "stress_core"
Maps shown: total power consumption 

=== System totals (total) ===
  cpu_time:  254325799317 ns
  energy:    12066809720000 (units of your kfunc)
  uncore_energy:    966401936579860000 (units of your kfunc)

=== PID → power (EMA) (pid_to_power) [comm="stress_core"] ===
PID      power             
180606   47                

=== PID → cumulative energy (pid_to_consumption) [comm="stress_core"] ===
PID      energy            
180606   386242880000      

[H[JPolling energy-fair scheduler maps every 100 millisecond(s)...
Real time since poller start: 21.546227 s
Filter: comm "stress_core"
Maps shown: total power consumption 

=== System totals (total) ===
  cpu_time:  254344756005 ns
  energy:    12067654750000 (units of your kfunc)
  uncore_energy:    966402087869990000 (units of your kfunc)

=== PID → power (EMA) (pid_to_power) [comm="stress_core"] ===
PID      power             
180606   47                

=== PID → cumulative energy (pid_to_consumption) [comm="stress_core"] ===
PID      energy            
180606   386242880000      

[H[JPolling energy-fair scheduler maps every 100 millisecond(s)...
Real time since poller start: 21.663281 s
Filter: comm "stress_core"
Maps shown: total power consumption 

=== System totals (total) ===
  cpu_time:  254362495095 ns
  energy:    12068453860000 (units of your kfunc)
  uncore_energy:    966402198258930000 (units of your kfunc)

=== PID → power (EMA) (pid_to_power) [comm="stress_core"] ===
PID      power             
180606   47                

=== PID → cumulative energy (pid_to_consumption) [comm="stress_core"] ===
PID      energy            
180606   386242880000      

[H[JPolling energy-fair scheduler maps every 100 millisecond(s)...
Real time since poller start: 21.780385 s
Filter: comm "stress_core"
Maps shown: total power consumption 

=== System totals (total) ===
  cpu_time:  254380136744 ns
  energy:    12069239680000 (units of your kfunc)
  uncore_energy:    966402346725740000 (units of your kfunc)

=== PID → power (EMA) (pid_to_power) [comm="stress_core"] ===
PID      power             
180606   47                

=== PID → cumulative energy (pid_to_consumption) [comm="stress_core"] ===
PID      energy            
180606   386242880000      

[H[JPolling energy-fair scheduler maps every 100 millisecond(s)...
Real time since poller start: 21.897518 s
Filter: comm "stress_core"
Maps shown: total power consumption 

=== System totals (total) ===
  cpu_time:  254398760098 ns
  energy:    12070042440000 (units of your kfunc)
  uncore_energy:    966402538206910000 (units of your kfunc)

=== PID → power (EMA) (pid_to_power) [comm="stress_core"] ===
PID      power             
180606   47                

=== PID → cumulative energy (pid_to_consumption) [comm="stress_core"] ===
PID      energy            
180606   386242880000      

[H[JPolling energy-fair scheduler maps every 100 millisecond(s)...
Real time since poller start: 22.014610 s
Filter: comm "stress_core"
Maps shown: total power consumption 

=== System totals (total) ===
  cpu_time:  254416496509 ns
  energy:    12070818960000 (units of your kfunc)
  uncore_energy:    966402688785680000 (units of your kfunc)

=== PID → power (EMA) (pid_to_power) [comm="stress_core"] ===
PID      power             
180606   47                

=== PID → cumulative energy (pid_to_consumption) [comm="stress_core"] ===
PID      energy            
180606   386242880000      

[H[JPolling energy-fair scheduler maps every 100 millisecond(s)...
Real time since poller start: 22.131693 s
Filter: comm "stress_core"
Maps shown: total power consumption 

=== System totals (total) ===
  cpu_time:  254434636742 ns
  energy:    12071625230000 (units of your kfunc)
  uncore_energy:    966402866714150000 (units of your kfunc)

=== PID → power (EMA) (pid_to_power) [comm="stress_core"] ===
PID      power             
180606   47                

=== PID → cumulative energy (pid_to_consumption) [comm="stress_core"] ===
PID      energy            
180606   386242880000      

[H[JPolling energy-fair scheduler maps every 100 millisecond(s)...
Real time since poller start: 22.248724 s
Filter: comm "stress_core"
Maps shown: total power consumption 

=== System totals (total) ===
  cpu_time:  254458230905 ns
  energy:    12072660230000 (units of your kfunc)
  uncore_energy:    966403020049120000 (units of your kfunc)

=== PID → power (EMA) (pid_to_power) [comm="stress_core"] ===
PID      power             
180606   47                

=== PID → cumulative energy (pid_to_consumption) [comm="stress_core"] ===
PID      energy            
180606   386242880000      

[H[JPolling energy-fair scheduler maps every 100 millisecond(s)...
Real time since poller start: 22.365764 s
Filter: comm "stress_core"
Maps shown: total power consumption 

=== System totals (total) ===
  cpu_time:  254476927357 ns
  energy:    12073617120000 (units of your kfunc)
  uncore_energy:    966403167569700000 (units of your kfunc)

=== PID → power (EMA) (pid_to_power) [comm="stress_core"] ===
PID      power             
180606   47                

=== PID → cumulative energy (pid_to_consumption) [comm="stress_core"] ===
PID      energy            
180606   386242880000      

[H[JPolling energy-fair scheduler maps every 100 millisecond(s)...
Real time since poller start: 22.482833 s
Filter: comm "stress_core"
Maps shown: total power consumption 

=== System totals (total) ===
  cpu_time:  254497293560 ns
  energy:    12074860080000 (units of your kfunc)
  uncore_energy:    966403320081170000 (units of your kfunc)

=== PID → power (EMA) (pid_to_power) [comm="stress_core"] ===
PID      power             
180606   47                

=== PID → cumulative energy (pid_to_consumption) [comm="stress_core"] ===
PID      energy            
180606   386242880000      

[H[JPolling energy-fair scheduler maps every 100 millisecond(s)...
Real time since poller start: 22.599876 s
Filter: comm "stress_core"
Maps shown: total power consumption 

=== System totals (total) ===
  cpu_time:  254518151721 ns
  energy:    12076415400000 (units of your kfunc)
  uncore_energy:    966403469333950000 (units of your kfunc)

=== PID → power (EMA) (pid_to_power) [comm="stress_core"] ===
PID      power             
180606   47                

=== PID → cumulative energy (pid_to_consumption) [comm="stress_core"] ===
PID      energy            
180606   386242880000      

[H[JPolling energy-fair scheduler maps every 100 millisecond(s)...
Real time since poller start: 22.716975 s
Filter: comm "stress_core"
Maps shown: total power consumption 

=== System totals (total) ===
  cpu_time:  254541628364 ns
  energy:    12078380740000 (units of your kfunc)
  uncore_energy:    966403618207080000 (units of your kfunc)

=== PID → power (EMA) (pid_to_power) [comm="stress_core"] ===
PID      power             
180606   47                

=== PID → cumulative energy (pid_to_consumption) [comm="stress_core"] ===
PID      energy            
180606   386242880000      

[H[JPolling energy-fair scheduler maps every 100 millisecond(s)...
Real time since poller start: 22.834013 s
Filter: comm "stress_core"
Maps shown: total power consumption 

=== System totals (total) ===
  cpu_time:  254580559604 ns
  energy:    12081212160000 (units of your kfunc)
  uncore_energy:    966403766133720000 (units of your kfunc)

=== PID → power (EMA) (pid_to_power) [comm="stress_core"] ===
PID      power             
180606   47                

=== PID → cumulative energy (pid_to_consumption) [comm="stress_core"] ===
PID      energy            
180606   386242880000      

[H[JPolling energy-fair scheduler maps every 100 millisecond(s)...
Real time since poller start: 22.951101 s
Filter: comm "stress_core"
Maps shown: total power consumption 

=== System totals (total) ===
  cpu_time:  254608993077 ns
  energy:    12083679340000 (units of your kfunc)
  uncore_energy:    966403914443060000 (units of your kfunc)

=== PID → power (EMA) (pid_to_power) [comm="stress_core"] ===
PID      power             
180606   47                

=== PID → cumulative energy (pid_to_consumption) [comm="stress_core"] ===
PID      energy            
180606   386242880000      

[H[JPolling energy-fair scheduler maps every 100 millisecond(s)...
Real time since poller start: 23.068170 s
Filter: comm "stress_core"
Maps shown: total power consumption 

=== System totals (total) ===
  cpu_time:  254646561636 ns
  energy:    12086929000000 (units of your kfunc)
  uncore_energy:    966404062218940000 (units of your kfunc)

=== PID → power (EMA) (pid_to_power) [comm="stress_core"] ===
PID      power             
180606   47                

=== PID → cumulative energy (pid_to_consumption) [comm="stress_core"] ===
PID      energy            
180606   386242880000      

[H[JPolling energy-fair scheduler maps every 100 millisecond(s)...
Real time since poller start: 23.185219 s
Filter: comm "stress_core"
Maps shown: total power consumption 

=== System totals (total) ===
  cpu_time:  254684712285 ns
  energy:    12090137470000 (units of your kfunc)
  uncore_energy:    966404210766460000 (units of your kfunc)

=== PID → power (EMA) (pid_to_power) [comm="stress_core"] ===
PID      power             
180606   47                

=== PID → cumulative energy (pid_to_consumption) [comm="stress_core"] ===
PID      energy            
180606   386242880000      

[H[JPolling energy-fair scheduler maps every 100 millisecond(s)...
Real time since poller start: 23.302329 s
Filter: comm "stress_core"
Maps shown: total power consumption 

=== System totals (total) ===
  cpu_time:  254728889475 ns
  energy:    12093745730000 (units of your kfunc)
  uncore_energy:    966404358137500000 (units of your kfunc)

=== PID → power (EMA) (pid_to_power) [comm="stress_core"] ===
PID      power             
180606   47                

=== PID → cumulative energy (pid_to_consumption) [comm="stress_core"] ===
PID      energy            
180606   386242880000      

[H[JPolling energy-fair scheduler maps every 100 millisecond(s)...
Real time since poller start: 23.419415 s
Filter: comm "stress_core"
Maps shown: total power consumption 

=== System totals (total) ===
  cpu_time:  254771720336 ns
  energy:    12097169960000 (units of your kfunc)
  uncore_energy:    966404505277850000 (units of your kfunc)

=== PID → power (EMA) (pid_to_power) [comm="stress_core"] ===
PID      power             
180606   47                

=== PID → cumulative energy (pid_to_consumption) [comm="stress_core"] ===
PID      energy            
180606   386242880000      

[H[JPolling energy-fair scheduler maps every 100 millisecond(s)...
Real time since poller start: 23.536516 s
Filter: comm "stress_core"
Maps shown: total power consumption 

=== System totals (total) ===
  cpu_time:  254812238106 ns
  energy:    12100619220000 (units of your kfunc)
  uncore_energy:    966404652350900000 (units of your kfunc)

=== PID → power (EMA) (pid_to_power) [comm="stress_core"] ===
PID      power             
180606   47                

=== PID → cumulative energy (pid_to_consumption) [comm="stress_core"] ===
PID      energy            
180606   386242880000      

[H[JPolling energy-fair scheduler maps every 100 millisecond(s)...
Real time since poller start: 23.653625 s
Filter: comm "stress_core"
Maps shown: total power consumption 

=== System totals (total) ===
  cpu_time:  254852061137 ns
  energy:    12104038420000 (units of your kfunc)
  uncore_energy:    966404800119750000 (units of your kfunc)

=== PID → power (EMA) (pid_to_power) [comm="stress_core"] ===
PID      power             
180606   47                

=== PID → cumulative energy (pid_to_consumption) [comm="stress_core"] ===
PID      energy            
180606   386242880000      

[H[JPolling energy-fair scheduler maps every 100 millisecond(s)...
Real time since poller start: 23.770731 s
Filter: comm "stress_core"
Maps shown: total power consumption 

=== System totals (total) ===
  cpu_time:  254895730227 ns
  energy:    12107673960000 (units of your kfunc)
  uncore_energy:    966404947483810000 (units of your kfunc)

=== PID → power (EMA) (pid_to_power) [comm="stress_core"] ===
PID      power             
180606   47                

=== PID → cumulative energy (pid_to_consumption) [comm="stress_core"] ===
PID      energy            
180606   386242880000      

[H[JPolling energy-fair scheduler maps every 100 millisecond(s)...
Real time since poller start: 23.887889 s
Filter: comm "stress_core"
Maps shown: total power consumption 

=== System totals (total) ===
  cpu_time:  254935415851 ns
  energy:    12111133590000 (units of your kfunc)
  uncore_energy:    966405094751260000 (units of your kfunc)

=== PID → power (EMA) (pid_to_power) [comm="stress_core"] ===
PID      power             
180606   47                

=== PID → cumulative energy (pid_to_consumption) [comm="stress_core"] ===
PID      energy            
180606   386242880000      

[H[JPolling energy-fair scheduler maps every 100 millisecond(s)...
Real time since poller start: 24.004989 s
Filter: comm "stress_core"
Maps shown: total power consumption 

=== System totals (total) ===
  cpu_time:  254977681741 ns
  energy:    12114809600000 (units of your kfunc)
  uncore_energy:    966405241397520000 (units of your kfunc)

=== PID → power (EMA) (pid_to_power) [comm="stress_core"] ===
PID      power             
180606   47                

=== PID → cumulative energy (pid_to_consumption) [comm="stress_core"] ===
PID      energy            
180606   386242880000      

[H[JPolling energy-fair scheduler maps every 100 millisecond(s)...
Real time since poller start: 24.122139 s
Filter: comm "stress_core"
Maps shown: total power consumption 

=== System totals (total) ===
  cpu_time:  255017934379 ns
  energy:    12118511370000 (units of your kfunc)
  uncore_energy:    966405388310830000 (units of your kfunc)

=== PID → power (EMA) (pid_to_power) [comm="stress_core"] ===
PID      power             
180606   47                

=== PID → cumulative energy (pid_to_consumption) [comm="stress_core"] ===
PID      energy            
180606   386242880000      

[H[JPolling energy-fair scheduler maps every 100 millisecond(s)...
Real time since poller start: 24.239296 s
Filter: comm "stress_core"
Maps shown: total power consumption 

=== System totals (total) ===
  cpu_time:  255093508173 ns
  energy:    12123815650000 (units of your kfunc)
  uncore_energy:    966405539520070000 (units of your kfunc)

=== PID → power (EMA) (pid_to_power) [comm="stress_core"] ===
PID      power             
180606   4                 

=== PID → cumulative energy (pid_to_consumption) [comm="stress_core"] ===
PID      energy            
180606   387487100000      

[H[JPolling energy-fair scheduler maps every 100 millisecond(s)...
Real time since poller start: 24.356451 s
Filter: comm "stress_core"
Maps shown: total power consumption 

=== System totals (total) ===
  cpu_time:  255162253063 ns
  energy:    12128602710000 (units of your kfunc)
  uncore_energy:    966405692290990000 (units of your kfunc)

=== PID → power (EMA) (pid_to_power) [comm="stress_core"] ===
PID      power             
180606   5                 

=== PID → cumulative energy (pid_to_consumption) [comm="stress_core"] ===
PID      energy            
180606   387566300000      

[H[JPolling energy-fair scheduler maps every 100 millisecond(s)...
Real time since poller start: 24.473663 s
Filter: comm "stress_core"
Maps shown: total power consumption 

=== System totals (total) ===
  cpu_time:  255220792420 ns
  energy:    12133009340000 (units of your kfunc)
  uncore_energy:    966405844671170000 (units of your kfunc)

=== PID → power (EMA) (pid_to_power) [comm="stress_core"] ===
PID      power             
180606   6                 

=== PID → cumulative energy (pid_to_consumption) [comm="stress_core"] ===
PID      energy            
180606   387652040000      

[H[JPolling energy-fair scheduler maps every 100 millisecond(s)...
Real time since poller start: 24.590838 s
Filter: comm "stress_core"
Maps shown: total power consumption 

=== System totals (total) ===
  cpu_time:  255283935788 ns
  energy:    12137686830000 (units of your kfunc)
  uncore_energy:    966405996076750000 (units of your kfunc)

=== PID → power (EMA) (pid_to_power) [comm="stress_core"] ===
PID      power             
180606   5                 

=== PID → cumulative energy (pid_to_consumption) [comm="stress_core"] ===
PID      energy            
180606   387805990000      

[H[JPolling energy-fair scheduler maps every 100 millisecond(s)...
Real time since poller start: 24.708012 s
Filter: comm "stress_core"
Maps shown: total power consumption 

=== System totals (total) ===
  cpu_time:  255346839148 ns
  energy:    12142503580000 (units of your kfunc)
  uncore_energy:    966406147786480000 (units of your kfunc)

=== PID → power (EMA) (pid_to_power) [comm="stress_core"] ===
PID      power             
180606   10                

=== PID → cumulative energy (pid_to_consumption) [comm="stress_core"] ===
PID      energy            
180606   387988950000      

[H[JPolling energy-fair scheduler maps every 100 millisecond(s)...
Real time since poller start: 24.825250 s
Filter: comm "stress_core"
Maps shown: total power consumption 

=== System totals (total) ===
  cpu_time:  255430440093 ns
  energy:    12147257280000 (units of your kfunc)
  uncore_energy:    966406302069500000 (units of your kfunc)

=== PID → power (EMA) (pid_to_power) [comm="stress_core"] ===
PID      power             
180606   7                 

=== PID → cumulative energy (pid_to_consumption) [comm="stress_core"] ===
PID      energy            
180606   388433610000      

[H[JPolling energy-fair scheduler maps every 100 millisecond(s)...
Real time since poller start: 24.946049 s
Filter: comm "stress_core"
Maps shown: total power consumption 

=== System totals (total) ===
  cpu_time:  255579816898 ns
  energy:    12155449670000 (units of your kfunc)
  uncore_energy:    966406465578920000 (units of your kfunc)

=== PID → power (EMA) (pid_to_power) [comm="stress_core"] ===
PID      power             
180606   9                 

=== PID → cumulative energy (pid_to_consumption) [comm="stress_core"] ===
PID      energy            
180606   389043920000      

[H[JPolling energy-fair scheduler maps every 100 millisecond(s)...
Real time since poller start: 25.063389 s
Filter: comm "stress_core"
Maps shown: total power consumption 

=== System totals (total) ===
  cpu_time:  255662075344 ns
  energy:    12164212790000 (units of your kfunc)
  uncore_energy:    966406620193330000 (units of your kfunc)

=== PID → power (EMA) (pid_to_power) [comm="stress_core"] ===
PID      power             
180606   13                

=== PID → cumulative energy (pid_to_consumption) [comm="stress_core"] ===
PID      energy            
180606   389223370000      

[H[JPolling energy-fair scheduler maps every 100 millisecond(s)...
Real time since poller start: 25.180628 s
Filter: comm "stress_core"
Maps shown: total power consumption 

=== System totals (total) ===
  cpu_time:  255764340992 ns
  energy:    12172183040000 (units of your kfunc)
  uncore_energy:    966406777030360000 (units of your kfunc)

=== PID → power (EMA) (pid_to_power) [comm="stress_core"] ===
PID      power             
180606   6                 

=== PID → cumulative energy (pid_to_consumption) [comm="stress_core"] ===
PID      energy            
180606   389630000000      

[H[JPolling energy-fair scheduler maps every 100 millisecond(s)...
Real time since poller start: 25.297851 s
Filter: comm "stress_core"
Maps shown: total power consumption 

=== System totals (total) ===
  cpu_time:  255895807066 ns
  energy:    12177758430000 (units of your kfunc)
  uncore_energy:    966406928635000000 (units of your kfunc)

=== PID → power (EMA) (pid_to_power) [comm="stress_core"] ===
PID      power             
180606   6                 

=== PID → cumulative energy (pid_to_consumption) [comm="stress_core"] ===
PID      energy            
180606   390369710000      

[H[JPolling energy-fair scheduler maps every 100 millisecond(s)...
Real time since poller start: 25.415070 s
Filter: comm "stress_core"
Maps shown: total power consumption 

=== System totals (total) ===
  cpu_time:  256025493027 ns
  energy:    12182763600000 (units of your kfunc)
  uncore_energy:    966407079567020000 (units of your kfunc)

=== PID → power (EMA) (pid_to_power) [comm="stress_core"] ===
PID      power             
180606   8                 

=== PID → cumulative energy (pid_to_consumption) [comm="stress_core"] ===
PID      energy            
180606   391262810000      

[H[JPolling energy-fair scheduler maps every 100 millisecond(s)...
Real time since poller start: 25.532291 s
Filter: comm "stress_core"
Maps shown: total power consumption 

=== System totals (total) ===
  cpu_time:  256174356273 ns
  energy:    12188035170000 (units of your kfunc)
  uncore_energy:    966407232314100000 (units of your kfunc)

=== PID → power (EMA) (pid_to_power) [comm="stress_core"] ===
PID      power             
180606   9                 

=== PID → cumulative energy (pid_to_consumption) [comm="stress_core"] ===
PID      energy            
180606   392199990000      

[H[JPolling energy-fair scheduler maps every 100 millisecond(s)...
Real time since poller start: 25.649551 s
Filter: comm "stress_core"
Maps shown: total power consumption 

=== System totals (total) ===
  cpu_time:  256318517063 ns
  energy:    12193379060000 (units of your kfunc)
  uncore_energy:    966407383517140000 (units of your kfunc)

=== PID → power (EMA) (pid_to_power) [comm="stress_core"] ===
PID      power             
180606   8                 

=== PID → cumulative energy (pid_to_consumption) [comm="stress_core"] ===
PID      energy            
180606   393111850000      

[H[JPolling energy-fair scheduler maps every 100 millisecond(s)...
Real time since poller start: 25.766738 s
Filter: comm "stress_core"
Maps shown: total power consumption 

=== System totals (total) ===
  cpu_time:  256466765608 ns
  energy:    12198786160000 (units of your kfunc)
  uncore_energy:    966407533993220000 (units of your kfunc)

=== PID → power (EMA) (pid_to_power) [comm="stress_core"] ===
PID      power             
180606   6                 

=== PID → cumulative energy (pid_to_consumption) [comm="stress_core"] ===
PID      energy            
180606   394231810000      

[H[JPolling energy-fair scheduler maps every 100 millisecond(s)...
Real time since poller start: 25.883958 s
Filter: comm "stress_core"
Maps shown: total power consumption 

=== System totals (total) ===
  cpu_time:  256618100099 ns
  energy:    12204287330000 (units of your kfunc)
  uncore_energy:    966407685032580000 (units of your kfunc)

=== PID → power (EMA) (pid_to_power) [comm="stress_core"] ===
PID      power             
180606   9                 

=== PID → cumulative energy (pid_to_consumption) [comm="stress_core"] ===
PID      energy            
180606   395336480000      

[H[JPolling energy-fair scheduler maps every 100 millisecond(s)...
Real time since poller start: 26.001141 s
Filter: comm "stress_core"
Maps shown: total power consumption 

=== System totals (total) ===
  cpu_time:  256772315206 ns
  energy:    12209445060000 (units of your kfunc)
  uncore_energy:    966407836012390000 (units of your kfunc)

=== PID → power (EMA) (pid_to_power) [comm="stress_core"] ===
PID      power             
180606   9                 

=== PID → cumulative energy (pid_to_consumption) [comm="stress_core"] ===
PID      energy            
180606   396344760000      

[H[JPolling energy-fair scheduler maps every 100 millisecond(s)...
Real time since poller start: 26.118356 s
Filter: comm "stress_core"
Maps shown: total power consumption 

=== System totals (total) ===
  cpu_time:  256922102221 ns
  energy:    12214716930000 (units of your kfunc)
  uncore_energy:    966407987331250000 (units of your kfunc)

=== PID → power (EMA) (pid_to_power) [comm="stress_core"] ===
PID      power             
180606   9                 

=== PID → cumulative energy (pid_to_consumption) [comm="stress_core"] ===
PID      energy            
180606   397357580000      

[H[JPolling energy-fair scheduler maps every 100 millisecond(s)...
Real time since poller start: 26.235588 s
Filter: comm "stress_core"
Maps shown: total power consumption 

=== System totals (total) ===
  cpu_time:  257089559011 ns
  energy:    12220494470000 (units of your kfunc)
  uncore_energy:    966408137917090000 (units of your kfunc)

=== PID → power (EMA) (pid_to_power) [comm="stress_core"] ===
PID      power             
180606   5                 

=== PID → cumulative energy (pid_to_consumption) [comm="stress_core"] ===
PID      energy            
180606   398435430000      

[H[JPolling energy-fair scheduler maps every 100 millisecond(s)...
Real time since poller start: 26.352763 s
Filter: comm "stress_core"
Maps shown: total power consumption 

=== System totals (total) ===
  cpu_time:  257247513739 ns
  energy:    12225858640000 (units of your kfunc)
  uncore_energy:    966408289075740000 (units of your kfunc)

=== PID → power (EMA) (pid_to_power) [comm="stress_core"] ===
PID      power             
180606   9                 

=== PID → cumulative energy (pid_to_consumption) [comm="stress_core"] ===
PID      energy            
180606   399516620000      

[H[JPolling energy-fair scheduler maps every 100 millisecond(s)...
Real time since poller start: 26.469940 s
Filter: comm "stress_core"
Maps shown: total power consumption 

=== System totals (total) ===
  cpu_time:  257436827163 ns
  energy:    12232076840000 (units of your kfunc)
  uncore_energy:    966408440337100000 (units of your kfunc)

=== PID → power (EMA) (pid_to_power) [comm="stress_core"] ===
PID      power             
180606   8                 

=== PID → cumulative energy (pid_to_consumption) [comm="stress_core"] ===
PID      energy            
180606   400664640000      

[H[JPolling energy-fair scheduler maps every 100 millisecond(s)...
Real time since poller start: 26.587224 s
Filter: comm "stress_core"
Maps shown: total power consumption 

=== System totals (total) ===
  cpu_time:  257591878401 ns
  energy:    12236970310000 (units of your kfunc)
  uncore_energy:    966408593115900000 (units of your kfunc)

=== PID → power (EMA) (pid_to_power) [comm="stress_core"] ===
PID      power             
180606   7                 

=== PID → cumulative energy (pid_to_consumption) [comm="stress_core"] ===
PID      energy            
180606   401766460000      

[H[JPolling energy-fair scheduler maps every 100 millisecond(s)...
Real time since poller start: 26.704426 s
Filter: comm "stress_core"
Maps shown: total power consumption 

=== System totals (total) ===
  cpu_time:  257751038630 ns
  energy:    12242123540000 (units of your kfunc)
  uncore_energy:    966408744980340000 (units of your kfunc)

=== PID → power (EMA) (pid_to_power) [comm="stress_core"] ===
PID      power             
180606   8                 

=== PID → cumulative energy (pid_to_consumption) [comm="stress_core"] ===
PID      energy            
180606   402987260000      

[H[JPolling energy-fair scheduler maps every 100 millisecond(s)...
Real time since poller start: 26.821726 s
Filter: comm "stress_core"
Maps shown: total power consumption 

=== System totals (total) ===
  cpu_time:  257906014205 ns
  energy:    12247073580000 (units of your kfunc)
  uncore_energy:    966408896434560000 (units of your kfunc)

=== PID → power (EMA) (pid_to_power) [comm="stress_core"] ===
PID      power             
180606   7                 

=== PID → cumulative energy (pid_to_consumption) [comm="stress_core"] ===
PID      energy            
180606   404234030000      

[H[JPolling energy-fair scheduler maps every 100 millisecond(s)...
Real time since poller start: 26.938907 s
Filter: comm "stress_core"
Maps shown: total power consumption 

=== System totals (total) ===
  cpu_time:  258059831322 ns
  energy:    12251655410000 (units of your kfunc)
  uncore_energy:    966409047857220000 (units of your kfunc)

=== PID → power (EMA) (pid_to_power) [comm="stress_core"] ===
PID      power             
180606   8                 

=== PID → cumulative energy (pid_to_consumption) [comm="stress_core"] ===
PID      energy            
180606   405390910000      

[H[JPolling energy-fair scheduler maps every 100 millisecond(s)...
Real time since poller start: 27.056158 s
Filter: comm "stress_core"
Maps shown: total power consumption 

=== System totals (total) ===
  cpu_time:  258215092148 ns
  energy:    12256241270000 (units of your kfunc)
  uncore_energy:    966409199442170000 (units of your kfunc)

=== PID → power (EMA) (pid_to_power) [comm="stress_core"] ===
PID      power             
180606   8                 

=== PID → cumulative energy (pid_to_consumption) [comm="stress_core"] ===
PID      energy            
180606   406461770000      

[H[JPolling energy-fair scheduler maps every 100 millisecond(s)...
Real time since poller start: 27.173393 s
Filter: comm "stress_core"
Maps shown: total power consumption 

=== System totals (total) ===
  cpu_time:  258371313262 ns
  energy:    12260883310000 (units of your kfunc)
  uncore_energy:    966409352063770000 (units of your kfunc)

=== PID → power (EMA) (pid_to_power) [comm="stress_core"] ===
PID      power             
180606   8                 

=== PID → cumulative energy (pid_to_consumption) [comm="stress_core"] ===
PID      energy            
180606   407593820000      

[H[JPolling energy-fair scheduler maps every 100 millisecond(s)...
Real time since poller start: 27.290585 s
Filter: comm "stress_core"
Maps shown: total power consumption 

=== System totals (total) ===
  cpu_time:  258525017793 ns
  energy:    12265119690000 (units of your kfunc)
  uncore_energy:    966409503176660000 (units of your kfunc)

=== PID → power (EMA) (pid_to_power) [comm="stress_core"] ===
PID      power             
180606   6                 

=== PID → cumulative energy (pid_to_consumption) [comm="stress_core"] ===
PID      energy            
180606   408674660000      

[H[JPolling energy-fair scheduler maps every 100 millisecond(s)...
Real time since poller start: 27.407803 s
Filter: comm "stress_core"
Maps shown: total power consumption 

=== System totals (total) ===
  cpu_time:  258691966564 ns
  energy:    12269843530000 (units of your kfunc)
  uncore_energy:    966409655563720000 (units of your kfunc)

=== PID → power (EMA) (pid_to_power) [comm="stress_core"] ===
PID      power             
180606   8                 

=== PID → cumulative energy (pid_to_consumption) [comm="stress_core"] ===
PID      energy            
180606   409775940000      

[H[JPolling energy-fair scheduler maps every 100 millisecond(s)...
Real time since poller start: 27.525012 s
Filter: comm "stress_core"
Maps shown: total power consumption 

=== System totals (total) ===
  cpu_time:  258852452439 ns
  energy:    12274405440000 (units of your kfunc)
  uncore_energy:    966409807190620000 (units of your kfunc)

=== PID → power (EMA) (pid_to_power) [comm="stress_core"] ===
PID      power             
180606   9                 

=== PID → cumulative energy (pid_to_consumption) [comm="stress_core"] ===
PID      energy            
180606   410886910000      

[H[JPolling energy-fair scheduler maps every 100 millisecond(s)...
Real time since poller start: 27.642258 s
Filter: comm "stress_core"
Maps shown: total power consumption 

=== System totals (total) ===
  cpu_time:  259007714010 ns
  energy:    12278826020000 (units of your kfunc)
  uncore_energy:    966409959517790000 (units of your kfunc)

=== PID → power (EMA) (pid_to_power) [comm="stress_core"] ===
PID      power             
180606   8                 

=== PID → cumulative energy (pid_to_consumption) [comm="stress_core"] ===
PID      energy            
180606   412053430000      

[H[JPolling energy-fair scheduler maps every 100 millisecond(s)...
Real time since poller start: 27.759483 s
Filter: comm "stress_core"
Maps shown: total power consumption 

=== System totals (total) ===
  cpu_time:  259169979162 ns
  energy:    12283536240000 (units of your kfunc)
  uncore_energy:    966410113415200000 (units of your kfunc)

=== PID → power (EMA) (pid_to_power) [comm="stress_core"] ===
PID      power             
180606   8                 

=== PID → cumulative energy (pid_to_consumption) [comm="stress_core"] ===
PID      energy            
180606   413306480000      

[H[JPolling energy-fair scheduler maps every 100 millisecond(s)...
Real time since poller start: 27.876575 s
Filter: comm "stress_core"
Maps shown: total power consumption 

=== System totals (total) ===
  cpu_time:  259322135699 ns
  energy:    12287631280000 (units of your kfunc)
  uncore_energy:    966410264966220000 (units of your kfunc)

=== PID → power (EMA) (pid_to_power) [comm="stress_core"] ===
PID      power             
180606   9                 

=== PID → cumulative energy (pid_to_consumption) [comm="stress_core"] ===
PID      energy            
180606   414451840000      

[H[JPolling energy-fair scheduler maps every 100 millisecond(s)...
Real time since poller start: 27.993831 s
Filter: comm "stress_core"
Maps shown: total power consumption 

=== System totals (total) ===
  cpu_time:  259477837324 ns
  energy:    12291885160000 (units of your kfunc)
  uncore_energy:    966410417135070000 (units of your kfunc)

=== PID → power (EMA) (pid_to_power) [comm="stress_core"] ===
PID      power             
180606   8                 

=== PID → cumulative energy (pid_to_consumption) [comm="stress_core"] ===
PID      energy            
180606   415556700000      

[H[JPolling energy-fair scheduler maps every 100 millisecond(s)...
Real time since poller start: 28.111030 s
Filter: comm "stress_core"
Maps shown: total power consumption 

=== System totals (total) ===
  cpu_time:  259637165132 ns
  energy:    12296170140000 (units of your kfunc)
  uncore_energy:    966410569934130000 (units of your kfunc)

=== PID → power (EMA) (pid_to_power) [comm="stress_core"] ===
PID      power             
180606   8                 

=== PID → cumulative energy (pid_to_consumption) [comm="stress_core"] ===
PID      energy            
180606   416633660000      

[H[JPolling energy-fair scheduler maps every 100 millisecond(s)...
Real time since poller start: 28.228254 s
Filter: comm "stress_core"
Maps shown: total power consumption 

=== System totals (total) ===
  cpu_time:  259790949004 ns
  energy:    12300165080000 (units of your kfunc)
  uncore_energy:    966410722971360000 (units of your kfunc)

=== PID → power (EMA) (pid_to_power) [comm="stress_core"] ===
PID      power             
180606   9                 

=== PID → cumulative energy (pid_to_consumption) [comm="stress_core"] ===
PID      energy            
180606   417730180000      

[H[JPolling energy-fair scheduler maps every 100 millisecond(s)...
Real time since poller start: 28.345451 s
Filter: comm "stress_core"
Maps shown: total power consumption 

=== System totals (total) ===
  cpu_time:  259944355266 ns
  energy:    12304396870000 (units of your kfunc)
  uncore_energy:    966410876522310000 (units of your kfunc)

=== PID → power (EMA) (pid_to_power) [comm="stress_core"] ===
PID      power             
180606   7                 

=== PID → cumulative energy (pid_to_consumption) [comm="stress_core"] ===
PID      energy            
180606   418746810000      

[H[JPolling energy-fair scheduler maps every 100 millisecond(s)...
Real time since poller start: 28.462623 s
Filter: comm "stress_core"
Maps shown: total power consumption 

=== System totals (total) ===
  cpu_time:  260106347380 ns
  energy:    12308874860000 (units of your kfunc)
  uncore_energy:    966411029185740000 (units of your kfunc)

=== PID → power (EMA) (pid_to_power) [comm="stress_core"] ===
PID      power             
180606   9                 

=== PID → cumulative energy (pid_to_consumption) [comm="stress_core"] ===
PID      energy            
180606   419794580000      

[H[JPolling energy-fair scheduler maps every 100 millisecond(s)...
Real time since poller start: 28.579868 s
Filter: comm "stress_core"
Maps shown: total power consumption 

=== System totals (total) ===
  cpu_time:  260278885009 ns
  energy:    12313741960000 (units of your kfunc)
  uncore_energy:    966411181615700000 (units of your kfunc)

=== PID → power (EMA) (pid_to_power) [comm="stress_core"] ===
PID      power             
180606   9                 

=== PID → cumulative energy (pid_to_consumption) [comm="stress_core"] ===
PID      energy            
180606   420919940000      

[H[JPolling energy-fair scheduler maps every 100 millisecond(s)...
Real time since poller start: 28.697020 s
Filter: comm "stress_core"
Maps shown: total power consumption 

=== System totals (total) ===
  cpu_time:  260436612682 ns
  energy:    12317933530000 (units of your kfunc)
  uncore_energy:    966411334721650000 (units of your kfunc)

=== PID → power (EMA) (pid_to_power) [comm="stress_core"] ===
PID      power             
180606   9                 

=== PID → cumulative energy (pid_to_consumption) [comm="stress_core"] ===
PID      energy            
180606   422088870000      

[H[JPolling energy-fair scheduler maps every 100 millisecond(s)...
Real time since poller start: 28.814238 s
Filter: comm "stress_core"
Maps shown: total power consumption 

=== System totals (total) ===
  cpu_time:  260593858234 ns
  energy:    12322357810000 (units of your kfunc)
  uncore_energy:    966411487148110000 (units of your kfunc)

=== PID → power (EMA) (pid_to_power) [comm="stress_core"] ===
PID      power             
180606   8                 

=== PID → cumulative energy (pid_to_consumption) [comm="stress_core"] ===
PID      energy            
180606   423289300000      

[H[JPolling energy-fair scheduler maps every 100 millisecond(s)...
Real time since poller start: 28.931460 s
Filter: comm "stress_core"
Maps shown: total power consumption 

=== System totals (total) ===
  cpu_time:  260749725535 ns
  energy:    12326488390000 (units of your kfunc)
  uncore_energy:    966411640264080000 (units of your kfunc)

=== PID → power (EMA) (pid_to_power) [comm="stress_core"] ===
PID      power             
180606   5                 

=== PID → cumulative energy (pid_to_consumption) [comm="stress_core"] ===
PID      energy            
180606   424309350000      

[H[JPolling energy-fair scheduler maps every 100 millisecond(s)...
Real time since poller start: 29.048675 s
Filter: comm "stress_core"
Maps shown: total power consumption 

=== System totals (total) ===
  cpu_time:  260927831540 ns
  energy:    12331748420000 (units of your kfunc)
  uncore_energy:    966411793421410000 (units of your kfunc)

=== PID → power (EMA) (pid_to_power) [comm="stress_core"] ===
PID      power             
180606   10                

=== PID → cumulative energy (pid_to_consumption) [comm="stress_core"] ===
PID      energy            
180606   425411310000      

[H[JPolling energy-fair scheduler maps every 100 millisecond(s)...
Real time since poller start: 29.165942 s
Filter: comm "stress_core"
Maps shown: total power consumption 

=== System totals (total) ===
  cpu_time:  261075280379 ns
  energy:    12336002900000 (units of your kfunc)
  uncore_energy:    966411954913840000 (units of your kfunc)

=== PID → power (EMA) (pid_to_power) [comm="stress_core"] ===
PID      power             
180606   10                

=== PID → cumulative energy (pid_to_consumption) [comm="stress_core"] ===
PID      energy            
180606   426447090000      

[H[JPolling energy-fair scheduler maps every 100 millisecond(s)...
Real time since poller start: 29.283169 s
Filter: comm "stress_core"
Maps shown: total power consumption 

=== System totals (total) ===
  cpu_time:  261250097937 ns
  energy:    12341242610000 (units of your kfunc)
  uncore_energy:    966412106916560000 (units of your kfunc)

=== PID → power (EMA) (pid_to_power) [comm="stress_core"] ===
PID      power             
180606   10                

=== PID → cumulative energy (pid_to_consumption) [comm="stress_core"] ===
PID      energy            
180606   426447090000      

[H[JPolling energy-fair scheduler maps every 100 millisecond(s)...
Real time since poller start: 29.400349 s
Filter: comm "stress_core"
Maps shown: total power consumption 

=== System totals (total) ===
  cpu_time:  261396177393 ns
  energy:    12345836570000 (units of your kfunc)
  uncore_energy:    966412262522190000 (units of your kfunc)

=== PID → power (EMA) (pid_to_power) [comm="stress_core"] ===
PID      power             
180606   10                

=== PID → cumulative energy (pid_to_consumption) [comm="stress_core"] ===
PID      energy            
180606   426447090000      

[H[JPolling energy-fair scheduler maps every 100 millisecond(s)...
Real time since poller start: 29.517340 s
Filter: comm "stress_core"
Maps shown: total power consumption 

=== System totals (total) ===
  cpu_time:  261435293084 ns
  energy:    12348463230000 (units of your kfunc)
  uncore_energy:    966412412833760000 (units of your kfunc)

=== PID → power (EMA) (pid_to_power) [comm="stress_core"] ===
PID      power             
180606   10                

=== PID → cumulative energy (pid_to_consumption) [comm="stress_core"] ===
PID      energy            
180606   426447090000      

[H[JPolling energy-fair scheduler maps every 100 millisecond(s)...
Real time since poller start: 29.634514 s
Filter: comm "stress_core"
Maps shown: total power consumption 

=== System totals (total) ===
  cpu_time:  261473125456 ns
  energy:    12351080570000 (units of your kfunc)
  uncore_energy:    966412561100210000 (units of your kfunc)

=== PID → power (EMA) (pid_to_power) [comm="stress_core"] ===
PID      power             
180606   10                

=== PID → cumulative energy (pid_to_consumption) [comm="stress_core"] ===
PID      energy            
180606   426447090000      

[H[JPolling energy-fair scheduler maps every 100 millisecond(s)...
Real time since poller start: 29.751734 s
Filter: comm "stress_core"
Maps shown: total power consumption 

=== System totals (total) ===
  cpu_time:  261523087152 ns
  energy:    12354151720000 (units of your kfunc)
  uncore_energy:    966412709505650000 (units of your kfunc)

=== PID → power (EMA) (pid_to_power) [comm="stress_core"] ===
PID      power             
180606   10                

=== PID → cumulative energy (pid_to_consumption) [comm="stress_core"] ===
PID      energy            
180606   426447090000      

[H[JPolling energy-fair scheduler maps every 100 millisecond(s)...
Real time since poller start: 29.868915 s
Filter: comm "stress_core"
Maps shown: total power consumption 

=== System totals (total) ===
  cpu_time:  261558879327 ns
  energy:    12356625930000 (units of your kfunc)
  uncore_energy:    966412857598310000 (units of your kfunc)

=== PID → power (EMA) (pid_to_power) [comm="stress_core"] ===
PID      power             
180606   10                

=== PID → cumulative energy (pid_to_consumption) [comm="stress_core"] ===
PID      energy            
180606   426447090000      

[H[JPolling energy-fair scheduler maps every 100 millisecond(s)...
Real time since poller start: 29.986116 s
Filter: comm "stress_core"
Maps shown: total power consumption 

=== System totals (total) ===
  cpu_time:  261595313086 ns
  energy:    12359132490000 (units of your kfunc)
  uncore_energy:    966413006066780000 (units of your kfunc)

=== PID → power (EMA) (pid_to_power) [comm="stress_core"] ===
PID      power             
180606   10                

=== PID → cumulative energy (pid_to_consumption) [comm="stress_core"] ===
PID      energy            
180606   426447090000      

[H[JPolling energy-fair scheduler maps every 100 millisecond(s)...
Real time since poller start: 30.103318 s
Filter: comm "stress_core"
Maps shown: total power consumption 

=== System totals (total) ===
  cpu_time:  261632275136 ns
  energy:    12361687590000 (units of your kfunc)
  uncore_energy:    966413155155210000 (units of your kfunc)

=== PID → power (EMA) (pid_to_power) [comm="stress_core"] ===
PID      power             
180606   10                

=== PID → cumulative energy (pid_to_consumption) [comm="stress_core"] ===
PID      energy            
180606   426447090000      

[H[JPolling energy-fair scheduler maps every 100 millisecond(s)...
Real time since poller start: 30.220502 s
Filter: comm "stress_core"
Maps shown: total power consumption 

=== System totals (total) ===
  cpu_time:  261666885970 ns
  energy:    12364041750000 (units of your kfunc)
  uncore_energy:    966413300835260000 (units of your kfunc)

=== PID → power (EMA) (pid_to_power) [comm="stress_core"] ===
PID      power             
180606   10                

=== PID → cumulative energy (pid_to_consumption) [comm="stress_core"] ===
PID      energy            
180606   426447090000      

[H[JPolling energy-fair scheduler maps every 100 millisecond(s)...
Real time since poller start: 30.337714 s
Filter: comm "stress_core"
Maps shown: total power consumption 

=== System totals (total) ===
  cpu_time:  261704034248 ns
  energy:    12366515360000 (units of your kfunc)
  uncore_energy:    966413451989430000 (units of your kfunc)

=== PID → power (EMA) (pid_to_power) [comm="stress_core"] ===
PID      power             
180606   10                

=== PID → cumulative energy (pid_to_consumption) [comm="stress_core"] ===
PID      energy            
180606   426447090000      

[H[JPolling energy-fair scheduler maps every 100 millisecond(s)...
Real time since poller start: 30.454940 s
Filter: comm "stress_core"
Maps shown: total power consumption 

=== System totals (total) ===
  cpu_time:  261734810709 ns
  energy:    12368470610000 (units of your kfunc)
  uncore_energy:    966413600563050000 (units of your kfunc)

=== PID → power (EMA) (pid_to_power) [comm="stress_core"] ===
PID      power             
180606   10                

=== PID → cumulative energy (pid_to_consumption) [comm="stress_core"] ===
PID      energy            
180606   426447090000      

[H[JPolling energy-fair scheduler maps every 100 millisecond(s)...
Real time since poller start: 30.571992 s
Filter: comm "stress_core"
Maps shown: total power consumption 

=== System totals (total) ===
  cpu_time:  261772311887 ns
  energy:    12370889900000 (units of your kfunc)
  uncore_energy:    966413749096820000 (units of your kfunc)

=== PID → power (EMA) (pid_to_power) [comm="stress_core"] ===
PID      power             
180606   10                

=== PID → cumulative energy (pid_to_consumption) [comm="stress_core"] ===
PID      energy            
180606   426447090000      

[H[JPolling energy-fair scheduler maps every 100 millisecond(s)...
Real time since poller start: 30.689176 s
Filter: comm "stress_core"
Maps shown: total power consumption 

=== System totals (total) ===
  cpu_time:  261804821871 ns
  energy:    12372862540000 (units of your kfunc)
  uncore_energy:    966413893699190000 (units of your kfunc)

=== PID → power (EMA) (pid_to_power) [comm="stress_core"] ===
PID      power             
180606   10                

=== PID → cumulative energy (pid_to_consumption) [comm="stress_core"] ===
PID      energy            
180606   426447090000      

[H[JPolling energy-fair scheduler maps every 100 millisecond(s)...
Real time since poller start: 30.806361 s
Filter: comm "stress_core"
Maps shown: total power consumption 

=== System totals (total) ===
  cpu_time:  261832462199 ns
  energy:    12374446540000 (units of your kfunc)
  uncore_energy:    966414045154440000 (units of your kfunc)

=== PID → power (EMA) (pid_to_power) [comm="stress_core"] ===
PID      power             
180606   10                

=== PID → cumulative energy (pid_to_consumption) [comm="stress_core"] ===
PID      energy            
180606   426447090000      

[H[JPolling energy-fair scheduler maps every 100 millisecond(s)...
Real time since poller start: 30.923605 s
Filter: comm "stress_core"
Maps shown: total power consumption 

=== System totals (total) ===
  cpu_time:  261873932104 ns
  energy:    12376629340000 (units of your kfunc)
  uncore_energy:    966414194421380000 (units of your kfunc)

=== PID → power (EMA) (pid_to_power) [comm="stress_core"] ===
PID      power             
180606   10                

=== PID → cumulative energy (pid_to_consumption) [comm="stress_core"] ===
PID      energy            
180606   426447090000      

[H[JPolling energy-fair scheduler maps every 100 millisecond(s)...
Real time since poller start: 31.040815 s
Filter: comm "stress_core"
Maps shown: total power consumption 

=== System totals (total) ===
  cpu_time:  261903305049 ns
  energy:    12378260140000 (units of your kfunc)
  uncore_energy:    966414342076920000 (units of your kfunc)

=== PID → power (EMA) (pid_to_power) [comm="stress_core"] ===
PID      power             
180606   10                

=== PID → cumulative energy (pid_to_consumption) [comm="stress_core"] ===
PID      energy            
180606   426447090000      

[H[JPolling energy-fair scheduler maps every 100 millisecond(s)...
Real time since poller start: 31.157955 s
Filter: comm "stress_core"
Maps shown: total power consumption 

=== System totals (total) ===
  cpu_time:  261931189602 ns
  energy:    12379720190000 (units of your kfunc)
  uncore_energy:    966414484906120000 (units of your kfunc)

=== PID → power (EMA) (pid_to_power) [comm="stress_core"] ===
PID      power             
180606   10                

=== PID → cumulative energy (pid_to_consumption) [comm="stress_core"] ===
PID      energy            
180606   426447090000      

[H[JPolling energy-fair scheduler maps every 100 millisecond(s)...
Real time since poller start: 31.275184 s
Filter: comm "stress_core"
Maps shown: total power consumption 

=== System totals (total) ===
  cpu_time:  261957416789 ns
  energy:    12381065070000 (units of your kfunc)
  uncore_energy:    966414645622700000 (units of your kfunc)

=== PID → power (EMA) (pid_to_power) [comm="stress_core"] ===
PID      power             
180606   10                

=== PID → cumulative energy (pid_to_consumption) [comm="stress_core"] ===
PID      energy            
180606   426447090000      

[H[JPolling energy-fair scheduler maps every 100 millisecond(s)...
Real time since poller start: 31.392354 s
Filter: comm "stress_core"
Maps shown: total power consumption 

=== System totals (total) ===
  cpu_time:  261984388965 ns
  energy:    12382376390000 (units of your kfunc)
  uncore_energy:    966414784451300000 (units of your kfunc)

=== PID → power (EMA) (pid_to_power) [comm="stress_core"] ===
PID      power             
180606   10                

=== PID → cumulative energy (pid_to_consumption) [comm="stress_core"] ===
PID      energy            
180606   426447090000      

[H[JPolling energy-fair scheduler maps every 100 millisecond(s)...
Real time since poller start: 31.509607 s
Filter: comm "stress_core"
Maps shown: total power consumption 

=== System totals (total) ===
  cpu_time:  262038993717 ns
  energy:    12384675420000 (units of your kfunc)
  uncore_energy:    966414927721120000 (units of your kfunc)

=== PID → power (EMA) (pid_to_power) [comm="stress_core"] ===
PID      power             
180606   10                

=== PID → cumulative energy (pid_to_consumption) [comm="stress_core"] ===
PID      energy            
180606   426447090000      

[H[JPolling energy-fair scheduler maps every 100 millisecond(s)...
Real time since poller start: 31.626771 s
Filter: comm "stress_core"
Maps shown: total power consumption 

=== System totals (total) ===
  cpu_time:  262068999705 ns
  energy:    12386228000000 (units of your kfunc)
  uncore_energy:    966415080383780000 (units of your kfunc)

=== PID → power (EMA) (pid_to_power) [comm="stress_core"] ===
PID      power             
180606   10                

=== PID → cumulative energy (pid_to_consumption) [comm="stress_core"] ===
PID      energy            
180606   426447090000      

[H[JPolling energy-fair scheduler maps every 100 millisecond(s)...
Real time since poller start: 31.743925 s
Filter: comm "stress_core"
Maps shown: total power consumption 

=== System totals (total) ===
  cpu_time:  262101999591 ns
  energy:    12387925290000 (units of your kfunc)
  uncore_energy:    966415241313750000 (units of your kfunc)

=== PID → power (EMA) (pid_to_power) [comm="stress_core"] ===
PID      power             
180606   10                

=== PID → cumulative energy (pid_to_consumption) [comm="stress_core"] ===
PID      energy            
180606   426447090000      

[H[JPolling energy-fair scheduler maps every 100 millisecond(s)...
Real time since poller start: 31.861111 s
Filter: comm "stress_core"
Maps shown: total power consumption 

=== System totals (total) ===
  cpu_time:  262134408784 ns
  energy:    12389599360000 (units of your kfunc)
  uncore_energy:    966415393568970000 (units of your kfunc)

=== PID → power (EMA) (pid_to_power) [comm="stress_core"] ===
PID      power             
180606   10                

=== PID → cumulative energy (pid_to_consumption) [comm="stress_core"] ===
PID      energy            
180606   426447090000      

[H[JPolling energy-fair scheduler maps every 100 millisecond(s)...
Real time since poller start: 31.978275 s
Filter: comm "stress_core"
Maps shown: total power consumption 

=== System totals (total) ===
  cpu_time:  262164383236 ns
  energy:    12391123070000 (units of your kfunc)
  uncore_energy:    966415535751930000 (units of your kfunc)

=== PID → power (EMA) (pid_to_power) [comm="stress_core"] ===
PID      power             
180606   10                

=== PID → cumulative energy (pid_to_consumption) [comm="stress_core"] ===
PID      energy            
180606   426447090000      

[H[JPolling energy-fair scheduler maps every 100 millisecond(s)...
Real time since poller start: 32.095440 s
Filter: comm "stress_core"
Maps shown: total power consumption 

=== System totals (total) ===
  cpu_time:  262190893796 ns
  energy:    12392495160000 (units of your kfunc)
  uncore_energy:    966415692721050000 (units of your kfunc)

=== PID → power (EMA) (pid_to_power) [comm="stress_core"] ===
PID      power             
180606   10                

=== PID → cumulative energy (pid_to_consumption) [comm="stress_core"] ===
PID      energy            
180606   426447090000      

[H[JPolling energy-fair scheduler maps every 100 millisecond(s)...
Real time since poller start: 32.212590 s
Filter: comm "stress_core"
Maps shown: total power consumption 

=== System totals (total) ===
  cpu_time:  262228452607 ns
  energy:    12394360400000 (units of your kfunc)
  uncore_energy:    966415832592410000 (units of your kfunc)

=== PID → power (EMA) (pid_to_power) [comm="stress_core"] ===
PID      power             
180606   10                

=== PID → cumulative energy (pid_to_consumption) [comm="stress_core"] ===
PID      energy            
180606   426447090000      

[H[JPolling energy-fair scheduler maps every 100 millisecond(s)...
Real time since poller start: 32.329777 s
Filter: comm "stress_core"
Maps shown: total power consumption 

=== System totals (total) ===
  cpu_time:  262267131888 ns
  energy:    12396358070000 (units of your kfunc)
  uncore_energy:    966415991461900000 (units of your kfunc)

=== PID → power (EMA) (pid_to_power) [comm="stress_core"] ===
PID      power             
180606   10                

=== PID → cumulative energy (pid_to_consumption) [comm="stress_core"] ===
PID      energy            
180606   426447090000      

[H[JPolling energy-fair scheduler maps every 100 millisecond(s)...
Real time since poller start: 32.446962 s
Filter: comm "stress_core"
Maps shown: total power consumption 

=== System totals (total) ===
  cpu_time:  262294954726 ns
  energy:    12397779000000 (units of your kfunc)
  uncore_energy:    966416137626270000 (units of your kfunc)

=== PID → power (EMA) (pid_to_power) [comm="stress_core"] ===
PID      power             
180606   10                

=== PID → cumulative energy (pid_to_consumption) [comm="stress_core"] ===
PID      energy            
180606   426447090000      

[H[JPolling energy-fair scheduler maps every 100 millisecond(s)...
Real time since poller start: 32.564091 s
Filter: comm "stress_core"
Maps shown: total power consumption 

=== System totals (total) ===
  cpu_time:  262324042872 ns
  energy:    12399207050000 (units of your kfunc)
  uncore_energy:    966416286780650000 (units of your kfunc)

=== PID → power (EMA) (pid_to_power) [comm="stress_core"] ===
PID      power             
180606   10                

=== PID → cumulative energy (pid_to_consumption) [comm="stress_core"] ===
PID      energy            
180606   426447090000      

[H[JPolling energy-fair scheduler maps every 100 millisecond(s)...
Real time since poller start: 32.681311 s
Filter: comm "stress_core"
Maps shown: total power consumption 

=== System totals (total) ===
  cpu_time:  262355804910 ns
  energy:    12400932980000 (units of your kfunc)
  uncore_energy:    966416439972320000 (units of your kfunc)

=== PID → power (EMA) (pid_to_power) [comm="stress_core"] ===
PID      power             
180606   10                

=== PID → cumulative energy (pid_to_consumption) [comm="stress_core"] ===
PID      energy            
180606   426447090000      

[H[JPolling energy-fair scheduler maps every 100 millisecond(s)...
Real time since poller start: 32.798531 s
Filter: comm "stress_core"
Maps shown: total power consumption 

=== System totals (total) ===
  cpu_time:  262382978594 ns
  energy:    12402377520000 (units of your kfunc)
  uncore_energy:    966416591148170000 (units of your kfunc)

=== PID → power (EMA) (pid_to_power) [comm="stress_core"] ===
PID      power             
180606   10                

=== PID → cumulative energy (pid_to_consumption) [comm="stress_core"] ===
PID      energy            
180606   426447090000      

[H[JPolling energy-fair scheduler maps every 100 millisecond(s)...
Real time since poller start: 32.915699 s
Filter: comm "stress_core"
Maps shown: total power consumption 

=== System totals (total) ===
  cpu_time:  262410692907 ns
  energy:    12403799630000 (units of your kfunc)
  uncore_energy:    966416741686660000 (units of your kfunc)

=== PID → power (EMA) (pid_to_power) [comm="stress_core"] ===
PID      power             
180606   10                

=== PID → cumulative energy (pid_to_consumption) [comm="stress_core"] ===
PID      energy            
180606   426447090000      

[H[JPolling energy-fair scheduler maps every 100 millisecond(s)...
Real time since poller start: 33.032879 s
Filter: comm "stress_core"
Maps shown: total power consumption 

=== System totals (total) ===
  cpu_time:  262440337306 ns
  energy:    12405275790000 (units of your kfunc)
  uncore_energy:    966416876656580000 (units of your kfunc)

=== PID → power (EMA) (pid_to_power) [comm="stress_core"] ===
PID      power             
180606   10                

=== PID → cumulative energy (pid_to_consumption) [comm="stress_core"] ===
PID      energy            
180606   426447090000      

[H[JPolling energy-fair scheduler maps every 100 millisecond(s)...
Real time since poller start: 33.150035 s
Filter: comm "stress_core"
Maps shown: total power consumption 

=== System totals (total) ===
  cpu_time:  262465914823 ns
  energy:    12406546130000 (units of your kfunc)
  uncore_energy:    966417029780920000 (units of your kfunc)

=== PID → power (EMA) (pid_to_power) [comm="stress_core"] ===
PID      power             
180606   10                

=== PID → cumulative energy (pid_to_consumption) [comm="stress_core"] ===
PID      energy            
180606   426447090000      

[H[JPolling energy-fair scheduler maps every 100 millisecond(s)...
Real time since poller start: 33.267232 s
Filter: comm "stress_core"
Maps shown: total power consumption 

=== System totals (total) ===
  cpu_time:  262490672143 ns
  energy:    12407703680000 (units of your kfunc)
  uncore_energy:    966417190100580000 (units of your kfunc)

=== PID → power (EMA) (pid_to_power) [comm="stress_core"] ===
PID      power             
180606   10                

=== PID → cumulative energy (pid_to_consumption) [comm="stress_core"] ===
PID      energy            
180606   426447090000      

[H[JPolling energy-fair scheduler maps every 100 millisecond(s)...
Real time since poller start: 33.384415 s
Filter: comm "stress_core"
Maps shown: total power consumption 

=== System totals (total) ===
  cpu_time:  262512702474 ns
  energy:    12408764630000 (units of your kfunc)
  uncore_energy:    966417347744760000 (units of your kfunc)

=== PID → power (EMA) (pid_to_power) [comm="stress_core"] ===
PID      power             
180606   10                

=== PID → cumulative energy (pid_to_consumption) [comm="stress_core"] ===
PID      energy            
180606   426447090000      

[H[JPolling energy-fair scheduler maps every 100 millisecond(s)...
Real time since poller start: 33.501580 s
Filter: comm "stress_core"
Maps shown: total power consumption 

=== System totals (total) ===
  cpu_time:  262538921423 ns
  energy:    12410021030000 (units of your kfunc)
  uncore_energy:    966417489549890000 (units of your kfunc)

=== PID → power (EMA) (pid_to_power) [comm="stress_core"] ===
PID      power             
180606   10                

=== PID → cumulative energy (pid_to_consumption) [comm="stress_core"] ===
PID      energy            
180606   426447090000      

[H[JPolling energy-fair scheduler maps every 100 millisecond(s)...
Real time since poller start: 33.618805 s
Filter: comm "stress_core"
Maps shown: total power consumption 

=== System totals (total) ===
  cpu_time:  262577512244 ns
  energy:    12411857130000 (units of your kfunc)
  uncore_energy:    966417635206310000 (units of your kfunc)

=== PID → power (EMA) (pid_to_power) [comm="stress_core"] ===
PID      power             
180606   10                

=== PID → cumulative energy (pid_to_consumption) [comm="stress_core"] ===
PID      energy            
180606   426447090000      

[H[JPolling energy-fair scheduler maps every 100 millisecond(s)...
Real time since poller start: 33.735988 s
Filter: comm "stress_core"
Maps shown: total power consumption 

=== System totals (total) ===
  cpu_time:  262603115309 ns
  energy:    12413047340000 (units of your kfunc)
  uncore_energy:    966417791042620000 (units of your kfunc)

=== PID → power (EMA) (pid_to_power) [comm="stress_core"] ===
PID      power             
180606   10                

=== PID → cumulative energy (pid_to_consumption) [comm="stress_core"] ===
PID      energy            
180606   426447090000      

[H[JPolling energy-fair scheduler maps every 100 millisecond(s)...
Real time since poller start: 33.853161 s
Filter: comm "stress_core"
Maps shown: total power consumption 

=== System totals (total) ===
  cpu_time:  262627125586 ns
  energy:    12414161090000 (units of your kfunc)
  uncore_energy:    966417955439580000 (units of your kfunc)

=== PID → power (EMA) (pid_to_power) [comm="stress_core"] ===
PID      power             
180606   10                

=== PID → cumulative energy (pid_to_consumption) [comm="stress_core"] ===
PID      energy            
180606   426447090000      

[H[JPolling energy-fair scheduler maps every 100 millisecond(s)...
Real time since poller start: 33.970390 s
Filter: comm "stress_core"
Maps shown: total power consumption 

=== System totals (total) ===
  cpu_time:  262650349261 ns
  energy:    12415231340000 (units of your kfunc)
  uncore_energy:    966418069092080000 (units of your kfunc)

=== PID → power (EMA) (pid_to_power) [comm="stress_core"] ===
PID      power             
180606   10                

=== PID → cumulative energy (pid_to_consumption) [comm="stress_core"] ===
PID      energy            
180606   426447090000      

[H[JPolling energy-fair scheduler maps every 100 millisecond(s)...
Real time since poller start: 34.087560 s
Filter: comm "stress_core"
Maps shown: total power consumption 

=== System totals (total) ===
  cpu_time:  262679500651 ns
  energy:    12416656220000 (units of your kfunc)
  uncore_energy:    966418254869650000 (units of your kfunc)

=== PID → power (EMA) (pid_to_power) [comm="stress_core"] ===
PID      power             
180606   10                

=== PID → cumulative energy (pid_to_consumption) [comm="stress_core"] ===
PID      energy            
180606   426447090000      

[H[JPolling energy-fair scheduler maps every 100 millisecond(s)...
Real time since poller start: 34.204783 s
Filter: comm "stress_core"
Maps shown: total power consumption 

=== System totals (total) ===
  cpu_time:  262764096481 ns
  energy:    12419350010000 (units of your kfunc)
  uncore_energy:    966418415859790000 (units of your kfunc)

=== PID → power (EMA) (pid_to_power) [comm="stress_core"] ===
PID      power             
180606   10                

=== PID → cumulative energy (pid_to_consumption) [comm="stress_core"] ===
PID      energy            
180606   428170710000      

[H[JPolling energy-fair scheduler maps every 100 millisecond(s)...
Real time since poller start: 34.322021 s
Filter: comm "stress_core"
Maps shown: total power consumption 

=== System totals (total) ===
  cpu_time:  262967653731 ns
  energy:    12424874150000 (units of your kfunc)
  uncore_energy:    966418581167100000 (units of your kfunc)

=== PID → power (EMA) (pid_to_power) [comm="stress_core"] ===
PID      power             
180606   13                

=== PID → cumulative energy (pid_to_consumption) [comm="stress_core"] ===
PID      energy            
180606   429971890000      

[H[JPolling energy-fair scheduler maps every 100 millisecond(s)...
Real time since poller start: 34.439338 s
Filter: comm "stress_core"
Maps shown: total power consumption 

=== System totals (total) ===
  cpu_time:  263239487767 ns
  energy:    12434455450000 (units of your kfunc)
  uncore_energy:    966418735660820000 (units of your kfunc)

=== PID → power (EMA) (pid_to_power) [comm="stress_core"] ===
PID      power             
180606   14                

=== PID → cumulative energy (pid_to_consumption) [comm="stress_core"] ===
PID      energy            
180606   433088190000      

[H[JPolling energy-fair scheduler maps every 100 millisecond(s)...
Real time since poller start: 34.556560 s
Filter: comm "stress_core"
Maps shown: total power consumption 

=== System totals (total) ===
  cpu_time:  263491449922 ns
  energy:    12443402450000 (units of your kfunc)
  uncore_energy:    966418894160560000 (units of your kfunc)

=== PID → power (EMA) (pid_to_power) [comm="stress_core"] ===
PID      power             
180606   10                

=== PID → cumulative energy (pid_to_consumption) [comm="stress_core"] ===
PID      energy            
180606   435628640000      

[H[JPolling energy-fair scheduler maps every 100 millisecond(s)...
Real time since poller start: 34.673557 s
Filter: comm "stress_core"
Maps shown: total power consumption 

=== System totals (total) ===
  cpu_time:  263637997837 ns
  energy:    12446486130000 (units of your kfunc)
  uncore_energy:    966419050833050000 (units of your kfunc)

=== PID → power (EMA) (pid_to_power) [comm="stress_core"] ===
PID      power             
180606   8                 

=== PID → cumulative energy (pid_to_consumption) [comm="stress_core"] ===
PID      energy            
180606   436897900000      

[H[JPolling energy-fair scheduler maps every 100 millisecond(s)...
Real time since poller start: 34.790898 s
Filter: comm "stress_core"
Maps shown: total power consumption 

=== System totals (total) ===
  cpu_time:  263788362266 ns
  energy:    12449553650000 (units of your kfunc)
  uncore_energy:    966419208663810000 (units of your kfunc)

=== PID → power (EMA) (pid_to_power) [comm="stress_core"] ===
PID      power             
180606   8                 

=== PID → cumulative energy (pid_to_consumption) [comm="stress_core"] ===
PID      energy            
180606   438126860000      

[H[JPolling energy-fair scheduler maps every 100 millisecond(s)...
Real time since poller start: 34.908076 s
Filter: comm "stress_core"
Maps shown: total power consumption 

=== System totals (total) ===
  cpu_time:  263960226639 ns
  energy:    12453232860000 (units of your kfunc)
  uncore_energy:    966419366446700000 (units of your kfunc)

=== PID → power (EMA) (pid_to_power) [comm="stress_core"] ===
PID      power             
180606   9                 

=== PID → cumulative energy (pid_to_consumption) [comm="stress_core"] ===
PID      energy            
180606   439441890000      

[H[JPolling energy-fair scheduler maps every 100 millisecond(s)...
Real time since poller start: 35.025322 s
Filter: comm "stress_core"
Maps shown: total power consumption 

=== System totals (total) ===
  cpu_time:  264097605488 ns
  energy:    12455572840000 (units of your kfunc)
  uncore_energy:    966419526189700000 (units of your kfunc)

=== PID → power (EMA) (pid_to_power) [comm="stress_core"] ===
PID      power             
180606   8                 

=== PID → cumulative energy (pid_to_consumption) [comm="stress_core"] ===
PID      energy            
180606   440634370000      

[H[JPolling energy-fair scheduler maps every 100 millisecond(s)...
Real time since poller start: 35.142559 s
Filter: comm "stress_core"
Maps shown: total power consumption 

=== System totals (total) ===
  cpu_time:  264237966290 ns
  energy:    12458143700000 (units of your kfunc)
  uncore_energy:    966419684648810000 (units of your kfunc)

=== PID → power (EMA) (pid_to_power) [comm="stress_core"] ===
PID      power             
180606   9                 

=== PID → cumulative energy (pid_to_consumption) [comm="stress_core"] ===
PID      energy            
180606   441854940000      

[H[JPolling energy-fair scheduler maps every 100 millisecond(s)...
Real time since poller start: 35.259834 s
Filter: comm "stress_core"
Maps shown: total power consumption 

=== System totals (total) ===
  cpu_time:  264374164195 ns
  energy:    12460419370000 (units of your kfunc)
  uncore_energy:    966419843591860000 (units of your kfunc)

=== PID → power (EMA) (pid_to_power) [comm="stress_core"] ===
PID      power             
180606   10                

=== PID → cumulative energy (pid_to_consumption) [comm="stress_core"] ===
PID      energy            
180606   443032320000      

[H[JPolling energy-fair scheduler maps every 100 millisecond(s)...
Real time since poller start: 35.377081 s
Filter: comm "stress_core"
Maps shown: total power consumption 

=== System totals (total) ===
  cpu_time:  264515321935 ns
  energy:    12463018150000 (units of your kfunc)
  uncore_energy:    966420003171420000 (units of your kfunc)

=== PID → power (EMA) (pid_to_power) [comm="stress_core"] ===
PID      power             
180606   10                

=== PID → cumulative energy (pid_to_consumption) [comm="stress_core"] ===
PID      energy            
180606   444282530000      

[H[JPolling energy-fair scheduler maps every 100 millisecond(s)...
Real time since poller start: 35.494285 s
Filter: comm "stress_core"
Maps shown: total power consumption 

=== System totals (total) ===
  cpu_time:  264653389492 ns
  energy:    12465440870000 (units of your kfunc)
  uncore_energy:    966420163335060000 (units of your kfunc)

=== PID → power (EMA) (pid_to_power) [comm="stress_core"] ===
PID      power             
180606   11                

=== PID → cumulative energy (pid_to_consumption) [comm="stress_core"] ===
PID      energy            
180606   445501960000      

[H[JPolling energy-fair scheduler maps every 100 millisecond(s)...
Real time since poller start: 35.611514 s
Filter: comm "stress_core"
Maps shown: total power consumption 

=== System totals (total) ===
  cpu_time:  264806540587 ns
  energy:    12468739760000 (units of your kfunc)
  uncore_energy:    966420322303170000 (units of your kfunc)

=== PID → power (EMA) (pid_to_power) [comm="stress_core"] ===
PID      power             
180606   20                

=== PID → cumulative energy (pid_to_consumption) [comm="stress_core"] ===
PID      energy            
180606   446846810000      

[H[JPolling energy-fair scheduler maps every 100 millisecond(s)...
Real time since poller start: 35.728757 s
Filter: comm "stress_core"
Maps shown: total power consumption 

=== System totals (total) ===
  cpu_time:  264944607089 ns
  energy:    12471297910000 (units of your kfunc)
  uncore_energy:    966420481860500000 (units of your kfunc)

=== PID → power (EMA) (pid_to_power) [comm="stress_core"] ===
PID      power             
180606   9                 

=== PID → cumulative energy (pid_to_consumption) [comm="stress_core"] ===
PID      energy            
180606   448113630000      

[H[JPolling energy-fair scheduler maps every 100 millisecond(s)...
Real time since poller start: 35.845970 s
Filter: comm "stress_core"
Maps shown: total power consumption 

=== System totals (total) ===
  cpu_time:  265081572138 ns
  energy:    12473861090000 (units of your kfunc)
  uncore_energy:    966420643353110000 (units of your kfunc)

=== PID → power (EMA) (pid_to_power) [comm="stress_core"] ===
PID      power             
180606   10                

=== PID → cumulative energy (pid_to_consumption) [comm="stress_core"] ===
PID      energy            
180606   449532730000      

[H[JPolling energy-fair scheduler maps every 100 millisecond(s)...
Real time since poller start: 35.963235 s
Filter: comm "stress_core"
Maps shown: total power consumption 

=== System totals (total) ===
  cpu_time:  265218437349 ns
  energy:    12476231880000 (units of your kfunc)
  uncore_energy:    966420802910880000 (units of your kfunc)

=== PID → power (EMA) (pid_to_power) [comm="stress_core"] ===
PID      power             
180606   10                

=== PID → cumulative energy (pid_to_consumption) [comm="stress_core"] ===
PID      energy            
180606   450821350000      

[H[JPolling energy-fair scheduler maps every 100 millisecond(s)...
Real time since poller start: 36.080485 s
Filter: comm "stress_core"
Maps shown: total power consumption 

=== System totals (total) ===
  cpu_time:  265357526969 ns
  energy:    12478826470000 (units of your kfunc)
  uncore_energy:    966420963429840000 (units of your kfunc)

=== PID → power (EMA) (pid_to_power) [comm="stress_core"] ===
PID      power             
180606   9                 

=== PID → cumulative energy (pid_to_consumption) [comm="stress_core"] ===
PID      energy            
180606   452098390000      

[H[JPolling energy-fair scheduler maps every 100 millisecond(s)...
Real time since poller start: 36.197679 s
Filter: comm "stress_core"
Maps shown: total power consumption 

=== System totals (total) ===
  cpu_time:  265494933643 ns
  energy:    12481310620000 (units of your kfunc)
  uncore_energy:    966421124154770000 (units of your kfunc)

=== PID → power (EMA) (pid_to_power) [comm="stress_core"] ===
PID      power             
180606   10                

=== PID → cumulative energy (pid_to_consumption) [comm="stress_core"] ===
PID      energy            
180606   453459030000      

[H[JPolling energy-fair scheduler maps every 100 millisecond(s)...
Real time since poller start: 36.314912 s
Filter: comm "stress_core"
Maps shown: total power consumption 

=== System totals (total) ===
  cpu_time:  265630565191 ns
  energy:    12483729740000 (units of your kfunc)
  uncore_energy:    966421284112810000 (units of your kfunc)

=== PID → power (EMA) (pid_to_power) [comm="stress_core"] ===
PID      power             
180606   9                 

=== PID → cumulative energy (pid_to_consumption) [comm="stress_core"] ===
PID      energy            
180606   454771430000      

[H[JPolling energy-fair scheduler maps every 100 millisecond(s)...
Real time since poller start: 36.432073 s
Filter: comm "stress_core"
Maps shown: total power consumption 

=== System totals (total) ===
  cpu_time:  265769891360 ns
  energy:    12486280830000 (units of your kfunc)
  uncore_energy:    966421445777420000 (units of your kfunc)

=== PID → power (EMA) (pid_to_power) [comm="stress_core"] ===
PID      power             
180606   11                

=== PID → cumulative energy (pid_to_consumption) [comm="stress_core"] ===
PID      energy            
180606   456080150000      

[H[JPolling energy-fair scheduler maps every 100 millisecond(s)...
Real time since poller start: 36.549349 s
Filter: comm "stress_core"
Maps shown: total power consumption 

=== System totals (total) ===
  cpu_time:  265907867612 ns
  energy:    12488824640000 (units of your kfunc)
  uncore_energy:    966421608252080000 (units of your kfunc)

=== PID → power (EMA) (pid_to_power) [comm="stress_core"] ===
PID      power             
180606   11                

=== PID → cumulative energy (pid_to_consumption) [comm="stress_core"] ===
PID      energy            
180606   457370260000      

[H[JPolling energy-fair scheduler maps every 100 millisecond(s)...
Real time since poller start: 36.666564 s
Filter: comm "stress_core"
Maps shown: total power consumption 

=== System totals (total) ===
  cpu_time:  266079228213 ns
  energy:    12492718750000 (units of your kfunc)
  uncore_energy:    966421769159910000 (units of your kfunc)

=== PID → power (EMA) (pid_to_power) [comm="stress_core"] ===
PID      power             
180606   11                

=== PID → cumulative energy (pid_to_consumption) [comm="stress_core"] ===
PID      energy            
180606   458852430000      

[H[JPolling energy-fair scheduler maps every 100 millisecond(s)...
Real time since poller start: 36.783804 s
Filter: comm "stress_core"
Maps shown: total power consumption 

=== System totals (total) ===
  cpu_time:  266231386304 ns
  energy:    12496169290000 (units of your kfunc)
  uncore_energy:    966421930270070000 (units of your kfunc)

=== PID → power (EMA) (pid_to_power) [comm="stress_core"] ===
PID      power             
180606   10                

=== PID → cumulative energy (pid_to_consumption) [comm="stress_core"] ===
PID      energy            
180606   460359310000      

[H[JPolling energy-fair scheduler maps every 100 millisecond(s)...
Real time since poller start: 36.901013 s
Filter: comm "stress_core"
Maps shown: total power consumption 

=== System totals (total) ===
  cpu_time:  266367778725 ns
  energy:    12498656930000 (units of your kfunc)
  uncore_energy:    966422091364890000 (units of your kfunc)

=== PID → power (EMA) (pid_to_power) [comm="stress_core"] ===
PID      power             
180606   10                

=== PID → cumulative energy (pid_to_consumption) [comm="stress_core"] ===
PID      energy            
180606   461705310000      

[H[JPolling energy-fair scheduler maps every 100 millisecond(s)...
Real time since poller start: 37.018196 s
Filter: comm "stress_core"
Maps shown: total power consumption 

=== System totals (total) ===
  cpu_time:  266506472276 ns
  energy:    12501188390000 (units of your kfunc)
  uncore_energy:    966422254118310000 (units of your kfunc)

=== PID → power (EMA) (pid_to_power) [comm="stress_core"] ===
PID      power             
180606   12                

=== PID → cumulative energy (pid_to_consumption) [comm="stress_core"] ===
PID      energy            
180606   463094940000      

[H[JPolling energy-fair scheduler maps every 100 millisecond(s)...
Real time since poller start: 37.135543 s
Filter: comm "stress_core"
Maps shown: total power consumption 

=== System totals (total) ===
  cpu_time:  266640696791 ns
  energy:    12503555910000 (units of your kfunc)
  uncore_energy:    966422415451200000 (units of your kfunc)

=== PID → power (EMA) (pid_to_power) [comm="stress_core"] ===
PID      power             
180606   12                

=== PID → cumulative energy (pid_to_consumption) [comm="stress_core"] ===
PID      energy            
180606   464432020000      

[H[JPolling energy-fair scheduler maps every 100 millisecond(s)...
Real time since poller start: 37.252822 s
Filter: comm "stress_core"
Maps shown: total power consumption 

=== System totals (total) ===
  cpu_time:  266779261002 ns
  energy:    12506162890000 (units of your kfunc)
  uncore_energy:    966422576958290000 (units of your kfunc)

=== PID → power (EMA) (pid_to_power) [comm="stress_core"] ===
PID      power             
180606   10                

=== PID → cumulative energy (pid_to_consumption) [comm="stress_core"] ===
PID      energy            
180606   465796640000      

[H[JPolling energy-fair scheduler maps every 100 millisecond(s)...
Real time since poller start: 37.370008 s
Filter: comm "stress_core"
Maps shown: total power consumption 

=== System totals (total) ===
  cpu_time:  266916243696 ns
  energy:    12508629020000 (units of your kfunc)
  uncore_energy:    966422738069580000 (units of your kfunc)

=== PID → power (EMA) (pid_to_power) [comm="stress_core"] ===
PID      power             
180606   10                

=== PID → cumulative energy (pid_to_consumption) [comm="stress_core"] ===
PID      energy            
180606   467223650000      

[H[JPolling energy-fair scheduler maps every 100 millisecond(s)...
Real time since poller start: 37.487255 s
Filter: comm "stress_core"
Maps shown: total power consumption 

=== System totals (total) ===
  cpu_time:  267057647505 ns
  energy:    12511432080000 (units of your kfunc)
  uncore_energy:    966422900379900000 (units of your kfunc)

=== PID → power (EMA) (pid_to_power) [comm="stress_core"] ===
PID      power             
180606   10                

=== PID → cumulative energy (pid_to_consumption) [comm="stress_core"] ===
PID      energy            
180606   468616460000      

[H[JPolling energy-fair scheduler maps every 100 millisecond(s)...
Real time since poller start: 37.604448 s
Filter: comm "stress_core"
Maps shown: total power consumption 

=== System totals (total) ===
  cpu_time:  267195711262 ns
  energy:    12513967630000 (units of your kfunc)
  uncore_energy:    966423061505850000 (units of your kfunc)

=== PID → power (EMA) (pid_to_power) [comm="stress_core"] ===
PID      power             
180606   14                

=== PID → cumulative energy (pid_to_consumption) [comm="stress_core"] ===
PID      energy            
180606   470049720000      

[H[JPolling energy-fair scheduler maps every 100 millisecond(s)...
Real time since poller start: 37.721779 s
Filter: comm "stress_core"
Maps shown: total power consumption 

=== System totals (total) ===
  cpu_time:  267330677949 ns
  energy:    12516533940000 (units of your kfunc)
  uncore_energy:    966423222762470000 (units of your kfunc)

=== PID → power (EMA) (pid_to_power) [comm="stress_core"] ===
PID      power             
180606   12                

=== PID → cumulative energy (pid_to_consumption) [comm="stress_core"] ===
PID      energy            
180606   471596310000      

[H[JPolling energy-fair scheduler maps every 100 millisecond(s)...
Real time since poller start: 37.839015 s
Filter: comm "stress_core"
Maps shown: total power consumption 

=== System totals (total) ===
  cpu_time:  267469445989 ns
  energy:    12519329970000 (units of your kfunc)
  uncore_energy:    966423383621070000 (units of your kfunc)

=== PID → power (EMA) (pid_to_power) [comm="stress_core"] ===
PID      power             
180606   14                

=== PID → cumulative energy (pid_to_consumption) [comm="stress_core"] ===
PID      energy            
180606   473109070000      

[H[JPolling energy-fair scheduler maps every 100 millisecond(s)...
Real time since poller start: 37.956253 s
Filter: comm "stress_core"
Maps shown: total power consumption 

=== System totals (total) ===
  cpu_time:  267609031115 ns
  energy:    12521959580000 (units of your kfunc)
  uncore_energy:    966423546245220000 (units of your kfunc)

=== PID → power (EMA) (pid_to_power) [comm="stress_core"] ===
PID      power             
180606   32                

=== PID → cumulative energy (pid_to_consumption) [comm="stress_core"] ===
PID      energy            
180606   474622310000      

[H[JPolling energy-fair scheduler maps every 100 millisecond(s)...
Real time since poller start: 38.073441 s
Filter: comm "stress_core"
Maps shown: total power consumption 

=== System totals (total) ===
  cpu_time:  267764771547 ns
  energy:    12525488250000 (units of your kfunc)
  uncore_energy:    966423707821530000 (units of your kfunc)

=== PID → power (EMA) (pid_to_power) [comm="stress_core"] ===
PID      power             
180606   11                

=== PID → cumulative energy (pid_to_consumption) [comm="stress_core"] ===
PID      energy            
180606   476134250000      

[H[JPolling energy-fair scheduler maps every 100 millisecond(s)...
Real time since poller start: 38.190615 s
Filter: comm "stress_core"
Maps shown: total power consumption 

=== System totals (total) ===
  cpu_time:  267902347152 ns
  energy:    12528148630000 (units of your kfunc)
  uncore_energy:    966423867810230000 (units of your kfunc)

=== PID → power (EMA) (pid_to_power) [comm="stress_core"] ===
PID      power             
180606   11                

=== PID → cumulative energy (pid_to_consumption) [comm="stress_core"] ===
PID      energy            
180606   477627320000      

[H[JPolling energy-fair scheduler maps every 100 millisecond(s)...
Real time since poller start: 38.307854 s
Filter: comm "stress_core"
Maps shown: total power consumption 

=== System totals (total) ===
  cpu_time:  268037872113 ns
  energy:    12530640430000 (units of your kfunc)
  uncore_energy:    966424028075230000 (units of your kfunc)

=== PID → power (EMA) (pid_to_power) [comm="stress_core"] ===
PID      power             
180606   11                

=== PID → cumulative energy (pid_to_consumption) [comm="stress_core"] ===
PID      energy            
180606   479055140000      

[H[JPolling energy-fair scheduler maps every 100 millisecond(s)...
Real time since poller start: 38.425111 s
Filter: comm "stress_core"
Maps shown: total power consumption 

=== System totals (total) ===
  cpu_time:  268218583417 ns
  energy:    12534941090000 (units of your kfunc)
  uncore_energy:    966424188370060000 (units of your kfunc)

=== PID → power (EMA) (pid_to_power) [comm="stress_core"] ===
PID      power             
180606   12                

=== PID → cumulative energy (pid_to_consumption) [comm="stress_core"] ===
PID      energy            
180606   480614120000      

[H[JPolling energy-fair scheduler maps every 100 millisecond(s)...
Real time since poller start: 38.542561 s
Filter: comm "stress_core"
Maps shown: total power consumption 

=== System totals (total) ===
  cpu_time:  268363374801 ns
  energy:    12537871900000 (units of your kfunc)
  uncore_energy:    966424351079050000 (units of your kfunc)

=== PID → power (EMA) (pid_to_power) [comm="stress_core"] ===
PID      power             
180606   11                

=== PID → cumulative energy (pid_to_consumption) [comm="stress_core"] ===
PID      energy            
180606   482167990000      

[H[JPolling energy-fair scheduler maps every 100 millisecond(s)...
Real time since poller start: 38.659787 s
Filter: comm "stress_core"
Maps shown: total power consumption 

=== System totals (total) ===
  cpu_time:  268568597406 ns
  energy:    12543736060000 (units of your kfunc)
  uncore_energy:    966424517748460000 (units of your kfunc)

=== PID → power (EMA) (pid_to_power) [comm="stress_core"] ===
PID      power             
180606   30                

=== PID → cumulative energy (pid_to_consumption) [comm="stress_core"] ===
PID      energy            
180606   484353570000      

[H[JPolling energy-fair scheduler maps every 100 millisecond(s)...
Real time since poller start: 38.776784 s
Filter: comm "stress_core"
Maps shown: total power consumption 

=== System totals (total) ===
  cpu_time:  268817210269 ns
  energy:    12551466110000 (units of your kfunc)
  uncore_energy:    966424674782970000 (units of your kfunc)

=== PID → power (EMA) (pid_to_power) [comm="stress_core"] ===
PID      power             
180606   17                

=== PID → cumulative energy (pid_to_consumption) [comm="stress_core"] ===
PID      energy            
180606   487471820000      

[H[JPolling energy-fair scheduler maps every 100 millisecond(s)...
Real time since poller start: 38.893964 s
Filter: comm "stress_core"
Maps shown: total power consumption 

=== System totals (total) ===
  cpu_time:  269053065904 ns
  energy:    12558461250000 (units of your kfunc)
  uncore_energy:    966424835967610000 (units of your kfunc)

=== PID → power (EMA) (pid_to_power) [comm="stress_core"] ===
PID      power             
180606   17                

=== PID → cumulative energy (pid_to_consumption) [comm="stress_core"] ===
PID      energy            
180606   490231350000      

[H[JPolling energy-fair scheduler maps every 100 millisecond(s)...
Real time since poller start: 39.011124 s
Filter: comm "stress_core"
Maps shown: total power consumption 

=== System totals (total) ===
  cpu_time:  269190424609 ns
  energy:    12561157280000 (units of your kfunc)
  uncore_energy:    966424997203460000 (units of your kfunc)

=== PID → power (EMA) (pid_to_power) [comm="stress_core"] ===
PID      power             
180606   11                

=== PID → cumulative energy (pid_to_consumption) [comm="stress_core"] ===
PID      energy            
180606   491805720000      

[H[JPolling energy-fair scheduler maps every 100 millisecond(s)...
Real time since poller start: 39.128344 s
Filter: comm "stress_core"
Maps shown: total power consumption 

=== System totals (total) ===
  cpu_time:  269338944542 ns
  energy:    12564262320000 (units of your kfunc)
  uncore_energy:    966425158342200000 (units of your kfunc)

=== PID → power (EMA) (pid_to_power) [comm="stress_core"] ===
PID      power             
180606   14                

=== PID → cumulative energy (pid_to_consumption) [comm="stress_core"] ===
PID      energy            
180606   493271810000      

[H[JPolling energy-fair scheduler maps every 100 millisecond(s)...
Real time since poller start: 39.245631 s
Filter: comm "stress_core"
Maps shown: total power consumption 

=== System totals (total) ===
  cpu_time:  269371157054 ns
  energy:    12565353940000 (units of your kfunc)
  uncore_energy:    966425285483150000 (units of your kfunc)

=== PID → power (EMA) (pid_to_power) [comm="stress_core"] ===
PID      power             
180606   12                

=== PID → cumulative energy (pid_to_consumption) [comm="stress_core"] ===
PID      energy            
180606   493271810000      

[H[JPolling energy-fair scheduler maps every 100 millisecond(s)...
Real time since poller start: 39.362818 s
Filter: comm "stress_core"
Maps shown: total power consumption 

=== System totals (total) ===
  cpu_time:  269393681979 ns
  energy:    12566314170000 (units of your kfunc)
  uncore_energy:    966425449155190000 (units of your kfunc)

=== PID → power (EMA) (pid_to_power) [comm="stress_core"] ===
PID      power             
180606   12                

=== PID → cumulative energy (pid_to_consumption) [comm="stress_core"] ===
PID      energy            
180606   493271810000      

[H[JPolling energy-fair scheduler maps every 100 millisecond(s)...
Real time since poller start: 39.480071 s
Filter: comm "stress_core"
Maps shown: total power consumption 

=== System totals (total) ===
  cpu_time:  269416213366 ns
  energy:    12567302330000 (units of your kfunc)
  uncore_energy:    966425618761970000 (units of your kfunc)

=== PID → power (EMA) (pid_to_power) [comm="stress_core"] ===
PID      power             
180606   12                

=== PID → cumulative energy (pid_to_consumption) [comm="stress_core"] ===
PID      energy            
180606   493271810000      

[H[JPolling energy-fair scheduler maps every 100 millisecond(s)...
Real time since poller start: 39.597256 s
Filter: comm "stress_core"
Maps shown: total power consumption 

=== System totals (total) ===
  cpu_time:  269437259205 ns
  energy:    12568236630000 (units of your kfunc)
  uncore_energy:    966425771909240000 (units of your kfunc)

=== PID → power (EMA) (pid_to_power) [comm="stress_core"] ===
PID      power             
180606   12                

=== PID → cumulative energy (pid_to_consumption) [comm="stress_core"] ===
PID      energy            
180606   493271810000      

[H[JPolling energy-fair scheduler maps every 100 millisecond(s)...
Real time since poller start: 39.714198 s
Filter: comm "stress_core"
Maps shown: total power consumption 

=== System totals (total) ===
  cpu_time:  269459021278 ns
  energy:    12569189230000 (units of your kfunc)
  uncore_energy:    966425921157140000 (units of your kfunc)

=== PID → power (EMA) (pid_to_power) [comm="stress_core"] ===
PID      power             
180606   12                

=== PID → cumulative energy (pid_to_consumption) [comm="stress_core"] ===
PID      energy            
180606   493271810000      

[H[JPolling energy-fair scheduler maps every 100 millisecond(s)...
Real time since poller start: 39.831379 s
Filter: comm "stress_core"
Maps shown: total power consumption 

=== System totals (total) ===
  cpu_time:  269483879539 ns
  energy:    12570255490000 (units of your kfunc)
  uncore_energy:    966426084548890000 (units of your kfunc)

=== PID → power (EMA) (pid_to_power) [comm="stress_core"] ===
PID      power             
180606   12                

=== PID → cumulative energy (pid_to_consumption) [comm="stress_core"] ===
PID      energy            
180606   493271810000      

[H[JPolling energy-fair scheduler maps every 100 millisecond(s)...
Real time since poller start: 39.948492 s
Filter: comm "stress_core"
Maps shown: total power consumption 

=== System totals (total) ===
  cpu_time:  269507454488 ns
  energy:    12571291430000 (units of your kfunc)
  uncore_energy:    966426234503090000 (units of your kfunc)

=== PID → power (EMA) (pid_to_power) [comm="stress_core"] ===
PID      power             
180606   12                

=== PID → cumulative energy (pid_to_consumption) [comm="stress_core"] ===
PID      energy            
180606   493271810000      

[H[JPolling energy-fair scheduler maps every 100 millisecond(s)...
Real time since poller start: 40.065646 s
Filter: comm "stress_core"
Maps shown: total power consumption 

=== System totals (total) ===
  cpu_time:  269530502309 ns
  energy:    12572342320000 (units of your kfunc)
  uncore_energy:    966426386776790000 (units of your kfunc)

=== PID → power (EMA) (pid_to_power) [comm="stress_core"] ===
PID      power             
180606   12                

=== PID → cumulative energy (pid_to_consumption) [comm="stress_core"] ===
PID      energy            
180606   493271810000      

[H[JPolling energy-fair scheduler maps every 100 millisecond(s)...
Real time since poller start: 40.182828 s
Filter: comm "stress_core"
Maps shown: total power consumption 

=== System totals (total) ===
  cpu_time:  269585816568 ns
  energy:    12574396940000 (units of your kfunc)
  uncore_energy:    966426572749200000 (units of your kfunc)

=== PID → power (EMA) (pid_to_power) [comm="stress_core"] ===
PID      power             
180606   12                

=== PID → cumulative energy (pid_to_consumption) [comm="stress_core"] ===
PID      energy            
180606   493271810000      

[H[JPolling energy-fair scheduler maps every 100 millisecond(s)...
Real time since poller start: 40.299889 s
Filter: comm "stress_core"
Maps shown: total power consumption 

=== System totals (total) ===
  cpu_time:  269617335635 ns
  energy:    12575835380000 (units of your kfunc)
  uncore_energy:    966426610508610000 (units of your kfunc)

=== PID → power (EMA) (pid_to_power) [comm="stress_core"] ===
PID      power             
180606   12                

=== PID → cumulative energy (pid_to_consumption) [comm="stress_core"] ===
PID      energy            
180606   493271810000      

[H[JPolling energy-fair scheduler maps every 100 millisecond(s)...
Real time since poller start: 40.417001 s
Filter: comm "stress_core"
Maps shown: total power consumption 

=== System totals (total) ===
  cpu_time:  269640326925 ns
  energy:    12576832690000 (units of your kfunc)
  uncore_energy:    966426855000040000 (units of your kfunc)

=== PID → power (EMA) (pid_to_power) [comm="stress_core"] ===
PID      power             
180606   12                

=== PID → cumulative energy (pid_to_consumption) [comm="stress_core"] ===
PID      energy            
180606   493271810000      

[H[JPolling energy-fair scheduler maps every 100 millisecond(s)...
Real time since poller start: 40.534093 s
Filter: comm "stress_core"
Maps shown: total power consumption 

=== System totals (total) ===
  cpu_time:  269662061536 ns
  energy:    12577746850000 (units of your kfunc)
  uncore_energy:    966427005958590000 (units of your kfunc)

=== PID → power (EMA) (pid_to_power) [comm="stress_core"] ===
PID      power             
180606   12                

=== PID → cumulative energy (pid_to_consumption) [comm="stress_core"] ===
PID      energy            
180606   493271810000      

[H[JPolling energy-fair scheduler maps every 100 millisecond(s)...
Real time since poller start: 40.651203 s
Filter: comm "stress_core"
Maps shown: total power consumption 

=== System totals (total) ===
  cpu_time:  269686006763 ns
  energy:    12578835260000 (units of your kfunc)
  uncore_energy:    966427151828800000 (units of your kfunc)

=== PID → power (EMA) (pid_to_power) [comm="stress_core"] ===
PID      power             
180606   12                

=== PID → cumulative energy (pid_to_consumption) [comm="stress_core"] ===
PID      energy            
180606   493271810000      

[H[JPolling energy-fair scheduler maps every 100 millisecond(s)...
Real time since poller start: 40.768372 s
Filter: comm "stress_core"
Maps shown: total power consumption 

=== System totals (total) ===
  cpu_time:  269707348974 ns
  energy:    12579753080000 (units of your kfunc)
  uncore_energy:    966427308059110000 (units of your kfunc)

=== PID → power (EMA) (pid_to_power) [comm="stress_core"] ===
PID      power             
180606   12                

=== PID → cumulative energy (pid_to_consumption) [comm="stress_core"] ===
PID      energy            
180606   493271810000      

[H[JPolling energy-fair scheduler maps every 100 millisecond(s)...
Real time since poller start: 40.885505 s
Filter: comm "stress_core"
Maps shown: total power consumption 

=== System totals (total) ===
  cpu_time:  269730050752 ns
  energy:    12580751190000 (units of your kfunc)
  uncore_energy:    966427482171930000 (units of your kfunc)

=== PID → power (EMA) (pid_to_power) [comm="stress_core"] ===
PID      power             
180606   12                

=== PID → cumulative energy (pid_to_consumption) [comm="stress_core"] ===
PID      energy            
180606   493271810000      

[H[JPolling energy-fair scheduler maps every 100 millisecond(s)...
Real time since poller start: 41.002636 s
Filter: comm "stress_core"
Maps shown: total power consumption 

=== System totals (total) ===
  cpu_time:  269752599998 ns
  energy:    12581782990000 (units of your kfunc)
  uncore_energy:    966427624946130000 (units of your kfunc)

=== PID → power (EMA) (pid_to_power) [comm="stress_core"] ===
PID      power             
180606   12                

=== PID → cumulative energy (pid_to_consumption) [comm="stress_core"] ===
PID      energy            
180606   493271810000      

[H[JPolling energy-fair scheduler maps every 100 millisecond(s)...
Real time since poller start: 41.119703 s
Filter: comm "stress_core"
Maps shown: total power consumption 

=== System totals (total) ===
  cpu_time:  269781716932 ns
  energy:    12583109590000 (units of your kfunc)
  uncore_energy:    966427782101590000 (units of your kfunc)

=== PID → power (EMA) (pid_to_power) [comm="stress_core"] ===
PID      power             
180606   12                

=== PID → cumulative energy (pid_to_consumption) [comm="stress_core"] ===
PID      energy            
180606   493271810000      

[H[JPolling energy-fair scheduler maps every 100 millisecond(s)...
Real time since poller start: 41.236812 s
Filter: comm "stress_core"
Maps shown: total power consumption 

=== System totals (total) ===
  cpu_time:  269803565902 ns
  energy:    12584088600000 (units of your kfunc)
  uncore_energy:    966427956922750000 (units of your kfunc)

=== PID → power (EMA) (pid_to_power) [comm="stress_core"] ===
PID      power             
180606   12                

=== PID → cumulative energy (pid_to_consumption) [comm="stress_core"] ===
PID      energy            
180606   493271810000      

[H[JPolling energy-fair scheduler maps every 100 millisecond(s)...
Real time since poller start: 41.353909 s
Filter: comm "stress_core"
Maps shown: total power consumption 

=== System totals (total) ===
  cpu_time:  269826289192 ns
  energy:    12585052490000 (units of your kfunc)
  uncore_energy:    966428128788750000 (units of your kfunc)

=== PID → power (EMA) (pid_to_power) [comm="stress_core"] ===
PID      power             
180606   12                

=== PID → cumulative energy (pid_to_consumption) [comm="stress_core"] ===
PID      energy            
180606   493271810000      

[H[JPolling energy-fair scheduler maps every 100 millisecond(s)...
Real time since poller start: 41.470989 s
Filter: comm "stress_core"
Maps shown: total power consumption 

=== System totals (total) ===
  cpu_time:  269846735128 ns
  energy:    12585900120000 (units of your kfunc)
  uncore_energy:    966428291732630000 (units of your kfunc)

=== PID → power (EMA) (pid_to_power) [comm="stress_core"] ===
PID      power             
180606   12                

=== PID → cumulative energy (pid_to_consumption) [comm="stress_core"] ===
PID      energy            
180606   493271810000      

[H[JPolling energy-fair scheduler maps every 100 millisecond(s)...
Real time since poller start: 41.588141 s
Filter: comm "stress_core"
Maps shown: total power consumption 

=== System totals (total) ===
  cpu_time:  269867051012 ns
  energy:    12586776130000 (units of your kfunc)
  uncore_energy:    966428408488300000 (units of your kfunc)

=== PID → power (EMA) (pid_to_power) [comm="stress_core"] ===
PID      power             
180606   12                

=== PID → cumulative energy (pid_to_consumption) [comm="stress_core"] ===
PID      energy            
180606   493271810000      

[H[JPolling energy-fair scheduler maps every 100 millisecond(s)...
Real time since poller start: 41.705309 s
Filter: comm "stress_core"
Maps shown: total power consumption 

=== System totals (total) ===
  cpu_time:  269903469839 ns
  energy:    12588449890000 (units of your kfunc)
  uncore_energy:    966428585910000000 (units of your kfunc)

=== PID → power (EMA) (pid_to_power) [comm="stress_core"] ===
PID      power             
180606   12                

=== PID → cumulative energy (pid_to_consumption) [comm="stress_core"] ===
PID      energy            
180606   493271810000      

[H[JPolling energy-fair scheduler maps every 100 millisecond(s)...
Real time since poller start: 41.822448 s
Filter: comm "stress_core"
Maps shown: total power consumption 

=== System totals (total) ===
  cpu_time:  269925738725 ns
  energy:    12589415910000 (units of your kfunc)
  uncore_energy:    966428755544110000 (units of your kfunc)

=== PID → power (EMA) (pid_to_power) [comm="stress_core"] ===
PID      power             
180606   12                

=== PID → cumulative energy (pid_to_consumption) [comm="stress_core"] ===
PID      energy            
180606   493271810000      

[H[JPolling energy-fair scheduler maps every 100 millisecond(s)...
Real time since poller start: 41.939588 s
Filter: comm "stress_core"
Maps shown: total power consumption 

=== System totals (total) ===
  cpu_time:  269983141711 ns
  energy:    12591716470000 (units of your kfunc)
  uncore_energy:    966428903692000000 (units of your kfunc)

=== PID → power (EMA) (pid_to_power) [comm="stress_core"] ===
PID      power             
180606   12                

=== PID → cumulative energy (pid_to_consumption) [comm="stress_core"] ===
PID      energy            
180606   493271810000      

[H[JPolling energy-fair scheduler maps every 100 millisecond(s)...
Real time since poller start: 42.056663 s
Filter: comm "stress_core"
Maps shown: total power consumption 

=== System totals (total) ===
  cpu_time:  270010629706 ns
  energy:    12592874920000 (units of your kfunc)
  uncore_energy:    966429065323010000 (units of your kfunc)

=== PID → power (EMA) (pid_to_power) [comm="stress_core"] ===
PID      power             
180606   12                

=== PID → cumulative energy (pid_to_consumption) [comm="stress_core"] ===
PID      energy            
180606   493271810000      

[H[JPolling energy-fair scheduler maps every 100 millisecond(s)...
Real time since poller start: 42.173858 s
Filter: comm "stress_core"
Maps shown: total power consumption 

=== System totals (total) ===
  cpu_time:  270033941916 ns
  energy:    12593891610000 (units of your kfunc)
  uncore_energy:    966429219062790000 (units of your kfunc)

=== PID → power (EMA) (pid_to_power) [comm="stress_core"] ===
PID      power             
180606   12                

=== PID → cumulative energy (pid_to_consumption) [comm="stress_core"] ===
PID      energy            
180606   493271810000      

[H[JPolling energy-fair scheduler maps every 100 millisecond(s)...
Real time since poller start: 42.290973 s
Filter: comm "stress_core"
Maps shown: total power consumption 

=== System totals (total) ===
  cpu_time:  270064306487 ns
  energy:    12595085590000 (units of your kfunc)
  uncore_energy:    966429378490450000 (units of your kfunc)

=== PID → power (EMA) (pid_to_power) [comm="stress_core"] ===
PID      power             
180606   12                

=== PID → cumulative energy (pid_to_consumption) [comm="stress_core"] ===
PID      energy            
180606   493271810000      

[H[JPolling energy-fair scheduler maps every 100 millisecond(s)...
Real time since poller start: 42.408198 s
Filter: comm "stress_core"
Maps shown: total power consumption 

=== System totals (total) ===
  cpu_time:  270087216605 ns
  energy:    12596004460000 (units of your kfunc)
  uncore_energy:    966429535348680000 (units of your kfunc)

=== PID → power (EMA) (pid_to_power) [comm="stress_core"] ===
PID      power             
180606   12                

=== PID → cumulative energy (pid_to_consumption) [comm="stress_core"] ===
PID      energy            
180606   493271810000      

[H[JPolling energy-fair scheduler maps every 100 millisecond(s)...
Real time since poller start: 42.525406 s
Filter: comm "stress_core"
Maps shown: total power consumption 

=== System totals (total) ===
  cpu_time:  270111174041 ns
  energy:    12597018100000 (units of your kfunc)
  uncore_energy:    966429637459430000 (units of your kfunc)

=== PID → power (EMA) (pid_to_power) [comm="stress_core"] ===
PID      power             
180606   12                

=== PID → cumulative energy (pid_to_consumption) [comm="stress_core"] ===
PID      energy            
180606   493271810000      

[H[JPolling energy-fair scheduler maps every 100 millisecond(s)...
Real time since poller start: 42.642562 s
Filter: comm "stress_core"
Maps shown: total power consumption 

=== System totals (total) ===
  cpu_time:  270137929582 ns
  energy:    12598221860000 (units of your kfunc)
  uncore_energy:    966429793468350000 (units of your kfunc)

=== PID → power (EMA) (pid_to_power) [comm="stress_core"] ===
PID      power             
180606   12                

=== PID → cumulative energy (pid_to_consumption) [comm="stress_core"] ===
PID      energy            
180606   493271810000      

[H[JPolling energy-fair scheduler maps every 100 millisecond(s)...
Real time since poller start: 42.759784 s
Filter: comm "stress_core"
Maps shown: total power consumption 

=== System totals (total) ===
  cpu_time:  270159029521 ns
  energy:    12599116020000 (units of your kfunc)
  uncore_energy:    966429946051360000 (units of your kfunc)

=== PID → power (EMA) (pid_to_power) [comm="stress_core"] ===
PID      power             
180606   12                

=== PID → cumulative energy (pid_to_consumption) [comm="stress_core"] ===
PID      energy            
180606   493271810000      

[H[JPolling energy-fair scheduler maps every 100 millisecond(s)...
Real time since poller start: 42.876960 s
Filter: comm "stress_core"
Maps shown: total power consumption 

=== System totals (total) ===
  cpu_time:  270183129748 ns
  energy:    12600175130000 (units of your kfunc)
  uncore_energy:    966430147739290000 (units of your kfunc)

=== PID → power (EMA) (pid_to_power) [comm="stress_core"] ===
PID      power             
180606   12                

=== PID → cumulative energy (pid_to_consumption) [comm="stress_core"] ===
PID      energy            
180606   493271810000      

[H[JPolling energy-fair scheduler maps every 100 millisecond(s)...
Real time since poller start: 42.994163 s
Filter: comm "stress_core"
Maps shown: total power consumption 

=== System totals (total) ===
  cpu_time:  270205258042 ns
  energy:    12601113670000 (units of your kfunc)
  uncore_energy:    966430302209380000 (units of your kfunc)

=== PID → power (EMA) (pid_to_power) [comm="stress_core"] ===
PID      power             
180606   12                

=== PID → cumulative energy (pid_to_consumption) [comm="stress_core"] ===
PID      energy            
180606   493271810000      

[H[JPolling energy-fair scheduler maps every 100 millisecond(s)...
Real time since poller start: 43.111403 s
Filter: comm "stress_core"
Maps shown: total power consumption 

=== System totals (total) ===
  cpu_time:  270234340528 ns
  energy:    12602309200000 (units of your kfunc)
  uncore_energy:    966430425429140000 (units of your kfunc)

=== PID → power (EMA) (pid_to_power) [comm="stress_core"] ===
PID      power             
180606   12                

=== PID → cumulative energy (pid_to_consumption) [comm="stress_core"] ===
PID      energy            
180606   493271810000      

[H[JPolling energy-fair scheduler maps every 100 millisecond(s)...
Real time since poller start: 43.228654 s
Filter: comm "stress_core"
Maps shown: total power consumption 

=== System totals (total) ===
  cpu_time:  270269582939 ns
  energy:    12603949810000 (units of your kfunc)
  uncore_energy:    966430619383770000 (units of your kfunc)

=== PID → power (EMA) (pid_to_power) [comm="stress_core"] ===
PID      power             
180606   12                

=== PID → cumulative energy (pid_to_consumption) [comm="stress_core"] ===
PID      energy            
180606   493271810000      

[H[JPolling energy-fair scheduler maps every 100 millisecond(s)...
Real time since poller start: 43.345860 s
Filter: comm "stress_core"
Maps shown: total power consumption 

=== System totals (total) ===
  cpu_time:  270295086895 ns
  energy:    12605045380000 (units of your kfunc)
  uncore_energy:    966430732920770000 (units of your kfunc)

=== PID → power (EMA) (pid_to_power) [comm="stress_core"] ===
PID      power             
180606   12                

=== PID → cumulative energy (pid_to_consumption) [comm="stress_core"] ===
PID      energy            
180606   493271810000      

[H[JPolling energy-fair scheduler maps every 100 millisecond(s)...
Real time since poller start: 43.463072 s
Filter: comm "stress_core"
Maps shown: total power consumption 

=== System totals (total) ===
  cpu_time:  270320754238 ns
  energy:    12606180320000 (units of your kfunc)
  uncore_energy:    966430910979560000 (units of your kfunc)

=== PID → power (EMA) (pid_to_power) [comm="stress_core"] ===
PID      power             
180606   12                

=== PID → cumulative energy (pid_to_consumption) [comm="stress_core"] ===
PID      energy            
180606   493271810000      

[H[JPolling energy-fair scheduler maps every 100 millisecond(s)...
Real time since poller start: 43.580280 s
Filter: comm "stress_core"
Maps shown: total power consumption 

=== System totals (total) ===
  cpu_time:  270342011827 ns
  energy:    12607145440000 (units of your kfunc)
  uncore_energy:    966431067831510000 (units of your kfunc)

=== PID → power (EMA) (pid_to_power) [comm="stress_core"] ===
PID      power             
180606   12                

=== PID → cumulative energy (pid_to_consumption) [comm="stress_core"] ===
PID      energy            
180606   493271810000      

[H[JPolling energy-fair scheduler maps every 100 millisecond(s)...
Real time since poller start: 43.697450 s
Filter: comm "stress_core"
Maps shown: total power consumption 

=== System totals (total) ===
  cpu_time:  270398188490 ns
  energy:    12609395070000 (units of your kfunc)
  uncore_energy:    966431216129980000 (units of your kfunc)

=== PID → power (EMA) (pid_to_power) [comm="stress_core"] ===
PID      power             
180606   12                

=== PID → cumulative energy (pid_to_consumption) [comm="stress_core"] ===
PID      energy            
180606   493271810000      

[H[JPolling energy-fair scheduler maps every 100 millisecond(s)...
Real time since poller start: 43.814592 s
Filter: comm "stress_core"
Maps shown: total power consumption 

=== System totals (total) ===
  cpu_time:  270419467281 ns
  energy:    12610316090000 (units of your kfunc)
  uncore_energy:    966431344503850000 (units of your kfunc)

=== PID → power (EMA) (pid_to_power) [comm="stress_core"] ===
PID      power             
180606   12                

=== PID → cumulative energy (pid_to_consumption) [comm="stress_core"] ===
PID      energy            
180606   493271810000      

[H[JPolling energy-fair scheduler maps every 100 millisecond(s)...
Real time since poller start: 43.934831 s
Filter: comm "stress_core"
Maps shown: total power consumption 

=== System totals (total) ===
  cpu_time:  270556330468 ns
  energy:    12615969770000 (units of your kfunc)
  uncore_energy:    966431553445660000 (units of your kfunc)

=== PID → power (EMA) (pid_to_power) [comm="stress_core"] ===
PID      power             
180606   12                

=== PID → cumulative energy (pid_to_consumption) [comm="stress_core"] ===
PID      energy            
180606   493271810000      

[H[JPolling energy-fair scheduler maps every 100 millisecond(s)...
Real time since poller start: 44.052132 s
Filter: comm "stress_core"
Maps shown: total power consumption 

=== System totals (total) ===
  cpu_time:  270689713486 ns
  energy:    12619132220000 (units of your kfunc)
  uncore_energy:    966431710432140000 (units of your kfunc)

=== PID → power (EMA) (pid_to_power) [comm="stress_core"] ===
PID      power             
180606   12                

=== PID → cumulative energy (pid_to_consumption) [comm="stress_core"] ===
PID      energy            
180606   493271810000      

[H[JPolling energy-fair scheduler maps every 100 millisecond(s)...
Real time since poller start: 44.169426 s
Filter: comm "stress_core"
Maps shown: total power consumption 

=== System totals (total) ===
  cpu_time:  270814664398 ns
  energy:    12622982430000 (units of your kfunc)
  uncore_energy:    966431869701890000 (units of your kfunc)

=== PID → power (EMA) (pid_to_power) [comm="stress_core"] ===
PID      power             
180606   17                

=== PID → cumulative energy (pid_to_consumption) [comm="stress_core"] ===
PID      energy            
180606   494723820000      

[H[JPolling energy-fair scheduler maps every 100 millisecond(s)...
Real time since poller start: 44.286715 s
Filter: comm "stress_core"
Maps shown: total power consumption 

=== System totals (total) ===
  cpu_time:  270952089754 ns
  energy:    12626165520000 (units of your kfunc)
  uncore_energy:    966432027622620000 (units of your kfunc)

=== PID → power (EMA) (pid_to_power) [comm="stress_core"] ===
PID      power             
180606   25                

=== PID → cumulative energy (pid_to_consumption) [comm="stress_core"] ===
PID      energy            
180606   496880460000      

[H[JPolling energy-fair scheduler maps every 100 millisecond(s)...
Real time since poller start: 44.404005 s
Filter: comm "stress_core"
Maps shown: total power consumption 

=== System totals (total) ===
  cpu_time:  271102765141 ns
  energy:    12629882100000 (units of your kfunc)
  uncore_energy:    966432184743900000 (units of your kfunc)

=== PID → power (EMA) (pid_to_power) [comm="stress_core"] ===
PID      power             
180606   15                

=== PID → cumulative energy (pid_to_consumption) [comm="stress_core"] ===
PID      energy            
180606   498883040000      

[H[JPolling energy-fair scheduler maps every 100 millisecond(s)...
Real time since poller start: 44.521341 s
Filter: comm "stress_core"
Maps shown: total power consumption 

=== System totals (total) ===
  cpu_time:  271240552670 ns
  energy:    12632828060000 (units of your kfunc)
  uncore_energy:    966432344655610000 (units of your kfunc)

=== PID → power (EMA) (pid_to_power) [comm="stress_core"] ===
PID      power             
180606   15                

=== PID → cumulative energy (pid_to_consumption) [comm="stress_core"] ===
PID      energy            
180606   500838960000      

[H[JPolling energy-fair scheduler maps every 100 millisecond(s)...
Real time since poller start: 44.638571 s
Filter: comm "stress_core"
Maps shown: total power consumption 

=== System totals (total) ===
  cpu_time:  271377186664 ns
  energy:    12635801910000 (units of your kfunc)
  uncore_energy:    966432502269070000 (units of your kfunc)

=== PID → power (EMA) (pid_to_power) [comm="stress_core"] ===
PID      power             
180606   15                

=== PID → cumulative energy (pid_to_consumption) [comm="stress_core"] ===
PID      energy            
180606   502801630000      

[H[JPolling energy-fair scheduler maps every 100 millisecond(s)...
Real time since poller start: 44.755832 s
Filter: comm "stress_core"
Maps shown: total power consumption 

=== System totals (total) ===
  cpu_time:  271511936454 ns
  energy:    12638722570000 (units of your kfunc)
  uncore_energy:    966432659970970000 (units of your kfunc)

=== PID → power (EMA) (pid_to_power) [comm="stress_core"] ===
PID      power             
180606   16                

=== PID → cumulative energy (pid_to_consumption) [comm="stress_core"] ===
PID      energy            
180606   504837580000      

[H[JPolling energy-fair scheduler maps every 100 millisecond(s)...
Real time since poller start: 44.873107 s
Filter: comm "stress_core"
Maps shown: total power consumption 

=== System totals (total) ===
  cpu_time:  271649852986 ns
  energy:    12641846170000 (units of your kfunc)
  uncore_energy:    966432817487020000 (units of your kfunc)

=== PID → power (EMA) (pid_to_power) [comm="stress_core"] ===
PID      power             
180606   16                

=== PID → cumulative energy (pid_to_consumption) [comm="stress_core"] ===
PID      energy            
180606   506857210000      

[H[JPolling energy-fair scheduler maps every 100 millisecond(s)...
Real time since poller start: 44.990301 s
Filter: comm "stress_core"
Maps shown: total power consumption 

=== System totals (total) ===
  cpu_time:  271786569697 ns
  energy:    12644799950000 (units of your kfunc)
  uncore_energy:    966432976439210000 (units of your kfunc)

=== PID → power (EMA) (pid_to_power) [comm="stress_core"] ===
PID      power             
180606   16                

=== PID → cumulative energy (pid_to_consumption) [comm="stress_core"] ===
PID      energy            
180606   508848170000      

[H[JPolling energy-fair scheduler maps every 100 millisecond(s)...
Real time since poller start: 45.107561 s
Filter: comm "stress_core"
Maps shown: total power consumption 

=== System totals (total) ===
  cpu_time:  271921626502 ns
  energy:    12647720320000 (units of your kfunc)
  uncore_energy:    966433134085400000 (units of your kfunc)

=== PID → power (EMA) (pid_to_power) [comm="stress_core"] ===
PID      power             
180606   15                

=== PID → cumulative energy (pid_to_consumption) [comm="stress_core"] ===
PID      energy            
180606   510828950000      

[H[JPolling energy-fair scheduler maps every 100 millisecond(s)...
Real time since poller start: 45.224823 s
Filter: comm "stress_core"
Maps shown: total power consumption 

=== System totals (total) ===
  cpu_time:  272055208066 ns
  energy:    12650621970000 (units of your kfunc)
  uncore_energy:    966433291176580000 (units of your kfunc)

=== PID → power (EMA) (pid_to_power) [comm="stress_core"] ===
PID      power             
180606   16                

=== PID → cumulative energy (pid_to_consumption) [comm="stress_core"] ===
PID      energy            
180606   512819630000      

[H[JPolling energy-fair scheduler maps every 100 millisecond(s)...
Real time since poller start: 45.342101 s
Filter: comm "stress_core"
Maps shown: total power consumption 

=== System totals (total) ===
  cpu_time:  272206131201 ns
  energy:    12654287560000 (units of your kfunc)
  uncore_energy:    966433447806700000 (units of your kfunc)

=== PID → power (EMA) (pid_to_power) [comm="stress_core"] ===
PID      power             
180606   16                

=== PID → cumulative energy (pid_to_consumption) [comm="stress_core"] ===
PID      energy            
180606   514851120000      

[H[JPolling energy-fair scheduler maps every 100 millisecond(s)...
Real time since poller start: 45.459379 s
Filter: comm "stress_core"
Maps shown: total power consumption 

=== System totals (total) ===
  cpu_time:  272373355338 ns
  energy:    12658305820000 (units of your kfunc)
  uncore_energy:    966433606183770000 (units of your kfunc)

=== PID → power (EMA) (pid_to_power) [comm="stress_core"] ===
PID      power             
180606   17                

=== PID → cumulative energy (pid_to_consumption) [comm="stress_core"] ===
PID      energy            
180606   516881030000      

[H[JPolling energy-fair scheduler maps every 100 millisecond(s)...
Real time since poller start: 45.576599 s
Filter: comm "stress_core"
Maps shown: total power consumption 

=== System totals (total) ===
  cpu_time:  272506957908 ns
  energy:    12661285860000 (units of your kfunc)
  uncore_energy:    966433762981410000 (units of your kfunc)

=== PID → power (EMA) (pid_to_power) [comm="stress_core"] ===
PID      power             
180606   18                

=== PID → cumulative energy (pid_to_consumption) [comm="stress_core"] ===
PID      energy            
180606   518912890000      

[H[JPolling energy-fair scheduler maps every 100 millisecond(s)...
Real time since poller start: 45.693912 s
Filter: comm "stress_core"
Maps shown: total power consumption 

=== System totals (total) ===
  cpu_time:  272643497311 ns
  energy:    12664500230000 (units of your kfunc)
  uncore_energy:    966433920013160000 (units of your kfunc)

=== PID → power (EMA) (pid_to_power) [comm="stress_core"] ===
PID      power             
180606   20                

=== PID → cumulative energy (pid_to_consumption) [comm="stress_core"] ===
PID      energy            
180606   521096550000      

[H[JPolling energy-fair scheduler maps every 100 millisecond(s)...
Real time since poller start: 45.811174 s
Filter: comm "stress_core"
Maps shown: total power consumption 

=== System totals (total) ===
  cpu_time:  272780441936 ns
  energy:    12667678360000 (units of your kfunc)
  uncore_energy:    966434077828380000 (units of your kfunc)

=== PID → power (EMA) (pid_to_power) [comm="stress_core"] ===
PID      power             
180606   17                

=== PID → cumulative energy (pid_to_consumption) [comm="stress_core"] ===
PID      energy            
180606   523243790000      

[H[JPolling energy-fair scheduler maps every 100 millisecond(s)...
Real time since poller start: 45.928452 s
Filter: comm "stress_core"
Maps shown: total power consumption 

=== System totals (total) ===
  cpu_time:  272918885670 ns
  energy:    12670785060000 (units of your kfunc)
  uncore_energy:    966434234926450000 (units of your kfunc)

=== PID → power (EMA) (pid_to_power) [comm="stress_core"] ===
PID      power             
180606   17                

=== PID → cumulative energy (pid_to_consumption) [comm="stress_core"] ===
PID      energy            
180606   525347950000      

[H[JPolling energy-fair scheduler maps every 100 millisecond(s)...
Real time since poller start: 46.045720 s
Filter: comm "stress_core"
Maps shown: total power consumption 

=== System totals (total) ===
  cpu_time:  273057016823 ns
  energy:    12674119780000 (units of your kfunc)
  uncore_energy:    966434391987550000 (units of your kfunc)

=== PID → power (EMA) (pid_to_power) [comm="stress_core"] ===
PID      power             
180606   17                

=== PID → cumulative energy (pid_to_consumption) [comm="stress_core"] ===
PID      energy            
180606   527487140000      

[H[JPolling energy-fair scheduler maps every 100 millisecond(s)...
Real time since poller start: 46.162922 s
Filter: comm "stress_core"
Maps shown: total power consumption 

=== System totals (total) ===
  cpu_time:  273192465705 ns
  energy:    12677192590000 (units of your kfunc)
  uncore_energy:    966434547997530000 (units of your kfunc)

=== PID → power (EMA) (pid_to_power) [comm="stress_core"] ===
PID      power             
180606   17                

=== PID → cumulative energy (pid_to_consumption) [comm="stress_core"] ===
PID      energy            
180606   529571800000      

[H[JPolling energy-fair scheduler maps every 100 millisecond(s)...
Real time since poller start: 46.280174 s
Filter: comm "stress_core"
Maps shown: total power consumption 

=== System totals (total) ===
  cpu_time:  273330552579 ns
  energy:    12680337880000 (units of your kfunc)
  uncore_energy:    966434706078740000 (units of your kfunc)

=== PID → power (EMA) (pid_to_power) [comm="stress_core"] ===
PID      power             
180606   18                

=== PID → cumulative energy (pid_to_consumption) [comm="stress_core"] ===
PID      energy            
180606   531691410000      

[H[JPolling energy-fair scheduler maps every 100 millisecond(s)...
Real time since poller start: 46.397471 s
Filter: comm "stress_core"
Maps shown: total power consumption 

=== System totals (total) ===
  cpu_time:  273464523970 ns
  energy:    12683394170000 (units of your kfunc)
  uncore_energy:    966434862179860000 (units of your kfunc)

=== PID → power (EMA) (pid_to_power) [comm="stress_core"] ===
PID      power             
180606   18                

=== PID → cumulative energy (pid_to_consumption) [comm="stress_core"] ===
PID      energy            
180606   533818770000      

[H[JPolling energy-fair scheduler maps every 100 millisecond(s)...
Real time since poller start: 46.514767 s
Filter: comm "stress_core"
Maps shown: total power consumption 

=== System totals (total) ===
  cpu_time:  273616239116 ns
  energy:    12687217460000 (units of your kfunc)
  uncore_energy:    966435019467260000 (units of your kfunc)

=== PID → power (EMA) (pid_to_power) [comm="stress_core"] ===
PID      power             
180606   18                

=== PID → cumulative energy (pid_to_consumption) [comm="stress_core"] ===
PID      energy            
180606   535939930000      

[H[JPolling energy-fair scheduler maps every 100 millisecond(s)...
Real time since poller start: 46.632005 s
Filter: comm "stress_core"
Maps shown: total power consumption 

=== System totals (total) ===
  cpu_time:  273752895311 ns
  energy:    12690363180000 (units of your kfunc)
  uncore_energy:    966435173937500000 (units of your kfunc)

=== PID → power (EMA) (pid_to_power) [comm="stress_core"] ===
PID      power             
180606   17                

=== PID → cumulative energy (pid_to_consumption) [comm="stress_core"] ===
PID      energy            
180606   538133190000      

[H[JPolling energy-fair scheduler maps every 100 millisecond(s)...
Real time since poller start: 46.749245 s
Filter: comm "stress_core"
Maps shown: total power consumption 

=== System totals (total) ===
  cpu_time:  273888620657 ns
  energy:    12693705740000 (units of your kfunc)
  uncore_energy:    966435331542210000 (units of your kfunc)

=== PID → power (EMA) (pid_to_power) [comm="stress_core"] ===
PID      power             
180606   28                

=== PID → cumulative energy (pid_to_consumption) [comm="stress_core"] ===
PID      energy            
180606   540514930000      

[H[JPolling energy-fair scheduler maps every 100 millisecond(s)...
Real time since poller start: 46.866527 s
Filter: comm "stress_core"
Maps shown: total power consumption 

=== System totals (total) ===
  cpu_time:  274024706469 ns
  energy:    12696851080000 (units of your kfunc)
  uncore_energy:    966435487861290000 (units of your kfunc)

=== PID → power (EMA) (pid_to_power) [comm="stress_core"] ===
PID      power             
180606   19                

=== PID → cumulative energy (pid_to_consumption) [comm="stress_core"] ===
PID      energy            
180606   542660310000      

[H[JPolling energy-fair scheduler maps every 100 millisecond(s)...
Real time since poller start: 46.983766 s
Filter: comm "stress_core"
Maps shown: total power consumption 

=== System totals (total) ===
  cpu_time:  274162256207 ns
  energy:    12700165570000 (units of your kfunc)
  uncore_energy:    966435643210430000 (units of your kfunc)

=== PID → power (EMA) (pid_to_power) [comm="stress_core"] ===
PID      power             
180606   16                

=== PID → cumulative energy (pid_to_consumption) [comm="stress_core"] ===
PID      energy            
180606   544845420000      

[H[JPolling energy-fair scheduler maps every 100 millisecond(s)...
Real time since poller start: 47.100974 s
Filter: comm "stress_core"
Maps shown: total power consumption 

=== System totals (total) ===
  cpu_time:  274301242127 ns
  energy:    12703462730000 (units of your kfunc)
  uncore_energy:    966435799520360000 (units of your kfunc)

=== PID → power (EMA) (pid_to_power) [comm="stress_core"] ===
PID      power             
180606   17                

=== PID → cumulative energy (pid_to_consumption) [comm="stress_core"] ===
PID      energy            
180606   547045860000      

[H[JPolling energy-fair scheduler maps every 100 millisecond(s)...
Real time since poller start: 47.218228 s
Filter: comm "stress_core"
Maps shown: total power consumption 

=== System totals (total) ===
  cpu_time:  274466917687 ns
  energy:    12707649200000 (units of your kfunc)
  uncore_energy:    966435956607080000 (units of your kfunc)

=== PID → power (EMA) (pid_to_power) [comm="stress_core"] ===
PID      power             
180606   17                

=== PID → cumulative energy (pid_to_consumption) [comm="stress_core"] ===
PID      energy            
180606   549278760000      

[H[JPolling energy-fair scheduler maps every 100 millisecond(s)...
Real time since poller start: 47.335533 s
Filter: comm "stress_core"
Maps shown: total power consumption 

=== System totals (total) ===
  cpu_time:  274605417544 ns
  energy:    12711022750000 (units of your kfunc)
  uncore_energy:    966436111410110000 (units of your kfunc)

=== PID → power (EMA) (pid_to_power) [comm="stress_core"] ===
PID      power             
180606   21                

=== PID → cumulative energy (pid_to_consumption) [comm="stress_core"] ===
PID      energy            
180606   551560410000      

[H[JPolling energy-fair scheduler maps every 100 millisecond(s)...
Real time since poller start: 47.452883 s
Filter: comm "stress_core"
Maps shown: total power consumption 

=== System totals (total) ===
  cpu_time:  274739243668 ns
  energy:    12714166530000 (units of your kfunc)
  uncore_energy:    966436266889680000 (units of your kfunc)

=== PID → power (EMA) (pid_to_power) [comm="stress_core"] ===
PID      power             
180606   19                

=== PID → cumulative energy (pid_to_consumption) [comm="stress_core"] ===
PID      energy            
180606   553771100000      

[H[JPolling energy-fair scheduler maps every 100 millisecond(s)...
Real time since poller start: 47.570182 s
Filter: comm "stress_core"
Maps shown: total power consumption 

=== System totals (total) ===
  cpu_time:  274877273001 ns
  energy:    12717419840000 (units of your kfunc)
  uncore_energy:    966436423791400000 (units of your kfunc)

=== PID → power (EMA) (pid_to_power) [comm="stress_core"] ===
PID      power             
180606   18                

=== PID → cumulative energy (pid_to_consumption) [comm="stress_core"] ===
PID      energy            
180606   555991850000      

[H[JPolling energy-fair scheduler maps every 100 millisecond(s)...
Real time since poller start: 47.687463 s
Filter: comm "stress_core"
Maps shown: total power consumption 

=== System totals (total) ===
  cpu_time:  275029888946 ns
  energy:    12721439640000 (units of your kfunc)
  uncore_energy:    966436578896960000 (units of your kfunc)

=== PID → power (EMA) (pid_to_power) [comm="stress_core"] ===
PID      power             
180606   19                

=== PID → cumulative energy (pid_to_consumption) [comm="stress_core"] ===
PID      energy            
180606   558258250000      

[H[JPolling energy-fair scheduler maps every 100 millisecond(s)...
Real time since poller start: 47.804733 s
Filter: comm "stress_core"
Maps shown: total power consumption 

=== System totals (total) ===
  cpu_time:  275164757226 ns
  energy:    12724754750000 (units of your kfunc)
  uncore_energy:    966436733924750000 (units of your kfunc)

=== PID → power (EMA) (pid_to_power) [comm="stress_core"] ===
PID      power             
180606   18                

=== PID → cumulative energy (pid_to_consumption) [comm="stress_core"] ===
PID      energy            
180606   560598360000      

[H[JPolling energy-fair scheduler maps every 100 millisecond(s)...
Real time since poller start: 47.921989 s
Filter: comm "stress_core"
Maps shown: total power consumption 

=== System totals (total) ===
  cpu_time:  275301986352 ns
  energy:    12728078140000 (units of your kfunc)
  uncore_energy:    966436889039320000 (units of your kfunc)

=== PID → power (EMA) (pid_to_power) [comm="stress_core"] ===
PID      power             
180606   19                

=== PID → cumulative energy (pid_to_consumption) [comm="stress_core"] ===
PID      energy            
180606   562902540000      

[H[JPolling energy-fair scheduler maps every 100 millisecond(s)...
Real time since poller start: 48.039228 s
Filter: comm "stress_core"
Maps shown: total power consumption 

=== System totals (total) ===
  cpu_time:  275457818923 ns
  energy:    12732312950000 (units of your kfunc)
  uncore_energy:    966437045247470000 (units of your kfunc)

=== PID → power (EMA) (pid_to_power) [comm="stress_core"] ===
PID      power             
180606   24                

=== PID → cumulative energy (pid_to_consumption) [comm="stress_core"] ===
PID      energy            
180606   565246450000      

[H[JPolling energy-fair scheduler maps every 100 millisecond(s)...
Real time since poller start: 48.156495 s
Filter: comm "stress_core"
Maps shown: total power consumption 

=== System totals (total) ===
  cpu_time:  275593694696 ns
  energy:    12735677460000 (units of your kfunc)
  uncore_energy:    966437200218990000 (units of your kfunc)

=== PID → power (EMA) (pid_to_power) [comm="stress_core"] ===
PID      power             
180606   18                

=== PID → cumulative energy (pid_to_consumption) [comm="stress_core"] ===
PID      energy            
180606   567555650000      

[H[JPolling energy-fair scheduler maps every 100 millisecond(s)...
Real time since poller start: 48.273763 s
Filter: comm "stress_core"
Maps shown: total power consumption 

=== System totals (total) ===
  cpu_time:  275808868321 ns
  energy:    12742318560000 (units of your kfunc)
  uncore_energy:    966437363268900000 (units of your kfunc)

=== PID → power (EMA) (pid_to_power) [comm="stress_core"] ===
PID      power             
180606   26                

=== PID → cumulative energy (pid_to_consumption) [comm="stress_core"] ===
PID      energy            
180606   570595510000      

[H[JPolling energy-fair scheduler maps every 100 millisecond(s)...
Real time since poller start: 48.390994 s
Filter: comm "stress_core"
Maps shown: total power consumption 

=== System totals (total) ===
  cpu_time:  276057843902 ns
  energy:    12750281380000 (units of your kfunc)
  uncore_energy:    966437520344840000 (units of your kfunc)

=== PID → power (EMA) (pid_to_power) [comm="stress_core"] ===
PID      power             
180606   25                

=== PID → cumulative energy (pid_to_consumption) [comm="stress_core"] ===
PID      energy            
180606   573954080000      

[H[JPolling energy-fair scheduler maps every 100 millisecond(s)...
Real time since poller start: 48.508275 s
Filter: comm "stress_core"
Maps shown: total power consumption 

=== System totals (total) ===
  cpu_time:  276291800008 ns
  energy:    12757837850000 (units of your kfunc)
  uncore_energy:    966437682039620000 (units of your kfunc)

=== PID → power (EMA) (pid_to_power) [comm="stress_core"] ===
PID      power             
180606   21                

=== PID → cumulative energy (pid_to_consumption) [comm="stress_core"] ===
PID      energy            
180606   577059860000      

[H[JPolling energy-fair scheduler maps every 100 millisecond(s)...
Real time since poller start: 48.625528 s
Filter: comm "stress_core"
Maps shown: total power consumption 

=== System totals (total) ===
  cpu_time:  276443032610 ns
  energy:    12761989160000 (units of your kfunc)
  uncore_energy:    966437837470520000 (units of your kfunc)

=== PID → power (EMA) (pid_to_power) [comm="stress_core"] ===
PID      power             
180606   19                

=== PID → cumulative energy (pid_to_consumption) [comm="stress_core"] ===
PID      energy            
180606   579407550000      

[H[JPolling energy-fair scheduler maps every 100 millisecond(s)...
Real time since poller start: 48.742803 s
Filter: comm "stress_core"
Maps shown: total power consumption 

=== System totals (total) ===
  cpu_time:  276580755148 ns
  energy:    12765483710000 (units of your kfunc)
  uncore_energy:    966437992066030000 (units of your kfunc)

=== PID → power (EMA) (pid_to_power) [comm="stress_core"] ===
PID      power             
180606   20                

=== PID → cumulative energy (pid_to_consumption) [comm="stress_core"] ===
PID      energy            
180606   581788200000      

[H[JPolling energy-fair scheduler maps every 100 millisecond(s)...
Real time since poller start: 48.860172 s
Filter: comm "stress_core"
Maps shown: total power consumption 

=== System totals (total) ===
  cpu_time:  276752036312 ns
  energy:    12770224610000 (units of your kfunc)
  uncore_energy:    966438147893520000 (units of your kfunc)

=== PID → power (EMA) (pid_to_power) [comm="stress_core"] ===
PID      power             
180606   19                

=== PID → cumulative energy (pid_to_consumption) [comm="stress_core"] ===
PID      energy            
180606   584314430000      

[H[JPolling energy-fair scheduler maps every 100 millisecond(s)...
Real time since poller start: 48.977467 s
Filter: comm "stress_core"
Maps shown: total power consumption 

=== System totals (total) ===
  cpu_time:  276885198441 ns
  energy:    12773391430000 (units of your kfunc)
  uncore_energy:    966438302503950000 (units of your kfunc)

=== PID → power (EMA) (pid_to_power) [comm="stress_core"] ===
PID      power             
180606   17                

=== PID → cumulative energy (pid_to_consumption) [comm="stress_core"] ===
PID      energy            
180606   586630860000      

[H[JPolling energy-fair scheduler maps every 100 millisecond(s)...
Real time since poller start: 49.094686 s
Filter: comm "stress_core"
Maps shown: total power consumption 

=== System totals (total) ===
  cpu_time:  277022910999 ns
  energy:    12776780150000 (units of your kfunc)
  uncore_energy:    966438455974510000 (units of your kfunc)

=== PID → power (EMA) (pid_to_power) [comm="stress_core"] ===
PID      power             
180606   20                

=== PID → cumulative energy (pid_to_consumption) [comm="stress_core"] ===
PID      energy            
180606   588975900000      

[H[JPolling energy-fair scheduler maps every 100 millisecond(s)...
Real time since poller start: 49.212016 s
Filter: comm "stress_core"
Maps shown: total power consumption 

=== System totals (total) ===
  cpu_time:  277090892108 ns
  energy:    12778723830000 (units of your kfunc)
  uncore_energy:    966438608701240000 (units of your kfunc)

=== PID → power (EMA) (pid_to_power) [comm="stress_core"] ===
PID      power             
180606   31                

=== PID → cumulative energy (pid_to_consumption) [comm="stress_core"] ===
PID      energy            
180606   589641030000      

[H[JPolling energy-fair scheduler maps every 100 millisecond(s)...
Real time since poller start: 49.329240 s
Filter: comm "stress_core"
Maps shown: total power consumption 

=== System totals (total) ===
  cpu_time:  277125063580 ns
  energy:    12780185920000 (units of your kfunc)
  uncore_energy:    966438754633110000 (units of your kfunc)

=== PID → power (EMA) (pid_to_power) [comm="stress_core"] ===
PID      power             
180606   31                

=== PID → cumulative energy (pid_to_consumption) [comm="stress_core"] ===
PID      energy            
180606   589641030000      

[H[JPolling energy-fair scheduler maps every 100 millisecond(s)...
Real time since poller start: 49.446415 s
Filter: comm "stress_core"
Maps shown: total power consumption 

=== System totals (total) ===
  cpu_time:  277146839883 ns
  energy:    12781102820000 (units of your kfunc)
  uncore_energy:    966438849257890000 (units of your kfunc)

=== PID → power (EMA) (pid_to_power) [comm="stress_core"] ===
PID      power             
180606   31                

=== PID → cumulative energy (pid_to_consumption) [comm="stress_core"] ===
PID      energy            
180606   589641030000      

[H[JPolling energy-fair scheduler maps every 100 millisecond(s)...
Real time since poller start: 49.563592 s
Filter: comm "stress_core"
Maps shown: total power consumption 

=== System totals (total) ===
  cpu_time:  277171746074 ns
  energy:    12782159640000 (units of your kfunc)
  uncore_energy:    966439061085900000 (units of your kfunc)

=== PID → power (EMA) (pid_to_power) [comm="stress_core"] ===
PID      power             
180606   31                

=== PID → cumulative energy (pid_to_consumption) [comm="stress_core"] ===
PID      energy            
180606   589641030000      

[H[JPolling energy-fair scheduler maps every 100 millisecond(s)...
Real time since poller start: 49.680781 s
Filter: comm "stress_core"
Maps shown: total power consumption 

=== System totals (total) ===
  cpu_time:  277210990252 ns
  energy:    12783927830000 (units of your kfunc)
  uncore_energy:    966439206425560000 (units of your kfunc)

=== PID → power (EMA) (pid_to_power) [comm="stress_core"] ===
PID      power             
180606   31                

=== PID → cumulative energy (pid_to_consumption) [comm="stress_core"] ===
PID      energy            
180606   589641030000      

[H[JPolling energy-fair scheduler maps every 100 millisecond(s)...
Real time since poller start: 49.798000 s
Filter: comm "stress_core"
Maps shown: total power consumption 

=== System totals (total) ===
  cpu_time:  277231980550 ns
  energy:    12784799570000 (units of your kfunc)
  uncore_energy:    966439364639210000 (units of your kfunc)

=== PID → power (EMA) (pid_to_power) [comm="stress_core"] ===
PID      power             
180606   31                

=== PID → cumulative energy (pid_to_consumption) [comm="stress_core"] ===
PID      energy            
180606   589641030000      

[H[JPolling energy-fair scheduler maps every 100 millisecond(s)...
Real time since poller start: 49.915207 s
Filter: comm "stress_core"
Maps shown: total power consumption 

=== System totals (total) ===
  cpu_time:  277260414012 ns
  energy:    12785919890000 (units of your kfunc)
  uncore_energy:    966439509180510000 (units of your kfunc)

=== PID → power (EMA) (pid_to_power) [comm="stress_core"] ===
PID      power             
180606   31                

=== PID → cumulative energy (pid_to_consumption) [comm="stress_core"] ===
PID      energy            
180606   589641030000      

[H[JPolling energy-fair scheduler maps every 100 millisecond(s)...
Real time since poller start: 50.032387 s
Filter: comm "stress_core"
Maps shown: total power consumption 

=== System totals (total) ===
  cpu_time:  277284313517 ns
  energy:    12786906220000 (units of your kfunc)
  uncore_energy:    966439649102230000 (units of your kfunc)

=== PID → power (EMA) (pid_to_power) [comm="stress_core"] ===
PID      power             
180606   31                

=== PID → cumulative energy (pid_to_consumption) [comm="stress_core"] ===
PID      energy            
180606   589641030000      

[H[JPolling energy-fair scheduler maps every 100 millisecond(s)...
Real time since poller start: 50.149588 s
Filter: comm "stress_core"
Maps shown: total power consumption 

=== System totals (total) ===
  cpu_time:  277303465056 ns
  energy:    12787709600000 (units of your kfunc)
  uncore_energy:    966439797571000000 (units of your kfunc)

=== PID → power (EMA) (pid_to_power) [comm="stress_core"] ===
PID      power             
180606   31                

=== PID → cumulative energy (pid_to_consumption) [comm="stress_core"] ===
PID      energy            
180606   589641030000      

[H[JPolling energy-fair scheduler maps every 100 millisecond(s)...
Real time since poller start: 50.266722 s
Filter: comm "stress_core"
Maps shown: total power consumption 

=== System totals (total) ===
  cpu_time:  277338592776 ns
  energy:    12789136770000 (units of your kfunc)
  uncore_energy:    966439962047000000 (units of your kfunc)

=== PID → power (EMA) (pid_to_power) [comm="stress_core"] ===
PID      power             
180606   31                

=== PID → cumulative energy (pid_to_consumption) [comm="stress_core"] ===
PID      energy            
180606   589641030000      

[H[JPolling energy-fair scheduler maps every 100 millisecond(s)...
Real time since poller start: 50.383871 s
Filter: comm "stress_core"
Maps shown: total power consumption 

=== System totals (total) ===
  cpu_time:  277362381219 ns
  energy:    12790180310000 (units of your kfunc)
  uncore_energy:    966440108263440000 (units of your kfunc)

=== PID → power (EMA) (pid_to_power) [comm="stress_core"] ===
PID      power             
180606   31                

=== PID → cumulative energy (pid_to_consumption) [comm="stress_core"] ===
PID      energy            
180606   589641030000      

[H[JPolling energy-fair scheduler maps every 100 millisecond(s)...
Real time since poller start: 50.501103 s
Filter: comm "stress_core"
Maps shown: total power consumption 

=== System totals (total) ===
  cpu_time:  277413041146 ns
  energy:    12792115880000 (units of your kfunc)
  uncore_energy:    966440208976190000 (units of your kfunc)

=== PID → power (EMA) (pid_to_power) [comm="stress_core"] ===
PID      power             
180606   31                

=== PID → cumulative energy (pid_to_consumption) [comm="stress_core"] ===
PID      energy            
180606   589641030000      

[H[JPolling energy-fair scheduler maps every 100 millisecond(s)...
Real time since poller start: 50.618318 s
Filter: comm "stress_core"
Maps shown: total power consumption 

=== System totals (total) ===
  cpu_time:  277442515663 ns
  energy:    12793247160000 (units of your kfunc)
  uncore_energy:    966440397798670000 (units of your kfunc)

=== PID → power (EMA) (pid_to_power) [comm="stress_core"] ===
PID      power             
180606   31                

=== PID → cumulative energy (pid_to_consumption) [comm="stress_core"] ===
PID      energy            
180606   589641030000      

[H[JPolling energy-fair scheduler maps every 100 millisecond(s)...
Real time since poller start: 50.735589 s
Filter: comm "stress_core"
Maps shown: total power consumption 

=== System totals (total) ===
  cpu_time:  277465334572 ns
  energy:    12794212570000 (units of your kfunc)
  uncore_energy:    966440567174300000 (units of your kfunc)

=== PID → power (EMA) (pid_to_power) [comm="stress_core"] ===
PID      power             
180606   31                

=== PID → cumulative energy (pid_to_consumption) [comm="stress_core"] ===
PID      energy            
180606   589641030000      

[H[JPolling energy-fair scheduler maps every 100 millisecond(s)...
Real time since poller start: 50.852736 s
Filter: comm "stress_core"
Maps shown: total power consumption 

=== System totals (total) ===
  cpu_time:  277485829477 ns
  energy:    12795111320000 (units of your kfunc)
  uncore_energy:    966440699683750000 (units of your kfunc)

=== PID → power (EMA) (pid_to_power) [comm="stress_core"] ===
PID      power             
180606   31                

=== PID → cumulative energy (pid_to_consumption) [comm="stress_core"] ===
PID      energy            
180606   589641030000      

[H[JPolling energy-fair scheduler maps every 100 millisecond(s)...
Real time since poller start: 50.970028 s
Filter: comm "stress_core"
Maps shown: total power consumption 

=== System totals (total) ===
  cpu_time:  277509379327 ns
  energy:    12796188170000 (units of your kfunc)
  uncore_energy:    966440827433040000 (units of your kfunc)

=== PID → power (EMA) (pid_to_power) [comm="stress_core"] ===
PID      power             
180606   31                

=== PID → cumulative energy (pid_to_consumption) [comm="stress_core"] ===
PID      energy            
180606   589641030000      

[H[JPolling energy-fair scheduler maps every 100 millisecond(s)...
Real time since poller start: 51.087326 s
Filter: comm "stress_core"
Maps shown: total power consumption 

=== System totals (total) ===
  cpu_time:  277548965137 ns
  energy:    12797928130000 (units of your kfunc)
  uncore_energy:    966441026488060000 (units of your kfunc)

=== PID → power (EMA) (pid_to_power) [comm="stress_core"] ===
PID      power             
180606   31                

=== PID → cumulative energy (pid_to_consumption) [comm="stress_core"] ===
PID      energy            
180606   589641030000      

[H[JPolling energy-fair scheduler maps every 100 millisecond(s)...
Real time since poller start: 51.204594 s
Filter: comm "stress_core"
Maps shown: total power consumption 

=== System totals (total) ===
  cpu_time:  277574088000 ns
  energy:    12798863650000 (units of your kfunc)
  uncore_energy:    966441174528220000 (units of your kfunc)

=== PID → power (EMA) (pid_to_power) [comm="stress_core"] ===
PID      power             
180606   31                

=== PID → cumulative energy (pid_to_consumption) [comm="stress_core"] ===
PID      energy            
180606   589641030000      

[H[JPolling energy-fair scheduler maps every 100 millisecond(s)...
Real time since poller start: 51.321930 s
Filter: comm "stress_core"
Maps shown: total power consumption 

=== System totals (total) ===
  cpu_time:  277595010617 ns
  energy:    12799781310000 (units of your kfunc)
  uncore_energy:    966441291269100000 (units of your kfunc)

=== PID → power (EMA) (pid_to_power) [comm="stress_core"] ===
PID      power             
180606   31                

=== PID → cumulative energy (pid_to_consumption) [comm="stress_core"] ===
PID      energy            
180606   589641030000      

[H[JPolling energy-fair scheduler maps every 100 millisecond(s)...
Real time since poller start: 51.439188 s
Filter: comm "stress_core"
Maps shown: total power consumption 

=== System totals (total) ===
  cpu_time:  277618888543 ns
  energy:    12800825320000 (units of your kfunc)
  uncore_energy:    966441433075890000 (units of your kfunc)

=== PID → power (EMA) (pid_to_power) [comm="stress_core"] ===
PID      power             
180606   31                

=== PID → cumulative energy (pid_to_consumption) [comm="stress_core"] ===
PID      energy            
180606   589641030000      

[H[JPolling energy-fair scheduler maps every 100 millisecond(s)...
Real time since poller start: 51.556242 s
Filter: comm "stress_core"
Maps shown: total power consumption 

=== System totals (total) ===
  cpu_time:  277641101908 ns
  energy:    12801635720000 (units of your kfunc)
  uncore_energy:    966441589806990000 (units of your kfunc)

=== PID → power (EMA) (pid_to_power) [comm="stress_core"] ===
PID      power             
180606   31                

=== PID → cumulative energy (pid_to_consumption) [comm="stress_core"] ===
PID      energy            
180606   589641030000      

[H[JPolling energy-fair scheduler maps every 100 millisecond(s)...
Real time since poller start: 51.673536 s
Filter: comm "stress_core"
Maps shown: total power consumption 

=== System totals (total) ===
  cpu_time:  277672311504 ns
  energy:    12802771730000 (units of your kfunc)
  uncore_energy:    966441753864920000 (units of your kfunc)

=== PID → power (EMA) (pid_to_power) [comm="stress_core"] ===
PID      power             
180606   31                

=== PID → cumulative energy (pid_to_consumption) [comm="stress_core"] ===
PID      energy            
180606   589641030000      

[H[JPolling energy-fair scheduler maps every 100 millisecond(s)...
Real time since poller start: 51.790704 s
Filter: comm "stress_core"
Maps shown: total power consumption 

=== System totals (total) ===
  cpu_time:  277695495305 ns
  energy:    12803666350000 (units of your kfunc)
  uncore_energy:    966441931328150000 (units of your kfunc)

=== PID → power (EMA) (pid_to_power) [comm="stress_core"] ===
PID      power             
180606   31                

=== PID → cumulative energy (pid_to_consumption) [comm="stress_core"] ===
PID      energy            
180606   589641030000      

[H[JPolling energy-fair scheduler maps every 100 millisecond(s)...
Real time since poller start: 51.907984 s
Filter: comm "stress_core"
Maps shown: total power consumption 

=== System totals (total) ===
  cpu_time:  277716065351 ns
  energy:    12804466970000 (units of your kfunc)
  uncore_energy:    966442050159180000 (units of your kfunc)

=== PID → power (EMA) (pid_to_power) [comm="stress_core"] ===
PID      power             
180606   31                

=== PID → cumulative energy (pid_to_consumption) [comm="stress_core"] ===
PID      energy            
180606   589641030000      

[H[JPolling energy-fair scheduler maps every 100 millisecond(s)...
Real time since poller start: 52.025192 s
Filter: comm "stress_core"
Maps shown: total power consumption 

=== System totals (total) ===
  cpu_time:  277737037712 ns
  energy:    12805278290000 (units of your kfunc)
  uncore_energy:    966442222949550000 (units of your kfunc)

=== PID → power (EMA) (pid_to_power) [comm="stress_core"] ===
PID      power             
180606   31                

=== PID → cumulative energy (pid_to_consumption) [comm="stress_core"] ===
PID      energy            
180606   589641030000      

[H[JPolling energy-fair scheduler maps every 100 millisecond(s)...
Real time since poller start: 52.142412 s
Filter: comm "stress_core"
Maps shown: total power consumption 

=== System totals (total) ===
  cpu_time:  277792015135 ns
  energy:    12807234580000 (units of your kfunc)
  uncore_energy:    966442277072820000 (units of your kfunc)

=== PID → power (EMA) (pid_to_power) [comm="stress_core"] ===
PID      power             
180606   31                

=== PID → cumulative energy (pid_to_consumption) [comm="stress_core"] ===
PID      energy            
180606   589641030000      

[H[JPolling energy-fair scheduler maps every 100 millisecond(s)...
Real time since poller start: 52.259745 s
Filter: comm "stress_core"
Maps shown: total power consumption 

=== System totals (total) ===
  cpu_time:  277822634449 ns
  energy:    12808345560000 (units of your kfunc)
  uncore_energy:    966442535780870000 (units of your kfunc)

=== PID → power (EMA) (pid_to_power) [comm="stress_core"] ===
PID      power             
180606   31                

=== PID → cumulative energy (pid_to_consumption) [comm="stress_core"] ===
PID      energy            
180606   589641030000      

[H[JPolling energy-fair scheduler maps every 100 millisecond(s)...
Real time since poller start: 52.377073 s
Filter: comm "stress_core"
Maps shown: total power consumption 

=== System totals (total) ===
  cpu_time:  277844242540 ns
  energy:    12809210280000 (units of your kfunc)
  uncore_energy:    966442687150950000 (units of your kfunc)

=== PID → power (EMA) (pid_to_power) [comm="stress_core"] ===
PID      power             
180606   31                

=== PID → cumulative energy (pid_to_consumption) [comm="stress_core"] ===
PID      energy            
180606   589641030000      

[H[JPolling energy-fair scheduler maps every 100 millisecond(s)...
Real time since poller start: 52.494474 s
Filter: comm "stress_core"
Maps shown: total power consumption 

=== System totals (total) ===
  cpu_time:  277882588058 ns
  energy:    12810839620000 (units of your kfunc)
  uncore_energy:    966442821959750000 (units of your kfunc)

=== PID → power (EMA) (pid_to_power) [comm="stress_core"] ===
PID      power             
180606   31                

=== PID → cumulative energy (pid_to_consumption) [comm="stress_core"] ===
PID      energy            
180606   589641030000      

[H[JPolling energy-fair scheduler maps every 100 millisecond(s)...
Real time since poller start: 52.611741 s
Filter: comm "stress_core"
Maps shown: total power consumption 

=== System totals (total) ===
  cpu_time:  277908887636 ns
  energy:    12811853430000 (units of your kfunc)
  uncore_energy:    966442981816910000 (units of your kfunc)

=== PID → power (EMA) (pid_to_power) [comm="stress_core"] ===
PID      power             
180606   31                

=== PID → cumulative energy (pid_to_consumption) [comm="stress_core"] ===
PID      energy            
180606   589641030000      

[H[JPolling energy-fair scheduler maps every 100 millisecond(s)...
Real time since poller start: 52.729025 s
Filter: comm "stress_core"
Maps shown: total power consumption 

=== System totals (total) ===
  cpu_time:  277931716135 ns
  energy:    12812681840000 (units of your kfunc)
  uncore_energy:    966443137648200000 (units of your kfunc)

=== PID → power (EMA) (pid_to_power) [comm="stress_core"] ===
PID      power             
180606   31                

=== PID → cumulative energy (pid_to_consumption) [comm="stress_core"] ===
PID      energy            
180606   589641030000      

[H[JPolling energy-fair scheduler maps every 100 millisecond(s)...
Real time since poller start: 52.846399 s
Filter: comm "stress_core"
Maps shown: total power consumption 

=== System totals (total) ===
  cpu_time:  277952522343 ns
  energy:    12813419150000 (units of your kfunc)
  uncore_energy:    966443288379550000 (units of your kfunc)

=== PID → power (EMA) (pid_to_power) [comm="stress_core"] ===
PID      power             
180606   31                

=== PID → cumulative energy (pid_to_consumption) [comm="stress_core"] ===
PID      energy            
180606   589641030000      

[H[JPolling energy-fair scheduler maps every 100 millisecond(s)...
Real time since poller start: 52.963710 s
Filter: comm "stress_core"
Maps shown: total power consumption 

=== System totals (total) ===
  cpu_time:  277972818728 ns
  energy:    12814187420000 (units of your kfunc)
  uncore_energy:    966443431881450000 (units of your kfunc)

=== PID → power (EMA) (pid_to_power) [comm="stress_core"] ===
PID      power             
180606   31                

=== PID → cumulative energy (pid_to_consumption) [comm="stress_core"] ===
PID      energy            
180606   589641030000      

[H[JPolling energy-fair scheduler maps every 100 millisecond(s)...
Real time since poller start: 53.080991 s
Filter: comm "stress_core"
Maps shown: total power consumption 

=== System totals (total) ===
  cpu_time:  277997229706 ns
  energy:    12815058240000 (units of your kfunc)
  uncore_energy:    966443586295360000 (units of your kfunc)

=== PID → power (EMA) (pid_to_power) [comm="stress_core"] ===
PID      power             
180606   31                

=== PID → cumulative energy (pid_to_consumption) [comm="stress_core"] ===
PID      energy            
180606   589641030000      

[H[JPolling energy-fair scheduler maps every 100 millisecond(s)...
Real time since poller start: 53.198224 s
Filter: comm "stress_core"
Maps shown: total power consumption 

=== System totals (total) ===
  cpu_time:  278031284299 ns
  energy:    12816492270000 (units of your kfunc)
  uncore_energy:    966443625633430000 (units of your kfunc)

=== PID → power (EMA) (pid_to_power) [comm="stress_core"] ===
PID      power             
180606   31                

=== PID → cumulative energy (pid_to_consumption) [comm="stress_core"] ===
PID      energy            
180606   589641030000      

[H[JPolling energy-fair scheduler maps every 100 millisecond(s)...
Real time since poller start: 53.316219 s
Filter: comm "stress_core"
Maps shown: total power consumption 

=== System totals (total) ===
  cpu_time:  278129263694 ns
  energy:    12820003030000 (units of your kfunc)
  uncore_energy:    966443904640980000 (units of your kfunc)

=== PID → power (EMA) (pid_to_power) [comm="stress_core"] ===
PID      power             
180606   31                

=== PID → cumulative energy (pid_to_consumption) [comm="stress_core"] ===
PID      energy            
180606   589641030000      

[H[JPolling energy-fair scheduler maps every 100 millisecond(s)...
Real time since poller start: 53.433575 s
Filter: comm "stress_core"
Maps shown: total power consumption 

=== System totals (total) ===
  cpu_time:  278265837831 ns
  energy:    12823455000000 (units of your kfunc)
  uncore_energy:    966444058120010000 (units of your kfunc)

=== PID → power (EMA) (pid_to_power) [comm="stress_core"] ===
PID      power             
180606   31                

=== PID → cumulative energy (pid_to_consumption) [comm="stress_core"] ===
PID      energy            
180606   589641030000      

[H[JPolling energy-fair scheduler maps every 100 millisecond(s)...
Real time since poller start: 53.550881 s
Filter: comm "stress_core"
Maps shown: total power consumption 

=== System totals (total) ===
  cpu_time:  278368121514 ns
  energy:    12826187650000 (units of your kfunc)
  uncore_energy:    966444201099480000 (units of your kfunc)

=== PID → power (EMA) (pid_to_power) [comm="stress_core"] ===
PID      power             
180606   31                

=== PID → cumulative energy (pid_to_consumption) [comm="stress_core"] ===
PID      energy            
180606   589641030000      

[H[JPolling energy-fair scheduler maps every 100 millisecond(s)...
Real time since poller start: 53.668246 s
Filter: comm "stress_core"
Maps shown: total power consumption 

=== System totals (total) ===
  cpu_time:  278414083364 ns
  energy:    12827741740000 (units of your kfunc)
  uncore_energy:    966444367916060000 (units of your kfunc)

=== PID → power (EMA) (pid_to_power) [comm="stress_core"] ===
PID      power             
180606   31                

=== PID → cumulative energy (pid_to_consumption) [comm="stress_core"] ===
PID      energy            
180606   589641030000      

[H[JPolling energy-fair scheduler maps every 100 millisecond(s)...
Real time since poller start: 53.785499 s
Filter: comm "stress_core"
Maps shown: total power consumption 

=== System totals (total) ===
  cpu_time:  278459096587 ns
  energy:    12829532070000 (units of your kfunc)
  uncore_energy:    966444507299740000 (units of your kfunc)

=== PID → power (EMA) (pid_to_power) [comm="stress_core"] ===
PID      power             
180606   31                

=== PID → cumulative energy (pid_to_consumption) [comm="stress_core"] ===
PID      energy            
180606   589641030000      

[H[JPolling energy-fair scheduler maps every 100 millisecond(s)...
Real time since poller start: 53.902780 s
Filter: comm "stress_core"
Maps shown: total power consumption 

=== System totals (total) ===
  cpu_time:  278486262910 ns
  energy:    12830644590000 (units of your kfunc)
  uncore_energy:    966444588301940000 (units of your kfunc)

=== PID → power (EMA) (pid_to_power) [comm="stress_core"] ===
PID      power             
180606   31                

=== PID → cumulative energy (pid_to_consumption) [comm="stress_core"] ===
PID      energy            
180606   589641030000      

[H[JPolling energy-fair scheduler maps every 100 millisecond(s)...
Real time since poller start: 54.020044 s
Filter: comm "stress_core"
Maps shown: total power consumption 

=== System totals (total) ===
  cpu_time:  278513883463 ns
  energy:    12831682630000 (units of your kfunc)
  uncore_energy:    966444809826920000 (units of your kfunc)

=== PID → power (EMA) (pid_to_power) [comm="stress_core"] ===
PID      power             
180606   31                

=== PID → cumulative energy (pid_to_consumption) [comm="stress_core"] ===
PID      energy            
180606   589641030000      

[H[JPolling energy-fair scheduler maps every 100 millisecond(s)...
Real time since poller start: 54.137271 s
Filter: comm "stress_core"
Maps shown: total power consumption 

=== System totals (total) ===
  cpu_time:  278534501721 ns
  energy:    12832514540000 (units of your kfunc)
  uncore_energy:    966444955872600000 (units of your kfunc)

=== PID → power (EMA) (pid_to_power) [comm="stress_core"] ===
PID      power             
180606   31                

=== PID → cumulative energy (pid_to_consumption) [comm="stress_core"] ===
PID      energy            
180606   589641030000      

[H[JPolling energy-fair scheduler maps every 100 millisecond(s)...
Real time since poller start: 54.254501 s
Filter: comm "stress_core"
Maps shown: total power consumption 

=== System totals (total) ===
  cpu_time:  278666625682 ns
  energy:    12836678220000 (units of your kfunc)
  uncore_energy:    966445123187650000 (units of your kfunc)

=== PID → power (EMA) (pid_to_power) [comm="stress_core"] ===
PID      power             
180606   26                

=== PID → cumulative energy (pid_to_consumption) [comm="stress_core"] ===
PID      energy            
180606   593330920000      

[H[JPolling energy-fair scheduler maps every 100 millisecond(s)...
Real time since poller start: 54.371824 s
Filter: comm "stress_core"
Maps shown: total power consumption 

=== System totals (total) ===
  cpu_time:  278803664964 ns
  energy:    12840468720000 (units of your kfunc)
  uncore_energy:    966445276419400000 (units of your kfunc)

=== PID → power (EMA) (pid_to_power) [comm="stress_core"] ===
PID      power             
180606   24                

=== PID → cumulative energy (pid_to_consumption) [comm="stress_core"] ===
PID      energy            
180606   596232110000      

[H[JPolling energy-fair scheduler maps every 100 millisecond(s)...
Real time since poller start: 54.489122 s
Filter: comm "stress_core"
Maps shown: total power consumption 

=== System totals (total) ===
  cpu_time:  278938151555 ns
  energy:    12844220280000 (units of your kfunc)
  uncore_energy:    966445429555350000 (units of your kfunc)

=== PID → power (EMA) (pid_to_power) [comm="stress_core"] ===
PID      power             
180606   25                

=== PID → cumulative energy (pid_to_consumption) [comm="stress_core"] ===
PID      energy            
180606   599149150000      

[H[JPolling energy-fair scheduler maps every 100 millisecond(s)...
Real time since poller start: 54.606463 s
Filter: comm "stress_core"
Maps shown: total power consumption 

=== System totals (total) ===
  cpu_time:  279075737455 ns
  energy:    12848022930000 (units of your kfunc)
  uncore_energy:    966445583500810000 (units of your kfunc)

=== PID → power (EMA) (pid_to_power) [comm="stress_core"] ===
PID      power             
180606   24                

=== PID → cumulative energy (pid_to_consumption) [comm="stress_core"] ===
PID      energy            
180606   602063240000      

[H[JPolling energy-fair scheduler maps every 100 millisecond(s)...
Real time since poller start: 54.723766 s
Filter: comm "stress_core"
Maps shown: total power consumption 

=== System totals (total) ===
  cpu_time:  279216415092 ns
  energy:    12852112510000 (units of your kfunc)
  uncore_energy:    966445736863930000 (units of your kfunc)

=== PID → power (EMA) (pid_to_power) [comm="stress_core"] ===
PID      power             
180606   25                

=== PID → cumulative energy (pid_to_consumption) [comm="stress_core"] ===
PID      energy            
180606   604988910000      

[H[JPolling energy-fair scheduler maps every 100 millisecond(s)...
Real time since poller start: 54.841123 s
Filter: comm "stress_core"
Maps shown: total power consumption 

=== System totals (total) ===
  cpu_time:  279362255868 ns
  energy:    12856437430000 (units of your kfunc)
  uncore_energy:    966445889720860000 (units of your kfunc)

=== PID → power (EMA) (pid_to_power) [comm="stress_core"] ===
PID      power             
180606   25                

=== PID → cumulative energy (pid_to_consumption) [comm="stress_core"] ===
PID      energy            
180606   607990440000      

[H[JPolling energy-fair scheduler maps every 100 millisecond(s)...
Real time since poller start: 54.958469 s
Filter: comm "stress_core"
Maps shown: total power consumption 

=== System totals (total) ===
  cpu_time:  279496156070 ns
  energy:    12860193670000 (units of your kfunc)
  uncore_energy:    966446042599140000 (units of your kfunc)

=== PID → power (EMA) (pid_to_power) [comm="stress_core"] ===
PID      power             
180606   24                

=== PID → cumulative energy (pid_to_consumption) [comm="stress_core"] ===
PID      energy            
180606   610920550000      

[H[JPolling energy-fair scheduler maps every 100 millisecond(s)...
Real time since poller start: 55.075864 s
Filter: comm "stress_core"
Maps shown: total power consumption 

=== System totals (total) ===
  cpu_time:  279635438638 ns
  energy:    12864137890000 (units of your kfunc)
  uncore_energy:    966446195906200000 (units of your kfunc)

=== PID → power (EMA) (pid_to_power) [comm="stress_core"] ===
PID      power             
180606   23                

=== PID → cumulative energy (pid_to_consumption) [comm="stress_core"] ===
PID      energy            
180606   613874030000      

[H[JPolling energy-fair scheduler maps every 100 millisecond(s)...
Real time since poller start: 55.193183 s
Filter: comm "stress_core"
Maps shown: total power consumption 

=== System totals (total) ===
  cpu_time:  279768598821 ns
  energy:    12867820030000 (units of your kfunc)
  uncore_energy:    966446350243930000 (units of your kfunc)

=== PID → power (EMA) (pid_to_power) [comm="stress_core"] ===
PID      power             
180606   25                

=== PID → cumulative energy (pid_to_consumption) [comm="stress_core"] ===
PID      energy            
180606   616778300000      

[H[JPolling energy-fair scheduler maps every 100 millisecond(s)...
Real time since poller start: 55.310546 s
Filter: comm "stress_core"
Maps shown: total power consumption 

=== System totals (total) ===
  cpu_time:  279903046377 ns
  energy:    12871672440000 (units of your kfunc)
  uncore_energy:    966446502682870000 (units of your kfunc)

=== PID → power (EMA) (pid_to_power) [comm="stress_core"] ===
PID      power             
180606   25                

=== PID → cumulative energy (pid_to_consumption) [comm="stress_core"] ===
PID      energy            
180606   619800040000      

[H[JPolling energy-fair scheduler maps every 100 millisecond(s)...
Real time since poller start: 55.427958 s
Filter: comm "stress_core"
Maps shown: total power consumption 

=== System totals (total) ===
  cpu_time:  280067821137 ns
  energy:    12876556780000 (units of your kfunc)
  uncore_energy:    966446655382000000 (units of your kfunc)

=== PID → power (EMA) (pid_to_power) [comm="stress_core"] ===
PID      power             
180606   25                

=== PID → cumulative energy (pid_to_consumption) [comm="stress_core"] ===
PID      energy            
180606   622780850000      

[H[JPolling energy-fair scheduler maps every 100 millisecond(s)...
Real time since poller start: 55.545295 s
Filter: comm "stress_core"
Maps shown: total power consumption 

=== System totals (total) ===
  cpu_time:  280202800193 ns
  energy:    12880384640000 (units of your kfunc)
  uncore_energy:    966446809557220000 (units of your kfunc)

=== PID → power (EMA) (pid_to_power) [comm="stress_core"] ===
PID      power             
180606   26                

=== PID → cumulative energy (pid_to_consumption) [comm="stress_core"] ===
PID      energy            
180606   625781690000      

[H[JPolling energy-fair scheduler maps every 100 millisecond(s)...
Real time since poller start: 55.662713 s
Filter: comm "stress_core"
Maps shown: total power consumption 

=== System totals (total) ===
  cpu_time:  280339426609 ns
  energy:    12884356180000 (units of your kfunc)
  uncore_energy:    966446961880850000 (units of your kfunc)

=== PID → power (EMA) (pid_to_power) [comm="stress_core"] ===
PID      power             
180606   25                

=== PID → cumulative energy (pid_to_consumption) [comm="stress_core"] ===
PID      energy            
180606   628836510000      

[H[JPolling energy-fair scheduler maps every 100 millisecond(s)...
Real time since poller start: 55.780029 s
Filter: comm "stress_core"
Maps shown: total power consumption 

=== System totals (total) ===
  cpu_time:  280474933770 ns
  energy:    12888263720000 (units of your kfunc)
  uncore_energy:    966447115087110000 (units of your kfunc)

=== PID → power (EMA) (pid_to_power) [comm="stress_core"] ===
PID      power             
180606   23                

=== PID → cumulative energy (pid_to_consumption) [comm="stress_core"] ===
PID      energy            
180606   631826820000      

[H[JPolling energy-fair scheduler maps every 100 millisecond(s)...
Real time since poller start: 55.897313 s
Filter: comm "stress_core"
Maps shown: total power consumption 

=== System totals (total) ===
  cpu_time:  280610068561 ns
  energy:    12892092910000 (units of your kfunc)
  uncore_energy:    966447269206220000 (units of your kfunc)

=== PID → power (EMA) (pid_to_power) [comm="stress_core"] ===
PID      power             
180606   25                

=== PID → cumulative energy (pid_to_consumption) [comm="stress_core"] ===
PID      energy            
180606   634787050000      

[H[JPolling energy-fair scheduler maps every 100 millisecond(s)...
Real time since poller start: 56.014657 s
Filter: comm "stress_core"
Maps shown: total power consumption 

=== System totals (total) ===
  cpu_time:  280763568017 ns
  energy:    12896722170000 (units of your kfunc)
  uncore_energy:    966447422304770000 (units of your kfunc)

=== PID → power (EMA) (pid_to_power) [comm="stress_core"] ===
PID      power             
180606   26                

=== PID → cumulative energy (pid_to_consumption) [comm="stress_core"] ===
PID      energy            
180606   637745600000      

[H[JPolling energy-fair scheduler maps every 100 millisecond(s)...
Real time since poller start: 56.131925 s
Filter: comm "stress_core"
Maps shown: total power consumption 

=== System totals (total) ===
  cpu_time:  280899005286 ns
  energy:    12900493010000 (units of your kfunc)
  uncore_energy:    966447574651490000 (units of your kfunc)

=== PID → power (EMA) (pid_to_power) [comm="stress_core"] ===
PID      power             
180606   25                

=== PID → cumulative energy (pid_to_consumption) [comm="stress_core"] ===
PID      energy            
180606   640729140000      

[H[JPolling energy-fair scheduler maps every 100 millisecond(s)...
Real time since poller start: 56.249277 s
Filter: comm "stress_core"
Maps shown: total power consumption 

=== System totals (total) ===
  cpu_time:  281035593805 ns
  energy:    12904349240000 (units of your kfunc)
  uncore_energy:    966447728948180000 (units of your kfunc)

=== PID → power (EMA) (pid_to_power) [comm="stress_core"] ===
PID      power             
180606   25                

=== PID → cumulative energy (pid_to_consumption) [comm="stress_core"] ===
PID      energy            
180606   643709810000      

[H[JPolling energy-fair scheduler maps every 100 millisecond(s)...
Real time since poller start: 56.366618 s
Filter: comm "stress_core"
Maps shown: total power consumption 

=== System totals (total) ===
  cpu_time:  281170257875 ns
  energy:    12908202550000 (units of your kfunc)
  uncore_energy:    966447881480980000 (units of your kfunc)

=== PID → power (EMA) (pid_to_power) [comm="stress_core"] ===
PID      power             
180606   24                

=== PID → cumulative energy (pid_to_consumption) [comm="stress_core"] ===
PID      energy            
180606   646713040000      

[H[JPolling energy-fair scheduler maps every 100 millisecond(s)...
Real time since poller start: 56.483927 s
Filter: comm "stress_core"
Maps shown: total power consumption 

=== System totals (total) ===
  cpu_time:  281303161687 ns
  energy:    12911909150000 (units of your kfunc)
  uncore_energy:    966448033975090000 (units of your kfunc)

=== PID → power (EMA) (pid_to_power) [comm="stress_core"] ===
PID      power             
180606   25                

=== PID → cumulative energy (pid_to_consumption) [comm="stress_core"] ===
PID      energy            
180606   649673060000      

[H[JPolling energy-fair scheduler maps every 100 millisecond(s)...
Real time since poller start: 56.601255 s
Filter: comm "stress_core"
Maps shown: total power consumption 

=== System totals (total) ===
  cpu_time:  281436471369 ns
  energy:    12915663410000 (units of your kfunc)
  uncore_energy:    966448188326300000 (units of your kfunc)

=== PID → power (EMA) (pid_to_power) [comm="stress_core"] ===
PID      power             
180606   24                

=== PID → cumulative energy (pid_to_consumption) [comm="stress_core"] ===
PID      energy            
180606   652646840000      

[H[JPolling energy-fair scheduler maps every 100 millisecond(s)...
Real time since poller start: 56.718559 s
Filter: comm "stress_core"
Maps shown: total power consumption 

=== System totals (total) ===
  cpu_time:  281571934236 ns
  energy:    12919537650000 (units of your kfunc)
  uncore_energy:    966448341431430000 (units of your kfunc)

=== PID → power (EMA) (pid_to_power) [comm="stress_core"] ===
PID      power             
180606   24                

=== PID → cumulative energy (pid_to_consumption) [comm="stress_core"] ===
PID      energy            
180606   655664900000      

[H[JPolling energy-fair scheduler maps every 100 millisecond(s)...
Real time since poller start: 56.835861 s
Filter: comm "stress_core"
Maps shown: total power consumption 

=== System totals (total) ===
  cpu_time:  281705891655 ns
  energy:    12923295730000 (units of your kfunc)
  uncore_energy:    966448493780990000 (units of your kfunc)

=== PID → power (EMA) (pid_to_power) [comm="stress_core"] ===
PID      power             
180606   25                

=== PID → cumulative energy (pid_to_consumption) [comm="stress_core"] ===
PID      energy            
180606   658692390000      

[H[JPolling energy-fair scheduler maps every 100 millisecond(s)...
Real time since poller start: 56.953212 s
Filter: comm "stress_core"
Maps shown: total power consumption 

=== System totals (total) ===
  cpu_time:  281873955479 ns
  energy:    12928282140000 (units of your kfunc)
  uncore_energy:    966448649281030000 (units of your kfunc)

=== PID → power (EMA) (pid_to_power) [comm="stress_core"] ===
PID      power             
180606   25                

=== PID → cumulative energy (pid_to_consumption) [comm="stress_core"] ===
PID      energy            
180606   661696080000      

[H[JPolling energy-fair scheduler maps every 100 millisecond(s)...
Real time since poller start: 57.070514 s
Filter: comm "stress_core"
Maps shown: total power consumption 

=== System totals (total) ===
  cpu_time:  282007811824 ns
  energy:    12932143430000 (units of your kfunc)
  uncore_energy:    966448802441530000 (units of your kfunc)

=== PID → power (EMA) (pid_to_power) [comm="stress_core"] ===
PID      power             
180606   25                

=== PID → cumulative energy (pid_to_consumption) [comm="stress_core"] ===
PID      energy            
180606   664687450000      

[H[JPolling energy-fair scheduler maps every 100 millisecond(s)...
Real time since poller start: 57.187843 s
Filter: comm "stress_core"
Maps shown: total power consumption 

=== System totals (total) ===
  cpu_time:  282158621722 ns
  energy:    12936663920000 (units of your kfunc)
  uncore_energy:    966448955773510000 (units of your kfunc)

=== PID → power (EMA) (pid_to_power) [comm="stress_core"] ===
PID      power             
180606   25                

=== PID → cumulative energy (pid_to_consumption) [comm="stress_core"] ===
PID      energy            
180606   667718100000      

[H[JPolling energy-fair scheduler maps every 100 millisecond(s)...
Real time since poller start: 57.305162 s
Filter: comm "stress_core"
Maps shown: total power consumption 

=== System totals (total) ===
  cpu_time:  282294364548 ns
  energy:    12940503610000 (units of your kfunc)
  uncore_energy:    966449110131760000 (units of your kfunc)

=== PID → power (EMA) (pid_to_power) [comm="stress_core"] ===
PID      power             
180606   26                

=== PID → cumulative energy (pid_to_consumption) [comm="stress_core"] ===
PID      energy            
180606   670738240000      

[H[JPolling energy-fair scheduler maps every 100 millisecond(s)...
Real time since poller start: 57.422494 s
Filter: comm "stress_core"
Maps shown: total power consumption 

=== System totals (total) ===
  cpu_time:  282428150403 ns
  energy:    12944325810000 (units of your kfunc)
  uncore_energy:    966449263471430000 (units of your kfunc)

=== PID → power (EMA) (pid_to_power) [comm="stress_core"] ===
PID      power             
180606   26                

=== PID → cumulative energy (pid_to_consumption) [comm="stress_core"] ===
PID      energy            
180606   673746710000      

[H[JPolling energy-fair scheduler maps every 100 millisecond(s)...
Real time since poller start: 57.539824 s
Filter: comm "stress_core"
Maps shown: total power consumption 

=== System totals (total) ===
  cpu_time:  282561927991 ns
  energy:    12948172850000 (units of your kfunc)
  uncore_energy:    966449415468500000 (units of your kfunc)

=== PID → power (EMA) (pid_to_power) [comm="stress_core"] ===
PID      power             
180606   25                

=== PID → cumulative energy (pid_to_consumption) [comm="stress_core"] ===
PID      energy            
180606   676803820000      

[H[JPolling energy-fair scheduler maps every 100 millisecond(s)...
Real time since poller start: 57.657030 s
Filter: comm "stress_core"
Maps shown: total power consumption 

=== System totals (total) ===
  cpu_time:  282711067012 ns
  energy:    12952715190000 (units of your kfunc)
  uncore_energy:    966449567786060000 (units of your kfunc)

=== PID → power (EMA) (pid_to_power) [comm="stress_core"] ===
PID      power             
180606   26                

=== PID → cumulative energy (pid_to_consumption) [comm="stress_core"] ===
PID      energy            
180606   679932080000      

[H[JPolling energy-fair scheduler maps every 100 millisecond(s)...
Real time since poller start: 57.774283 s
Filter: comm "stress_core"
Maps shown: total power consumption 

=== System totals (total) ===
  cpu_time:  282855418407 ns
  energy:    12957247310000 (units of your kfunc)
  uncore_energy:    966449722571720000 (units of your kfunc)

=== PID → power (EMA) (pid_to_power) [comm="stress_core"] ===
PID      power             
180606   25                

=== PID → cumulative energy (pid_to_consumption) [comm="stress_core"] ===
PID      energy            
180606   683120680000      

[H[JPolling energy-fair scheduler maps every 100 millisecond(s)...
Real time since poller start: 57.892779 s
Filter: comm "stress_core"
Maps shown: total power consumption 

=== System totals (total) ===
  cpu_time:  283077560708 ns
  energy:    12964714630000 (units of your kfunc)
  uncore_energy:    966449883886290000 (units of your kfunc)

=== PID → power (EMA) (pid_to_power) [comm="stress_core"] ===
PID      power             
180606   34                

=== PID → cumulative energy (pid_to_consumption) [comm="stress_core"] ===
PID      energy            
180606   686855830000      

[H[JPolling energy-fair scheduler maps every 100 millisecond(s)...
Real time since poller start: 58.010073 s
Filter: comm "stress_core"
Maps shown: total power consumption 

=== System totals (total) ===
  cpu_time:  283322077077 ns
  energy:    12973161990000 (units of your kfunc)
  uncore_energy:    966450037694790000 (units of your kfunc)

=== PID → power (EMA) (pid_to_power) [comm="stress_core"] ===
PID      power             
180606   32                

=== PID → cumulative energy (pid_to_consumption) [comm="stress_core"] ===
PID      energy            
180606   691213760000      

[H[JPolling energy-fair scheduler maps every 100 millisecond(s)...
Real time since poller start: 58.127394 s
Filter: comm "stress_core"
Maps shown: total power consumption 

=== System totals (total) ===
  cpu_time:  283539287246 ns
  energy:    12980548860000 (units of your kfunc)
  uncore_energy:    966450196002040000 (units of your kfunc)

=== PID → power (EMA) (pid_to_power) [comm="stress_core"] ===
PID      power             
180606   27                

=== PID → cumulative energy (pid_to_consumption) [comm="stress_core"] ===
PID      energy            
180606   694778190000      

[H[JPolling energy-fair scheduler maps every 100 millisecond(s)...
Real time since poller start: 58.244689 s
Filter: comm "stress_core"
Maps shown: total power consumption 

=== System totals (total) ===
  cpu_time:  283672749521 ns
  energy:    12984551890000 (units of your kfunc)
  uncore_energy:    966450348813740000 (units of your kfunc)

=== PID → power (EMA) (pid_to_power) [comm="stress_core"] ===
PID      power             
180606   27                

=== PID → cumulative energy (pid_to_consumption) [comm="stress_core"] ===
PID      energy            
180606   698003330000      

[H[JPolling energy-fair scheduler maps every 100 millisecond(s)...
Real time since poller start: 58.362002 s
Filter: comm "stress_core"
Maps shown: total power consumption 

=== System totals (total) ===
  cpu_time:  283824065142 ns
  energy:    12989311290000 (units of your kfunc)
  uncore_energy:    966450500990520000 (units of your kfunc)

=== PID → power (EMA) (pid_to_power) [comm="stress_core"] ===
PID      power             
180606   26                

=== PID → cumulative energy (pid_to_consumption) [comm="stress_core"] ===
PID      energy            
180606   701192600000      

[H[JPolling energy-fair scheduler maps every 100 millisecond(s)...
Real time since poller start: 58.479312 s
Filter: comm "stress_core"
Maps shown: total power consumption 

=== System totals (total) ===
  cpu_time:  283987128654 ns
  energy:    12994288910000 (units of your kfunc)
  uncore_energy:    966450655583830000 (units of your kfunc)

=== PID → power (EMA) (pid_to_power) [comm="stress_core"] ===
PID      power             
180606   26                

=== PID → cumulative energy (pid_to_consumption) [comm="stress_core"] ===
PID      energy            
180606   704369040000      

[H[JPolling energy-fair scheduler maps every 100 millisecond(s)...
Real time since poller start: 58.596721 s
Filter: comm "stress_core"
Maps shown: total power consumption 

=== System totals (total) ===
  cpu_time:  284120830708 ns
  energy:    12998382730000 (units of your kfunc)
  uncore_energy:    966450808346850000 (units of your kfunc)

=== PID → power (EMA) (pid_to_power) [comm="stress_core"] ===
PID      power             
180606   29                

=== PID → cumulative energy (pid_to_consumption) [comm="stress_core"] ===
PID      energy            
180606   707646670000      

[H[JPolling energy-fair scheduler maps every 100 millisecond(s)...
Real time since poller start: 58.714057 s
Filter: comm "stress_core"
Maps shown: total power consumption 

=== System totals (total) ===
  cpu_time:  284257323636 ns
  energy:    13002476180000 (units of your kfunc)
  uncore_energy:    966450961748520000 (units of your kfunc)

=== PID → power (EMA) (pid_to_power) [comm="stress_core"] ===
PID      power             
180606   33                

=== PID → cumulative energy (pid_to_consumption) [comm="stress_core"] ===
PID      energy            
180606   710948170000      

[H[JPolling energy-fair scheduler maps every 100 millisecond(s)...
Real time since poller start: 58.831367 s
Filter: comm "stress_core"
Maps shown: total power consumption 

=== System totals (total) ===
  cpu_time:  284391854396 ns
  energy:    13006562380000 (units of your kfunc)
  uncore_energy:    966451115971640000 (units of your kfunc)

=== PID → power (EMA) (pid_to_power) [comm="stress_core"] ===
PID      power             
180606   27                

=== PID → cumulative energy (pid_to_consumption) [comm="stress_core"] ===
PID      energy            
180606   714227210000      

[H[JPolling energy-fair scheduler maps every 100 millisecond(s)...
Real time since poller start: 58.948725 s
Filter: comm "stress_core"
Maps shown: total power consumption 

=== System totals (total) ===
  cpu_time:  284526827335 ns
  energy:    13010600020000 (units of your kfunc)
  uncore_energy:    966451269073280000 (units of your kfunc)

=== PID → power (EMA) (pid_to_power) [comm="stress_core"] ===
PID      power             
180606   28                

=== PID → cumulative energy (pid_to_consumption) [comm="stress_core"] ===
PID      energy            
180606   717467750000      

[H[JPolling energy-fair scheduler maps every 100 millisecond(s)...
Real time since poller start: 59.066023 s
Filter: comm "stress_core"
Maps shown: total power consumption 

=== System totals (total) ===
  cpu_time:  284661217774 ns
  energy:    13014653560000 (units of your kfunc)
  uncore_energy:    966451421239530000 (units of your kfunc)

=== PID → power (EMA) (pid_to_power) [comm="stress_core"] ===
PID      power             
180606   28                

=== PID → cumulative energy (pid_to_consumption) [comm="stress_core"] ===
PID      energy            
180606   720717410000      

[H[JPolling energy-fair scheduler maps every 100 millisecond(s)...
Real time since poller start: 59.183378 s
Filter: comm "stress_core"
Maps shown: total power consumption 

=== System totals (total) ===
  cpu_time:  284768863717 ns
  energy:    13018147400000 (units of your kfunc)
  uncore_energy:    966451568958770000 (units of your kfunc)

=== PID → power (EMA) (pid_to_power) [comm="stress_core"] ===
PID      power             
180606   27                

=== PID → cumulative energy (pid_to_consumption) [comm="stress_core"] ===
PID      energy            
180606   722385080000      

[H[JPolling energy-fair scheduler maps every 100 millisecond(s)...
Real time since poller start: 59.300656 s
Filter: comm "stress_core"
Maps shown: total power consumption 

=== System totals (total) ===
  cpu_time:  284792595282 ns
  energy:    13019091180000 (units of your kfunc)
  uncore_energy:    966451714193570000 (units of your kfunc)

=== PID → power (EMA) (pid_to_power) [comm="stress_core"] ===
PID      power             
180606   27                

=== PID → cumulative energy (pid_to_consumption) [comm="stress_core"] ===
PID      energy            
180606   722385080000      

[H[JPolling energy-fair scheduler maps every 100 millisecond(s)...
Real time since poller start: 59.417865 s
Filter: comm "stress_core"
Maps shown: total power consumption 

=== System totals (total) ===
  cpu_time:  284815310969 ns
  energy:    13019954360000 (units of your kfunc)
  uncore_energy:    966451871908580000 (units of your kfunc)

=== PID → power (EMA) (pid_to_power) [comm="stress_core"] ===
PID      power             
180606   27                

=== PID → cumulative energy (pid_to_consumption) [comm="stress_core"] ===
PID      energy            
180606   722385080000      

[H[JPolling energy-fair scheduler maps every 100 millisecond(s)...
Real time since poller start: 59.535123 s
Filter: comm "stress_core"
Maps shown: total power consumption 

=== System totals (total) ===
  cpu_time:  284839679608 ns
  energy:    13020854350000 (units of your kfunc)
  uncore_energy:    966452023750440000 (units of your kfunc)

=== PID → power (EMA) (pid_to_power) [comm="stress_core"] ===
PID      power             
180606   27                

=== PID → cumulative energy (pid_to_consumption) [comm="stress_core"] ===
PID      energy            
180606   722385080000      

[H[JPolling energy-fair scheduler maps every 100 millisecond(s)...
Real time since poller start: 59.652385 s
Filter: comm "stress_core"
Maps shown: total power consumption 

=== System totals (total) ===
  cpu_time:  284859636549 ns
  energy:    13021615140000 (units of your kfunc)
  uncore_energy:    966452144229120000 (units of your kfunc)

=== PID → power (EMA) (pid_to_power) [comm="stress_core"] ===
PID      power             
180606   27                

=== PID → cumulative energy (pid_to_consumption) [comm="stress_core"] ===
PID      energy            
180606   722385080000      

[H[JPolling energy-fair scheduler maps every 100 millisecond(s)...
Real time since poller start: 59.769716 s
Filter: comm "stress_core"
Maps shown: total power consumption 

=== System totals (total) ===
  cpu_time:  284881183503 ns
  energy:    13022357320000 (units of your kfunc)
  uncore_energy:    966452305805670000 (units of your kfunc)

=== PID → power (EMA) (pid_to_power) [comm="stress_core"] ===
PID      power             
180606   27                

=== PID → cumulative energy (pid_to_consumption) [comm="stress_core"] ===
PID      energy            
180606   722385080000      

[H[JPolling energy-fair scheduler maps every 100 millisecond(s)...
Real time since poller start: 59.886980 s
Filter: comm "stress_core"
Maps shown: total power consumption 

=== System totals (total) ===
  cpu_time:  284905846853 ns
  energy:    13023389720000 (units of your kfunc)
  uncore_energy:    966452468406390000 (units of your kfunc)

=== PID → power (EMA) (pid_to_power) [comm="stress_core"] ===
PID      power             
180606   27                

=== PID → cumulative energy (pid_to_consumption) [comm="stress_core"] ===
PID      energy            
180606   722385080000      

[H[JPolling energy-fair scheduler maps every 100 millisecond(s)...
Real time since poller start: 60.004189 s
Filter: comm "stress_core"
Maps shown: total power consumption 

=== System totals (total) ===
  cpu_time:  284929562767 ns
  energy:    13024303270000 (units of your kfunc)
  uncore_energy:    966452628950660000 (units of your kfunc)

=== PID → power (EMA) (pid_to_power) [comm="stress_core"] ===
PID      power             
180606   27                

=== PID → cumulative energy (pid_to_consumption) [comm="stress_core"] ===
PID      energy            
180606   722385080000      

[H[JPolling energy-fair scheduler maps every 100 millisecond(s)...
Real time since poller start: 60.121452 s
Filter: comm "stress_core"
Maps shown: total power consumption 

=== System totals (total) ===
  cpu_time:  284957385242 ns
  energy:    13025351400000 (units of your kfunc)
  uncore_energy:    966452777956850000 (units of your kfunc)

=== PID → power (EMA) (pid_to_power) [comm="stress_core"] ===
PID      power             
180606   27                

=== PID → cumulative energy (pid_to_consumption) [comm="stress_core"] ===
PID      energy            
180606   722385080000      

[H[JPolling energy-fair scheduler maps every 100 millisecond(s)...
Real time since poller start: 60.238550 s
Filter: comm "stress_core"
Maps shown: total power consumption 

=== System totals (total) ===
  cpu_time:  285010336267 ns
  energy:    13027161580000 (units of your kfunc)
  uncore_energy:    966452930363130000 (units of your kfunc)

=== PID → power (EMA) (pid_to_power) [comm="stress_core"] ===
PID      power             
180606   27                

=== PID → cumulative energy (pid_to_consumption) [comm="stress_core"] ===
PID      energy            
180606   722385080000      

[H[JPolling energy-fair scheduler maps every 100 millisecond(s)...
Real time since poller start: 60.355864 s
Filter: comm "stress_core"
Maps shown: total power consumption 

=== System totals (total) ===
  cpu_time:  285031375616 ns
  energy:    13027953360000 (units of your kfunc)
  uncore_energy:    966452971426210000 (units of your kfunc)

=== PID → power (EMA) (pid_to_power) [comm="stress_core"] ===
PID      power             
180606   27                

=== PID → cumulative energy (pid_to_consumption) [comm="stress_core"] ===
PID      energy            
180606   722385080000      

[H[JPolling energy-fair scheduler maps every 100 millisecond(s)...
Real time since poller start: 60.473171 s
Filter: comm "stress_core"
Maps shown: total power consumption 

=== System totals (total) ===
  cpu_time:  285053948975 ns
  energy:    13028797790000 (units of your kfunc)
  uncore_energy:    966453232137420000 (units of your kfunc)

=== PID → power (EMA) (pid_to_power) [comm="stress_core"] ===
PID      power             
180606   27                

=== PID → cumulative energy (pid_to_consumption) [comm="stress_core"] ===
PID      energy            
180606   722385080000      

[H[JPolling energy-fair scheduler maps every 100 millisecond(s)...
Real time since poller start: 60.590375 s
Filter: comm "stress_core"
Maps shown: total power consumption 

=== System totals (total) ===
  cpu_time:  285073819596 ns
  energy:    13029566830000 (units of your kfunc)
  uncore_energy:    966453332251250000 (units of your kfunc)

=== PID → power (EMA) (pid_to_power) [comm="stress_core"] ===
PID      power             
180606   27                

=== PID → cumulative energy (pid_to_consumption) [comm="stress_core"] ===
PID      energy            
180606   722385080000      

[H[JPolling energy-fair scheduler maps every 100 millisecond(s)...
Real time since poller start: 60.707680 s
Filter: comm "stress_core"
Maps shown: total power consumption 

=== System totals (total) ===
  cpu_time:  285111657150 ns
  energy:    13031152250000 (units of your kfunc)
  uncore_energy:    966453497879570000 (units of your kfunc)

=== PID → power (EMA) (pid_to_power) [comm="stress_core"] ===
PID      power             
180606   27                

=== PID → cumulative energy (pid_to_consumption) [comm="stress_core"] ===
PID      energy            
180606   722385080000      

[H[JPolling energy-fair scheduler maps every 100 millisecond(s)...
Real time since poller start: 60.824957 s
Filter: comm "stress_core"
Maps shown: total power consumption 

=== System totals (total) ===
  cpu_time:  285132305217 ns
  energy:    13031978500000 (units of your kfunc)
  uncore_energy:    966453643867440000 (units of your kfunc)

=== PID → power (EMA) (pid_to_power) [comm="stress_core"] ===
PID      power             
180606   27                

=== PID → cumulative energy (pid_to_consumption) [comm="stress_core"] ===
PID      energy            
180606   722385080000      

[H[JPolling energy-fair scheduler maps every 100 millisecond(s)...
Real time since poller start: 60.942204 s
Filter: comm "stress_core"
Maps shown: total power consumption 

=== System totals (total) ===
  cpu_time:  285155584204 ns
  energy:    13032831790000 (units of your kfunc)
  uncore_energy:    966453801639030000 (units of your kfunc)

=== PID → power (EMA) (pid_to_power) [comm="stress_core"] ===
PID      power             
180606   27                

=== PID → cumulative energy (pid_to_consumption) [comm="stress_core"] ===
PID      energy            
180606   722385080000      

[H[JPolling energy-fair scheduler maps every 100 millisecond(s)...
Real time since poller start: 61.059497 s
Filter: comm "stress_core"
Maps shown: total power consumption 

=== System totals (total) ===
  cpu_time:  285180276535 ns
  energy:    13033754790000 (units of your kfunc)
  uncore_energy:    966453963884210000 (units of your kfunc)

=== PID → power (EMA) (pid_to_power) [comm="stress_core"] ===
PID      power             
180606   27                

=== PID → cumulative energy (pid_to_consumption) [comm="stress_core"] ===
PID      energy            
180606   722385080000      

[H[JPolling energy-fair scheduler maps every 100 millisecond(s)...
Real time since poller start: 61.176733 s
Filter: comm "stress_core"
Maps shown: total power consumption 

=== System totals (total) ===
  cpu_time:  285207319029 ns
  energy:    13034626810000 (units of your kfunc)
  uncore_energy:    966454127079580000 (units of your kfunc)

=== PID → power (EMA) (pid_to_power) [comm="stress_core"] ===
PID      power             
180606   27                

=== PID → cumulative energy (pid_to_consumption) [comm="stress_core"] ===
PID      energy            
180606   722385080000      

[H[JPolling energy-fair scheduler maps every 100 millisecond(s)...
Real time since poller start: 61.294093 s
Filter: comm "stress_core"
Maps shown: total power consumption 

=== System totals (total) ===
  cpu_time:  285229446976 ns
  energy:    13035436150000 (units of your kfunc)
  uncore_energy:    966454284842620000 (units of your kfunc)

=== PID → power (EMA) (pid_to_power) [comm="stress_core"] ===
PID      power             
180606   27                

=== PID → cumulative energy (pid_to_consumption) [comm="stress_core"] ===
PID      energy            
180606   722385080000      

[H[JPolling energy-fair scheduler maps every 100 millisecond(s)...
Real time since poller start: 61.411390 s
Filter: comm "stress_core"
Maps shown: total power consumption 

=== System totals (total) ===
  cpu_time:  285247037716 ns
  energy:    13036106170000 (units of your kfunc)
  uncore_energy:    966454320563750000 (units of your kfunc)

=== PID → power (EMA) (pid_to_power) [comm="stress_core"] ===
PID      power             
180606   27                

=== PID → cumulative energy (pid_to_consumption) [comm="stress_core"] ===
PID      energy            
180606   722385080000      

[H[JPolling energy-fair scheduler maps every 100 millisecond(s)...
Real time since poller start: 61.528685 s
Filter: comm "stress_core"
Maps shown: total power consumption 

=== System totals (total) ===
  cpu_time:  285269787123 ns
  energy:    13036892610000 (units of your kfunc)
  uncore_energy:    966454567534260000 (units of your kfunc)

=== PID → power (EMA) (pid_to_power) [comm="stress_core"] ===
PID      power             
180606   27                

=== PID → cumulative energy (pid_to_consumption) [comm="stress_core"] ===
PID      energy            
180606   722385080000      

[H[JPolling energy-fair scheduler maps every 100 millisecond(s)...
Real time since poller start: 61.646007 s
Filter: comm "stress_core"
Maps shown: total power consumption 

=== System totals (total) ===
  cpu_time:  285292803012 ns
  energy:    13037766640000 (units of your kfunc)
  uncore_energy:    966454728519670000 (units of your kfunc)

=== PID → power (EMA) (pid_to_power) [comm="stress_core"] ===
PID      power             
180606   27                

=== PID → cumulative energy (pid_to_consumption) [comm="stress_core"] ===
PID      energy            
180606   722385080000      

[H[JPolling energy-fair scheduler maps every 100 millisecond(s)...
Real time since poller start: 61.763315 s
Filter: comm "stress_core"
Maps shown: total power consumption 

=== System totals (total) ===
  cpu_time:  285312473393 ns
  energy:    13038475270000 (units of your kfunc)
  uncore_energy:    966454768040840000 (units of your kfunc)

=== PID → power (EMA) (pid_to_power) [comm="stress_core"] ===
PID      power             
180606   27                

=== PID → cumulative energy (pid_to_consumption) [comm="stress_core"] ===
PID      energy            
180606   722385080000      

[H[JPolling energy-fair scheduler maps every 100 millisecond(s)...
Real time since poller start: 61.880690 s
Filter: comm "stress_core"
Maps shown: total power consumption 

=== System totals (total) ===
  cpu_time:  285369698535 ns
  energy:    13040543440000 (units of your kfunc)
  uncore_energy:    966455028353950000 (units of your kfunc)

=== PID → power (EMA) (pid_to_power) [comm="stress_core"] ===
PID      power             
180606   27                

=== PID → cumulative energy (pid_to_consumption) [comm="stress_core"] ===
PID      energy            
180606   722385080000      

[H[JPolling energy-fair scheduler maps every 100 millisecond(s)...
Real time since poller start: 61.998036 s
Filter: comm "stress_core"
Maps shown: total power consumption 

=== System totals (total) ===
  cpu_time:  285391073237 ns
  energy:    13041330800000 (units of your kfunc)
  uncore_energy:    966455065420140000 (units of your kfunc)

=== PID → power (EMA) (pid_to_power) [comm="stress_core"] ===
PID      power             
180606   27                

=== PID → cumulative energy (pid_to_consumption) [comm="stress_core"] ===
PID      energy            
180606   722385080000      

[H[JPolling energy-fair scheduler maps every 100 millisecond(s)...
Real time since poller start: 62.115364 s
Filter: comm "stress_core"
Maps shown: total power consumption 

=== System totals (total) ===
  cpu_time:  285427049478 ns
  energy:    13042829060000 (units of your kfunc)
  uncore_energy:    966455332298650000 (units of your kfunc)

=== PID → power (EMA) (pid_to_power) [comm="stress_core"] ===
PID      power             
180606   27                

=== PID → cumulative energy (pid_to_consumption) [comm="stress_core"] ===
PID      energy            
180606   722385080000      

[H[JPolling energy-fair scheduler maps every 100 millisecond(s)...
Real time since poller start: 62.232694 s
Filter: comm "stress_core"
Maps shown: total power consumption 

=== System totals (total) ===
  cpu_time:  285446365488 ns
  energy:    13043566060000 (units of your kfunc)
  uncore_energy:    966455489520790000 (units of your kfunc)

=== PID → power (EMA) (pid_to_power) [comm="stress_core"] ===
PID      power             
180606   27                

=== PID → cumulative energy (pid_to_consumption) [comm="stress_core"] ===
PID      energy            
180606   722385080000      

[H[JPolling energy-fair scheduler maps every 100 millisecond(s)...
Real time since poller start: 62.350014 s
Filter: comm "stress_core"
Maps shown: total power consumption 

=== System totals (total) ===
  cpu_time:  285470299946 ns
  energy:    13044432460000 (units of your kfunc)
  uncore_energy:    966455634231170000 (units of your kfunc)

=== PID → power (EMA) (pid_to_power) [comm="stress_core"] ===
PID      power             
180606   27                

=== PID → cumulative energy (pid_to_consumption) [comm="stress_core"] ===
PID      energy            
180606   722385080000      

[H[JPolling energy-fair scheduler maps every 100 millisecond(s)...
Real time since poller start: 62.467372 s
Filter: comm "stress_core"
Maps shown: total power consumption 

=== System totals (total) ===
  cpu_time:  285492623941 ns
  energy:    13045235080000 (units of your kfunc)
  uncore_energy:    966455676326350000 (units of your kfunc)

=== PID → power (EMA) (pid_to_power) [comm="stress_core"] ===
PID      power             
180606   27                

=== PID → cumulative energy (pid_to_consumption) [comm="stress_core"] ===
PID      energy            
180606   722385080000      

[H[JPolling energy-fair scheduler maps every 100 millisecond(s)...
Real time since poller start: 62.584727 s
Filter: comm "stress_core"
Maps shown: total power consumption 

=== System totals (total) ===
  cpu_time:  285521139723 ns
  energy:    13046285970000 (units of your kfunc)
  uncore_energy:    966455927838780000 (units of your kfunc)

=== PID → power (EMA) (pid_to_power) [comm="stress_core"] ===
PID      power             
180606   27                

=== PID → cumulative energy (pid_to_consumption) [comm="stress_core"] ===
PID      energy            
180606   722385080000      

[H[JPolling energy-fair scheduler maps every 100 millisecond(s)...
Real time since poller start: 62.702072 s
Filter: comm "stress_core"
Maps shown: total power consumption 

=== System totals (total) ===
  cpu_time:  285551014293 ns
  energy:    13047402750000 (units of your kfunc)
  uncore_energy:    966456081041920000 (units of your kfunc)

=== PID → power (EMA) (pid_to_power) [comm="stress_core"] ===
PID      power             
180606   27                

=== PID → cumulative energy (pid_to_consumption) [comm="stress_core"] ===
PID      energy            
180606   722385080000      

[H[JPolling energy-fair scheduler maps every 100 millisecond(s)...
Real time since poller start: 62.819495 s
Filter: comm "stress_core"
Maps shown: total power consumption 

=== System totals (total) ===
  cpu_time:  285591420692 ns
  energy:    13049006130000 (units of your kfunc)
  uncore_energy:    966456223567870000 (units of your kfunc)

=== PID → power (EMA) (pid_to_power) [comm="stress_core"] ===
PID      power             
180606   27                

=== PID → cumulative energy (pid_to_consumption) [comm="stress_core"] ===
PID      energy            
180606   722385080000      

[H[JPolling energy-fair scheduler maps every 100 millisecond(s)...
Real time since poller start: 62.936911 s
Filter: comm "stress_core"
Maps shown: total power consumption 

=== System totals (total) ===
  cpu_time:  285755681368 ns
  energy:    13054927300000 (units of your kfunc)
  uncore_energy:    966456404247350000 (units of your kfunc)

=== PID → power (EMA) (pid_to_power) [comm="stress_core"] ===
PID      power             
180606   27                

=== PID → cumulative energy (pid_to_consumption) [comm="stress_core"] ===
PID      energy            
180606   722385080000      

[H[JPolling energy-fair scheduler maps every 100 millisecond(s)...
Real time since poller start: 63.054573 s
Filter: comm "stress_core"
Maps shown: total power consumption 

=== System totals (total) ===
  cpu_time:  286243447022 ns
  energy:    13073269450000 (units of your kfunc)
  uncore_energy:    966456560767720000 (units of your kfunc)

=== PID → power (EMA) (pid_to_power) [comm="stress_core"] ===
PID      power             
180606   27                

=== PID → cumulative energy (pid_to_consumption) [comm="stress_core"] ===
PID      energy            
180606   722385080000      

[H[JPolling energy-fair scheduler maps every 100 millisecond(s)...
Real time since poller start: 63.172317 s
Filter: comm "stress_core"
Maps shown: total power consumption 

=== System totals (total) ===
  cpu_time:  286478371740 ns
  energy:    13081493610000 (units of your kfunc)
  uncore_energy:    966456715920020000 (units of your kfunc)

=== PID → power (EMA) (pid_to_power) [comm="stress_core"] ===
PID      power             
180606   27                

=== PID → cumulative energy (pid_to_consumption) [comm="stress_core"] ===
PID      energy            
180606   722385080000      

[H[JPolling energy-fair scheduler maps every 100 millisecond(s)...
Real time since poller start: 63.289935 s
Filter: comm "stress_core"
Maps shown: total power consumption 

=== System totals (total) ===
  cpu_time:  286525073772 ns
  energy:    13083219520000 (units of your kfunc)
  uncore_energy:    966456845460280000 (units of your kfunc)

=== PID → power (EMA) (pid_to_power) [comm="stress_core"] ===
PID      power             
180606   27                

=== PID → cumulative energy (pid_to_consumption) [comm="stress_core"] ===
PID      energy            
180606   722385080000      

[H[JPolling energy-fair scheduler maps every 100 millisecond(s)...
Real time since poller start: 63.407536 s
Filter: comm "stress_core"
Maps shown: total power consumption 

=== System totals (total) ===
  cpu_time:  286624713255 ns
  energy:    13086953180000 (units of your kfunc)
  uncore_energy:    966456998293240000 (units of your kfunc)

=== PID → power (EMA) (pid_to_power) [comm="stress_core"] ===
PID      power             
180606   27                

=== PID → cumulative energy (pid_to_consumption) [comm="stress_core"] ===
PID      energy            
180606   722385080000      

[H[JPolling energy-fair scheduler maps every 100 millisecond(s)...
Real time since poller start: 63.525326 s
Filter: comm "stress_core"
Maps shown: total power consumption 

=== System totals (total) ===
  cpu_time:  286690745251 ns
  energy:    13089529770000 (units of your kfunc)
  uncore_energy:    966457144015300000 (units of your kfunc)

=== PID → power (EMA) (pid_to_power) [comm="stress_core"] ===
PID      power             
180606   27                

=== PID → cumulative energy (pid_to_consumption) [comm="stress_core"] ===
PID      energy            
180606   722385080000      

[H[JPolling energy-fair scheduler maps every 100 millisecond(s)...
Real time since poller start: 63.643372 s
Filter: comm "stress_core"
Maps shown: total power consumption 

=== System totals (total) ===
  cpu_time:  286714852203 ns
  energy:    13090430500000 (units of your kfunc)
  uncore_energy:    966457296482640000 (units of your kfunc)

=== PID → power (EMA) (pid_to_power) [comm="stress_core"] ===
PID      power             
180606   27                

=== PID → cumulative energy (pid_to_consumption) [comm="stress_core"] ===
PID      energy            
180606   722385080000      

[H[JPolling energy-fair scheduler maps every 100 millisecond(s)...
Real time since poller start: 63.761377 s
Filter: comm "stress_core"
Maps shown: total power consumption 

=== System totals (total) ===
  cpu_time:  286739564663 ns
  energy:    13091303450000 (units of your kfunc)
  uncore_energy:    966457446987410000 (units of your kfunc)

=== PID → power (EMA) (pid_to_power) [comm="stress_core"] ===
PID      power             
180606   27                

=== PID → cumulative energy (pid_to_consumption) [comm="stress_core"] ===
PID      energy            
180606   722385080000      

[H[JPolling energy-fair scheduler maps every 100 millisecond(s)...
Real time since poller start: 63.879372 s
Filter: comm "stress_core"
Maps shown: total power consumption 

=== System totals (total) ===
  cpu_time:  286761281446 ns
  energy:    13092150940000 (units of your kfunc)
  uncore_energy:    966457568779840000 (units of your kfunc)

=== PID → power (EMA) (pid_to_power) [comm="stress_core"] ===
PID      power             
180606   27                

=== PID → cumulative energy (pid_to_consumption) [comm="stress_core"] ===
PID      energy            
180606   722385080000      

[H[JPolling energy-fair scheduler maps every 100 millisecond(s)...
Real time since poller start: 63.997347 s
Filter: comm "stress_core"
Maps shown: total power consumption 

=== System totals (total) ===
  cpu_time:  286783202842 ns
  energy:    13092973540000 (units of your kfunc)
  uncore_energy:    966457778304840000 (units of your kfunc)

=== PID → power (EMA) (pid_to_power) [comm="stress_core"] ===
PID      power             
180606   27                

=== PID → cumulative energy (pid_to_consumption) [comm="stress_core"] ===
PID      energy            
180606   722385080000      

[H[JPolling energy-fair scheduler maps every 100 millisecond(s)...
Real time since poller start: 64.115303 s
Filter: comm "stress_core"
Maps shown: total power consumption 

=== System totals (total) ===
  cpu_time:  286820295621 ns
  energy:    13094453810000 (units of your kfunc)
  uncore_energy:    966457936738510000 (units of your kfunc)

=== PID → power (EMA) (pid_to_power) [comm="stress_core"] ===
PID      power             
180606   27                

=== PID → cumulative energy (pid_to_consumption) [comm="stress_core"] ===
PID      energy            
180606   722385080000      

[H[JPolling energy-fair scheduler maps every 100 millisecond(s)...
Real time since poller start: 64.233329 s
Filter: comm "stress_core"
Maps shown: total power consumption 

=== System totals (total) ===
  cpu_time:  286935347433 ns
  energy:    13098780040000 (units of your kfunc)
  uncore_energy:    966458089619770000 (units of your kfunc)

=== PID → power (EMA) (pid_to_power) [comm="stress_core"] ===
PID      power             
180606   34                

=== PID → cumulative energy (pid_to_consumption) [comm="stress_core"] ===
PID      energy            
180606   726288460000      

[H[JPolling energy-fair scheduler maps every 100 millisecond(s)...
Real time since poller start: 64.351356 s
Filter: comm "stress_core"
Maps shown: total power consumption 

=== System totals (total) ===
  cpu_time:  287071510374 ns
  energy:    13103424040000 (units of your kfunc)
  uncore_energy:    966458243425630000 (units of your kfunc)

=== PID → power (EMA) (pid_to_power) [comm="stress_core"] ===
PID      power             
180606   33                

=== PID → cumulative energy (pid_to_consumption) [comm="stress_core"] ===
PID      energy            
180606   730099070000      

[H[JPolling energy-fair scheduler maps every 100 millisecond(s)...
Real time since poller start: 64.469397 s
Filter: comm "stress_core"
Maps shown: total power consumption 

=== System totals (total) ===
  cpu_time:  287240163015 ns
  energy:    13109273450000 (units of your kfunc)
  uncore_energy:    966458397603830000 (units of your kfunc)

=== PID → power (EMA) (pid_to_power) [comm="stress_core"] ===
PID      power             
180606   37                

=== PID → cumulative energy (pid_to_consumption) [comm="stress_core"] ===
PID      energy            
180606   733937710000      

[H[JPolling energy-fair scheduler maps every 100 millisecond(s)...
Real time since poller start: 64.587420 s
Filter: comm "stress_core"
Maps shown: total power consumption 

=== System totals (total) ===
  cpu_time:  287379636388 ns
  energy:    13114182480000 (units of your kfunc)
  uncore_energy:    966458551316170000 (units of your kfunc)

=== PID → power (EMA) (pid_to_power) [comm="stress_core"] ===
PID      power             
180606   32                

=== PID → cumulative energy (pid_to_consumption) [comm="stress_core"] ===
PID      energy            
180606   737822830000      

[H[JPolling energy-fair scheduler maps every 100 millisecond(s)...
Real time since poller start: 64.705376 s
Filter: comm "stress_core"
Maps shown: total power consumption 

=== System totals (total) ===
  cpu_time:  287516980803 ns
  energy:    13118993240000 (units of your kfunc)
  uncore_energy:    966458705036910000 (units of your kfunc)

=== PID → power (EMA) (pid_to_power) [comm="stress_core"] ===
PID      power             
180606   33                

=== PID → cumulative energy (pid_to_consumption) [comm="stress_core"] ===
PID      energy            
180606   741716890000      

[H[JPolling energy-fair scheduler maps every 100 millisecond(s)...
Real time since poller start: 64.823343 s
Filter: comm "stress_core"
Maps shown: total power consumption 

=== System totals (total) ===
  cpu_time:  287656101538 ns
  energy:    13123796540000 (units of your kfunc)
  uncore_energy:    966458859258570000 (units of your kfunc)

=== PID → power (EMA) (pid_to_power) [comm="stress_core"] ===
PID      power             
180606   33                

=== PID → cumulative energy (pid_to_consumption) [comm="stress_core"] ===
PID      energy            
180606   745606970000      

[H[JPolling energy-fair scheduler maps every 100 millisecond(s)...
Real time since poller start: 64.941375 s
Filter: comm "stress_core"
Maps shown: total power consumption 

=== System totals (total) ===
  cpu_time:  287793133402 ns
  energy:    13128486070000 (units of your kfunc)
  uncore_energy:    966459012432500000 (units of your kfunc)

=== PID → power (EMA) (pid_to_power) [comm="stress_core"] ===
PID      power             
180606   33                

=== PID → cumulative energy (pid_to_consumption) [comm="stress_core"] ===
PID      energy            
180606   749421530000      

[H[JPolling energy-fair scheduler maps every 100 millisecond(s)...
Real time since poller start: 65.059453 s
Filter: comm "stress_core"
Maps shown: total power consumption 

=== System totals (total) ===
  cpu_time:  287930766628 ns
  energy:    13133322910000 (units of your kfunc)
  uncore_energy:    966459166871630000 (units of your kfunc)

=== PID → power (EMA) (pid_to_power) [comm="stress_core"] ===
PID      power             
180606   32                

=== PID → cumulative energy (pid_to_consumption) [comm="stress_core"] ===
PID      energy            
180606   753331740000      

[H[JPolling energy-fair scheduler maps every 100 millisecond(s)...
Real time since poller start: 65.177506 s
Filter: comm "stress_core"
Maps shown: total power consumption 

=== System totals (total) ===
  cpu_time:  288071466265 ns
  energy:    13138151980000 (units of your kfunc)
  uncore_energy:    966459319798450000 (units of your kfunc)

=== PID → power (EMA) (pid_to_power) [comm="stress_core"] ===
PID      power             
180606   33                

=== PID → cumulative energy (pid_to_consumption) [comm="stress_core"] ===
PID      energy            
180606   757229270000      

[H[JPolling energy-fair scheduler maps every 100 millisecond(s)...
Real time since poller start: 65.295546 s
Filter: comm "stress_core"
Maps shown: total power consumption 

=== System totals (total) ===
  cpu_time:  288223393409 ns
  energy:    13143533610000 (units of your kfunc)
  uncore_energy:    966459473188640000 (units of your kfunc)

=== PID → power (EMA) (pid_to_power) [comm="stress_core"] ===
PID      power             
180606   34                

=== PID → cumulative energy (pid_to_consumption) [comm="stress_core"] ===
PID      energy            
180606   761103440000      

[H[JPolling energy-fair scheduler maps every 100 millisecond(s)...
Real time since poller start: 65.413593 s
Filter: comm "stress_core"
Maps shown: total power consumption 

=== System totals (total) ===
  cpu_time:  288362202249 ns
  energy:    13148329500000 (units of your kfunc)
  uncore_energy:    966459626835290000 (units of your kfunc)

=== PID → power (EMA) (pid_to_power) [comm="stress_core"] ===
PID      power             
180606   34                

=== PID → cumulative energy (pid_to_consumption) [comm="stress_core"] ===
PID      energy            
180606   764972380000      

[H[JPolling energy-fair scheduler maps every 100 millisecond(s)...
Real time since poller start: 65.531591 s
Filter: comm "stress_core"
Maps shown: total power consumption 

=== System totals (total) ===
  cpu_time:  288494027879 ns
  energy:    13152943900000 (units of your kfunc)
  uncore_energy:    966459779939550000 (units of your kfunc)

=== PID → power (EMA) (pid_to_power) [comm="stress_core"] ===
PID      power             
180606   31                

=== PID → cumulative energy (pid_to_consumption) [comm="stress_core"] ===
PID      energy            
180606   768904300000      

[H[JPolling energy-fair scheduler maps every 100 millisecond(s)...
Real time since poller start: 65.649652 s
Filter: comm "stress_core"
Maps shown: total power consumption 

=== System totals (total) ===
  cpu_time:  288630172667 ns
  energy:    13157769520000 (units of your kfunc)
  uncore_energy:    966459933113040000 (units of your kfunc)

=== PID → power (EMA) (pid_to_power) [comm="stress_core"] ===
PID      power             
180606   33                

=== PID → cumulative energy (pid_to_consumption) [comm="stress_core"] ===
PID      energy            
180606   772843160000      

[H[JPolling energy-fair scheduler maps every 100 millisecond(s)...
Real time since poller start: 65.767702 s
Filter: comm "stress_core"
Maps shown: total power consumption 

=== System totals (total) ===
  cpu_time:  288767702365 ns
  energy:    13162695520000 (units of your kfunc)
  uncore_energy:    966460086440670000 (units of your kfunc)

=== PID → power (EMA) (pid_to_power) [comm="stress_core"] ===
PID      power             
180606   32                

=== PID → cumulative energy (pid_to_consumption) [comm="stress_core"] ===
PID      energy            
180606   776850330000      

[H[JPolling energy-fair scheduler maps every 100 millisecond(s)...
Real time since poller start: 65.885685 s
Filter: comm "stress_core"
Maps shown: total power consumption 

=== System totals (total) ===
  cpu_time:  288907235861 ns
  energy:    13167599610000 (units of your kfunc)
  uncore_energy:    966460239292170000 (units of your kfunc)

=== PID → power (EMA) (pid_to_power) [comm="stress_core"] ===
PID      power             
180606   33                

=== PID → cumulative energy (pid_to_consumption) [comm="stress_core"] ===
PID      energy            
180606   780802410000      

[H[JPolling energy-fair scheduler maps every 100 millisecond(s)...
Real time since poller start: 66.003744 s
Filter: comm "stress_core"
Maps shown: total power consumption 

=== System totals (total) ===
  cpu_time:  289048100667 ns
  energy:    13172610630000 (units of your kfunc)
  uncore_energy:    966460392927850000 (units of your kfunc)

=== PID → power (EMA) (pid_to_power) [comm="stress_core"] ===
PID      power             
180606   33                

=== PID → cumulative energy (pid_to_consumption) [comm="stress_core"] ===
PID      energy            
180606   784782850000      

[H[JPolling energy-fair scheduler maps every 100 millisecond(s)...
Real time since poller start: 66.121776 s
Filter: comm "stress_core"
Maps shown: total power consumption 

=== System totals (total) ===
  cpu_time:  289219753967 ns
  energy:    13178620320000 (units of your kfunc)
  uncore_energy:    966460546700110000 (units of your kfunc)

=== PID → power (EMA) (pid_to_power) [comm="stress_core"] ===
PID      power             
180606   38                

=== PID → cumulative energy (pid_to_consumption) [comm="stress_core"] ===
PID      energy            
180606   788699030000      

[H[JPolling energy-fair scheduler maps every 100 millisecond(s)...
Real time since poller start: 66.239841 s
Filter: comm "stress_core"
Maps shown: total power consumption 

=== System totals (total) ===
  cpu_time:  289365503863 ns
  energy:    13183653050000 (units of your kfunc)
  uncore_energy:    966460700807240000 (units of your kfunc)

=== PID → power (EMA) (pid_to_power) [comm="stress_core"] ===
PID      power             
180606   34                

=== PID → cumulative energy (pid_to_consumption) [comm="stress_core"] ===
PID      energy            
180606   792571010000      

[H[JPolling energy-fair scheduler maps every 100 millisecond(s)...
Real time since poller start: 66.357898 s
Filter: comm "stress_core"
Maps shown: total power consumption 

=== System totals (total) ===
  cpu_time:  289515252844 ns
  energy:    13188914660000 (units of your kfunc)
  uncore_energy:    966460853182050000 (units of your kfunc)

=== PID → power (EMA) (pid_to_power) [comm="stress_core"] ===
PID      power             
180606   32                

=== PID → cumulative energy (pid_to_consumption) [comm="stress_core"] ===
PID      energy            
180606   796449580000      

[H[JPolling energy-fair scheduler maps every 100 millisecond(s)...
Real time since poller start: 66.475963 s
Filter: comm "stress_core"
Maps shown: total power consumption 

=== System totals (total) ===
  cpu_time:  289651583525 ns
  energy:    13193654670000 (units of your kfunc)
  uncore_energy:    966461007211720000 (units of your kfunc)

=== PID → power (EMA) (pid_to_power) [comm="stress_core"] ===
PID      power             
180606   32                

=== PID → cumulative energy (pid_to_consumption) [comm="stress_core"] ===
PID      energy            
180606   800321690000      

[H[JPolling energy-fair scheduler maps every 100 millisecond(s)...
Real time since poller start: 66.594017 s
Filter: comm "stress_core"
Maps shown: total power consumption 

=== System totals (total) ===
  cpu_time:  289797782757 ns
  energy:    13198773500000 (units of your kfunc)
  uncore_energy:    966461161000510000 (units of your kfunc)

=== PID → power (EMA) (pid_to_power) [comm="stress_core"] ===
PID      power             
180606   32                

=== PID → cumulative energy (pid_to_consumption) [comm="stress_core"] ===
PID      energy            
180606   804227130000      

[H[JPolling energy-fair scheduler maps every 100 millisecond(s)...
Real time since poller start: 66.711975 s
Filter: comm "stress_core"
Maps shown: total power consumption 

=== System totals (total) ===
  cpu_time:  290012908990 ns
  energy:    13207358590000 (units of your kfunc)
  uncore_energy:    966461314751540000 (units of your kfunc)

=== PID → power (EMA) (pid_to_power) [comm="stress_core"] ===
PID      power             
180720   35                
180606   49                

=== PID → cumulative energy (pid_to_consumption) [comm="stress_core"] ===
PID      energy            
180720   3678590000        
180606   808732010000      

[H[JPolling energy-fair scheduler maps every 100 millisecond(s)...
Real time since poller start: 66.830062 s
Filter: comm "stress_core"
Maps shown: total power consumption 

=== System totals (total) ===
  cpu_time:  290278067452 ns
  energy:    13217950880000 (units of your kfunc)
  uncore_energy:    966461469824990000 (units of your kfunc)

=== PID → power (EMA) (pid_to_power) [comm="stress_core"] ===
PID      power             
180720   38                
180606   46                

=== PID → cumulative energy (pid_to_consumption) [comm="stress_core"] ===
PID      energy            
180720   8195470000        
180606   813437200000      

[H[JPolling energy-fair scheduler maps every 100 millisecond(s)...
Real time since poller start: 66.950065 s
Filter: comm "stress_core"
Maps shown: total power consumption 

=== System totals (total) ===
  cpu_time:  290669740082 ns
  energy:    13233678070000 (units of your kfunc)
  uncore_energy:    966461630109310000 (units of your kfunc)

=== PID → power (EMA) (pid_to_power) [comm="stress_core"] ===
PID      power             
180720   43                
180606   37                

=== PID → cumulative energy (pid_to_consumption) [comm="stress_core"] ===
PID      energy            
180720   12839180000       
180606   817880870000      

[H[JPolling energy-fair scheduler maps every 100 millisecond(s)...
Real time since poller start: 67.068092 s
Filter: comm "stress_core"
Maps shown: total power consumption 

=== System totals (total) ===
  cpu_time:  291011866995 ns
  energy:    13247598260000 (units of your kfunc)
  uncore_energy:    966461784942630000 (units of your kfunc)

=== PID → power (EMA) (pid_to_power) [comm="stress_core"] ===
PID      power             
180720   32                
180606   48                

=== PID → cumulative energy (pid_to_consumption) [comm="stress_core"] ===
PID      energy            
180720   17280450000       
180606   822581620000      

[H[JPolling energy-fair scheduler maps every 100 millisecond(s)...
Real time since poller start: 67.186181 s
Filter: comm "stress_core"
Maps shown: total power consumption 

=== System totals (total) ===
  cpu_time:  291321892106 ns
  energy:    13260250440000 (units of your kfunc)
  uncore_energy:    966461948054300000 (units of your kfunc)

=== PID → power (EMA) (pid_to_power) [comm="stress_core"] ===
PID      power             
180720   37                
180606   35                

=== PID → cumulative energy (pid_to_consumption) [comm="stress_core"] ===
PID      energy            
180720   21822260000       
180606   827377950000      

[H[JPolling energy-fair scheduler maps every 100 millisecond(s)...
Real time since poller start: 67.304211 s
Filter: comm "stress_core"
Maps shown: total power consumption 

=== System totals (total) ===
  cpu_time:  291583108834 ns
  energy:    13271211860000 (units of your kfunc)
  uncore_energy:    966462101454610000 (units of your kfunc)

=== PID → power (EMA) (pid_to_power) [comm="stress_core"] ===
PID      power             
180720   35                
180606   35                

=== PID → cumulative energy (pid_to_consumption) [comm="stress_core"] ===
PID      energy            
180720   26734200000       
180606   831915720000      

[H[JPolling energy-fair scheduler maps every 100 millisecond(s)...
Real time since poller start: 67.422323 s
Filter: comm "stress_core"
Maps shown: total power consumption 

=== System totals (total) ===
  cpu_time:  291828623417 ns
  energy:    13281366870000 (units of your kfunc)
  uncore_energy:    966462254405980000 (units of your kfunc)

=== PID → power (EMA) (pid_to_power) [comm="stress_core"] ===
PID      power             
180720   33                
180606   36                

=== PID → cumulative energy (pid_to_consumption) [comm="stress_core"] ===
PID      energy            
180720   31194480000       
180606   836730900000      

[H[JPolling energy-fair scheduler maps every 100 millisecond(s)...
Real time since poller start: 67.540392 s
Filter: comm "stress_core"
Maps shown: total power consumption 

=== System totals (total) ===
  cpu_time:  292078971526 ns
  energy:    13291788640000 (units of your kfunc)
  uncore_energy:    966462407335500000 (units of your kfunc)

=== PID → power (EMA) (pid_to_power) [comm="stress_core"] ===
PID      power             
180720   32                
180606   32                

=== PID → cumulative energy (pid_to_consumption) [comm="stress_core"] ===
PID      energy            
180720   35795380000       
180606   841482630000      

[H[JPolling energy-fair scheduler maps every 100 millisecond(s)...
Real time since poller start: 67.658435 s
Filter: comm "stress_core"
Maps shown: total power consumption 

=== System totals (total) ===
  cpu_time:  292359195883 ns
  energy:    13303079780000 (units of your kfunc)
  uncore_energy:    966462561019180000 (units of your kfunc)

=== PID → power (EMA) (pid_to_power) [comm="stress_core"] ===
PID      power             
180720   47                
180606   37                

=== PID → cumulative energy (pid_to_consumption) [comm="stress_core"] ===
PID      energy            
180720   40327300000       
180606   846132730000      

[H[JPolling energy-fair scheduler maps every 100 millisecond(s)...
Real time since poller start: 67.776528 s
Filter: comm "stress_core"
Maps shown: total power consumption 

=== System totals (total) ===
  cpu_time:  292606655918 ns
  energy:    13313128960000 (units of your kfunc)
  uncore_energy:    966462714358520000 (units of your kfunc)

=== PID → power (EMA) (pid_to_power) [comm="stress_core"] ===
PID      power             
180720   36                
180606   35                

=== PID → cumulative energy (pid_to_consumption) [comm="stress_core"] ===
PID      energy            
180720   44903950000       
180606   850721800000      

[H[JPolling energy-fair scheduler maps every 100 millisecond(s)...
Real time since poller start: 67.894600 s
Filter: comm "stress_core"
Maps shown: total power consumption 

=== System totals (total) ===
  cpu_time:  292871796956 ns
  energy:    13324057920000 (units of your kfunc)
  uncore_energy:    966462867658690000 (units of your kfunc)

=== PID → power (EMA) (pid_to_power) [comm="stress_core"] ===
PID      power             
180720   36                
180606   34                

=== PID → cumulative energy (pid_to_consumption) [comm="stress_core"] ===
PID      energy            
180720   49613940000       
180606   855249350000      

[H[JPolling energy-fair scheduler maps every 100 millisecond(s)...
Real time since poller start: 68.012735 s
Filter: comm "stress_core"
Maps shown: total power consumption 

=== System totals (total) ===
  cpu_time:  293116689794 ns
  energy:    13333701720000 (units of your kfunc)
  uncore_energy:    966463022197170000 (units of your kfunc)

=== PID → power (EMA) (pid_to_power) [comm="stress_core"] ===
PID      power             
180720   36                
180606   34                

=== PID → cumulative energy (pid_to_consumption) [comm="stress_core"] ===
PID      energy            
180720   53981480000       
180606   859669260000      

[H[JPolling energy-fair scheduler maps every 100 millisecond(s)...
Real time since poller start: 68.130804 s
Filter: comm "stress_core"
Maps shown: total power consumption 

=== System totals (total) ===
  cpu_time:  293360280138 ns
  energy:    13343490350000 (units of your kfunc)
  uncore_energy:    966463175286040000 (units of your kfunc)

=== PID → power (EMA) (pid_to_power) [comm="stress_core"] ===
PID      power             
180720   33                
180606   37                

=== PID → cumulative energy (pid_to_consumption) [comm="stress_core"] ===
PID      energy            
180720   58263110000       
180606   864507030000      

[H[JPolling energy-fair scheduler maps every 100 millisecond(s)...
Real time since poller start: 68.248902 s
Filter: comm "stress_core"
Maps shown: total power consumption 

=== System totals (total) ===
  cpu_time:  293608850132 ns
  energy:    13353621800000 (units of your kfunc)
  uncore_energy:    966463330101800000 (units of your kfunc)

=== PID → power (EMA) (pid_to_power) [comm="stress_core"] ===
PID      power             
180720   36                
180606   36                

=== PID → cumulative energy (pid_to_consumption) [comm="stress_core"] ===
PID      energy            
180720   62706280000       
180606   869224670000      

[H[JPolling energy-fair scheduler maps every 100 millisecond(s)...
Real time since poller start: 68.366991 s
Filter: comm "stress_core"
Maps shown: total power consumption 

=== System totals (total) ===
  cpu_time:  293861865530 ns
  energy:    13363580480000 (units of your kfunc)
  uncore_energy:    966463482828820000 (units of your kfunc)

=== PID → power (EMA) (pid_to_power) [comm="stress_core"] ===
PID      power             
180720   32                
180606   36                

=== PID → cumulative energy (pid_to_consumption) [comm="stress_core"] ===
PID      energy            
180720   67014310000       
180606   873779140000      

[H[JPolling energy-fair scheduler maps every 100 millisecond(s)...
Real time since poller start: 68.485020 s
Filter: comm "stress_core"
Maps shown: total power consumption 

=== System totals (total) ===
  cpu_time:  294107823268 ns
  energy:    13373617690000 (units of your kfunc)
  uncore_energy:    966463636026470000 (units of your kfunc)

=== PID → power (EMA) (pid_to_power) [comm="stress_core"] ===
PID      power             
180720   37                
180606   36                

=== PID → cumulative energy (pid_to_consumption) [comm="stress_core"] ===
PID      energy            
180720   71590560000       
180606   878356180000      

[H[JPolling energy-fair scheduler maps every 100 millisecond(s)...
Real time since poller start: 68.603085 s
Filter: comm "stress_core"
Maps shown: total power consumption 

=== System totals (total) ===
  cpu_time:  294357950049 ns
  energy:    13384080120000 (units of your kfunc)
  uncore_energy:    966463788983840000 (units of your kfunc)

=== PID → power (EMA) (pid_to_power) [comm="stress_core"] ===
PID      power             
180720   47                
180606   38                

=== PID → cumulative energy (pid_to_consumption) [comm="stress_core"] ===
PID      energy            
180720   76270710000       
180606   883223560000      

[H[JPolling energy-fair scheduler maps every 100 millisecond(s)...
Real time since poller start: 68.721051 s
Filter: comm "stress_core"
Maps shown: total power consumption 

=== System totals (total) ===
  cpu_time:  294604559353 ns
  energy:    13394496550000 (units of your kfunc)
  uncore_energy:    966463942217160000 (units of your kfunc)

=== PID → power (EMA) (pid_to_power) [comm="stress_core"] ===
PID      power             
180720   36                
180606   45                

=== PID → cumulative energy (pid_to_consumption) [comm="stress_core"] ===
PID      energy            
180720   80989760000       
180606   887896460000      

[H[JPolling energy-fair scheduler maps every 100 millisecond(s)...
Real time since poller start: 68.839090 s
Filter: comm "stress_core"
Maps shown: total power consumption 

=== System totals (total) ===
  cpu_time:  294868326094 ns
  energy:    13405353980000 (units of your kfunc)
  uncore_energy:    966464094712540000 (units of your kfunc)

=== PID → power (EMA) (pid_to_power) [comm="stress_core"] ===
PID      power             
180720   37                
180606   36                

=== PID → cumulative energy (pid_to_consumption) [comm="stress_core"] ===
PID      energy            
180720   85790960000       
180606   892327000000      

[H[JPolling energy-fair scheduler maps every 100 millisecond(s)...
Real time since poller start: 68.957173 s
Filter: comm "stress_core"
Maps shown: total power consumption 

=== System totals (total) ===
  cpu_time:  295117045110 ns
  energy:    13415835090000 (units of your kfunc)
  uncore_energy:    966464248586140000 (units of your kfunc)

=== PID → power (EMA) (pid_to_power) [comm="stress_core"] ===
PID      power             
180720   36                
180606   42                

=== PID → cumulative energy (pid_to_consumption) [comm="stress_core"] ===
PID      energy            
180720   90577650000       
180606   897136590000      

[H[JPolling energy-fair scheduler maps every 100 millisecond(s)...
Real time since poller start: 69.075190 s
Filter: comm "stress_core"
Maps shown: total power consumption 

=== System totals (total) ===
  cpu_time:  295400430919 ns
  energy:    13427744840000 (units of your kfunc)
  uncore_energy:    966464401900690000 (units of your kfunc)

=== PID → power (EMA) (pid_to_power) [comm="stress_core"] ===
PID      power             
180720   41                
180606   35                

=== PID → cumulative energy (pid_to_consumption) [comm="stress_core"] ===
PID      energy            
180720   95483510000       
180606   902151080000      

[H[JPolling energy-fair scheduler maps every 100 millisecond(s)...
Real time since poller start: 69.193312 s
Filter: comm "stress_core"
Maps shown: total power consumption 

=== System totals (total) ===
  cpu_time:  295594907716 ns
  energy:    13435828050000 (units of your kfunc)
  uncore_energy:    966464554837230000 (units of your kfunc)

=== PID → power (EMA) (pid_to_power) [comm="stress_core"] ===
PID      power             
180720   34                
180606   37                

=== PID → cumulative energy (pid_to_consumption) [comm="stress_core"] ===
PID      energy            
180720   99946270000       
180606   904148920000      

[H[JPolling energy-fair scheduler maps every 100 millisecond(s)...
Real time since poller start: 69.311377 s
Filter: comm "stress_core"
Maps shown: total power consumption 

=== System totals (total) ===
  cpu_time:  295738748051 ns
  energy:    13441291920000 (units of your kfunc)
  uncore_energy:    966464707725870000 (units of your kfunc)

=== PID → power (EMA) (pid_to_power) [comm="stress_core"] ===
PID      power             
180720   36                
180606   37                

=== PID → cumulative energy (pid_to_consumption) [comm="stress_core"] ===
PID      energy            
180720   104188800000      
180606   904148920000      

[H[JPolling energy-fair scheduler maps every 100 millisecond(s)...
Real time since poller start: 69.429504 s
Filter: comm "stress_core"
Maps shown: total power consumption 

=== System totals (total) ===
  cpu_time:  295878192968 ns
  energy:    13446469350000 (units of your kfunc)
  uncore_energy:    966464861749790000 (units of your kfunc)

=== PID → power (EMA) (pid_to_power) [comm="stress_core"] ===
PID      power             
180720   35                
180606   37                

=== PID → cumulative energy (pid_to_consumption) [comm="stress_core"] ===
PID      energy            
180720   108416740000      
180606   904148920000      

[H[JPolling energy-fair scheduler maps every 100 millisecond(s)...
Real time since poller start: 69.547556 s
Filter: comm "stress_core"
Maps shown: total power consumption 

=== System totals (total) ===
  cpu_time:  296015875853 ns
  energy:    13451678590000 (units of your kfunc)
  uncore_energy:    966465014026360000 (units of your kfunc)

=== PID → power (EMA) (pid_to_power) [comm="stress_core"] ===
PID      power             
180720   36                
180606   37                

=== PID → cumulative energy (pid_to_consumption) [comm="stress_core"] ===
PID      energy            
180720   112705830000      
180606   904148920000      

[H[JPolling energy-fair scheduler maps every 100 millisecond(s)...
Real time since poller start: 69.665620 s
Filter: comm "stress_core"
Maps shown: total power consumption 

=== System totals (total) ===
  cpu_time:  296154351106 ns
  energy:    13456916850000 (units of your kfunc)
  uncore_energy:    966465167361560000 (units of your kfunc)

=== PID → power (EMA) (pid_to_power) [comm="stress_core"] ===
PID      power             
180720   36                
180606   37                

=== PID → cumulative energy (pid_to_consumption) [comm="stress_core"] ===
PID      energy            
180720   117000320000      
180606   904148920000      

[H[JPolling energy-fair scheduler maps every 100 millisecond(s)...
Real time since poller start: 69.783669 s
Filter: comm "stress_core"
Maps shown: total power consumption 

=== System totals (total) ===
  cpu_time:  296304810116 ns
  energy:    13462677500000 (units of your kfunc)
  uncore_energy:    966465320080670000 (units of your kfunc)

=== PID → power (EMA) (pid_to_power) [comm="stress_core"] ===
PID      power             
180720   36                
180606   37                

=== PID → cumulative energy (pid_to_consumption) [comm="stress_core"] ===
PID      energy            
180720   121351820000      
180606   904148920000      

[H[JPolling energy-fair scheduler maps every 100 millisecond(s)...
Real time since poller start: 69.901701 s
Filter: comm "stress_core"
Maps shown: total power consumption 

=== System totals (total) ===
  cpu_time:  296441561295 ns
  energy:    13467849580000 (units of your kfunc)
  uncore_energy:    966465472942500000 (units of your kfunc)

=== PID → power (EMA) (pid_to_power) [comm="stress_core"] ===
PID      power             
180720   37                
180606   37                

=== PID → cumulative energy (pid_to_consumption) [comm="stress_core"] ===
PID      energy            
180720   125650310000      
180606   904148920000      

[H[JPolling energy-fair scheduler maps every 100 millisecond(s)...
Real time since poller start: 70.019724 s
Filter: comm "stress_core"
Maps shown: total power consumption 

=== System totals (total) ===
  cpu_time:  296578166005 ns
  energy:    13473019980000 (units of your kfunc)
  uncore_energy:    966465625435060000 (units of your kfunc)

=== PID → power (EMA) (pid_to_power) [comm="stress_core"] ===
PID      power             
180720   37                
180606   37                

=== PID → cumulative energy (pid_to_consumption) [comm="stress_core"] ===
PID      energy            
180720   130005610000      
180606   904148920000      

[H[JPolling energy-fair scheduler maps every 100 millisecond(s)...
Real time since poller start: 70.137807 s
Filter: comm "stress_core"
Maps shown: total power consumption 

=== System totals (total) ===
  cpu_time:  296715741109 ns
  energy:    13478303950000 (units of your kfunc)
  uncore_energy:    966465778056820000 (units of your kfunc)

=== PID → power (EMA) (pid_to_power) [comm="stress_core"] ===
PID      power             
180720   36                
180606   37                

=== PID → cumulative energy (pid_to_consumption) [comm="stress_core"] ===
PID      energy            
180720   134412180000      
180606   904148920000      

[H[JPolling energy-fair scheduler maps every 100 millisecond(s)...
Real time since poller start: 70.255879 s
Filter: comm "stress_core"
Maps shown: total power consumption 

=== System totals (total) ===
  cpu_time:  296867900978 ns
  energy:    13484163990000 (units of your kfunc)
  uncore_energy:    966465930471630000 (units of your kfunc)

=== PID → power (EMA) (pid_to_power) [comm="stress_core"] ===
PID      power             
180720   38                
180606   37                

=== PID → cumulative energy (pid_to_consumption) [comm="stress_core"] ===
PID      energy            
180720   138792100000      
180606   904148920000      

[H[JPolling energy-fair scheduler maps every 100 millisecond(s)...
Real time since poller start: 70.373955 s
Filter: comm "stress_core"
Maps shown: total power consumption 

=== System totals (total) ===
  cpu_time:  297011580589 ns
  energy:    13489583210000 (units of your kfunc)
  uncore_energy:    966466083659280000 (units of your kfunc)

=== PID → power (EMA) (pid_to_power) [comm="stress_core"] ===
PID      power             
180720   36                
180606   37                

=== PID → cumulative energy (pid_to_consumption) [comm="stress_core"] ===
PID      energy            
180720   143121990000      
180606   904148920000      

[H[JPolling energy-fair scheduler maps every 100 millisecond(s)...
Real time since poller start: 70.492021 s
Filter: comm "stress_core"
Maps shown: total power consumption 

=== System totals (total) ===
  cpu_time:  297174657796 ns
  energy:    13495973040000 (units of your kfunc)
  uncore_energy:    966466245359510000 (units of your kfunc)

=== PID → power (EMA) (pid_to_power) [comm="stress_core"] ===
PID      power             
180720   37                
180606   37                

=== PID → cumulative energy (pid_to_consumption) [comm="stress_core"] ===
PID      energy            
180720   147588290000      
180606   904148920000      

[H[JPolling energy-fair scheduler maps every 100 millisecond(s)...
Real time since poller start: 70.609985 s
Filter: comm "stress_core"
Maps shown: total power consumption 

=== System totals (total) ===
  cpu_time:  297473697964 ns
  energy:    13507622860000 (units of your kfunc)
  uncore_energy:    966466398840610000 (units of your kfunc)

=== PID → power (EMA) (pid_to_power) [comm="stress_core"] ===
PID      power             
180720   41                
180606   37                

=== PID → cumulative energy (pid_to_consumption) [comm="stress_core"] ===
PID      energy            
180720   152483660000      
180606   904148920000      

[H[JPolling energy-fair scheduler maps every 100 millisecond(s)...
Real time since poller start: 70.727929 s
Filter: comm "stress_core"
Maps shown: total power consumption 

=== System totals (total) ===
  cpu_time:  297719457002 ns
  energy:    13517045920000 (units of your kfunc)
  uncore_energy:    966466553459600000 (units of your kfunc)

=== PID → power (EMA) (pid_to_power) [comm="stress_core"] ===
PID      power             
180720   38                
180606   37                

=== PID → cumulative energy (pid_to_consumption) [comm="stress_core"] ===
PID      energy            
180720   157287710000      
180606   904148920000      

[H[JPolling energy-fair scheduler maps every 100 millisecond(s)...
Real time since poller start: 70.847008 s
Filter: comm "stress_core"
Maps shown: total power consumption 

=== System totals (total) ===
  cpu_time:  297864843837 ns
  energy:    13522667590000 (units of your kfunc)
  uncore_energy:    966466710976510000 (units of your kfunc)

=== PID → power (EMA) (pid_to_power) [comm="stress_core"] ===
PID      power             
180720   36                
180606   37                

=== PID → cumulative energy (pid_to_consumption) [comm="stress_core"] ===
PID      energy            
180720   161580620000      
180606   904148920000      

[H[JPolling energy-fair scheduler maps every 100 millisecond(s)...
Real time since poller start: 70.965139 s
Filter: comm "stress_core"
Maps shown: total power consumption 

=== System totals (total) ===
  cpu_time:  298015683172 ns
  energy:    13528403280000 (units of your kfunc)
  uncore_energy:    966466864676240000 (units of your kfunc)

=== PID → power (EMA) (pid_to_power) [comm="stress_core"] ===
PID      power             
180720   38                
180606   37                

=== PID → cumulative energy (pid_to_consumption) [comm="stress_core"] ===
PID      energy            
180720   165849510000      
180606   904148920000      

[H[JPolling energy-fair scheduler maps every 100 millisecond(s)...
Real time since poller start: 71.083133 s
Filter: comm "stress_core"
Maps shown: total power consumption 

=== System totals (total) ===
  cpu_time:  298150630755 ns
  energy:    13533482180000 (units of your kfunc)
  uncore_energy:    966467015986810000 (units of your kfunc)

=== PID → power (EMA) (pid_to_power) [comm="stress_core"] ===
PID      power             
180720   37                
180606   37                

=== PID → cumulative energy (pid_to_consumption) [comm="stress_core"] ===
PID      energy            
180720   170096050000      
180606   904148920000      

[H[JPolling energy-fair scheduler maps every 100 millisecond(s)...
Real time since poller start: 71.201209 s
Filter: comm "stress_core"
Maps shown: total power consumption 

=== System totals (total) ===
  cpu_time:  298226833825 ns
  energy:    13536385790000 (units of your kfunc)
  uncore_energy:    966467160494240000 (units of your kfunc)

=== PID → power (EMA) (pid_to_power) [comm="stress_core"] ===
PID      power             
180720   37                
180606   37                

=== PID → cumulative energy (pid_to_consumption) [comm="stress_core"] ===
PID      energy            
180720   171722350000      
180606   904148920000      

[H[JPolling energy-fair scheduler maps every 100 millisecond(s)...
Real time since poller start: 71.319197 s
Filter: comm "stress_core"
Maps shown: total power consumption 

=== System totals (total) ===
  cpu_time:  298248319755 ns
  energy:    13537221820000 (units of your kfunc)
  uncore_energy:    966467204211740000 (units of your kfunc)

=== PID → power (EMA) (pid_to_power) [comm="stress_core"] ===
PID      power             
180720   37                
180606   37                

=== PID → cumulative energy (pid_to_consumption) [comm="stress_core"] ===
PID      energy            
180720   171722350000      
180606   904148920000      

[H[JPolling energy-fair scheduler maps every 100 millisecond(s)...
Real time since poller start: 71.437214 s
Filter: comm "stress_core"
Maps shown: total power consumption 

=== System totals (total) ===
  cpu_time:  298272215239 ns
  energy:    13538143000000 (units of your kfunc)
  uncore_energy:    966467408473510000 (units of your kfunc)

=== PID → power (EMA) (pid_to_power) [comm="stress_core"] ===
PID      power             
180720   37                
180606   37                

=== PID → cumulative energy (pid_to_consumption) [comm="stress_core"] ===
PID      energy            
180720   171722350000      
180606   904148920000      

[H[JPolling energy-fair scheduler maps every 100 millisecond(s)...
Real time since poller start: 71.555249 s
Filter: comm "stress_core"
Maps shown: total power consumption 

=== System totals (total) ===
  cpu_time:  298297206050 ns
  energy:    13539073330000 (units of your kfunc)
  uncore_energy:    966467624064940000 (units of your kfunc)

=== PID → power (EMA) (pid_to_power) [comm="stress_core"] ===
PID      power             
180720   37                
180606   37                

=== PID → cumulative energy (pid_to_consumption) [comm="stress_core"] ===
PID      energy            
180720   171722350000      
180606   904148920000      

[H[JPolling energy-fair scheduler maps every 100 millisecond(s)...
Real time since poller start: 71.673249 s
Filter: comm "stress_core"
Maps shown: total power consumption 

=== System totals (total) ===
  cpu_time:  298319445595 ns
  energy:    13539957420000 (units of your kfunc)
  uncore_energy:    966467770809180000 (units of your kfunc)

=== PID → power (EMA) (pid_to_power) [comm="stress_core"] ===
PID      power             
180720   37                
180606   37                

=== PID → cumulative energy (pid_to_consumption) [comm="stress_core"] ===
PID      energy            
180720   171722350000      
180606   904148920000      

[H[JPolling energy-fair scheduler maps every 100 millisecond(s)...
Real time since poller start: 71.791311 s
Filter: comm "stress_core"
Maps shown: total power consumption 

=== System totals (total) ===
  cpu_time:  298340858645 ns
  energy:    13540791160000 (units of your kfunc)
  uncore_energy:    966467905676120000 (units of your kfunc)

=== PID → power (EMA) (pid_to_power) [comm="stress_core"] ===
PID      power             
180720   37                
180606   37                

=== PID → cumulative energy (pid_to_consumption) [comm="stress_core"] ===
PID      energy            
180720   171722350000      
180606   904148920000      

[H[JPolling energy-fair scheduler maps every 100 millisecond(s)...
Real time since poller start: 71.909313 s
Filter: comm "stress_core"
Maps shown: total power consumption 

=== System totals (total) ===
  cpu_time:  298378988842 ns
  energy:    13542342080000 (units of your kfunc)
  uncore_energy:    966468076472310000 (units of your kfunc)

=== PID → power (EMA) (pid_to_power) [comm="stress_core"] ===
PID      power             
180720   37                
180606   37                

=== PID → cumulative energy (pid_to_consumption) [comm="stress_core"] ===
PID      energy            
180720   171722350000      
180606   904148920000      

[H[JPolling energy-fair scheduler maps every 100 millisecond(s)...
Real time since poller start: 72.027338 s
Filter: comm "stress_core"
Maps shown: total power consumption 

=== System totals (total) ===
  cpu_time:  298404415217 ns
  energy:    13543289190000 (units of your kfunc)
  uncore_energy:    966468215019670000 (units of your kfunc)

=== PID → power (EMA) (pid_to_power) [comm="stress_core"] ===
PID      power             
180720   37                
180606   37                

=== PID → cumulative energy (pid_to_consumption) [comm="stress_core"] ===
PID      energy            
180720   171722350000      
180606   904148920000      

[H[JPolling energy-fair scheduler maps every 100 millisecond(s)...
Real time since poller start: 72.145365 s
Filter: comm "stress_core"
Maps shown: total power consumption 

=== System totals (total) ===
  cpu_time:  298426534903 ns
  energy:    13544110880000 (units of your kfunc)
  uncore_energy:    966468361441030000 (units of your kfunc)

=== PID → power (EMA) (pid_to_power) [comm="stress_core"] ===
PID      power             
180720   37                
180606   37                

=== PID → cumulative energy (pid_to_consumption) [comm="stress_core"] ===
PID      energy            
180720   171722350000      
180606   904148920000      

[H[JPolling energy-fair scheduler maps every 100 millisecond(s)...
Real time since poller start: 72.263373 s
Filter: comm "stress_core"
Maps shown: total power consumption 

=== System totals (total) ===
  cpu_time:  298484671192 ns
  energy:    13546101250000 (units of your kfunc)
  uncore_energy:    966468519017610000 (units of your kfunc)

=== PID → power (EMA) (pid_to_power) [comm="stress_core"] ===
PID      power             
180720   37                
180606   37                

=== PID → cumulative energy (pid_to_consumption) [comm="stress_core"] ===
PID      energy            
180720   171722350000      
180606   904148920000      

[H[JPolling energy-fair scheduler maps every 100 millisecond(s)...
Real time since poller start: 72.381390 s
Filter: comm "stress_core"
Maps shown: total power consumption 

=== System totals (total) ===
  cpu_time:  298506644504 ns
  energy:    13546933760000 (units of your kfunc)
  uncore_energy:    966468657979410000 (units of your kfunc)

=== PID → power (EMA) (pid_to_power) [comm="stress_core"] ===
PID      power             
180720   37                
180606   37                

=== PID → cumulative energy (pid_to_consumption) [comm="stress_core"] ===
PID      energy            
180720   171722350000      
180606   904148920000      

[H[JPolling energy-fair scheduler maps every 100 millisecond(s)...
Real time since poller start: 72.499403 s
Filter: comm "stress_core"
Maps shown: total power consumption 

=== System totals (total) ===
  cpu_time:  298528609037 ns
  energy:    13547740490000 (units of your kfunc)
  uncore_energy:    966468802780590000 (units of your kfunc)

=== PID → power (EMA) (pid_to_power) [comm="stress_core"] ===
PID      power             
180720   37                
180606   37                

=== PID → cumulative energy (pid_to_consumption) [comm="stress_core"] ===
PID      energy            
180720   171722350000      
180606   904148920000      

[H[JPolling energy-fair scheduler maps every 100 millisecond(s)...
Real time since poller start: 72.617456 s
Filter: comm "stress_core"
Maps shown: total power consumption 

=== System totals (total) ===
  cpu_time:  298548555221 ns
  energy:    13548529690000 (units of your kfunc)
  uncore_energy:    966468968388790000 (units of your kfunc)

=== PID → power (EMA) (pid_to_power) [comm="stress_core"] ===
PID      power             
180720   37                
180606   37                

=== PID → cumulative energy (pid_to_consumption) [comm="stress_core"] ===
PID      energy            
180720   171722350000      
180606   904148920000      

[H[JPolling energy-fair scheduler maps every 100 millisecond(s)...
Real time since poller start: 72.735451 s
Filter: comm "stress_core"
Maps shown: total power consumption 

=== System totals (total) ===
  cpu_time:  298570596007 ns
  energy:    13549376090000 (units of your kfunc)
  uncore_energy:    966469122781960000 (units of your kfunc)

=== PID → power (EMA) (pid_to_power) [comm="stress_core"] ===
PID      power             
180720   37                
180606   37                

=== PID → cumulative energy (pid_to_consumption) [comm="stress_core"] ===
PID      energy            
180720   171722350000      
180606   904148920000      

[H[JPolling energy-fair scheduler maps every 100 millisecond(s)...
Real time since poller start: 72.853431 s
Filter: comm "stress_core"
Maps shown: total power consumption 

=== System totals (total) ===
  cpu_time:  298591888749 ns
  energy:    13550169860000 (units of your kfunc)
  uncore_energy:    966469259795650000 (units of your kfunc)

=== PID → power (EMA) (pid_to_power) [comm="stress_core"] ===
PID      power             
180720   37                
180606   37                

=== PID → cumulative energy (pid_to_consumption) [comm="stress_core"] ===
PID      energy            
180720   171722350000      
180606   904148920000      

[H[JPolling energy-fair scheduler maps every 100 millisecond(s)...
Real time since poller start: 72.971412 s
Filter: comm "stress_core"
Maps shown: total power consumption 

=== System totals (total) ===
  cpu_time:  298615863393 ns
  energy:    13551011530000 (units of your kfunc)
  uncore_energy:    966469413476990000 (units of your kfunc)

=== PID → power (EMA) (pid_to_power) [comm="stress_core"] ===
PID      power             
180720   37                
180606   37                

=== PID → cumulative energy (pid_to_consumption) [comm="stress_core"] ===
PID      energy            
180720   171722350000      
180606   904148920000      

[H[JPolling energy-fair scheduler maps every 100 millisecond(s)...
Real time since poller start: 73.089393 s
Filter: comm "stress_core"
Maps shown: total power consumption 

=== System totals (total) ===
  cpu_time:  298637445995 ns
  energy:    13551810320000 (units of your kfunc)
  uncore_energy:    966469582321140000 (units of your kfunc)

=== PID → power (EMA) (pid_to_power) [comm="stress_core"] ===
PID      power             
180720   37                
180606   37                

=== PID → cumulative energy (pid_to_consumption) [comm="stress_core"] ===
PID      energy            
180720   171722350000      
180606   904148920000      

[H[JPolling energy-fair scheduler maps every 100 millisecond(s)...
Real time since poller start: 73.207473 s
Filter: comm "stress_core"
Maps shown: total power consumption 

=== System totals (total) ===
  cpu_time:  298659636662 ns
  energy:    13552631410000 (units of your kfunc)
  uncore_energy:    966469731673700000 (units of your kfunc)

=== PID → power (EMA) (pid_to_power) [comm="stress_core"] ===
PID      power             
180720   37                
180606   37                

=== PID → cumulative energy (pid_to_consumption) [comm="stress_core"] ===
PID      energy            
180720   171722350000      
180606   904148920000      

[H[JPolling energy-fair scheduler maps every 100 millisecond(s)...
Real time since poller start: 73.325490 s
Filter: comm "stress_core"
Maps shown: total power consumption 

=== System totals (total) ===
  cpu_time:  298695631103 ns
  energy:    13554129200000 (units of your kfunc)
  uncore_energy:    966469880420810000 (units of your kfunc)

=== PID → power (EMA) (pid_to_power) [comm="stress_core"] ===
PID      power             
180720   37                
180606   37                

=== PID → cumulative energy (pid_to_consumption) [comm="stress_core"] ===
PID      energy            
180720   171722350000      
180606   904148920000      

[H[JPolling energy-fair scheduler maps every 100 millisecond(s)...
Real time since poller start: 73.443506 s
Filter: comm "stress_core"
Maps shown: total power consumption 

=== System totals (total) ===
  cpu_time:  298715853218 ns
  energy:    13554909690000 (units of your kfunc)
  uncore_energy:    966470051284460000 (units of your kfunc)

=== PID → power (EMA) (pid_to_power) [comm="stress_core"] ===
PID      power             
180720   37                
180606   37                

=== PID → cumulative energy (pid_to_consumption) [comm="stress_core"] ===
PID      energy            
180720   171722350000      
180606   904148920000      

[H[JPolling energy-fair scheduler maps every 100 millisecond(s)...
Real time since poller start: 73.561518 s
Filter: comm "stress_core"
Maps shown: total power consumption 

=== System totals (total) ===
  cpu_time:  298740758056 ns
  energy:    13555828880000 (units of your kfunc)
  uncore_energy:    966470193488590000 (units of your kfunc)

=== PID → power (EMA) (pid_to_power) [comm="stress_core"] ===
PID      power             
180720   37                
180606   37                

=== PID → cumulative energy (pid_to_consumption) [comm="stress_core"] ===
PID      energy            
180720   171722350000      
180606   904148920000      

[H[JPolling energy-fair scheduler maps every 100 millisecond(s)...
Real time since poller start: 73.679489 s
Filter: comm "stress_core"
Maps shown: total power consumption 

=== System totals (total) ===
  cpu_time:  298761844394 ns
  energy:    13556590300000 (units of your kfunc)
  uncore_energy:    966470334004180000 (units of your kfunc)

=== PID → power (EMA) (pid_to_power) [comm="stress_core"] ===
PID      power             
180720   37                
180606   37                

=== PID → cumulative energy (pid_to_consumption) [comm="stress_core"] ===
PID      energy            
180720   171722350000      
180606   904148920000      

[H[JPolling energy-fair scheduler maps every 100 millisecond(s)...
Real time since poller start: 73.797523 s
Filter: comm "stress_core"
Maps shown: total power consumption 

=== System totals (total) ===
  cpu_time:  298815041528 ns
  energy:    13558412820000 (units of your kfunc)
  uncore_energy:    966470494665940000 (units of your kfunc)

=== PID → power (EMA) (pid_to_power) [comm="stress_core"] ===
PID      power             
180720   37                
180606   37                

=== PID → cumulative energy (pid_to_consumption) [comm="stress_core"] ===
PID      energy            
180720   171722350000      
180606   904148920000      

[H[JPolling energy-fair scheduler maps every 100 millisecond(s)...
Real time since poller start: 73.915513 s
Filter: comm "stress_core"
Maps shown: total power consumption 

=== System totals (total) ===
  cpu_time:  298838714152 ns
  energy:    13559285790000 (units of your kfunc)
  uncore_energy:    966470643669220000 (units of your kfunc)

=== PID → power (EMA) (pid_to_power) [comm="stress_core"] ===
PID      power             
180720   37                
180606   37                

=== PID → cumulative energy (pid_to_consumption) [comm="stress_core"] ===
PID      energy            
180720   171722350000      
180606   904148920000      

[H[JPolling energy-fair scheduler maps every 100 millisecond(s)...
Real time since poller start: 74.033520 s
Filter: comm "stress_core"
Maps shown: total power consumption 

=== System totals (total) ===
  cpu_time:  298858689076 ns
  energy:    13560033930000 (units of your kfunc)
  uncore_energy:    966470718082370000 (units of your kfunc)

=== PID → power (EMA) (pid_to_power) [comm="stress_core"] ===
PID      power             
180720   37                
180606   37                

=== PID → cumulative energy (pid_to_consumption) [comm="stress_core"] ===
PID      energy            
180720   171722350000      
180606   904148920000      

[H[JPolling energy-fair scheduler maps every 100 millisecond(s)...
Real time since poller start: 74.151474 s
Filter: comm "stress_core"
Maps shown: total power consumption 

=== System totals (total) ===
  cpu_time:  298881214694 ns
  energy:    13560899400000 (units of your kfunc)
  uncore_energy:    966470932253060000 (units of your kfunc)

=== PID → power (EMA) (pid_to_power) [comm="stress_core"] ===
PID      power             
180720   37                
180606   37                

=== PID → cumulative energy (pid_to_consumption) [comm="stress_core"] ===
PID      energy            
180720   171722350000      
180606   905613920000      

[H[JPolling energy-fair scheduler maps every 100 millisecond(s)...
Real time since poller start: 74.269406 s
Filter: comm "stress_core"
Maps shown: total power consumption 

=== System totals (total) ===
  cpu_time:  299029409180 ns
  energy:    13567113790000 (units of your kfunc)
  uncore_energy:    966471111717840000 (units of your kfunc)

=== PID → power (EMA) (pid_to_power) [comm="stress_core"] ===
PID      power             
180720   37                
180606   40                

=== PID → cumulative energy (pid_to_consumption) [comm="stress_core"] ===
PID      energy            
180720   171722350000      
180606   910143580000      

[H[JPolling energy-fair scheduler maps every 100 millisecond(s)...
Real time since poller start: 74.387446 s
Filter: comm "stress_core"
Maps shown: total power consumption 

=== System totals (total) ===
  cpu_time:  299168711787 ns
  energy:    13572615880000 (units of your kfunc)
  uncore_energy:    966471264271780000 (units of your kfunc)

=== PID → power (EMA) (pid_to_power) [comm="stress_core"] ===
PID      power             
180720   37                
180606   38                

=== PID → cumulative energy (pid_to_consumption) [comm="stress_core"] ===
PID      energy            
180720   171722350000      
180606   914618260000      

[H[JPolling energy-fair scheduler maps every 100 millisecond(s)...
Real time since poller start: 74.505452 s
Filter: comm "stress_core"
Maps shown: total power consumption 

=== System totals (total) ===
  cpu_time:  299303038586 ns
  energy:    13577977370000 (units of your kfunc)
  uncore_energy:    966471416519390000 (units of your kfunc)

=== PID → power (EMA) (pid_to_power) [comm="stress_core"] ===
PID      power             
180720   37                
180606   38                

=== PID → cumulative energy (pid_to_consumption) [comm="stress_core"] ===
PID      energy            
180720   171722350000      
180606   919165510000      

[H[JPolling energy-fair scheduler maps every 100 millisecond(s)...
Real time since poller start: 74.623479 s
Filter: comm "stress_core"
Maps shown: total power consumption 

=== System totals (total) ===
  cpu_time:  299439323533 ns
  energy:    13583388350000 (units of your kfunc)
  uncore_energy:    966471569560100000 (units of your kfunc)

=== PID → power (EMA) (pid_to_power) [comm="stress_core"] ===
PID      power             
180720   37                
180606   38                

=== PID → cumulative energy (pid_to_consumption) [comm="stress_core"] ===
PID      energy            
180720   171722350000      
180606   923677490000      

[H[JPolling energy-fair scheduler maps every 100 millisecond(s)...
Real time since poller start: 74.741712 s
Filter: comm "stress_core"
Maps shown: total power consumption 

=== System totals (total) ===
  cpu_time:  299589310584 ns
  energy:    13589447270000 (units of your kfunc)
  uncore_energy:    966471722031610000 (units of your kfunc)

=== PID → power (EMA) (pid_to_power) [comm="stress_core"] ===
PID      power             
180720   37                
180606   39                

=== PID → cumulative energy (pid_to_consumption) [comm="stress_core"] ===
PID      energy            
180720   171722350000      
180606   928214360000      

[H[JPolling energy-fair scheduler maps every 100 millisecond(s)...
Real time since poller start: 74.859705 s
Filter: comm "stress_core"
Maps shown: total power consumption 

=== System totals (total) ===
  cpu_time:  299723607836 ns
  energy:    13594782080000 (units of your kfunc)
  uncore_energy:    966471874608480000 (units of your kfunc)

=== PID → power (EMA) (pid_to_power) [comm="stress_core"] ===
PID      power             
180720   37                
180606   43                

=== PID → cumulative energy (pid_to_consumption) [comm="stress_core"] ===
PID      energy            
180720   171722350000      
180606   932777980000      

[H[JPolling energy-fair scheduler maps every 100 millisecond(s)...
Real time since poller start: 74.977732 s
Filter: comm "stress_core"
Maps shown: total power consumption 

=== System totals (total) ===
  cpu_time:  299861137185 ns
  energy:    13600229370000 (units of your kfunc)
  uncore_energy:    966472027699550000 (units of your kfunc)

=== PID → power (EMA) (pid_to_power) [comm="stress_core"] ===
PID      power             
180720   37                
180606   38                

=== PID → cumulative energy (pid_to_consumption) [comm="stress_core"] ===
PID      energy            
180720   171722350000      
180606   937348190000      

[H[JPolling energy-fair scheduler maps every 100 millisecond(s)...
Real time since poller start: 75.095729 s
Filter: comm "stress_core"
Maps shown: total power consumption 

=== System totals (total) ===
  cpu_time:  299997969928 ns
  energy:    13605765620000 (units of your kfunc)
  uncore_energy:    966472179548100000 (units of your kfunc)

=== PID → power (EMA) (pid_to_power) [comm="stress_core"] ===
PID      power             
180720   37                
180606   39                

=== PID → cumulative energy (pid_to_consumption) [comm="stress_core"] ===
PID      energy            
180720   171722350000      
180606   941947730000      

[H[JPolling energy-fair scheduler maps every 100 millisecond(s)...
Real time since poller start: 75.213708 s
Filter: comm "stress_core"
Maps shown: total power consumption 

=== System totals (total) ===
  cpu_time:  300154819295 ns
  energy:    13612229470000 (units of your kfunc)
  uncore_energy:    966472340791920000 (units of your kfunc)

=== PID → power (EMA) (pid_to_power) [comm="stress_core"] ===
PID      power             
180720   37                
180606   38                

=== PID → cumulative energy (pid_to_consumption) [comm="stress_core"] ===
PID      energy            
180720   171722350000      
180606   946605170000      

[H[JPolling energy-fair scheduler maps every 100 millisecond(s)...
Real time since poller start: 75.331712 s
Filter: comm "stress_core"
Maps shown: total power consumption 

=== System totals (total) ===
  cpu_time:  300454296859 ns
  energy:    13624330270000 (units of your kfunc)
  uncore_energy:    966472493426680000 (units of your kfunc)

=== PID → power (EMA) (pid_to_power) [comm="stress_core"] ===
PID      power             
180720   37                
180606   41                

=== PID → cumulative energy (pid_to_consumption) [comm="stress_core"] ===
PID      energy            
180720   171722350000      
180606   951897350000      

[H[JPolling energy-fair scheduler maps every 100 millisecond(s)...
Real time since poller start: 75.449633 s
Filter: comm "stress_core"
Maps shown: total power consumption 

=== System totals (total) ===
  cpu_time:  300710174671 ns
  energy:    13634776090000 (units of your kfunc)
  uncore_energy:    966472646656250000 (units of your kfunc)

=== PID → power (EMA) (pid_to_power) [comm="stress_core"] ===
PID      power             
180720   37                
180606   43                

=== PID → cumulative energy (pid_to_consumption) [comm="stress_core"] ===
PID      energy            
180720   171722350000      
180606   957122610000      

[H[JPolling energy-fair scheduler maps every 100 millisecond(s)...
Real time since poller start: 75.568733 s
Filter: comm "stress_core"
Maps shown: total power consumption 

=== System totals (total) ===
  cpu_time:  300867808910 ns
  energy:    13641422820000 (units of your kfunc)
  uncore_energy:    966472805693870000 (units of your kfunc)

=== PID → power (EMA) (pid_to_power) [comm="stress_core"] ===
PID      power             
180720   37                
180606   40                

=== PID → cumulative energy (pid_to_consumption) [comm="stress_core"] ===
PID      energy            
180720   171722350000      
180606   961998930000      

[H[JPolling energy-fair scheduler maps every 100 millisecond(s)...
Real time since poller start: 75.686760 s
Filter: comm "stress_core"
Maps shown: total power consumption 

=== System totals (total) ===
  cpu_time:  301024745154 ns
  energy:    13647930050000 (units of your kfunc)
  uncore_energy:    966472958094110000 (units of your kfunc)

=== PID → power (EMA) (pid_to_power) [comm="stress_core"] ===
PID      power             
180720   37                
180606   40                

=== PID → cumulative energy (pid_to_consumption) [comm="stress_core"] ===
PID      energy            
180720   171722350000      
180606   966796000000      

[H[JPolling energy-fair scheduler maps every 100 millisecond(s)...
Real time since poller start: 75.804794 s
Filter: comm "stress_core"
Maps shown: total power consumption 

=== System totals (total) ===
  cpu_time:  301157495031 ns
  energy:    13653540930000 (units of your kfunc)
  uncore_energy:    966473110427720000 (units of your kfunc)

=== PID → power (EMA) (pid_to_power) [comm="stress_core"] ===
PID      power             
180720   37                
180606   42                

=== PID → cumulative energy (pid_to_consumption) [comm="stress_core"] ===
PID      energy            
180720   171722350000      
180606   971657960000      

[H[JPolling energy-fair scheduler maps every 100 millisecond(s)...
Real time since poller start: 75.922879 s
Filter: comm "stress_core"
Maps shown: total power consumption 

=== System totals (total) ===
  cpu_time:  301292787488 ns
  energy:    13659207380000 (units of your kfunc)
  uncore_energy:    966473262520370000 (units of your kfunc)

=== PID → power (EMA) (pid_to_power) [comm="stress_core"] ===
PID      power             
180720   37                
180606   41                

=== PID → cumulative energy (pid_to_consumption) [comm="stress_core"] ===
PID      energy            
180720   171722350000      
180606   976488230000      

[H[JPolling energy-fair scheduler maps every 100 millisecond(s)...
Real time since poller start: 76.040911 s
Filter: comm "stress_core"
Maps shown: total power consumption 

=== System totals (total) ===
  cpu_time:  301431215418 ns
  energy:    13664963410000 (units of your kfunc)
  uncore_energy:    966473415255400000 (units of your kfunc)

=== PID → power (EMA) (pid_to_power) [comm="stress_core"] ===
PID      power             
180720   37                
180606   41                

=== PID → cumulative energy (pid_to_consumption) [comm="stress_core"] ===
PID      energy            
180720   171722350000      
180606   981349350000      

[H[JPolling energy-fair scheduler maps every 100 millisecond(s)...
Real time since poller start: 76.158942 s
Filter: comm "stress_core"
Maps shown: total power consumption 

=== System totals (total) ===
  cpu_time:  301566397011 ns
  energy:    13670644710000 (units of your kfunc)
  uncore_energy:    966473567654240000 (units of your kfunc)

=== PID → power (EMA) (pid_to_power) [comm="stress_core"] ===
PID      power             
180720   41                
180606   45                

=== PID → cumulative energy (pid_to_consumption) [comm="stress_core"] ===
PID      energy            
180720   173219260000      
180606   986275050000      

[H[JPolling energy-fair scheduler maps every 100 millisecond(s)...
Real time since poller start: 76.276929 s
Filter: comm "stress_core"
Maps shown: total power consumption 

=== System totals (total) ===
  cpu_time:  301827971266 ns
  energy:    13682856990000 (units of your kfunc)
  uncore_energy:    966473718329830000 (units of your kfunc)

=== PID → power (EMA) (pid_to_power) [comm="stress_core"] ===
PID      power             
180720   41                
180606   49                

=== PID → cumulative energy (pid_to_consumption) [comm="stress_core"] ===
PID      energy            
180720   178138120000      
180606   991763020000      

[H[JPolling energy-fair scheduler maps every 100 millisecond(s)...
Real time since poller start: 76.394989 s
Filter: comm "stress_core"
Maps shown: total power consumption 

=== System totals (total) ===
  cpu_time:  302070984611 ns
  energy:    13693958760000 (units of your kfunc)
  uncore_energy:    966473870280130000 (units of your kfunc)

=== PID → power (EMA) (pid_to_power) [comm="stress_core"] ===
PID      power             
180720   40                
180606   51                

=== PID → cumulative energy (pid_to_consumption) [comm="stress_core"] ===
PID      energy            
180720   183202350000      
180606   997063450000      

[H[JPolling energy-fair scheduler maps every 100 millisecond(s)...
Real time since poller start: 76.513011 s
Filter: comm "stress_core"
Maps shown: total power consumption 

=== System totals (total) ===
  cpu_time:  302335417562 ns
  energy:    13705986690000 (units of your kfunc)
  uncore_energy:    966474022090540000 (units of your kfunc)

=== PID → power (EMA) (pid_to_power) [comm="stress_core"] ===
PID      power             
180720   42                
180606   49                

=== PID → cumulative energy (pid_to_consumption) [comm="stress_core"] ===
PID      energy            
180720   188269350000      
180606   1002222630000     

[H[JPolling energy-fair scheduler maps every 100 millisecond(s)...
Real time since poller start: 76.631059 s
Filter: comm "stress_core"
Maps shown: total power consumption 

=== System totals (total) ===
  cpu_time:  302613689272 ns
  energy:    13718587210000 (units of your kfunc)
  uncore_energy:    966474173826570000 (units of your kfunc)

=== PID → power (EMA) (pid_to_power) [comm="stress_core"] ===
PID      power             
180720   44                
180606   40                

=== PID → cumulative energy (pid_to_consumption) [comm="stress_core"] ===
PID      energy            
180720   193529320000      
180606   1007597100000     

[H[JPolling energy-fair scheduler maps every 100 millisecond(s)...
Real time since poller start: 76.749192 s
Filter: comm "stress_core"
Maps shown: total power consumption 

=== System totals (total) ===
  cpu_time:  302863744903 ns
  energy:    13730430820000 (units of your kfunc)
  uncore_energy:    966474327333460000 (units of your kfunc)

=== PID → power (EMA) (pid_to_power) [comm="stress_core"] ===
PID      power             
180720   45                
180606   42                

=== PID → cumulative energy (pid_to_consumption) [comm="stress_core"] ===
PID      energy            
180720   199034930000      
180606   1013032340000     

[H[JPolling energy-fair scheduler maps every 100 millisecond(s)...
Real time since poller start: 76.867242 s
Filter: comm "stress_core"
Maps shown: total power consumption 

=== System totals (total) ===
  cpu_time:  303110455658 ns
  energy:    13742117070000 (units of your kfunc)
  uncore_energy:    966474478160180000 (units of your kfunc)

=== PID → power (EMA) (pid_to_power) [comm="stress_core"] ===
PID      power             
180720   49                
180606   43                

=== PID → cumulative energy (pid_to_consumption) [comm="stress_core"] ===
PID      energy            
180720   204466710000      
180606   1018367310000     

[H[JPolling energy-fair scheduler maps every 100 millisecond(s)...
Real time since poller start: 76.985334 s
Filter: comm "stress_core"
Maps shown: total power consumption 

=== System totals (total) ===
  cpu_time:  303354627128 ns
  energy:    13753497350000 (units of your kfunc)
  uncore_energy:    966474629597890000 (units of your kfunc)

=== PID → power (EMA) (pid_to_power) [comm="stress_core"] ===
PID      power             
180720   45                
180606   42                

=== PID → cumulative energy (pid_to_consumption) [comm="stress_core"] ===
PID      energy            
180720   209739980000      
180606   1023726500000     

[H[JPolling energy-fair scheduler maps every 100 millisecond(s)...
Real time since poller start: 77.103414 s
Filter: comm "stress_core"
Maps shown: total power consumption 

=== System totals (total) ===
  cpu_time:  303603057101 ns
  energy:    13765049570000 (units of your kfunc)
  uncore_energy:    966474781266340000 (units of your kfunc)

=== PID → power (EMA) (pid_to_power) [comm="stress_core"] ===
PID      power             
180720   54                
180606   45                

=== PID → cumulative energy (pid_to_consumption) [comm="stress_core"] ===
PID      energy            
180720   215009410000      
180606   1029125680000     

[H[JPolling energy-fair scheduler maps every 100 millisecond(s)...
Real time since poller start: 77.221472 s
Filter: comm "stress_core"
Maps shown: total power consumption 

=== System totals (total) ===
  cpu_time:  303850859852 ns
  energy:    13776821780000 (units of your kfunc)
  uncore_energy:    966474932987480000 (units of your kfunc)

=== PID → power (EMA) (pid_to_power) [comm="stress_core"] ===
PID      power             
180720   45                
180606   50                

=== PID → cumulative energy (pid_to_consumption) [comm="stress_core"] ===
PID      energy            
180720   220506740000      
180606   1034468100000     

[H[JPolling energy-fair scheduler maps every 100 millisecond(s)...
Real time since poller start: 77.339526 s
Filter: comm "stress_core"
Maps shown: total power consumption 

=== System totals (total) ===
  cpu_time:  304097777172 ns
  energy:    13788488840000 (units of your kfunc)
  uncore_energy:    966475084179150000 (units of your kfunc)

=== PID → power (EMA) (pid_to_power) [comm="stress_core"] ===
PID      power             
180720   52                
180606   43                

=== PID → cumulative energy (pid_to_consumption) [comm="stress_core"] ===
PID      energy            
180720   225822260000      
180606   1039858630000     

[H[JPolling energy-fair scheduler maps every 100 millisecond(s)...
Real time since poller start: 77.457553 s
Filter: comm "stress_core"
Maps shown: total power consumption 

=== System totals (total) ===
  cpu_time:  304358235433 ns
  energy:    13800892870000 (units of your kfunc)
  uncore_energy:    966475235397260000 (units of your kfunc)

=== PID → power (EMA) (pid_to_power) [comm="stress_core"] ===
PID      power             
180720   45                
180606   42                

=== PID → cumulative energy (pid_to_consumption) [comm="stress_core"] ===
PID      energy            
180720   231264590000      
180606   1045217820000     

[H[JPolling energy-fair scheduler maps every 100 millisecond(s)...
Real time since poller start: 77.575616 s
Filter: comm "stress_core"
Maps shown: total power consumption 

=== System totals (total) ===
  cpu_time:  304604977486 ns
  energy:    13812817890000 (units of your kfunc)
  uncore_energy:    966475385900520000 (units of your kfunc)

=== PID → power (EMA) (pid_to_power) [comm="stress_core"] ===
PID      power             
180720   45                
180606   43                

=== PID → cumulative energy (pid_to_consumption) [comm="stress_core"] ===
PID      energy            
180720   236691680000      
180606   1050827860000     

[H[JPolling energy-fair scheduler maps every 100 millisecond(s)...
Real time since poller start: 77.693644 s
Filter: comm "stress_core"
Maps shown: total power consumption 

=== System totals (total) ===
  cpu_time:  304853714594 ns
  energy:    13824722930000 (units of your kfunc)
  uncore_energy:    966475537290000000 (units of your kfunc)

=== PID → power (EMA) (pid_to_power) [comm="stress_core"] ===
PID      power             
180720   40                
180606   44                

=== PID → cumulative energy (pid_to_consumption) [comm="stress_core"] ===
PID      energy            
180720   242093470000      
180606   1056163680000     

[H[JPolling energy-fair scheduler maps every 100 millisecond(s)...
Real time since poller start: 77.811767 s
Filter: comm "stress_core"
Maps shown: total power consumption 

=== System totals (total) ===
  cpu_time:  305108099530 ns
  energy:    13836599530000 (units of your kfunc)
  uncore_energy:    966475689542890000 (units of your kfunc)

=== PID → power (EMA) (pid_to_power) [comm="stress_core"] ===
PID      power             
180720   43                
180606   42                

=== PID → cumulative energy (pid_to_consumption) [comm="stress_core"] ===
PID      energy            
180720   247657180000      
180606   1061404460000     

[H[JPolling energy-fair scheduler maps every 100 millisecond(s)...
Real time since poller start: 77.929863 s
Filter: comm "stress_core"
Maps shown: total power consumption 

=== System totals (total) ===
  cpu_time:  305353328125 ns
  energy:    13847625630000 (units of your kfunc)
  uncore_energy:    966475841846870000 (units of your kfunc)

=== PID → power (EMA) (pid_to_power) [comm="stress_core"] ===
PID      power             
180720   42                
180606   41                

=== PID → cumulative energy (pid_to_consumption) [comm="stress_core"] ===
PID      energy            
180720   252711350000      
180606   1066575030000     

[H[JPolling energy-fair scheduler maps every 100 millisecond(s)...
Real time since poller start: 78.047889 s
Filter: comm "stress_core"
Maps shown: total power consumption 

=== System totals (total) ===
  cpu_time:  305604247412 ns
  energy:    13859123360000 (units of your kfunc)
  uncore_energy:    966475993527390000 (units of your kfunc)

=== PID → power (EMA) (pid_to_power) [comm="stress_core"] ===
PID      power             
180720   42                
180606   43                

=== PID → cumulative energy (pid_to_consumption) [comm="stress_core"] ===
PID      energy            
180720   257799910000      
180606   1071887970000     

[H[JPolling energy-fair scheduler maps every 100 millisecond(s)...
Real time since poller start: 78.165906 s
Filter: comm "stress_core"
Maps shown: total power consumption 

=== System totals (total) ===
  cpu_time:  305880117426 ns
  energy:    13871486990000 (units of your kfunc)
  uncore_energy:    966476145066040000 (units of your kfunc)

=== PID → power (EMA) (pid_to_power) [comm="stress_core"] ===
PID      power             
180720   43                
180606   42                

=== PID → cumulative energy (pid_to_consumption) [comm="stress_core"] ===
PID      energy            
180720   262954390000      
180606   1077137940000     

[H[JPolling energy-fair scheduler maps every 100 millisecond(s)...
Real time since poller start: 78.283561 s
Filter: comm "stress_core"
Maps shown: total power consumption 

=== System totals (total) ===
  cpu_time:  306144070835 ns
  energy:    13883545890000 (units of your kfunc)
  uncore_energy:    966476296937660000 (units of your kfunc)

=== PID → power (EMA) (pid_to_power) [comm="stress_core"] ===
PID      power             
180720   48                
180606   40                

=== PID → cumulative energy (pid_to_consumption) [comm="stress_core"] ===
PID      energy            
180720   268096310000      
180606   1082382880000     

[H[JPolling energy-fair scheduler maps every 100 millisecond(s)...
Real time since poller start: 78.401690 s
Filter: comm "stress_core"
Maps shown: total power consumption 

=== System totals (total) ===
  cpu_time:  306397345514 ns
  energy:    13895126040000 (units of your kfunc)
  uncore_energy:    966476448395070000 (units of your kfunc)

=== PID → power (EMA) (pid_to_power) [comm="stress_core"] ===
PID      power             
180720   45                
180606   55                

=== PID → cumulative energy (pid_to_consumption) [comm="stress_core"] ===
PID      energy            
180720   273347680000      
180606   1087655460000     

[H[JPolling energy-fair scheduler maps every 100 millisecond(s)...
Real time since poller start: 78.519764 s
Filter: comm "stress_core"
Maps shown: total power consumption 

=== System totals (total) ===
  cpu_time:  306661740263 ns
  energy:    13907228880000 (units of your kfunc)
  uncore_energy:    966476599748650000 (units of your kfunc)

=== PID → power (EMA) (pid_to_power) [comm="stress_core"] ===
PID      power             
180720   48                
180606   42                

=== PID → cumulative energy (pid_to_consumption) [comm="stress_core"] ===
PID      energy            
180720   278576540000      
180606   1092822690000     

[H[JPolling energy-fair scheduler maps every 100 millisecond(s)...
Real time since poller start: 78.637782 s
Filter: comm "stress_core"
Maps shown: total power consumption 

=== System totals (total) ===
  cpu_time:  306909150447 ns
  energy:    13918424390000 (units of your kfunc)
  uncore_energy:    966476751692330000 (units of your kfunc)

=== PID → power (EMA) (pid_to_power) [comm="stress_core"] ===
PID      power             
180720   42                
180606   43                

=== PID → cumulative energy (pid_to_consumption) [comm="stress_core"] ===
PID      energy            
180720   283692840000      
180606   1098040890000     

[H[JPolling energy-fair scheduler maps every 100 millisecond(s)...
Real time since poller start: 78.755846 s
Filter: comm "stress_core"
Maps shown: total power consumption 

=== System totals (total) ===
  cpu_time:  307154089688 ns
  energy:    13929949190000 (units of your kfunc)
  uncore_energy:    966476912786250000 (units of your kfunc)

=== PID → power (EMA) (pid_to_power) [comm="stress_core"] ===
PID      power             
180720   50                
180606   46                

=== PID → cumulative energy (pid_to_consumption) [comm="stress_core"] ===
PID      energy            
180720   289143860000      
180606   1103273890000     

[H[JPolling energy-fair scheduler maps every 100 millisecond(s)...
Real time since poller start: 78.873706 s
Filter: comm "stress_core"
Maps shown: total power consumption 

=== System totals (total) ===
  cpu_time:  307527848169 ns
  energy:    13946864090000 (units of your kfunc)
  uncore_energy:    966477064410320000 (units of your kfunc)

=== PID → power (EMA) (pid_to_power) [comm="stress_core"] ===
PID      power             
180720   49                
180606   51                

=== PID → cumulative energy (pid_to_consumption) [comm="stress_core"] ===
PID      energy            
180720   294352140000      
180606   1108428240000     

[H[JPolling energy-fair scheduler maps every 100 millisecond(s)...
Real time since poller start: 78.991846 s
Filter: comm "stress_core"
Maps shown: total power consumption 

=== System totals (total) ===
  cpu_time:  307867805594 ns
  energy:    13962724200000 (units of your kfunc)
  uncore_energy:    966477217339880000 (units of your kfunc)

=== PID → power (EMA) (pid_to_power) [comm="stress_core"] ===
PID      power             
180720   55                
180606   51                

=== PID → cumulative energy (pid_to_consumption) [comm="stress_core"] ===
PID      energy            
180720   299611230000      
180606   1113883260000     

[H[JPolling energy-fair scheduler maps every 100 millisecond(s)...
Real time since poller start: 79.109933 s
Filter: comm "stress_core"
Maps shown: total power consumption 

=== System totals (total) ===
  cpu_time:  308160331477 ns
  energy:    13976225660000 (units of your kfunc)
  uncore_energy:    966477374084090000 (units of your kfunc)

=== PID → power (EMA) (pid_to_power) [comm="stress_core"] ===
PID      power             
180720   41                
180606   43                

=== PID → cumulative energy (pid_to_consumption) [comm="stress_core"] ===
PID      energy            
180720   304870160000      
180606   1119150910000     

[H[JPolling energy-fair scheduler maps every 100 millisecond(s)...
Real time since poller start: 79.227832 s
Filter: comm "stress_core"
Maps shown: total power consumption 

=== System totals (total) ===
  cpu_time:  308324863126 ns
  energy:    13983327310000 (units of your kfunc)
  uncore_energy:    966477526761640000 (units of your kfunc)

=== PID → power (EMA) (pid_to_power) [comm="stress_core"] ===
PID      power             
180720   42                
180606   43                

=== PID → cumulative energy (pid_to_consumption) [comm="stress_core"] ===
PID      energy            
180720   309825800000      
180606   1119732880000     

[H[JPolling energy-fair scheduler maps every 100 millisecond(s)...
Real time since poller start: 79.345838 s
Filter: comm "stress_core"
Maps shown: total power consumption 

=== System totals (total) ===
  cpu_time:  308461234039 ns
  energy:    13989097740000 (units of your kfunc)
  uncore_energy:    966477679411320000 (units of your kfunc)

=== PID → power (EMA) (pid_to_power) [comm="stress_core"] ===
PID      power             
180720   43                
180606   43                

=== PID → cumulative energy (pid_to_consumption) [comm="stress_core"] ===
PID      energy            
180720   314743580000      
180606   1119732880000     

[H[JPolling energy-fair scheduler maps every 100 millisecond(s)...
Real time since poller start: 79.463811 s
Filter: comm "stress_core"
Maps shown: total power consumption 

=== System totals (total) ===
  cpu_time:  308598550991 ns
  energy:    13994936790000 (units of your kfunc)
  uncore_energy:    966477831637760000 (units of your kfunc)

=== PID → power (EMA) (pid_to_power) [comm="stress_core"] ===
PID      power             
180720   42                
180606   43                

=== PID → cumulative energy (pid_to_consumption) [comm="stress_core"] ===
PID      energy            
180720   319672430000      
180606   1119732880000     

[H[JPolling energy-fair scheduler maps every 100 millisecond(s)...
Real time since poller start: 79.581850 s
Filter: comm "stress_core"
Maps shown: total power consumption 

=== System totals (total) ===
  cpu_time:  308733575691 ns
  energy:    14000747480000 (units of your kfunc)
  uncore_energy:    966477983961220000 (units of your kfunc)

=== PID → power (EMA) (pid_to_power) [comm="stress_core"] ===
PID      power             
180720   46                
180606   43                

=== PID → cumulative energy (pid_to_consumption) [comm="stress_core"] ===
PID      energy            
180720   324655480000      
180606   1119732880000     

[H[JPolling energy-fair scheduler maps every 100 millisecond(s)...
Real time since poller start: 79.699830 s
Filter: comm "stress_core"
Maps shown: total power consumption 

=== System totals (total) ===
  cpu_time:  308899511817 ns
  energy:    14007554970000 (units of your kfunc)
  uncore_energy:    966478136828420000 (units of your kfunc)

=== PID → power (EMA) (pid_to_power) [comm="stress_core"] ===
PID      power             
180720   45                
180606   43                

=== PID → cumulative energy (pid_to_consumption) [comm="stress_core"] ===
PID      energy            
180720   329665500000      
180606   1119732880000     

[H[JPolling energy-fair scheduler maps every 100 millisecond(s)...
Real time since poller start: 79.817890 s
Filter: comm "stress_core"
Maps shown: total power consumption 

=== System totals (total) ===
  cpu_time:  309034420681 ns
  energy:    14013574990000 (units of your kfunc)
  uncore_energy:    966478289618520000 (units of your kfunc)

=== PID → power (EMA) (pid_to_power) [comm="stress_core"] ===
PID      power             
180720   44                
180606   43                

=== PID → cumulative energy (pid_to_consumption) [comm="stress_core"] ===
PID      energy            
180720   334845400000      
180606   1119732880000     

[H[JPolling energy-fair scheduler maps every 100 millisecond(s)...
Real time since poller start: 79.935976 s
Filter: comm "stress_core"
Maps shown: total power consumption 

=== System totals (total) ===
  cpu_time:  309186319954 ns
  energy:    14020219050000 (units of your kfunc)
  uncore_energy:    966478441898860000 (units of your kfunc)

=== PID → power (EMA) (pid_to_power) [comm="stress_core"] ===
PID      power             
180720   43                
180606   43                

=== PID → cumulative energy (pid_to_consumption) [comm="stress_core"] ===
PID      energy            
180720   340005800000      
180606   1119732880000     

[H[JPolling energy-fair scheduler maps every 100 millisecond(s)...
Real time since poller start: 80.053950 s
Filter: comm "stress_core"
Maps shown: total power consumption 

=== System totals (total) ===
  cpu_time:  309320186601 ns
  energy:    14026134060000 (units of your kfunc)
  uncore_energy:    966478593785060000 (units of your kfunc)

=== PID → power (EMA) (pid_to_power) [comm="stress_core"] ===
PID      power             
180720   41                
180606   43                

=== PID → cumulative energy (pid_to_consumption) [comm="stress_core"] ===
PID      energy            
180720   345169490000      
180606   1119732880000     

[H[JPolling energy-fair scheduler maps every 100 millisecond(s)...
Real time since poller start: 80.171955 s
Filter: comm "stress_core"
Maps shown: total power consumption 

=== System totals (total) ===
  cpu_time:  309456303450 ns
  energy:    14032135110000 (units of your kfunc)
  uncore_energy:    966478745636640000 (units of your kfunc)

=== PID → power (EMA) (pid_to_power) [comm="stress_core"] ===
PID      power             
180720   44                
180606   43                

=== PID → cumulative energy (pid_to_consumption) [comm="stress_core"] ===
PID      energy            
180720   350353730000      
180606   1119732880000     

[H[JPolling energy-fair scheduler maps every 100 millisecond(s)...
Real time since poller start: 80.289955 s
Filter: comm "stress_core"
Maps shown: total power consumption 

=== System totals (total) ===
  cpu_time:  309596000058 ns
  energy:    14038252950000 (units of your kfunc)
  uncore_energy:    966478897528450000 (units of your kfunc)

=== PID → power (EMA) (pid_to_power) [comm="stress_core"] ===
PID      power             
180720   46                
180606   43                

=== PID → cumulative energy (pid_to_consumption) [comm="stress_core"] ===
PID      energy            
180720   355533780000      
180606   1119732880000     

[H[JPolling energy-fair scheduler maps every 100 millisecond(s)...
Real time since poller start: 80.407997 s
Filter: comm "stress_core"
Maps shown: total power consumption 

=== System totals (total) ===
  cpu_time:  309731130426 ns
  energy:    14044216090000 (units of your kfunc)
  uncore_energy:    966479050494750000 (units of your kfunc)

=== PID → power (EMA) (pid_to_power) [comm="stress_core"] ===
PID      power             
180720   43                
180606   43                

=== PID → cumulative energy (pid_to_consumption) [comm="stress_core"] ===
PID      energy            
180720   360732290000      
180606   1119732880000     

[H[JPolling energy-fair scheduler maps every 100 millisecond(s)...
Real time since poller start: 80.526020 s
Filter: comm "stress_core"
Maps shown: total power consumption 

=== System totals (total) ===
  cpu_time:  309863968249 ns
  energy:    14050182650000 (units of your kfunc)
  uncore_energy:    966479201907490000 (units of your kfunc)

=== PID → power (EMA) (pid_to_power) [comm="stress_core"] ===
PID      power             
180720   44                
180606   43                

=== PID → cumulative energy (pid_to_consumption) [comm="stress_core"] ===
PID      energy            
180720   365934530000      
180606   1119732880000     

[H[JPolling energy-fair scheduler maps every 100 millisecond(s)...
Real time since poller start: 80.643983 s
Filter: comm "stress_core"
Maps shown: total power consumption 

=== System totals (total) ===
  cpu_time:  310002432314 ns
  energy:    14056305120000 (units of your kfunc)
  uncore_energy:    966479353577840000 (units of your kfunc)

=== PID → power (EMA) (pid_to_power) [comm="stress_core"] ===
PID      power             
180720   46                
180606   43                

=== PID → cumulative energy (pid_to_consumption) [comm="stress_core"] ===
PID      energy            
180720   371161000000      
180606   1119732880000     

[H[JPolling energy-fair scheduler maps every 100 millisecond(s)...
Real time since poller start: 80.761974 s
Filter: comm "stress_core"
Maps shown: total power consumption 

=== System totals (total) ===
  cpu_time:  310136409654 ns
  energy:    14062342670000 (units of your kfunc)
  uncore_energy:    966479505738530000 (units of your kfunc)

=== PID → power (EMA) (pid_to_power) [comm="stress_core"] ===
PID      power             
180720   41                
180606   43                

=== PID → cumulative energy (pid_to_consumption) [comm="stress_core"] ===
PID      energy            
180720   376431220000      
180606   1119732880000     

[H[JPolling energy-fair scheduler maps every 100 millisecond(s)...
Real time since poller start: 80.879966 s
Filter: comm "stress_core"
Maps shown: total power consumption 

=== System totals (total) ===
  cpu_time:  310270044392 ns
  energy:    14068364620000 (units of your kfunc)
  uncore_energy:    966479657216890000 (units of your kfunc)

=== PID → power (EMA) (pid_to_power) [comm="stress_core"] ===
PID      power             
180720   45                
180606   43                

=== PID → cumulative energy (pid_to_consumption) [comm="stress_core"] ===
PID      energy            
180720   381694010000      
180606   1119732880000     

[H[JPolling energy-fair scheduler maps every 100 millisecond(s)...
Real time since poller start: 80.997942 s
Filter: comm "stress_core"
Maps shown: total power consumption 

=== System totals (total) ===
  cpu_time:  310409892207 ns
  energy:    14074555570000 (units of your kfunc)
  uncore_energy:    966479808549130000 (units of your kfunc)

=== PID → power (EMA) (pid_to_power) [comm="stress_core"] ===
PID      power             
180720   46                
180606   43                

=== PID → cumulative energy (pid_to_consumption) [comm="stress_core"] ===
PID      energy            
180720   386931770000      
180606   1119732880000     

[H[JPolling energy-fair scheduler maps every 100 millisecond(s)...
Real time since poller start: 81.115927 s
Filter: comm "stress_core"
Maps shown: total power consumption 

=== System totals (total) ===
  cpu_time:  310589092198 ns
  energy:    14082054210000 (units of your kfunc)
  uncore_energy:    966479960718310000 (units of your kfunc)

=== PID → power (EMA) (pid_to_power) [comm="stress_core"] ===
PID      power             
180720   45                
180606   43                

=== PID → cumulative energy (pid_to_consumption) [comm="stress_core"] ===
PID      energy            
180720   392131840000      
180606   1119732880000     

[H[JPolling energy-fair scheduler maps every 100 millisecond(s)...
Real time since poller start: 81.233998 s
Filter: comm "stress_core"
Maps shown: total power consumption 

=== System totals (total) ===
  cpu_time:  310637555703 ns
  energy:    14084076350000 (units of your kfunc)
  uncore_energy:    966480093457520000 (units of your kfunc)

=== PID → power (EMA) (pid_to_power) [comm="stress_core"] ===
PID      power             
180720   44                
180606   43                

=== PID → cumulative energy (pid_to_consumption) [comm="stress_core"] ===
PID      energy            
180720   392704370000      
180606   1119732880000     

[H[JPolling energy-fair scheduler maps every 100 millisecond(s)...
Real time since poller start: 81.352012 s
Filter: comm "stress_core"
Maps shown: total power consumption 

=== System totals (total) ===
  cpu_time:  310658029618 ns
  energy:    14084846300000 (units of your kfunc)
  uncore_energy:    966480142211500000 (units of your kfunc)

=== PID → power (EMA) (pid_to_power) [comm="stress_core"] ===
PID      power             
180720   44                
180606   43                

=== PID → cumulative energy (pid_to_consumption) [comm="stress_core"] ===
PID      energy            
180720   392704370000      
180606   1119732880000     

[H[JPolling energy-fair scheduler maps every 100 millisecond(s)...
Real time since poller start: 81.469792 s
Filter: comm "stress_core"
Maps shown: total power consumption 

=== System totals (total) ===
  cpu_time:  310681428048 ns
  energy:    14085654550000 (units of your kfunc)
  uncore_energy:    966480404690900000 (units of your kfunc)

=== PID → power (EMA) (pid_to_power) [comm="stress_core"] ===
PID      power             
180720   44                
180606   43                

=== PID → cumulative energy (pid_to_consumption) [comm="stress_core"] ===
PID      energy            
180720   392704370000      
180606   1119732880000     

[H[JPolling energy-fair scheduler maps every 100 millisecond(s)...
Real time since poller start: 81.587359 s
Filter: comm "stress_core"
Maps shown: total power consumption 

=== System totals (total) ===
  cpu_time:  310704157156 ns
  energy:    14086530560000 (units of your kfunc)
  uncore_energy:    966480516647690000 (units of your kfunc)

=== PID → power (EMA) (pid_to_power) [comm="stress_core"] ===
PID      power             
180720   44                
180606   43                

=== PID → cumulative energy (pid_to_consumption) [comm="stress_core"] ===
PID      energy            
180720   392704370000      
180606   1119732880000     

[H[JPolling energy-fair scheduler maps every 100 millisecond(s)...
Real time since poller start: 81.704964 s
Filter: comm "stress_core"
Maps shown: total power consumption 

=== System totals (total) ===
  cpu_time:  310728159541 ns
  energy:    14087420150000 (units of your kfunc)
  uncore_energy:    966480646517830000 (units of your kfunc)

=== PID → power (EMA) (pid_to_power) [comm="stress_core"] ===
PID      power             
180720   44                
180606   43                

=== PID → cumulative energy (pid_to_consumption) [comm="stress_core"] ===
PID      energy            
180720   392704370000      
180606   1119732880000     

[H[JPolling energy-fair scheduler maps every 100 millisecond(s)...
Real time since poller start: 81.822531 s
Filter: comm "stress_core"
Maps shown: total power consumption 

=== System totals (total) ===
  cpu_time:  310746582555 ns
  energy:    14088114120000 (units of your kfunc)
  uncore_energy:    966480741343880000 (units of your kfunc)

=== PID → power (EMA) (pid_to_power) [comm="stress_core"] ===
PID      power             
180720   44                
180606   43                

=== PID → cumulative energy (pid_to_consumption) [comm="stress_core"] ===
PID      energy            
180720   392704370000      
180606   1119732880000     

[H[JPolling energy-fair scheduler maps every 100 millisecond(s)...
Real time since poller start: 81.940177 s
Filter: comm "stress_core"
Maps shown: total power consumption 

=== System totals (total) ===
  cpu_time:  310771878217 ns
  energy:    14089046740000 (units of your kfunc)
  uncore_energy:    966481007549480000 (units of your kfunc)

=== PID → power (EMA) (pid_to_power) [comm="stress_core"] ===
PID      power             
180720   44                
180606   43                

=== PID → cumulative energy (pid_to_consumption) [comm="stress_core"] ===
PID      energy            
180720   392704370000      
180606   1119732880000     

[H[JPolling energy-fair scheduler maps every 100 millisecond(s)...
Real time since poller start: 82.057762 s
Filter: comm "stress_core"
Maps shown: total power consumption 

=== System totals (total) ===
  cpu_time:  310794768275 ns
  energy:    14089905680000 (units of your kfunc)
  uncore_energy:    966481149210370000 (units of your kfunc)

=== PID → power (EMA) (pid_to_power) [comm="stress_core"] ===
PID      power             
180720   44                
180606   43                

=== PID → cumulative energy (pid_to_consumption) [comm="stress_core"] ===
PID      energy            
180720   392704370000      
180606   1119732880000     

[H[JPolling energy-fair scheduler maps every 100 millisecond(s)...
Real time since poller start: 82.175685 s
Filter: comm "stress_core"
Maps shown: total power consumption 

=== System totals (total) ===
  cpu_time:  310816411568 ns
  energy:    14090695930000 (units of your kfunc)
  uncore_energy:    966481293006610000 (units of your kfunc)

=== PID → power (EMA) (pid_to_power) [comm="stress_core"] ===
PID      power             
180720   44                
180606   43                

=== PID → cumulative energy (pid_to_consumption) [comm="stress_core"] ===
PID      energy            
180720   392704370000      
180606   1119732880000     

[H[JPolling energy-fair scheduler maps every 100 millisecond(s)...
Real time since poller start: 82.293581 s
Filter: comm "stress_core"
Maps shown: total power consumption 

=== System totals (total) ===
  cpu_time:  310837979610 ns
  energy:    14091496250000 (units of your kfunc)
  uncore_energy:    966481441920490000 (units of your kfunc)

=== PID → power (EMA) (pid_to_power) [comm="stress_core"] ===
PID      power             
180720   44                
180606   43                

=== PID → cumulative energy (pid_to_consumption) [comm="stress_core"] ===
PID      energy            
180720   392704370000      
180606   1119732880000     

[H[JPolling energy-fair scheduler maps every 100 millisecond(s)...
Real time since poller start: 82.411572 s
Filter: comm "stress_core"
Maps shown: total power consumption 

=== System totals (total) ===
  cpu_time:  310862563400 ns
  energy:    14092389790000 (units of your kfunc)
  uncore_energy:    966481626878700000 (units of your kfunc)

=== PID → power (EMA) (pid_to_power) [comm="stress_core"] ===
PID      power             
180720   44                
180606   43                

=== PID → cumulative energy (pid_to_consumption) [comm="stress_core"] ===
PID      energy            
180720   392704370000      
180606   1119732880000     

[H[JPolling energy-fair scheduler maps every 100 millisecond(s)...
Real time since poller start: 82.529499 s
Filter: comm "stress_core"
Maps shown: total power consumption 

=== System totals (total) ===
  cpu_time:  310884983827 ns
  energy:    14093230560000 (units of your kfunc)
  uncore_energy:    966481769378840000 (units of your kfunc)

=== PID → power (EMA) (pid_to_power) [comm="stress_core"] ===
PID      power             
180720   44                
180606   43                

=== PID → cumulative energy (pid_to_consumption) [comm="stress_core"] ===
PID      energy            
180720   392704370000      
180606   1119732880000     

[H[JPolling energy-fair scheduler maps every 100 millisecond(s)...
Real time since poller start: 82.647411 s
Filter: comm "stress_core"
Maps shown: total power consumption 

=== System totals (total) ===
  cpu_time:  310922375159 ns
  energy:    14094699540000 (units of your kfunc)
  uncore_energy:    966481913302160000 (units of your kfunc)

=== PID → power (EMA) (pid_to_power) [comm="stress_core"] ===
PID      power             
180720   44                
180606   43                

=== PID → cumulative energy (pid_to_consumption) [comm="stress_core"] ===
PID      energy            
180720   392704370000      
180606   1119732880000     

[H[JPolling energy-fair scheduler maps every 100 millisecond(s)...
Real time since poller start: 82.765367 s
Filter: comm "stress_core"
Maps shown: total power consumption 

=== System totals (total) ===
  cpu_time:  310981149636 ns
  energy:    14096831350000 (units of your kfunc)
  uncore_energy:    966482056148230000 (units of your kfunc)

=== PID → power (EMA) (pid_to_power) [comm="stress_core"] ===
PID      power             
180720   44                
180606   43                

=== PID → cumulative energy (pid_to_consumption) [comm="stress_core"] ===
PID      energy            
180720   392704370000      
180606   1119732880000     

[H[JPolling energy-fair scheduler maps every 100 millisecond(s)...
Real time since poller start: 82.883365 s
Filter: comm "stress_core"
Maps shown: total power consumption 

=== System totals (total) ===
  cpu_time:  311004783881 ns
  energy:    14097687670000 (units of your kfunc)
  uncore_energy:    966482210427860000 (units of your kfunc)

=== PID → power (EMA) (pid_to_power) [comm="stress_core"] ===
PID      power             
180720   44                
180606   43                

=== PID → cumulative energy (pid_to_consumption) [comm="stress_core"] ===
PID      energy            
180720   392704370000      
180606   1119732880000     

[H[JPolling energy-fair scheduler maps every 100 millisecond(s)...
Real time since poller start: 83.001306 s
Filter: comm "stress_core"
Maps shown: total power consumption 

=== System totals (total) ===
  cpu_time:  311030582117 ns
  energy:    14098667600000 (units of your kfunc)
  uncore_energy:    966482381539610000 (units of your kfunc)

=== PID → power (EMA) (pid_to_power) [comm="stress_core"] ===
PID      power             
180720   44                
180606   43                

=== PID → cumulative energy (pid_to_consumption) [comm="stress_core"] ===
PID      energy            
180720   392704370000      
180606   1119732880000     

[H[JPolling energy-fair scheduler maps every 100 millisecond(s)...
Real time since poller start: 83.119250 s
Filter: comm "stress_core"
Maps shown: total power consumption 

=== System totals (total) ===
  cpu_time:  311067569045 ns
  energy:    14100105120000 (units of your kfunc)
  uncore_energy:    966482536494910000 (units of your kfunc)

=== PID → power (EMA) (pid_to_power) [comm="stress_core"] ===
PID      power             
180720   44                
180606   43                

=== PID → cumulative energy (pid_to_consumption) [comm="stress_core"] ===
PID      energy            
180720   392704370000      
180606   1119732880000     

[H[JPolling energy-fair scheduler maps every 100 millisecond(s)...
Real time since poller start: 83.237139 s
Filter: comm "stress_core"
Maps shown: total power consumption 

=== System totals (total) ===
  cpu_time:  311088233091 ns
  energy:    14100858600000 (units of your kfunc)
  uncore_energy:    966482662073070000 (units of your kfunc)

=== PID → power (EMA) (pid_to_power) [comm="stress_core"] ===
PID      power             
180720   44                
180606   43                

=== PID → cumulative energy (pid_to_consumption) [comm="stress_core"] ===
PID      energy            
180720   392704370000      
180606   1119732880000     

[H[JPolling energy-fair scheduler maps every 100 millisecond(s)...
Real time since poller start: 83.357813 s
Filter: comm "stress_core"
Maps shown: total power consumption 

=== System totals (total) ===
  cpu_time:  311199514372 ns
  energy:    14105245710000 (units of your kfunc)
  uncore_energy:    966482852486220000 (units of your kfunc)

=== PID → power (EMA) (pid_to_power) [comm="stress_core"] ===
PID      power             
180720   44                
180606   43                

=== PID → cumulative energy (pid_to_consumption) [comm="stress_core"] ===
PID      energy            
180720   392704370000      
180606   1119732880000     

[H[JPolling energy-fair scheduler maps every 100 millisecond(s)...
Real time since poller start: 83.476089 s
Filter: comm "stress_core"
Maps shown: total power consumption 

=== System totals (total) ===
  cpu_time:  311333812518 ns
  energy:    14110301270000 (units of your kfunc)
  uncore_energy:    966483005247890000 (units of your kfunc)

=== PID → power (EMA) (pid_to_power) [comm="stress_core"] ===
PID      power             
180720   44                
180606   43                

=== PID → cumulative energy (pid_to_consumption) [comm="stress_core"] ===
PID      energy            
180720   392704370000      
180606   1119732880000     

[H[JPolling energy-fair scheduler maps every 100 millisecond(s)...
Real time since poller start: 83.594139 s
Filter: comm "stress_core"
Maps shown: total power consumption 

=== System totals (total) ===
  cpu_time:  311422992352 ns
  energy:    14113557440000 (units of your kfunc)
  uncore_energy:    966483147689960000 (units of your kfunc)

=== PID → power (EMA) (pid_to_power) [comm="stress_core"] ===
PID      power             
180720   44                
180606   43                

=== PID → cumulative energy (pid_to_consumption) [comm="stress_core"] ===
PID      energy            
180720   392704370000      
180606   1119732880000     

[H[JPolling energy-fair scheduler maps every 100 millisecond(s)...
Real time since poller start: 83.712180 s
Filter: comm "stress_core"
Maps shown: total power consumption 

=== System totals (total) ===
  cpu_time:  311445215097 ns
  energy:    14114535680000 (units of your kfunc)
  uncore_energy:    966483290870960000 (units of your kfunc)

=== PID → power (EMA) (pid_to_power) [comm="stress_core"] ===
PID      power             
180720   44                
180606   43                

=== PID → cumulative energy (pid_to_consumption) [comm="stress_core"] ===
PID      energy            
180720   392704370000      
180606   1119732880000     

[H[JPolling energy-fair scheduler maps every 100 millisecond(s)...
Real time since poller start: 83.830235 s
Filter: comm "stress_core"
Maps shown: total power consumption 

=== System totals (total) ===
  cpu_time:  311481971734 ns
  energy:    14116209100000 (units of your kfunc)
  uncore_energy:    966483461527410000 (units of your kfunc)

=== PID → power (EMA) (pid_to_power) [comm="stress_core"] ===
PID      power             
180720   44                
180606   43                

=== PID → cumulative energy (pid_to_consumption) [comm="stress_core"] ===
PID      energy            
180720   392704370000      
180606   1119732880000     

[H[JPolling energy-fair scheduler maps every 100 millisecond(s)...
Real time since poller start: 83.948336 s
Filter: comm "stress_core"
Maps shown: total power consumption 

=== System totals (total) ===
  cpu_time:  311505598649 ns
  energy:    14117255100000 (units of your kfunc)
  uncore_energy:    966483598819420000 (units of your kfunc)

=== PID → power (EMA) (pid_to_power) [comm="stress_core"] ===
PID      power             
180720   44                
180606   43                

=== PID → cumulative energy (pid_to_consumption) [comm="stress_core"] ===
PID      energy            
180720   392704370000      
180606   1119732880000     

[H[JPolling energy-fair scheduler maps every 100 millisecond(s)...
Real time since poller start: 84.066409 s
Filter: comm "stress_core"
Maps shown: total power consumption 

=== System totals (total) ===
  cpu_time:  311526885490 ns
  energy:    14118182530000 (units of your kfunc)
  uncore_energy:    966483743032830000 (units of your kfunc)

=== PID → power (EMA) (pid_to_power) [comm="stress_core"] ===
PID      power             
180720   44                
180606   43                

=== PID → cumulative energy (pid_to_consumption) [comm="stress_core"] ===
PID      energy            
180720   392704370000      
180606   1119732880000     

[H[JPolling energy-fair scheduler maps every 100 millisecond(s)...
Real time since poller start: 84.184545 s
Filter: comm "stress_core"
Maps shown: total power consumption 

=== System totals (total) ===
  cpu_time:  311594253440 ns
  energy:    14121454820000 (units of your kfunc)
  uncore_energy:    966483921879980000 (units of your kfunc)

=== PID → power (EMA) (pid_to_power) [comm="stress_core"] ===
PID      power             
180720   44                
180606   47                

=== PID → cumulative energy (pid_to_consumption) [comm="stress_core"] ===
PID      energy            
180720   392704370000      
180606   1122782260000     

[H[JPolling energy-fair scheduler maps every 100 millisecond(s)...
Real time since poller start: 84.302597 s
Filter: comm "stress_core"
Maps shown: total power consumption 

=== System totals (total) ===
  cpu_time:  311730372424 ns
  energy:    14127943290000 (units of your kfunc)
  uncore_energy:    966484073239870000 (units of your kfunc)

=== PID → power (EMA) (pid_to_power) [comm="stress_core"] ===
PID      power             
180720   44                
180606   47                

=== PID → cumulative energy (pid_to_consumption) [comm="stress_core"] ===
PID      energy            
180720   392704370000      
180606   1128322670000     

[H[JPolling energy-fair scheduler maps every 100 millisecond(s)...
Real time since poller start: 84.420888 s
Filter: comm "stress_core"
Maps shown: total power consumption 

=== System totals (total) ===
  cpu_time:  311896832932 ns
  energy:    14135309040000 (units of your kfunc)
  uncore_energy:    966484225906930000 (units of your kfunc)

=== PID → power (EMA) (pid_to_power) [comm="stress_core"] ===
PID      power             
180720   44                
180606   47                

=== PID → cumulative energy (pid_to_consumption) [comm="stress_core"] ===
PID      energy            
180720   392704370000      
180606   1133818150000     

[H[JPolling energy-fair scheduler maps every 100 millisecond(s)...
Real time since poller start: 84.538983 s
Filter: comm "stress_core"
Maps shown: total power consumption 

=== System totals (total) ===
  cpu_time:  312035270233 ns
  energy:    14141882650000 (units of your kfunc)
  uncore_energy:    966484377457250000 (units of your kfunc)

=== PID → power (EMA) (pid_to_power) [comm="stress_core"] ===
PID      power             
180720   44                
180606   47                

=== PID → cumulative energy (pid_to_consumption) [comm="stress_core"] ===
PID      energy            
180720   392704370000      
180606   1139367280000     

[H[JPolling energy-fair scheduler maps every 100 millisecond(s)...
Real time since poller start: 84.656967 s
Filter: comm "stress_core"
Maps shown: total power consumption 

=== System totals (total) ===
  cpu_time:  312172166175 ns
  energy:    14148400900000 (units of your kfunc)
  uncore_energy:    966484529176760000 (units of your kfunc)

=== PID → power (EMA) (pid_to_power) [comm="stress_core"] ===
PID      power             
180720   44                
180606   48                

=== PID → cumulative energy (pid_to_consumption) [comm="stress_core"] ===
PID      energy            
180720   392704370000      
180606   1144918710000     

[H[JPolling energy-fair scheduler maps every 100 millisecond(s)...
Real time since poller start: 84.775099 s
Filter: comm "stress_core"
Maps shown: total power consumption 

=== System totals (total) ===
  cpu_time:  312322711078 ns
  energy:    14155640370000 (units of your kfunc)
  uncore_energy:    966484680989720000 (units of your kfunc)

=== PID → power (EMA) (pid_to_power) [comm="stress_core"] ===
PID      power             
180720   44                
180606   49                

=== PID → cumulative energy (pid_to_consumption) [comm="stress_core"] ===
PID      energy            
180720   392704370000      
180606   1150507980000     

[H[JPolling energy-fair scheduler maps every 100 millisecond(s)...
Real time since poller start: 84.893158 s
Filter: comm "stress_core"
Maps shown: total power consumption 

=== System totals (total) ===
  cpu_time:  312461206186 ns
  energy:    14162335470000 (units of your kfunc)
  uncore_energy:    966484833202550000 (units of your kfunc)

=== PID → power (EMA) (pid_to_power) [comm="stress_core"] ===
PID      power             
180720   44                
180606   48                

=== PID → cumulative energy (pid_to_consumption) [comm="stress_core"] ===
PID      energy            
180720   392704370000      
180606   1156096490000     

[H[JPolling energy-fair scheduler maps every 100 millisecond(s)...
Real time since poller start: 85.011166 s
Filter: comm "stress_core"
Maps shown: total power consumption 

=== System totals (total) ===
  cpu_time:  312596964264 ns
  energy:    14168818500000 (units of your kfunc)
  uncore_energy:    966484984891360000 (units of your kfunc)

=== PID → power (EMA) (pid_to_power) [comm="stress_core"] ===
PID      power             
180720   44                
180606   48                

=== PID → cumulative energy (pid_to_consumption) [comm="stress_core"] ===
PID      energy            
180720   392704370000      
180606   1161691630000     

[H[JPolling energy-fair scheduler maps every 100 millisecond(s)...
Real time since poller start: 85.129262 s
Filter: comm "stress_core"
Maps shown: total power consumption 

=== System totals (total) ===
  cpu_time:  312736907423 ns
  energy:    14175494110000 (units of your kfunc)
  uncore_energy:    966485137349670000 (units of your kfunc)

=== PID → power (EMA) (pid_to_power) [comm="stress_core"] ===
PID      power             
180720   44                
180606   49                

=== PID → cumulative energy (pid_to_consumption) [comm="stress_core"] ===
PID      energy            
180720   392704370000      
180606   1167296980000     

[H[JPolling energy-fair scheduler maps every 100 millisecond(s)...
Real time since poller start: 85.247419 s
Filter: comm "stress_core"
Maps shown: total power consumption 

=== System totals (total) ===
  cpu_time:  312871153082 ns
  energy:    14181957890000 (units of your kfunc)
  uncore_energy:    966485289320180000 (units of your kfunc)

=== PID → power (EMA) (pid_to_power) [comm="stress_core"] ===
PID      power             
180720   44                
180606   49                

=== PID → cumulative energy (pid_to_consumption) [comm="stress_core"] ===
PID      energy            
180720   392704370000      
180606   1172920030000     

[H[JPolling energy-fair scheduler maps every 100 millisecond(s)...
Real time since poller start: 85.365563 s
Filter: comm "stress_core"
Maps shown: total power consumption 

=== System totals (total) ===
  cpu_time:  313007356353 ns
  energy:    14188493210000 (units of your kfunc)
  uncore_energy:    966485440381600000 (units of your kfunc)

=== PID → power (EMA) (pid_to_power) [comm="stress_core"] ===
PID      power             
180720   44                
180606   47                

=== PID → cumulative energy (pid_to_consumption) [comm="stress_core"] ===
PID      energy            
180720   392704370000      
180606   1178505800000     

[H[JPolling energy-fair scheduler maps every 100 millisecond(s)...
Real time since poller start: 85.483691 s
Filter: comm "stress_core"
Maps shown: total power consumption 

=== System totals (total) ===
  cpu_time:  313142715989 ns
  energy:    14194966300000 (units of your kfunc)
  uncore_energy:    966485591785560000 (units of your kfunc)

=== PID → power (EMA) (pid_to_power) [comm="stress_core"] ===
PID      power             
180720   44                
180606   47                

=== PID → cumulative energy (pid_to_consumption) [comm="stress_core"] ===
PID      energy            
180720   392704370000      
180606   1184117230000     

[H[JPolling energy-fair scheduler maps every 100 millisecond(s)...
Real time since poller start: 85.601835 s
Filter: comm "stress_core"
Maps shown: total power consumption 

=== System totals (total) ===
  cpu_time:  313276876372 ns
  energy:    14201454520000 (units of your kfunc)
  uncore_energy:    966485743566680000 (units of your kfunc)

=== PID → power (EMA) (pid_to_power) [comm="stress_core"] ===
PID      power             
180720   44                
180606   48                

=== PID → cumulative energy (pid_to_consumption) [comm="stress_core"] ===
PID      energy            
180720   392704370000      
180606   1189772010000     

[H[JPolling energy-fair scheduler maps every 100 millisecond(s)...
Real time since poller start: 85.720110 s
Filter: comm "stress_core"
Maps shown: total power consumption 

=== System totals (total) ===
  cpu_time:  313411716731 ns
  energy:    14208040980000 (units of your kfunc)
  uncore_energy:    966485895046630000 (units of your kfunc)

=== PID → power (EMA) (pid_to_power) [comm="stress_core"] ===
PID      power             
180720   44                
180606   48                

=== PID → cumulative energy (pid_to_consumption) [comm="stress_core"] ===
PID      energy            
180720   392704370000      
180606   1195461270000     

[H[JPolling energy-fair scheduler maps every 100 millisecond(s)...
Real time since poller start: 85.838607 s
Filter: comm "stress_core"
Maps shown: total power consumption 

=== System totals (total) ===
  cpu_time:  313549273683 ns
  energy:    14214725510000 (units of your kfunc)
  uncore_energy:    966486047237830000 (units of your kfunc)

=== PID → power (EMA) (pid_to_power) [comm="stress_core"] ===
PID      power             
180720   44                
180606   49                

=== PID → cumulative energy (pid_to_consumption) [comm="stress_core"] ===
PID      energy            
180720   392704370000      
180606   1201122140000     

[H[JPolling energy-fair scheduler maps every 100 millisecond(s)...
Real time since poller start: 85.956947 s
Filter: comm "stress_core"
Maps shown: total power consumption 

=== System totals (total) ===
  cpu_time:  313736057124 ns
  energy:    14222960340000 (units of your kfunc)
  uncore_energy:    966486198927780000 (units of your kfunc)

=== PID → power (EMA) (pid_to_power) [comm="stress_core"] ===
PID      power             
180720   44                
180606   48                

=== PID → cumulative energy (pid_to_consumption) [comm="stress_core"] ===
PID      energy            
180720   392704370000      
180606   1206833880000     

[H[JPolling energy-fair scheduler maps every 100 millisecond(s)...
Real time since poller start: 86.075254 s
Filter: comm "stress_core"
Maps shown: total power consumption 

=== System totals (total) ===
  cpu_time:  313870177089 ns
  energy:    14229440500000 (units of your kfunc)
  uncore_energy:    966486351543690000 (units of your kfunc)

=== PID → power (EMA) (pid_to_power) [comm="stress_core"] ===
PID      power             
180720   44                
180606   46                

=== PID → cumulative energy (pid_to_consumption) [comm="stress_core"] ===
PID      energy            
180720   392704370000      
180606   1212381850000     

[H[JPolling energy-fair scheduler maps every 100 millisecond(s)...
Real time since poller start: 86.193534 s
Filter: comm "stress_core"
Maps shown: total power consumption 

=== System totals (total) ===
  cpu_time:  314056038421 ns
  energy:    14238644390000 (units of your kfunc)
  uncore_energy:    966486502430590000 (units of your kfunc)

=== PID → power (EMA) (pid_to_power) [comm="stress_core"] ===
PID      power             
180720   48                
180606   49                

=== PID → cumulative energy (pid_to_consumption) [comm="stress_core"] ===
PID      energy            
180720   395823250000      
180606   1218075210000     

[H[JPolling energy-fair scheduler maps every 100 millisecond(s)...
Real time since poller start: 86.311773 s
Filter: comm "stress_core"
Maps shown: total power consumption 

=== System totals (total) ===
  cpu_time:  314302267040 ns
  energy:    14251126890000 (units of your kfunc)
  uncore_energy:    966486653333550000 (units of your kfunc)

=== PID → power (EMA) (pid_to_power) [comm="stress_core"] ===
PID      power             
180720   49                
180606   49                

=== PID → cumulative energy (pid_to_consumption) [comm="stress_core"] ===
PID      energy            
180720   401610600000      
180606   1223914940000     

[H[JPolling energy-fair scheduler maps every 100 millisecond(s)...
Real time since poller start: 86.429983 s
Filter: comm "stress_core"
Maps shown: total power consumption 

=== System totals (total) ===
  cpu_time:  314549565214 ns
  energy:    14263737290000 (units of your kfunc)
  uncore_energy:    966486803793680000 (units of your kfunc)

=== PID → power (EMA) (pid_to_power) [comm="stress_core"] ===
PID      power             
180720   49                
180606   49                

=== PID → cumulative energy (pid_to_consumption) [comm="stress_core"] ===
PID      energy            
180720   407324780000      
180606   1229725370000     

[H[JPolling energy-fair scheduler maps every 100 millisecond(s)...
Real time since poller start: 86.548192 s
Filter: comm "stress_core"
Maps shown: total power consumption 

=== System totals (total) ===
  cpu_time:  314786240747 ns
  energy:    14275824010000 (units of your kfunc)
  uncore_energy:    966486956309010000 (units of your kfunc)

=== PID → power (EMA) (pid_to_power) [comm="stress_core"] ===
PID      power             
180720   48                
180606   47                

=== PID → cumulative energy (pid_to_consumption) [comm="stress_core"] ===
PID      energy            
180720   412802080000      
180606   1234926260000     

[H[JPolling energy-fair scheduler maps every 100 millisecond(s)...
Real time since poller start: 86.666301 s
Filter: comm "stress_core"
Maps shown: total power consumption 

=== System totals (total) ===
  cpu_time:  314977132294 ns
  energy:    14285875810000 (units of your kfunc)
  uncore_energy:    966487109396100000 (units of your kfunc)

=== PID → power (EMA) (pid_to_power) [comm="stress_core"] ===
PID      power             
180720   50                
180606   47                

=== PID → cumulative energy (pid_to_consumption) [comm="stress_core"] ===
PID      energy            
180720   416423120000      
180606   1238459420000     

[H[JPolling energy-fair scheduler maps every 100 millisecond(s)...
Real time since poller start: 86.784519 s
Filter: comm "stress_core"
Maps shown: total power consumption 

=== System totals (total) ===
  cpu_time:  315088393409 ns
  energy:    14292570330000 (units of your kfunc)
  uncore_energy:    966487266451730000 (units of your kfunc)

=== PID → power (EMA) (pid_to_power) [comm="stress_core"] ===
PID      power             
180720   46                
180606   48                

=== PID → cumulative energy (pid_to_consumption) [comm="stress_core"] ===
PID      energy            
180720   417959650000      
180606   1239882770000     

[H[JPolling energy-fair scheduler maps every 100 millisecond(s)...
Real time since poller start: 86.902786 s
Filter: comm "stress_core"
Maps shown: total power consumption 

=== System totals (total) ===
  cpu_time:  315173447078 ns
  energy:    14298123450000 (units of your kfunc)
  uncore_energy:    966487423664880000 (units of your kfunc)

=== PID → power (EMA) (pid_to_power) [comm="stress_core"] ===
PID      power             
180720   51                
180606   50                

=== PID → cumulative energy (pid_to_consumption) [comm="stress_core"] ===
PID      energy            
180720   418528210000      
180606   1240366760000     

[H[JPolling energy-fair scheduler maps every 100 millisecond(s)...
Real time since poller start: 87.020989 s
Filter: comm "stress_core"
Maps shown: total power consumption 

=== System totals (total) ===
  cpu_time:  315250259730 ns
  energy:    14303204480000 (units of your kfunc)
  uncore_energy:    966487582361770000 (units of your kfunc)

=== PID → power (EMA) (pid_to_power) [comm="stress_core"] ===
PID      power             
180720   48                
180606   54                

=== PID → cumulative energy (pid_to_consumption) [comm="stress_core"] ===
PID      energy            
180720   418764110000      
180606   1240772340000     

[H[JPolling energy-fair scheduler maps every 100 millisecond(s)...
Real time since poller start: 87.139234 s
Filter: comm "stress_core"
Maps shown: total power consumption 

=== System totals (total) ===
  cpu_time:  315313795584 ns
  energy:    14307844960000 (units of your kfunc)
  uncore_energy:    966487742147250000 (units of your kfunc)

=== PID → power (EMA) (pid_to_power) [comm="stress_core"] ===
PID      power             
180720   48                
180606   52                

=== PID → cumulative energy (pid_to_consumption) [comm="stress_core"] ===
PID      energy            
180720   418860550000      
180606   1240870910000     

[H[JPolling energy-fair scheduler maps every 100 millisecond(s)...
Real time since poller start: 87.257452 s
Filter: comm "stress_core"
Maps shown: total power consumption 

=== System totals (total) ===
  cpu_time:  315384075454 ns
  energy:    14312500770000 (units of your kfunc)
  uncore_energy:    966487901005850000 (units of your kfunc)

=== PID → power (EMA) (pid_to_power) [comm="stress_core"] ===
PID      power             
180720   18                
180606   51                

=== PID → cumulative energy (pid_to_consumption) [comm="stress_core"] ===
PID      energy            
180720   418875810000      
180606   1240969180000     

[H[JPolling energy-fair scheduler maps every 100 millisecond(s)...
Real time since poller start: 87.375678 s
Filter: comm "stress_core"
Maps shown: total power consumption 

=== System totals (total) ===
  cpu_time:  315450542729 ns
  energy:    14316932500000 (units of your kfunc)
  uncore_energy:    966488060507380000 (units of your kfunc)

=== PID → power (EMA) (pid_to_power) [comm="stress_core"] ===
PID      power             
180720   31                
180606   12                

=== PID → cumulative energy (pid_to_consumption) [comm="stress_core"] ===
PID      energy            
180720   418945700000      
180606   1240992980000     

[H[JPolling energy-fair scheduler maps every 100 millisecond(s)...
Real time since poller start: 87.493894 s
Filter: comm "stress_core"
Maps shown: total power consumption 

=== System totals (total) ===
  cpu_time:  315554684503 ns
  energy:    14322477150000 (units of your kfunc)
  uncore_energy:    966488228441420000 (units of your kfunc)

=== PID → power (EMA) (pid_to_power) [comm="stress_core"] ===
PID      power             
180720   23                
180606   38                

=== PID → cumulative energy (pid_to_consumption) [comm="stress_core"] ===
PID      energy            
180720   419292380000      
180606   1241102380000     

[H[JPolling energy-fair scheduler maps every 100 millisecond(s)...
Real time since poller start: 87.612131 s
Filter: comm "stress_core"
Maps shown: total power consumption 

=== System totals (total) ===
  cpu_time:  315629366106 ns
  energy:    14327675370000 (units of your kfunc)
  uncore_energy:    966488391836650000 (units of your kfunc)

=== PID → power (EMA) (pid_to_power) [comm="stress_core"] ===
PID      power             
180720   9                 
180606   28                

=== PID → cumulative energy (pid_to_consumption) [comm="stress_core"] ===
PID      energy            
180720   419354790000      
180606   1241163100000     

[H[JPolling energy-fair scheduler maps every 100 millisecond(s)...
Real time since poller start: 87.730274 s
Filter: comm "stress_core"
Maps shown: total power consumption 

=== System totals (total) ===
  cpu_time:  315737681173 ns
  energy:    14334398490000 (units of your kfunc)
  uncore_energy:    966488560951850000 (units of your kfunc)

=== PID → power (EMA) (pid_to_power) [comm="stress_core"] ===
PID      power             
180720   9                 
180606   11                

=== PID → cumulative energy (pid_to_consumption) [comm="stress_core"] ===
PID      energy            
180720   419382420000      
180606   1241216660000     

[H[JPolling energy-fair scheduler maps every 100 millisecond(s)...
Real time since poller start: 87.848359 s
Filter: comm "stress_core"
Maps shown: total power consumption 

=== System totals (total) ===
  cpu_time:  315819230372 ns
  energy:    14339801270000 (units of your kfunc)
  uncore_energy:    966488719748440000 (units of your kfunc)

=== PID → power (EMA) (pid_to_power) [comm="stress_core"] ===
PID      power             
180720   7                 
180606   8                 

=== PID → cumulative energy (pid_to_consumption) [comm="stress_core"] ===
PID      energy            
180720   419479620000      
180606   1241252360000     

[H[JPolling energy-fair scheduler maps every 100 millisecond(s)...
Real time since poller start: 87.966403 s
Filter: comm "stress_core"
Maps shown: total power consumption 

=== System totals (total) ===
  cpu_time:  315892022080 ns
  energy:    14344959200000 (units of your kfunc)
  uncore_energy:    966488878258260000 (units of your kfunc)

=== PID → power (EMA) (pid_to_power) [comm="stress_core"] ===
PID      power             
180720   19                
180606   6                 

=== PID → cumulative energy (pid_to_consumption) [comm="stress_core"] ===
PID      energy            
180720   419583090000      
180606   1241292800000     

[H[JPolling energy-fair scheduler maps every 100 millisecond(s)...
Real time since poller start: 88.084500 s
Filter: comm "stress_core"
Maps shown: total power consumption 

=== System totals (total) ===
  cpu_time:  315961799713 ns
  energy:    14350168670000 (units of your kfunc)
  uncore_energy:    966489036214530000 (units of your kfunc)

=== PID → power (EMA) (pid_to_power) [comm="stress_core"] ===
PID      power             
180720   6                 
180606   4                 

=== PID → cumulative energy (pid_to_consumption) [comm="stress_core"] ===
PID      energy            
180720   419628720000      
180606   1241332480000     

[H[JPolling energy-fair scheduler maps every 100 millisecond(s)...
Real time since poller start: 88.202585 s
Filter: comm "stress_core"
Maps shown: total power consumption 

=== System totals (total) ===
  cpu_time:  316027764162 ns
  energy:    14356807210000 (units of your kfunc)
  uncore_energy:    966489192581060000 (units of your kfunc)

=== PID → power (EMA) (pid_to_power) [comm="stress_core"] ===
PID      power             
180720   8                 
180606   7                 

=== PID → cumulative energy (pid_to_consumption) [comm="stress_core"] ===
PID      energy            
180720   419674050000      
180606   1241368040000     

[H[JPolling energy-fair scheduler maps every 100 millisecond(s)...
Real time since poller start: 88.320691 s
Filter: comm "stress_core"
Maps shown: total power consumption 

=== System totals (total) ===
  cpu_time:  316104803655 ns
  energy:    14363939570000 (units of your kfunc)
  uncore_energy:    966489349118590000 (units of your kfunc)

=== PID → power (EMA) (pid_to_power) [comm="stress_core"] ===
PID      power             
180720   6                 
180606   6                 

=== PID → cumulative energy (pid_to_consumption) [comm="stress_core"] ===
PID      energy            
180720   419736140000      
180606   1241434260000     

[H[JPolling energy-fair scheduler maps every 100 millisecond(s)...
Real time since poller start: 88.438697 s
Filter: comm "stress_core"
Maps shown: total power consumption 

=== System totals (total) ===
  cpu_time:  316185331461 ns
  energy:    14371788030000 (units of your kfunc)
  uncore_energy:    966489505688310000 (units of your kfunc)

=== PID → power (EMA) (pid_to_power) [comm="stress_core"] ===
PID      power             
180720   9                 
180606   27                

=== PID → cumulative energy (pid_to_consumption) [comm="stress_core"] ===
PID      energy            
180720   419846150000      
180606   1241537880000     

[H[JPolling energy-fair scheduler maps every 100 millisecond(s)...
Real time since poller start: 88.556726 s
Filter: comm "stress_core"
Maps shown: total power consumption 

=== System totals (total) ===
  cpu_time:  316282616263 ns
  energy:    14381266310000 (units of your kfunc)
  uncore_energy:    966489660739150000 (units of your kfunc)

=== PID → power (EMA) (pid_to_power) [comm="stress_core"] ===
PID      power             
180720   5                 
180606   5                 

=== PID → cumulative energy (pid_to_consumption) [comm="stress_core"] ===
PID      energy            
180720   419869340000      
180606   1241640850000     

[H[JPolling energy-fair scheduler maps every 100 millisecond(s)...
Real time since poller start: 88.674778 s
Filter: comm "stress_core"
Maps shown: total power consumption 

=== System totals (total) ===
  cpu_time:  316368871729 ns
  energy:    14390338860000 (units of your kfunc)
  uncore_energy:    966489815212590000 (units of your kfunc)

=== PID → power (EMA) (pid_to_power) [comm="stress_core"] ===
PID      power             
180720   6                 
180606   9                 

=== PID → cumulative energy (pid_to_consumption) [comm="stress_core"] ===
PID      energy            
180720   419925790000      
180606   1241773460000     

[H[JPolling energy-fair scheduler maps every 100 millisecond(s)...
Real time since poller start: 88.792793 s
Filter: comm "stress_core"
Maps shown: total power consumption 

=== System totals (total) ===
  cpu_time:  316452983580 ns
  energy:    14399365040000 (units of your kfunc)
  uncore_energy:    966489970307960000 (units of your kfunc)

=== PID → power (EMA) (pid_to_power) [comm="stress_core"] ===
PID      power             
180720   11                
180606   6                 

=== PID → cumulative energy (pid_to_consumption) [comm="stress_core"] ===
PID      energy            
180720   420070150000      
180606   1241872500000     

[H[JPolling energy-fair scheduler maps every 100 millisecond(s)...
Real time since poller start: 88.910797 s
Filter: comm "stress_core"
Maps shown: total power consumption 

=== System totals (total) ===
  cpu_time:  316565779116 ns
  energy:    14409446700000 (units of your kfunc)
  uncore_energy:    966490124466560000 (units of your kfunc)

=== PID → power (EMA) (pid_to_power) [comm="stress_core"] ===
PID      power             
180720   5                 
180606   6                 

=== PID → cumulative energy (pid_to_consumption) [comm="stress_core"] ===
PID      energy            
180720   420122190000      
180606   1241976560000     

[H[JPolling energy-fair scheduler maps every 100 millisecond(s)...
Real time since poller start: 89.028761 s
Filter: comm "stress_core"
Maps shown: total power consumption 

=== System totals (total) ===
  cpu_time:  316638882972 ns
  energy:    14418821590000 (units of your kfunc)
  uncore_energy:    966490278582880000 (units of your kfunc)

=== PID → power (EMA) (pid_to_power) [comm="stress_core"] ===
PID      power             
180720   6                 
180606   7                 

=== PID → cumulative energy (pid_to_consumption) [comm="stress_core"] ===
PID      energy            
180720   420202300000      
180606   1242022340000     

[H[JPolling energy-fair scheduler maps every 100 millisecond(s)...
Real time since poller start: 89.146824 s
Filter: comm "stress_core"
Maps shown: total power consumption 

=== System totals (total) ===
  cpu_time:  316711149576 ns
  energy:    14427882940000 (units of your kfunc)
  uncore_energy:    966490432205100000 (units of your kfunc)

=== PID → power (EMA) (pid_to_power) [comm="stress_core"] ===
PID      power             
180720   9                 
180606   18                

=== PID → cumulative energy (pid_to_consumption) [comm="stress_core"] ===
PID      energy            
180720   420273720000      
180606   1242049050000     

[H[JPolling energy-fair scheduler maps every 100 millisecond(s)...
Real time since poller start: 89.264853 s
Filter: comm "stress_core"
Maps shown: total power consumption 

=== System totals (total) ===
  cpu_time:  316780489215 ns
  energy:    14432674940000 (units of your kfunc)
  uncore_energy:    966490585289690000 (units of your kfunc)

=== PID → power (EMA) (pid_to_power) [comm="stress_core"] ===
PID      power             
180720   6                 
180606   18                

=== PID → cumulative energy (pid_to_consumption) [comm="stress_core"] ===
PID      energy            
180720   420411650000      
180606   1242049050000     

[H[JPolling energy-fair scheduler maps every 100 millisecond(s)...
Real time since poller start: 89.382865 s
Filter: comm "stress_core"
Maps shown: total power consumption 

=== System totals (total) ===
  cpu_time:  316848936160 ns
  energy:    14437163120000 (units of your kfunc)
  uncore_energy:    966490738834190000 (units of your kfunc)

=== PID → power (EMA) (pid_to_power) [comm="stress_core"] ===
PID      power             
180720   5                 
180606   18                

=== PID → cumulative energy (pid_to_consumption) [comm="stress_core"] ===
PID      energy            
180720   420646000000      
180606   1242049050000     

[H[JPolling energy-fair scheduler maps every 100 millisecond(s)...
Real time since poller start: 89.500912 s
Filter: comm "stress_core"
Maps shown: total power consumption 

=== System totals (total) ===
  cpu_time:  316964411886 ns
  energy:    14442695530000 (units of your kfunc)
  uncore_energy:    966490892322470000 (units of your kfunc)

=== PID → power (EMA) (pid_to_power) [comm="stress_core"] ===
PID      power             
180720   7                 
180606   18                

=== PID → cumulative energy (pid_to_consumption) [comm="stress_core"] ===
PID      energy            
180720   421103440000      
180606   1242049050000     

[H[JPolling energy-fair scheduler maps every 100 millisecond(s)...
Real time since poller start: 89.618876 s
Filter: comm "stress_core"
Maps shown: total power consumption 

=== System totals (total) ===
  cpu_time:  317080616382 ns
  energy:    14447925930000 (units of your kfunc)
  uncore_energy:    966491046069270000 (units of your kfunc)

=== PID → power (EMA) (pid_to_power) [comm="stress_core"] ===
PID      power             
180720   9                 
180606   18                

=== PID → cumulative energy (pid_to_consumption) [comm="stress_core"] ===
PID      energy            
180720   421721080000      
180606   1242049050000     

[H[JPolling energy-fair scheduler maps every 100 millisecond(s)...
Real time since poller start: 89.736941 s
Filter: comm "stress_core"
Maps shown: total power consumption 

=== System totals (total) ===
  cpu_time:  317208643684 ns
  energy:    14453236560000 (units of your kfunc)
  uncore_energy:    966491199298990000 (units of your kfunc)

=== PID → power (EMA) (pid_to_power) [comm="stress_core"] ===
PID      power             
180720   10                
180606   18                

=== PID → cumulative energy (pid_to_consumption) [comm="stress_core"] ===
PID      energy            
180720   422500330000      
180606   1242049050000     

[H[JPolling energy-fair scheduler maps every 100 millisecond(s)...
Real time since poller start: 89.854955 s
Filter: comm "stress_core"
Maps shown: total power consumption 

=== System totals (total) ===
  cpu_time:  317352555309 ns
  energy:    14458424560000 (units of your kfunc)
  uncore_energy:    966491352502710000 (units of your kfunc)

=== PID → power (EMA) (pid_to_power) [comm="stress_core"] ===
PID      power             
180720   7                 
180606   18                

=== PID → cumulative energy (pid_to_consumption) [comm="stress_core"] ===
PID      energy            
180720   423485730000      
180606   1242049050000     

[H[JPolling energy-fair scheduler maps every 100 millisecond(s)...
Real time since poller start: 89.972994 s
Filter: comm "stress_core"
Maps shown: total power consumption 

=== System totals (total) ===
  cpu_time:  317494584036 ns
  energy:    14463583410000 (units of your kfunc)
  uncore_energy:    966491505949360000 (units of your kfunc)

=== PID → power (EMA) (pid_to_power) [comm="stress_core"] ===
PID      power             
180720   9                 
180606   18                

=== PID → cumulative energy (pid_to_consumption) [comm="stress_core"] ===
PID      energy            
180720   424504850000      
180606   1242049050000     

[H[JPolling energy-fair scheduler maps every 100 millisecond(s)...
Real time since poller start: 90.091064 s
Filter: comm "stress_core"
Maps shown: total power consumption 

=== System totals (total) ===
  cpu_time:  317652366557 ns
  energy:    14468907230000 (units of your kfunc)
  uncore_energy:    966491659114920000 (units of your kfunc)

=== PID → power (EMA) (pid_to_power) [comm="stress_core"] ===
PID      power             
180720   17                
180606   18                

=== PID → cumulative energy (pid_to_consumption) [comm="stress_core"] ===
PID      energy            
180720   425671090000      
180606   1242049050000     

[H[JPolling energy-fair scheduler maps every 100 millisecond(s)...
Real time since poller start: 90.209093 s
Filter: comm "stress_core"
Maps shown: total power consumption 

=== System totals (total) ===
  cpu_time:  317813232595 ns
  energy:    14473986940000 (units of your kfunc)
  uncore_energy:    966491812632780000 (units of your kfunc)

=== PID → power (EMA) (pid_to_power) [comm="stress_core"] ===
PID      power             
180720   9                 
180606   18                

=== PID → cumulative energy (pid_to_consumption) [comm="stress_core"] ===
PID      energy            
180720   426904940000      
180606   1242049050000     

[H[JPolling energy-fair scheduler maps every 100 millisecond(s)...
Real time since poller start: 90.327129 s
Filter: comm "stress_core"
Maps shown: total power consumption 

=== System totals (total) ===
  cpu_time:  317997199142 ns
  energy:    14480088590000 (units of your kfunc)
  uncore_energy:    966491966133940000 (units of your kfunc)

=== PID → power (EMA) (pid_to_power) [comm="stress_core"] ===
PID      power             
180720   8                 
180606   18                

=== PID → cumulative energy (pid_to_consumption) [comm="stress_core"] ===
PID      energy            
180720   428006820000      
180606   1242049050000     

[H[JPolling energy-fair scheduler maps every 100 millisecond(s)...
Real time since poller start: 90.445177 s
Filter: comm "stress_core"
Maps shown: total power consumption 

=== System totals (total) ===
  cpu_time:  318160652093 ns
  energy:    14484970000000 (units of your kfunc)
  uncore_energy:    966492120155880000 (units of your kfunc)

=== PID → power (EMA) (pid_to_power) [comm="stress_core"] ===
PID      power             
180720   8                 
180606   18                

=== PID → cumulative energy (pid_to_consumption) [comm="stress_core"] ===
PID      energy            
180720   429140990000      
180606   1242049050000     

[H[JPolling energy-fair scheduler maps every 100 millisecond(s)...
Real time since poller start: 90.563273 s
Filter: comm "stress_core"
Maps shown: total power consumption 

=== System totals (total) ===
  cpu_time:  318313417630 ns
  energy:    14489541600000 (units of your kfunc)
  uncore_energy:    966492273396780000 (units of your kfunc)

=== PID → power (EMA) (pid_to_power) [comm="stress_core"] ===
PID      power             
180720   9                 
180606   18                

=== PID → cumulative energy (pid_to_consumption) [comm="stress_core"] ===
PID      energy            
180720   430274570000      
180606   1242049050000     

[H[JPolling energy-fair scheduler maps every 100 millisecond(s)...
Real time since poller start: 90.681393 s
Filter: comm "stress_core"
Maps shown: total power consumption 

=== System totals (total) ===
  cpu_time:  318483730389 ns
  energy:    14494926730000 (units of your kfunc)
  uncore_energy:    966492428411890000 (units of your kfunc)

=== PID → power (EMA) (pid_to_power) [comm="stress_core"] ===
PID      power             
180720   11                
180606   18                

=== PID → cumulative energy (pid_to_consumption) [comm="stress_core"] ===
PID      energy            
180720   431505330000      
180606   1242049050000     

[H[JPolling energy-fair scheduler maps every 100 millisecond(s)...
Real time since poller start: 90.799469 s
Filter: comm "stress_core"
Maps shown: total power consumption 

=== System totals (total) ===
  cpu_time:  318641432501 ns
  energy:    14499730830000 (units of your kfunc)
  uncore_energy:    966492581223450000 (units of your kfunc)

=== PID → power (EMA) (pid_to_power) [comm="stress_core"] ===
PID      power             
180720   8                 
180606   18                

=== PID → cumulative energy (pid_to_consumption) [comm="stress_core"] ===
PID      energy            
180720   432678020000      
180606   1242049050000     

[H[JPolling energy-fair scheduler maps every 100 millisecond(s)...
Real time since poller start: 90.917584 s
Filter: comm "stress_core"
Maps shown: total power consumption 

=== System totals (total) ===
  cpu_time:  318799311970 ns
  energy:    14504514180000 (units of your kfunc)
  uncore_energy:    966492734698000000 (units of your kfunc)

=== PID → power (EMA) (pid_to_power) [comm="stress_core"] ===
PID      power             
180720   31                
180606   18                

=== PID → cumulative energy (pid_to_consumption) [comm="stress_core"] ===
PID      energy            
180720   433965240000      
180606   1242049050000     

[H[JPolling energy-fair scheduler maps every 100 millisecond(s)...
Real time since poller start: 91.035695 s
Filter: comm "stress_core"
Maps shown: total power consumption 

=== System totals (total) ===
  cpu_time:  318969592687 ns
  energy:    14509554210000 (units of your kfunc)
  uncore_energy:    966492887780530000 (units of your kfunc)

=== PID → power (EMA) (pid_to_power) [comm="stress_core"] ===
PID      power             
180720   8                 
180606   18                

=== PID → cumulative energy (pid_to_consumption) [comm="stress_core"] ===
PID      energy            
180720   435162160000      
180606   1242049050000     

[H[JPolling energy-fair scheduler maps every 100 millisecond(s)...
Real time since poller start: 91.153842 s
Filter: comm "stress_core"
Maps shown: total power consumption 

=== System totals (total) ===
  cpu_time:  319117194244 ns
  energy:    14513932300000 (units of your kfunc)
  uncore_energy:    966493040713080000 (units of your kfunc)

=== PID → power (EMA) (pid_to_power) [comm="stress_core"] ===
PID      power             
180720   19                
180606   18                

=== PID → cumulative energy (pid_to_consumption) [comm="stress_core"] ===
PID      energy            
180720   436117990000      
180606   1242049050000     

[H[JPolling energy-fair scheduler maps every 100 millisecond(s)...
Real time since poller start: 91.272442 s
Filter: comm "stress_core"
Maps shown: total power consumption 

=== System totals (total) ===
  cpu_time:  319227208230 ns
  energy:    14518512210000 (units of your kfunc)
  uncore_energy:    966493202017570000 (units of your kfunc)

=== PID → power (EMA) (pid_to_power) [comm="stress_core"] ===
PID      power             
180720   19                
180606   18                

=== PID → cumulative energy (pid_to_consumption) [comm="stress_core"] ===
PID      energy            
180720   436117990000      
180606   1242049050000     

[H[JPolling energy-fair scheduler maps every 100 millisecond(s)...
Real time since poller start: 91.390534 s
Filter: comm "stress_core"
Maps shown: total power consumption 

=== System totals (total) ===
  cpu_time:  319387171207 ns
  energy:    14524174810000 (units of your kfunc)
  uncore_energy:    966493355837540000 (units of your kfunc)

=== PID → power (EMA) (pid_to_power) [comm="stress_core"] ===
PID      power             
180720   19                
180606   18                

=== PID → cumulative energy (pid_to_consumption) [comm="stress_core"] ===
PID      energy            
180720   436117990000      
180606   1242049050000     

[H[JPolling energy-fair scheduler maps every 100 millisecond(s)...
Real time since poller start: 91.508717 s
Filter: comm "stress_core"
Maps shown: total power consumption 

=== System totals (total) ===
  cpu_time:  319508680982 ns
  energy:    14529444310000 (units of your kfunc)
  uncore_energy:    966493511765250000 (units of your kfunc)

=== PID → power (EMA) (pid_to_power) [comm="stress_core"] ===
PID      power             
180720   19                
180606   18                

=== PID → cumulative energy (pid_to_consumption) [comm="stress_core"] ===
PID      energy            
180720   436117990000      
180606   1242049050000     

[H[JPolling energy-fair scheduler maps every 100 millisecond(s)...
Real time since poller start: 91.626766 s
Filter: comm "stress_core"
Maps shown: total power consumption 

=== System totals (total) ===
  cpu_time:  319546702560 ns
  energy:    14532216530000 (units of your kfunc)
  uncore_energy:    966493661434440000 (units of your kfunc)

=== PID → power (EMA) (pid_to_power) [comm="stress_core"] ===
PID      power             
180720   19                
180606   18                

=== PID → cumulative energy (pid_to_consumption) [comm="stress_core"] ===
PID      energy            
180720   436117990000      
180606   1242049050000     

[H[JPolling energy-fair scheduler maps every 100 millisecond(s)...
Real time since poller start: 91.744967 s
Filter: comm "stress_core"
Maps shown: total power consumption 

=== System totals (total) ===
  cpu_time:  319595704318 ns
  energy:    14535538380000 (units of your kfunc)
  uncore_energy:    966493811705110000 (units of your kfunc)

=== PID → power (EMA) (pid_to_power) [comm="stress_core"] ===
PID      power             
180720   19                
180606   18                

=== PID → cumulative energy (pid_to_consumption) [comm="stress_core"] ===
PID      energy            
180720   436117990000      
180606   1242049050000     

[H[JPolling energy-fair scheduler maps every 100 millisecond(s)...
Real time since poller start: 91.863183 s
Filter: comm "stress_core"
Maps shown: total power consumption 

=== System totals (total) ===
  cpu_time:  319646147709 ns
  energy:    14538799340000 (units of your kfunc)
  uncore_energy:    966493961812380000 (units of your kfunc)

=== PID → power (EMA) (pid_to_power) [comm="stress_core"] ===
PID      power             
180720   19                
180606   18                

=== PID → cumulative energy (pid_to_consumption) [comm="stress_core"] ===
PID      energy            
180720   436117990000      
180606   1242049050000     

[H[JPolling energy-fair scheduler maps every 100 millisecond(s)...
Real time since poller start: 91.981406 s
Filter: comm "stress_core"
Maps shown: total power consumption 

=== System totals (total) ===
  cpu_time:  319715575253 ns
  energy:    14542756680000 (units of your kfunc)
  uncore_energy:    966494112326630000 (units of your kfunc)

=== PID → power (EMA) (pid_to_power) [comm="stress_core"] ===
PID      power             
180720   19                
180606   18                

=== PID → cumulative energy (pid_to_consumption) [comm="stress_core"] ===
PID      energy            
180720   436117990000      
180606   1242049050000     

[H[JPolling energy-fair scheduler maps every 100 millisecond(s)...
Real time since poller start: 92.099506 s
Filter: comm "stress_core"
Maps shown: total power consumption 

=== System totals (total) ===
  cpu_time:  319755765120 ns
  energy:    14545631730000 (units of your kfunc)
  uncore_energy:    966494262624340000 (units of your kfunc)

=== PID → power (EMA) (pid_to_power) [comm="stress_core"] ===
PID      power             
180720   19                
180606   18                

=== PID → cumulative energy (pid_to_consumption) [comm="stress_core"] ===
PID      energy            
180720   436117990000      
180606   1242049050000     

[H[JPolling energy-fair scheduler maps every 100 millisecond(s)...
Real time since poller start: 92.217680 s
Filter: comm "stress_core"
Maps shown: total power consumption 

=== System totals (total) ===
  cpu_time:  319798226895 ns
  energy:    14548554740000 (units of your kfunc)
  uncore_energy:    966494411998080000 (units of your kfunc)

=== PID → power (EMA) (pid_to_power) [comm="stress_core"] ===
PID      power             
180720   19                
180606   18                

=== PID → cumulative energy (pid_to_consumption) [comm="stress_core"] ===
PID      energy            
180720   436117990000      
180606   1242049050000     

[H[JPolling energy-fair scheduler maps every 100 millisecond(s)...
Real time since poller start: 92.335860 s
Filter: comm "stress_core"
Maps shown: total power consumption 

=== System totals (total) ===
  cpu_time:  319835692016 ns
  energy:    14551339460000 (units of your kfunc)
  uncore_energy:    966494562505140000 (units of your kfunc)

=== PID → power (EMA) (pid_to_power) [comm="stress_core"] ===
PID      power             
180720   19                
180606   18                

=== PID → cumulative energy (pid_to_consumption) [comm="stress_core"] ===
PID      energy            
180720   436117990000      
180606   1242049050000     

[H[JPolling energy-fair scheduler maps every 100 millisecond(s)...
Real time since poller start: 92.453995 s
Filter: comm "stress_core"
Maps shown: total power consumption 

=== System totals (total) ===
  cpu_time:  319878459864 ns
  energy:    14554308360000 (units of your kfunc)
  uncore_energy:    966494712717850000 (units of your kfunc)

=== PID → power (EMA) (pid_to_power) [comm="stress_core"] ===
PID      power             
180720   19                
180606   18                

=== PID → cumulative energy (pid_to_consumption) [comm="stress_core"] ===
PID      energy            
180720   436117990000      
180606   1242049050000     

[H[JPolling energy-fair scheduler maps every 100 millisecond(s)...
Real time since poller start: 92.572109 s
Filter: comm "stress_core"
Maps shown: total power consumption 

=== System totals (total) ===
  cpu_time:  319917689135 ns
  energy:    14557232900000 (units of your kfunc)
  uncore_energy:    966494862175660000 (units of your kfunc)

=== PID → power (EMA) (pid_to_power) [comm="stress_core"] ===
PID      power             
180720   19                
180606   18                

=== PID → cumulative energy (pid_to_consumption) [comm="stress_core"] ===
PID      energy            
180720   436117990000      
180606   1242049050000     

[H[JPolling energy-fair scheduler maps every 100 millisecond(s)...
Real time since poller start: 92.690298 s
Filter: comm "stress_core"
Maps shown: total power consumption 

=== System totals (total) ===
  cpu_time:  319959857308 ns
  energy:    14560146730000 (units of your kfunc)
  uncore_energy:    966495012800040000 (units of your kfunc)

=== PID → power (EMA) (pid_to_power) [comm="stress_core"] ===
PID      power             
180720   19                
180606   18                

=== PID → cumulative energy (pid_to_consumption) [comm="stress_core"] ===
PID      energy            
180720   436117990000      
180606   1242049050000     

[H[JPolling energy-fair scheduler maps every 100 millisecond(s)...
Real time since poller start: 92.808603 s
Filter: comm "stress_core"
Maps shown: total power consumption 

=== System totals (total) ===
  cpu_time:  320000478024 ns
  energy:    14563120800000 (units of your kfunc)
  uncore_energy:    966495162656330000 (units of your kfunc)

=== PID → power (EMA) (pid_to_power) [comm="stress_core"] ===
PID      power             
180720   19                
180606   18                

=== PID → cumulative energy (pid_to_consumption) [comm="stress_core"] ===
PID      energy            
180720   436117990000      
180606   1242049050000     

[H[JPolling energy-fair scheduler maps every 100 millisecond(s)...
Real time since poller start: 92.926741 s
Filter: comm "stress_core"
Maps shown: total power consumption 

=== System totals (total) ===
  cpu_time:  320060945018 ns
  energy:    14566863160000 (units of your kfunc)
  uncore_energy:    966495312161190000 (units of your kfunc)

=== PID → power (EMA) (pid_to_power) [comm="stress_core"] ===
PID      power             
180720   19                
180606   18                

=== PID → cumulative energy (pid_to_consumption) [comm="stress_core"] ===
PID      energy            
180720   436117990000      
180606   1242049050000     

[H[JPolling energy-fair scheduler maps every 100 millisecond(s)...
Real time since poller start: 93.044920 s
Filter: comm "stress_core"
Maps shown: total power consumption 

=== System totals (total) ===
  cpu_time:  320104454870 ns
  energy:    14569890670000 (units of your kfunc)
  uncore_energy:    966495461811900000 (units of your kfunc)

=== PID → power (EMA) (pid_to_power) [comm="stress_core"] ===
PID      power             
180720   19                
180606   18                

=== PID → cumulative energy (pid_to_consumption) [comm="stress_core"] ===
PID      energy            
180720   436117990000      
180606   1242049050000     

[H[JPolling energy-fair scheduler maps every 100 millisecond(s)...
Real time since poller start: 93.163034 s
Filter: comm "stress_core"
Maps shown: total power consumption 

=== System totals (total) ===
  cpu_time:  320149523309 ns
  energy:    14572969580000 (units of your kfunc)
  uncore_energy:    966495611938400000 (units of your kfunc)

=== PID → power (EMA) (pid_to_power) [comm="stress_core"] ===
PID      power             
180720   19                
180606   18                

=== PID → cumulative energy (pid_to_consumption) [comm="stress_core"] ===
PID      energy            
180720   436117990000      
180606   1242049050000     

[H[JPolling energy-fair scheduler maps every 100 millisecond(s)...
Real time since poller start: 93.281169 s
Filter: comm "stress_core"
Maps shown: total power consumption 

=== System totals (total) ===
  cpu_time:  320191725254 ns
  energy:    14575936470000 (units of your kfunc)
  uncore_energy:    966495761704820000 (units of your kfunc)

=== PID → power (EMA) (pid_to_power) [comm="stress_core"] ===
PID      power             
180720   19                
180606   18                

=== PID → cumulative energy (pid_to_consumption) [comm="stress_core"] ===
PID      energy            
180720   436117990000      
180606   1242049050000     

[H[JPolling energy-fair scheduler maps every 100 millisecond(s)...
Real time since poller start: 93.399217 s
Filter: comm "stress_core"
Maps shown: total power consumption 

=== System totals (total) ===
  cpu_time:  320233191015 ns
  energy:    14578894090000 (units of your kfunc)
  uncore_energy:    966495910963850000 (units of your kfunc)

=== PID → power (EMA) (pid_to_power) [comm="stress_core"] ===
PID      power             
180720   19                
180606   18                

=== PID → cumulative energy (pid_to_consumption) [comm="stress_core"] ===
PID      energy            
180720   436117990000      
180606   1242049050000     

[H[JPolling energy-fair scheduler maps every 100 millisecond(s)...
Real time since poller start: 93.517349 s
Filter: comm "stress_core"
Maps shown: total power consumption 

=== System totals (total) ===
  cpu_time:  320279031898 ns
  energy:    14582139630000 (units of your kfunc)
  uncore_energy:    966496060722460000 (units of your kfunc)

=== PID → power (EMA) (pid_to_power) [comm="stress_core"] ===
PID      power             
180720   19                
180606   18                

=== PID → cumulative energy (pid_to_consumption) [comm="stress_core"] ===
PID      energy            
180720   436117990000      
180606   1242049050000     

[H[JPolling energy-fair scheduler maps every 100 millisecond(s)...
Real time since poller start: 93.635463 s
Filter: comm "stress_core"
Maps shown: total power consumption 

=== System totals (total) ===
  cpu_time:  320351463857 ns
  energy:    14586120190000 (units of your kfunc)
  uncore_energy:    966496212460280000 (units of your kfunc)

=== PID → power (EMA) (pid_to_power) [comm="stress_core"] ===
PID      power             
180720   19                
180606   18                

=== PID → cumulative energy (pid_to_consumption) [comm="stress_core"] ===
PID      energy            
180720   436117990000      
180606   1242049050000     

[H[JPolling energy-fair scheduler maps every 100 millisecond(s)...
Real time since poller start: 93.753630 s
Filter: comm "stress_core"
Maps shown: total power consumption 

=== System totals (total) ===
  cpu_time:  320394260816 ns
  energy:    14589163100000 (units of your kfunc)
  uncore_energy:    966496362552140000 (units of your kfunc)

=== PID → power (EMA) (pid_to_power) [comm="stress_core"] ===
PID      power             
180720   19                
180606   18                

=== PID → cumulative energy (pid_to_consumption) [comm="stress_core"] ===
PID      energy            
180720   436117990000      
180606   1242049050000     

[H[JPolling energy-fair scheduler maps every 100 millisecond(s)...
Real time since poller start: 93.871819 s
Filter: comm "stress_core"
Maps shown: total power consumption 

=== System totals (total) ===
  cpu_time:  320438508720 ns
  energy:    14592297090000 (units of your kfunc)
  uncore_energy:    966496512039760000 (units of your kfunc)

=== PID → power (EMA) (pid_to_power) [comm="stress_core"] ===
PID      power             
180720   19                
180606   18                

=== PID → cumulative energy (pid_to_consumption) [comm="stress_core"] ===
PID      energy            
180720   436117990000      
180606   1242049050000     

[H[JPolling energy-fair scheduler maps every 100 millisecond(s)...
Real time since poller start: 93.989914 s
Filter: comm "stress_core"
Maps shown: total power consumption 

=== System totals (total) ===
  cpu_time:  320479839235 ns
  energy:    14595202370000 (units of your kfunc)
  uncore_energy:    966496661930500000 (units of your kfunc)

=== PID → power (EMA) (pid_to_power) [comm="stress_core"] ===
PID      power             
180720   19                
180606   18                

=== PID → cumulative energy (pid_to_consumption) [comm="stress_core"] ===
PID      energy            
180720   436117990000      
180606   1242049050000     

[H[JPolling energy-fair scheduler maps every 100 millisecond(s)...
Real time since poller start: 94.108048 s
Filter: comm "stress_core"
Maps shown: total power consumption 

=== System totals (total) ===
  cpu_time:  320523626235 ns
  energy:    14598236870000 (units of your kfunc)
  uncore_energy:    966496811546600000 (units of your kfunc)

=== PID → power (EMA) (pid_to_power) [comm="stress_core"] ===
PID      power             
180720   19                
180606   18                

=== PID → cumulative energy (pid_to_consumption) [comm="stress_core"] ===
PID      energy            
180720   436117990000      
180606   1242049050000     

[H[JPolling energy-fair scheduler maps every 100 millisecond(s)...
Real time since poller start: 94.226125 s
Filter: comm "stress_core"
Maps shown: total power consumption 

=== System totals (total) ===
  cpu_time:  320643943812 ns
  energy:    14602866550000 (units of your kfunc)
  uncore_energy:    966496962161060000 (units of your kfunc)

=== PID → power (EMA) (pid_to_power) [comm="stress_core"] ===
PID      power             
180720   19                
180606   14                

=== PID → cumulative energy (pid_to_consumption) [comm="stress_core"] ===
PID      energy            
180720   436117990000      
180606   1244245110000     

[H[JPolling energy-fair scheduler maps every 100 millisecond(s)...
Real time since poller start: 94.344360 s
Filter: comm "stress_core"
Maps shown: total power consumption 

=== System totals (total) ===
  cpu_time:  320819904177 ns
  energy:    14608153230000 (units of your kfunc)
  uncore_energy:    966497117603910000 (units of your kfunc)

=== PID → power (EMA) (pid_to_power) [comm="stress_core"] ===
PID      power             
180720   19                
180606   10                

=== PID → cumulative energy (pid_to_consumption) [comm="stress_core"] ===
PID      energy            
180720   436117990000      
180606   1245728060000     

[H[JPolling energy-fair scheduler maps every 100 millisecond(s)...
Real time since poller start: 94.462484 s
Filter: comm "stress_core"
Maps shown: total power consumption 

=== System totals (total) ===
  cpu_time:  320981532001 ns
  energy:    14612801320000 (units of your kfunc)
  uncore_energy:    966497271303590000 (units of your kfunc)

=== PID → power (EMA) (pid_to_power) [comm="stress_core"] ===
PID      power             
180720   19                
180606   10                

=== PID → cumulative energy (pid_to_consumption) [comm="stress_core"] ===
PID      energy            
180720   436117990000      
180606   1247238280000     

[H[JPolling energy-fair scheduler maps every 100 millisecond(s)...
Real time since poller start: 94.580623 s
Filter: comm "stress_core"
Maps shown: total power consumption 

=== System totals (total) ===
  cpu_time:  321143760817 ns
  energy:    14617475700000 (units of your kfunc)
  uncore_energy:    966497425037110000 (units of your kfunc)

=== PID → power (EMA) (pid_to_power) [comm="stress_core"] ===
PID      power             
180720   19                
180606   11                

=== PID → cumulative energy (pid_to_consumption) [comm="stress_core"] ===
PID      energy            
180720   436117990000      
180606   1248799840000     

[H[JPolling energy-fair scheduler maps every 100 millisecond(s)...
Real time since poller start: 94.698782 s
Filter: comm "stress_core"
Maps shown: total power consumption 

=== System totals (total) ===
  cpu_time:  321306509695 ns
  energy:    14622111030000 (units of your kfunc)
  uncore_energy:    966497579062980000 (units of your kfunc)

=== PID → power (EMA) (pid_to_power) [comm="stress_core"] ===
PID      power             
180720   19                
180606   7                 

=== PID → cumulative energy (pid_to_consumption) [comm="stress_core"] ===
PID      energy            
180720   436117990000      
180606   1250289260000     

[H[JPolling energy-fair scheduler maps every 100 millisecond(s)...
Real time since poller start: 94.816871 s
Filter: comm "stress_core"
Maps shown: total power consumption 

=== System totals (total) ===
  cpu_time:  321465398975 ns
  energy:    14626513350000 (units of your kfunc)
  uncore_energy:    966497732924210000 (units of your kfunc)

=== PID → power (EMA) (pid_to_power) [comm="stress_core"] ===
PID      power             
180720   19                
180606   14                

=== PID → cumulative energy (pid_to_consumption) [comm="stress_core"] ===
PID      energy            
180720   436117990000      
180606   1251762690000     

[H[JPolling energy-fair scheduler maps every 100 millisecond(s)...
Real time since poller start: 94.935087 s
Filter: comm "stress_core"
Maps shown: total power consumption 

=== System totals (total) ===
  cpu_time:  321627728119 ns
  energy:    14631069130000 (units of your kfunc)
  uncore_energy:    966497886454520000 (units of your kfunc)

=== PID → power (EMA) (pid_to_power) [comm="stress_core"] ===
PID      power             
180720   19                
180606   11                

=== PID → cumulative energy (pid_to_consumption) [comm="stress_core"] ===
PID      energy            
180720   436117990000      
180606   1253238120000     

[H[JPolling energy-fair scheduler maps every 100 millisecond(s)...
Real time since poller start: 95.053197 s
Filter: comm "stress_core"
Maps shown: total power consumption 

=== System totals (total) ===
  cpu_time:  321790084729 ns
  energy:    14635562370000 (units of your kfunc)
  uncore_energy:    966498040721350000 (units of your kfunc)

=== PID → power (EMA) (pid_to_power) [comm="stress_core"] ===
PID      power             
180720   19                
180606   9                 

=== PID → cumulative energy (pid_to_consumption) [comm="stress_core"] ===
PID      energy            
180720   436117990000      
180606   1254607890000     

[H[JPolling energy-fair scheduler maps every 100 millisecond(s)...
Real time since poller start: 95.171341 s
Filter: comm "stress_core"
Maps shown: total power consumption 

=== System totals (total) ===
  cpu_time:  321976098868 ns
  energy:    14640903390000 (units of your kfunc)
  uncore_energy:    966498196261060000 (units of your kfunc)

=== PID → power (EMA) (pid_to_power) [comm="stress_core"] ===
PID      power             
180720   19                
180606   9                 

=== PID → cumulative energy (pid_to_consumption) [comm="stress_core"] ===
PID      energy            
180720   436117990000      
180606   1255922120000     

[H[JPolling energy-fair scheduler maps every 100 millisecond(s)...
Real time since poller start: 95.289545 s
Filter: comm "stress_core"
Maps shown: total power consumption 

=== System totals (total) ===
  cpu_time:  322136045708 ns
  energy:    14645187180000 (units of your kfunc)
  uncore_energy:    966498350333600000 (units of your kfunc)

=== PID → power (EMA) (pid_to_power) [comm="stress_core"] ===
PID      power             
180720   19                
180606   9                 

=== PID → cumulative energy (pid_to_consumption) [comm="stress_core"] ===
PID      energy            
180720   436117990000      
180606   1257180410000     

[H[JPolling energy-fair scheduler maps every 100 millisecond(s)...
Real time since poller start: 95.407637 s
Filter: comm "stress_core"
Maps shown: total power consumption 

=== System totals (total) ===
  cpu_time:  322313398779 ns
  energy:    14650017150000 (units of your kfunc)
  uncore_energy:    966498504481750000 (units of your kfunc)

=== PID → power (EMA) (pid_to_power) [comm="stress_core"] ===
PID      power             
180720   19                
180606   8                 

=== PID → cumulative energy (pid_to_consumption) [comm="stress_core"] ===
PID      energy            
180720   436117990000      
180606   1258407270000     

[H[JPolling energy-fair scheduler maps every 100 millisecond(s)...
Real time since poller start: 95.525802 s
Filter: comm "stress_core"
Maps shown: total power consumption 

=== System totals (total) ===
  cpu_time:  322477322257 ns
  energy:    14654339940000 (units of your kfunc)
  uncore_energy:    966498658485220000 (units of your kfunc)

=== PID → power (EMA) (pid_to_power) [comm="stress_core"] ===
PID      power             
180720   19                
180606   9                 

=== PID → cumulative energy (pid_to_consumption) [comm="stress_core"] ===
PID      energy            
180720   436117990000      
180606   1259640990000     

[H[JPolling energy-fair scheduler maps every 100 millisecond(s)...
Real time since poller start: 95.643970 s
Filter: comm "stress_core"
Maps shown: total power consumption 

=== System totals (total) ===
  cpu_time:  322638764100 ns
  energy:    14658799860000 (units of your kfunc)
  uncore_energy:    966498812111080000 (units of your kfunc)

=== PID → power (EMA) (pid_to_power) [comm="stress_core"] ===
PID      power             
180720   19                
180606   10                

=== PID → cumulative energy (pid_to_consumption) [comm="stress_core"] ===
PID      energy            
180720   436117990000      
180606   1260980400000     

[H[JPolling energy-fair scheduler maps every 100 millisecond(s)...
Real time since poller start: 95.762183 s
Filter: comm "stress_core"
Maps shown: total power consumption 

=== System totals (total) ===
  cpu_time:  322798599534 ns
  energy:    14663009000000 (units of your kfunc)
  uncore_energy:    966498966556420000 (units of your kfunc)

=== PID → power (EMA) (pid_to_power) [comm="stress_core"] ===
PID      power             
180720   19                
180606   8                 

=== PID → cumulative energy (pid_to_consumption) [comm="stress_core"] ===
PID      energy            
180720   436117990000      
180606   1262334180000     

[H[JPolling energy-fair scheduler maps every 100 millisecond(s)...
Real time since poller start: 95.880366 s
Filter: comm "stress_core"
Maps shown: total power consumption 

=== System totals (total) ===
  cpu_time:  322969399519 ns
  energy:    14667718370000 (units of your kfunc)
  uncore_energy:    966499121535470000 (units of your kfunc)

=== PID → power (EMA) (pid_to_power) [comm="stress_core"] ===
PID      power             
180720   19                
180606   11                

=== PID → cumulative energy (pid_to_consumption) [comm="stress_core"] ===
PID      energy            
180720   436117990000      
180606   1263691490000     

[H[JPolling energy-fair scheduler maps every 100 millisecond(s)...
Real time since poller start: 95.998477 s
Filter: comm "stress_core"
Maps shown: total power consumption 

=== System totals (total) ===
  cpu_time:  323125947427 ns
  energy:    14671995390000 (units of your kfunc)
  uncore_energy:    966499282702180000 (units of your kfunc)

=== PID → power (EMA) (pid_to_power) [comm="stress_core"] ===
PID      power             
180720   19                
180606   10                

=== PID → cumulative energy (pid_to_consumption) [comm="stress_core"] ===
PID      energy            
180720   436117990000      
180606   1265345820000     

[H[JPolling energy-fair scheduler maps every 100 millisecond(s)...
Real time since poller start: 96.116690 s
Filter: comm "stress_core"
Maps shown: total power consumption 

=== System totals (total) ===
  cpu_time:  323394030271 ns
  energy:    14680855670000 (units of your kfunc)
  uncore_energy:    966499439915200000 (units of your kfunc)

=== PID → power (EMA) (pid_to_power) [comm="stress_core"] ===
PID      power             
180720   19                
180606   34                

=== PID → cumulative energy (pid_to_consumption) [comm="stress_core"] ===
PID      energy            
180720   436117990000      
180606   1267684560000     

[H[JPolling energy-fair scheduler maps every 100 millisecond(s)...
Real time since poller start: 96.234872 s
Filter: comm "stress_core"
Maps shown: total power consumption 

=== System totals (total) ===
  cpu_time:  323699532728 ns
  energy:    14692121450000 (units of your kfunc)
  uncore_energy:    966499594845100000 (units of your kfunc)

=== PID → power (EMA) (pid_to_power) [comm="stress_core"] ===
PID      power             
180720   29                
180606   27                

=== PID → cumulative energy (pid_to_consumption) [comm="stress_core"] ===
PID      energy            
180720   438893400000      
180606   1270420430000     

[H[JPolling energy-fair scheduler maps every 100 millisecond(s)...
Real time since poller start: 96.353031 s
Filter: comm "stress_core"
Maps shown: total power consumption 

=== System totals (total) ===
  cpu_time:  323997753905 ns
  energy:    14703213350000 (units of your kfunc)
  uncore_energy:    966499753534690000 (units of your kfunc)

=== PID → power (EMA) (pid_to_power) [comm="stress_core"] ===
PID      power             
180720   16                
180606   11                

=== PID → cumulative energy (pid_to_consumption) [comm="stress_core"] ===
PID      energy            
180720   441650070000      
180606   1273343190000     

[H[JPolling energy-fair scheduler maps every 100 millisecond(s)...
Real time since poller start: 96.471256 s
Filter: comm "stress_core"
Maps shown: total power consumption 

=== System totals (total) ===
  cpu_time:  324290390489 ns
  energy:    14713101070000 (units of your kfunc)
  uncore_energy:    966499908584110000 (units of your kfunc)

=== PID → power (EMA) (pid_to_power) [comm="stress_core"] ===
PID      power             
180720   8                 
180606   11                

=== PID → cumulative energy (pid_to_consumption) [comm="stress_core"] ===
PID      energy            
180720   444587160000      
180606   1276516100000     

[H[JPolling energy-fair scheduler maps every 100 millisecond(s)...
Real time since poller start: 96.589364 s
Filter: comm "stress_core"
Maps shown: total power consumption 

=== System totals (total) ===
  cpu_time:  324564224235 ns
  energy:    14722601340000 (units of your kfunc)
  uncore_energy:    966500063207070000 (units of your kfunc)

=== PID → power (EMA) (pid_to_power) [comm="stress_core"] ===
PID      power             
180720   15                
180606   18                

=== PID → cumulative energy (pid_to_consumption) [comm="stress_core"] ===
PID      energy            
180720   447276640000      
180606   1279642480000     

[H[JPolling energy-fair scheduler maps every 100 millisecond(s)...
Real time since poller start: 96.707600 s
Filter: comm "stress_core"
Maps shown: total power consumption 

=== System totals (total) ===
  cpu_time:  324836022678 ns
  energy:    14732141740000 (units of your kfunc)
  uncore_energy:    966500217222880000 (units of your kfunc)

=== PID → power (EMA) (pid_to_power) [comm="stress_core"] ===
PID      power             
180720   12                
180606   21                

=== PID → cumulative energy (pid_to_consumption) [comm="stress_core"] ===
PID      energy            
180720   450176560000      
180606   1282907030000     

[H[JPolling energy-fair scheduler maps every 100 millisecond(s)...
Real time since poller start: 96.825790 s
Filter: comm "stress_core"
Maps shown: total power consumption 

=== System totals (total) ===
  cpu_time:  325146705660 ns
  energy:    14742772670000 (units of your kfunc)
  uncore_energy:    966500372187350000 (units of your kfunc)

=== PID → power (EMA) (pid_to_power) [comm="stress_core"] ===
PID      power             
180720   11                
180606   46                

=== PID → cumulative energy (pid_to_consumption) [comm="stress_core"] ===
PID      energy            
180720   452993230000      
180606   1285810570000     

[H[JPolling energy-fair scheduler maps every 100 millisecond(s)...
Real time since poller start: 96.943964 s
Filter: comm "stress_core"
Maps shown: total power consumption 

=== System totals (total) ===
  cpu_time:  325431787068 ns
  energy:    14752094790000 (units of your kfunc)
  uncore_energy:    966500528128440000 (units of your kfunc)

=== PID → power (EMA) (pid_to_power) [comm="stress_core"] ===
PID      power             
180720   19                
180606   14                

=== PID → cumulative energy (pid_to_consumption) [comm="stress_core"] ===
PID      energy            
180720   455487860000      
180606   1288658110000     

[H[JPolling energy-fair scheduler maps every 100 millisecond(s)...
Real time since poller start: 97.062164 s
Filter: comm "stress_core"
Maps shown: total power consumption 

=== System totals (total) ===
  cpu_time:  325710601420 ns
  energy:    14761830380000 (units of your kfunc)
  uncore_energy:    966500682800810000 (units of your kfunc)

=== PID → power (EMA) (pid_to_power) [comm="stress_core"] ===
PID      power             
180720   55                
180606   10                

=== PID → cumulative energy (pid_to_consumption) [comm="stress_core"] ===
PID      energy            
180720   458829080000      
180606   1291261000000     

[H[JPolling energy-fair scheduler maps every 100 millisecond(s)...
Real time since poller start: 97.180243 s
Filter: comm "stress_core"
Maps shown: total power consumption 

=== System totals (total) ===
  cpu_time:  325999758915 ns
  energy:    14772413720000 (units of your kfunc)
  uncore_energy:    966500837006750000 (units of your kfunc)

=== PID → power (EMA) (pid_to_power) [comm="stress_core"] ===
PID      power             
180720   10                
180606   46                

=== PID → cumulative energy (pid_to_consumption) [comm="stress_core"] ===
PID      energy            
180720   461740600000      
180606   1294303590000     

[H[JPolling energy-fair scheduler maps every 100 millisecond(s)...
Real time since poller start: 97.298443 s
Filter: comm "stress_core"
Maps shown: total power consumption 

=== System totals (total) ===
  cpu_time:  326275576674 ns
  energy:    14782206460000 (units of your kfunc)
  uncore_energy:    966500992943380000 (units of your kfunc)

=== PID → power (EMA) (pid_to_power) [comm="stress_core"] ===
PID      power             
180720   11                
180606   37                

=== PID → cumulative energy (pid_to_consumption) [comm="stress_core"] ===
PID      energy            
180720   464683600000      
180606   1297567860000     

[H[JPolling energy-fair scheduler maps every 100 millisecond(s)...
Real time since poller start: 97.416612 s
Filter: comm "stress_core"
Maps shown: total power consumption 

=== System totals (total) ===
  cpu_time:  326546933918 ns
  energy:    14791575050000 (units of your kfunc)
  uncore_energy:    966501147991290000 (units of your kfunc)

=== PID → power (EMA) (pid_to_power) [comm="stress_core"] ===
PID      power             
180720   17                
180606   32                

=== PID → cumulative energy (pid_to_consumption) [comm="stress_core"] ===
PID      energy            
180720   468029850000      
180606   1300161380000     

[H[JPolling energy-fair scheduler maps every 100 millisecond(s)...
Real time since poller start: 97.534868 s
Filter: comm "stress_core"
Maps shown: total power consumption 

=== System totals (total) ===
  cpu_time:  326823901745 ns
  energy:    14801453520000 (units of your kfunc)
  uncore_energy:    966501302705410000 (units of your kfunc)

=== PID → power (EMA) (pid_to_power) [comm="stress_core"] ===
PID      power             
180720   26                
180606   22                

=== PID → cumulative energy (pid_to_consumption) [comm="stress_core"] ===
PID      energy            
180720   471010610000      
180606   1303653200000     

[H[JPolling energy-fair scheduler maps every 100 millisecond(s)...
Real time since poller start: 97.652989 s
Filter: comm "stress_core"
Maps shown: total power consumption 

=== System totals (total) ===
  cpu_time:  327099855544 ns
  energy:    14811170130000 (units of your kfunc)
  uncore_energy:    966501457517000000 (units of your kfunc)

=== PID → power (EMA) (pid_to_power) [comm="stress_core"] ===
PID      power             
180720   11                
180606   13                

=== PID → cumulative energy (pid_to_consumption) [comm="stress_core"] ===
PID      energy            
180720   473805740000      
180606   1306478400000     

[H[JPolling energy-fair scheduler maps every 100 millisecond(s)...
Real time since poller start: 97.771103 s
Filter: comm "stress_core"
Maps shown: total power consumption 

=== System totals (total) ===
  cpu_time:  327379688551 ns
  energy:    14820854660000 (units of your kfunc)
  uncore_energy:    966501613232400000 (units of your kfunc)

=== PID → power (EMA) (pid_to_power) [comm="stress_core"] ===
PID      power             
180720   35                
180606   32                

=== PID → cumulative energy (pid_to_consumption) [comm="stress_core"] ===
PID      energy            
180720   476981050000      
180606   1309476110000     

[H[JPolling energy-fair scheduler maps every 100 millisecond(s)...
Real time since poller start: 97.889316 s
Filter: comm "stress_core"
Maps shown: total power consumption 

=== System totals (total) ===
  cpu_time:  327664397619 ns
  energy:    14831180480000 (units of your kfunc)
  uncore_energy:    966501768967680000 (units of your kfunc)

=== PID → power (EMA) (pid_to_power) [comm="stress_core"] ===
PID      power             
180720   13                
180606   36                

=== PID → cumulative energy (pid_to_consumption) [comm="stress_core"] ===
PID      energy            
180720   479682360000      
180606   1312949640000     

[H[JPolling energy-fair scheduler maps every 100 millisecond(s)...
Real time since poller start: 98.007567 s
Filter: comm "stress_core"
Maps shown: total power consumption 

=== System totals (total) ===
  cpu_time:  327954593854 ns
  energy:    14840986280000 (units of your kfunc)
  uncore_energy:    966501926652570000 (units of your kfunc)

=== PID → power (EMA) (pid_to_power) [comm="stress_core"] ===
PID      power             
180720   21                
180606   17                

=== PID → cumulative energy (pid_to_consumption) [comm="stress_core"] ===
PID      energy            
180720   482500990000      
180606   1315788130000     

[H[JPolling energy-fair scheduler maps every 100 millisecond(s)...
Real time since poller start: 98.125772 s
Filter: comm "stress_core"
Maps shown: total power consumption 

=== System totals (total) ===
  cpu_time:  328237143529 ns
  energy:    14850423670000 (units of your kfunc)
  uncore_energy:    966502083618530000 (units of your kfunc)

=== PID → power (EMA) (pid_to_power) [comm="stress_core"] ===
PID      power             
180720   13                
180606   14                

=== PID → cumulative energy (pid_to_consumption) [comm="stress_core"] ===
PID      energy            
180720   485145330000      
180606   1318555540000     

[H[JPolling energy-fair scheduler maps every 100 millisecond(s)...
Real time since poller start: 98.243998 s
Filter: comm "stress_core"
Maps shown: total power consumption 

=== System totals (total) ===
  cpu_time:  328517333401 ns
  energy:    14860729290000 (units of your kfunc)
  uncore_energy:    966502239545820000 (units of your kfunc)

=== PID → power (EMA) (pid_to_power) [comm="stress_core"] ===
PID      power             
180720   11                
180606   35                

=== PID → cumulative energy (pid_to_consumption) [comm="stress_core"] ===
PID      energy            
180720   488636540000      
180606   1321444660000     

[H[JPolling energy-fair scheduler maps every 100 millisecond(s)...
Real time since poller start: 98.362263 s
Filter: comm "stress_core"
Maps shown: total power consumption 

=== System totals (total) ===
  cpu_time:  328792455714 ns
  energy:    14870306200000 (units of your kfunc)
  uncore_energy:    966502395689280000 (units of your kfunc)

=== PID → power (EMA) (pid_to_power) [comm="stress_core"] ===
PID      power             
180720   11                
180606   15                

=== PID → cumulative energy (pid_to_consumption) [comm="stress_core"] ===
PID      energy            
180720   491443370000      
180606   1324891340000     

[H[JPolling energy-fair scheduler maps every 100 millisecond(s)...
Real time since poller start: 98.480516 s
Filter: comm "stress_core"
Maps shown: total power consumption 

=== System totals (total) ===
  cpu_time:  329100081517 ns
  energy:    14880553730000 (units of your kfunc)
  uncore_energy:    966502555305790000 (units of your kfunc)

=== PID → power (EMA) (pid_to_power) [comm="stress_core"] ===
PID      power             
180720   11                
180606   17                

=== PID → cumulative energy (pid_to_consumption) [comm="stress_core"] ===
PID      energy            
180720   494083050000      
180606   1327606420000     

[H[JPolling energy-fair scheduler maps every 100 millisecond(s)...
Real time since poller start: 98.598674 s
Filter: comm "stress_core"
Maps shown: total power consumption 

=== System totals (total) ===
  cpu_time:  329374865948 ns
  energy:    14889638620000 (units of your kfunc)
  uncore_energy:    966502712404830000 (units of your kfunc)

=== PID → power (EMA) (pid_to_power) [comm="stress_core"] ===
PID      power             
180720   15                
180606   13                

=== PID → cumulative energy (pid_to_consumption) [comm="stress_core"] ===
PID      energy            
180720   496903630000      
180606   1330344780000     

[H[JPolling energy-fair scheduler maps every 100 millisecond(s)...
Real time since poller start: 98.716906 s
Filter: comm "stress_core"
Maps shown: total power consumption 

=== System totals (total) ===
  cpu_time:  329654584805 ns
  energy:    14899684450000 (units of your kfunc)
  uncore_energy:    966502869552000000 (units of your kfunc)

=== PID → power (EMA) (pid_to_power) [comm="stress_core"] ===
PID      power             
180720   19                
180606   12                

=== PID → cumulative energy (pid_to_consumption) [comm="stress_core"] ===
PID      energy            
180720   500019180000      
180606   1333403890000     

[H[JPolling energy-fair scheduler maps every 100 millisecond(s)...
Real time since poller start: 98.835163 s
Filter: comm "stress_core"
Maps shown: total power consumption 

=== System totals (total) ===
  cpu_time:  329939790187 ns
  energy:    14909208800000 (units of your kfunc)
  uncore_energy:    966503027060570000 (units of your kfunc)

=== PID → power (EMA) (pid_to_power) [comm="stress_core"] ===
PID      power             
180720   14                
180606   30                

=== PID → cumulative energy (pid_to_consumption) [comm="stress_core"] ===
PID      energy            
180720   502640280000      
180606   1336648270000     

[H[JPolling energy-fair scheduler maps every 100 millisecond(s)...
Real time since poller start: 98.953353 s
Filter: comm "stress_core"
Maps shown: total power consumption 

=== System totals (total) ===
  cpu_time:  330228302009 ns
  energy:    14919519790000 (units of your kfunc)
  uncore_energy:    966503184102030000 (units of your kfunc)

=== PID → power (EMA) (pid_to_power) [comm="stress_core"] ===
PID      power             
180720   14                
180606   30                

=== PID → cumulative energy (pid_to_consumption) [comm="stress_core"] ===
PID      energy            
180720   505602190000      
180606   1340014710000     

[H[JPolling energy-fair scheduler maps every 100 millisecond(s)...
Real time since poller start: 99.071614 s
Filter: comm "stress_core"
Maps shown: total power consumption 

=== System totals (total) ===
  cpu_time:  330503856076 ns
  energy:    14928814220000 (units of your kfunc)
  uncore_energy:    966503342446300000 (units of your kfunc)

=== PID → power (EMA) (pid_to_power) [comm="stress_core"] ===
PID      power             
180720   17                
180606   10                

=== PID → cumulative energy (pid_to_consumption) [comm="stress_core"] ===
PID      energy            
180720   508479570000      
180606   1343063990000     

[H[JPolling energy-fair scheduler maps every 100 millisecond(s)...
Real time since poller start: 99.189818 s
Filter: comm "stress_core"
Maps shown: total power consumption 

=== System totals (total) ===
  cpu_time:  330738001257 ns
  energy:    14935883980000 (units of your kfunc)
  uncore_energy:    966503499909470000 (units of your kfunc)

=== PID → power (EMA) (pid_to_power) [comm="stress_core"] ===
PID      power             
180720   13                
180606   13                

=== PID → cumulative energy (pid_to_consumption) [comm="stress_core"] ===
PID      energy            
180720   510712980000      
180606   1344238540000     

[H[JPolling energy-fair scheduler maps every 100 millisecond(s)...
Real time since poller start: 99.307979 s
Filter: comm "stress_core"
Maps shown: total power consumption 

=== System totals (total) ===
  cpu_time:  330881193343 ns
  energy:    14938781170000 (units of your kfunc)
  uncore_energy:    966503660415450000 (units of your kfunc)

=== PID → power (EMA) (pid_to_power) [comm="stress_core"] ===
PID      power             
180720   11                
180606   13                

=== PID → cumulative energy (pid_to_consumption) [comm="stress_core"] ===
PID      energy            
180720   512222220000      
180606   1344238540000     

[H[JPolling energy-fair scheduler maps every 100 millisecond(s)...
Real time since poller start: 99.426069 s
Filter: comm "stress_core"
Maps shown: total power consumption 

=== System totals (total) ===
  cpu_time:  331024287228 ns
  energy:    14941896070000 (units of your kfunc)
  uncore_energy:    966503822071970000 (units of your kfunc)

=== PID → power (EMA) (pid_to_power) [comm="stress_core"] ===
PID      power             
180720   22                
180606   13                

=== PID → cumulative energy (pid_to_consumption) [comm="stress_core"] ===
PID      energy            
180720   514087290000      
180606   1344238540000     

[H[JPolling energy-fair scheduler maps every 100 millisecond(s)...
Real time since poller start: 99.547924 s
Filter: comm "stress_core"
Maps shown: total power consumption 

=== System totals (total) ===
  cpu_time:  331268307122 ns
  energy:    14949369390000 (units of your kfunc)
  uncore_energy:    966503994317280000 (units of your kfunc)

=== PID → power (EMA) (pid_to_power) [comm="stress_core"] ===
PID      power             
180720   19                
180606   13                

=== PID → cumulative energy (pid_to_consumption) [comm="stress_core"] ===
PID      energy            
180720   516481540000      
180606   1344238540000     

[H[JPolling energy-fair scheduler maps every 100 millisecond(s)...
Real time since poller start: 99.666134 s
Filter: comm "stress_core"
Maps shown: total power consumption 

=== System totals (total) ===
  cpu_time:  331564136018 ns
  energy:    14958969700000 (units of your kfunc)
  uncore_energy:    966504153368550000 (units of your kfunc)

=== PID → power (EMA) (pid_to_power) [comm="stress_core"] ===
PID      power             
180720   22                
180606   13                

=== PID → cumulative energy (pid_to_consumption) [comm="stress_core"] ===
PID      energy            
180720   519922570000      
180606   1344238540000     

[H[JPolling energy-fair scheduler maps every 100 millisecond(s)...
Real time since poller start: 99.784206 s
Filter: comm "stress_core"
Maps shown: total power consumption 

=== System totals (total) ===
  cpu_time:  331776370762 ns
  energy:    14965602400000 (units of your kfunc)
  uncore_energy:    966504317389690000 (units of your kfunc)

=== PID → power (EMA) (pid_to_power) [comm="stress_core"] ===
PID      power             
180720   13                
180606   13                

=== PID → cumulative energy (pid_to_consumption) [comm="stress_core"] ===
PID      energy            
180720   522262760000      
180606   1344238540000     

[H[JPolling energy-fair scheduler maps every 100 millisecond(s)...
Real time since poller start: 99.902300 s
Filter: comm "stress_core"
Maps shown: total power consumption 

=== System totals (total) ===
  cpu_time:  331935581554 ns
  energy:    14969530310000 (units of your kfunc)
  uncore_energy:    966504477814050000 (units of your kfunc)

=== PID → power (EMA) (pid_to_power) [comm="stress_core"] ===
PID      power             
180720   12                
180606   13                

=== PID → cumulative energy (pid_to_consumption) [comm="stress_core"] ===
PID      energy            
180720   523929230000      
180606   1344238540000     

[H[JPolling energy-fair scheduler maps every 100 millisecond(s)...
Real time since poller start: 100.020376 s
Filter: comm "stress_core"
Maps shown: total power consumption 

=== System totals (total) ===
  cpu_time:  332078542810 ns
  energy:    14972669770000 (units of your kfunc)
  uncore_energy:    966504638558710000 (units of your kfunc)

=== PID → power (EMA) (pid_to_power) [comm="stress_core"] ===
PID      power             
180720   14                
180606   13                

=== PID → cumulative energy (pid_to_consumption) [comm="stress_core"] ===
PID      energy            
180720   525609450000      
180606   1344238540000     

[H[JPolling energy-fair scheduler maps every 100 millisecond(s)...
Real time since poller start: 100.138496 s
Filter: comm "stress_core"
Maps shown: total power consumption 

=== System totals (total) ===
  cpu_time:  332228068726 ns
  energy:    14976117210000 (units of your kfunc)
  uncore_energy:    966504801408570000 (units of your kfunc)

=== PID → power (EMA) (pid_to_power) [comm="stress_core"] ===
PID      power             
180720   13                
180606   13                

=== PID → cumulative energy (pid_to_consumption) [comm="stress_core"] ===
PID      energy            
180720   527274660000      
180606   1344238540000     

[H[JPolling energy-fair scheduler maps every 100 millisecond(s)...
Real time since poller start: 100.256531 s
Filter: comm "stress_core"
Maps shown: total power consumption 

=== System totals (total) ===
  cpu_time:  332372563621 ns
  energy:    14979223150000 (units of your kfunc)
  uncore_energy:    966504962839530000 (units of your kfunc)

=== PID → power (EMA) (pid_to_power) [comm="stress_core"] ===
PID      power             
180720   14                
180606   13                

=== PID → cumulative energy (pid_to_consumption) [comm="stress_core"] ===
PID      energy            
180720   528913590000      
180606   1344238540000     

[H[JPolling energy-fair scheduler maps every 100 millisecond(s)...
Real time since poller start: 100.374651 s
Filter: comm "stress_core"
Maps shown: total power consumption 

=== System totals (total) ===
  cpu_time:  332513797090 ns
  energy:    14982262650000 (units of your kfunc)
  uncore_energy:    966505125256420000 (units of your kfunc)

=== PID → power (EMA) (pid_to_power) [comm="stress_core"] ===
PID      power             
180720   13                
180606   13                

=== PID → cumulative energy (pid_to_consumption) [comm="stress_core"] ===
PID      energy            
180720   530606700000      
180606   1344238540000     

[H[JPolling energy-fair scheduler maps every 100 millisecond(s)...
Real time since poller start: 100.492776 s
Filter: comm "stress_core"
Maps shown: total power consumption 

=== System totals (total) ===
  cpu_time:  332658771789 ns
  energy:    14985431820000 (units of your kfunc)
  uncore_energy:    966505287897640000 (units of your kfunc)

=== PID → power (EMA) (pid_to_power) [comm="stress_core"] ===
PID      power             
180720   13                
180606   13                

=== PID → cumulative energy (pid_to_consumption) [comm="stress_core"] ===
PID      energy            
180720   532255960000      
180606   1344238540000     

[H[JPolling energy-fair scheduler maps every 100 millisecond(s)...
Real time since poller start: 100.610965 s
Filter: comm "stress_core"
Maps shown: total power consumption 

=== System totals (total) ===
  cpu_time:  332804963145 ns
  energy:    14988746450000 (units of your kfunc)
  uncore_energy:    966505449720650000 (units of your kfunc)

=== PID → power (EMA) (pid_to_power) [comm="stress_core"] ===
PID      power             
180720   11                
180606   13                

=== PID → cumulative energy (pid_to_consumption) [comm="stress_core"] ===
PID      energy            
180720   533911770000      
180606   1344238540000     

[H[JPolling energy-fair scheduler maps every 100 millisecond(s)...
Real time since poller start: 100.729267 s
Filter: comm "stress_core"
Maps shown: total power consumption 

=== System totals (total) ===
  cpu_time:  332964284302 ns
  energy:    14992577700000 (units of your kfunc)
  uncore_energy:    966505613000300000 (units of your kfunc)

=== PID → power (EMA) (pid_to_power) [comm="stress_core"] ===
PID      power             
180720   13                
180606   13                

=== PID → cumulative energy (pid_to_consumption) [comm="stress_core"] ===
PID      energy            
180720   535614640000      
180606   1344238540000     

[H[JPolling energy-fair scheduler maps every 100 millisecond(s)...
Real time since poller start: 100.847460 s
Filter: comm "stress_core"
Maps shown: total power consumption 

=== System totals (total) ===
  cpu_time:  333107127816 ns
  energy:    14995823170000 (units of your kfunc)
  uncore_energy:    966505774485660000 (units of your kfunc)

=== PID → power (EMA) (pid_to_power) [comm="stress_core"] ===
PID      power             
180720   13                
180606   13                

=== PID → cumulative energy (pid_to_consumption) [comm="stress_core"] ===
PID      energy            
180720   537456880000      
180606   1344238540000     

[H[JPolling energy-fair scheduler maps every 100 millisecond(s)...
Real time since poller start: 100.965685 s
Filter: comm "stress_core"
Maps shown: total power consumption 

=== System totals (total) ===
  cpu_time:  333250419750 ns
  energy:    14998918790000 (units of your kfunc)
  uncore_energy:    966505936465880000 (units of your kfunc)

=== PID → power (EMA) (pid_to_power) [comm="stress_core"] ===
PID      power             
180720   14                
180606   13                

=== PID → cumulative energy (pid_to_consumption) [comm="stress_core"] ===
PID      energy            
180720   539213880000      
180606   1344238540000     

[H[JPolling energy-fair scheduler maps every 100 millisecond(s)...
Real time since poller start: 101.083920 s
Filter: comm "stress_core"
Maps shown: total power consumption 

=== System totals (total) ===
  cpu_time:  333401086510 ns
  energy:    15002434420000 (units of your kfunc)
  uncore_energy:    966506100204740000 (units of your kfunc)

=== PID → power (EMA) (pid_to_power) [comm="stress_core"] ===
PID      power             
180720   15                
180606   13                

=== PID → cumulative energy (pid_to_consumption) [comm="stress_core"] ===
PID      energy            
180720   540959590000      
180606   1344238540000     

[H[JPolling energy-fair scheduler maps every 100 millisecond(s)...
Real time since poller start: 101.202141 s
Filter: comm "stress_core"
Maps shown: total power consumption 

=== System totals (total) ===
  cpu_time:  333514329574 ns
  energy:    15005583970000 (units of your kfunc)
  uncore_energy:    966506255645430000 (units of your kfunc)

=== PID → power (EMA) (pid_to_power) [comm="stress_core"] ===
PID      power             
180720   16                
180606   13                

=== PID → cumulative energy (pid_to_consumption) [comm="stress_core"] ===
PID      energy            
180720   541619500000      
180606   1344238540000     

[H[JPolling energy-fair scheduler maps every 100 millisecond(s)...
Real time since poller start: 101.320908 s
Filter: comm "stress_core"
Maps shown: total power consumption 

=== System totals (total) ===
  cpu_time:  333541799943 ns
  energy:    15006812750000 (units of your kfunc)
  uncore_energy:    966506409824670000 (units of your kfunc)

=== PID → power (EMA) (pid_to_power) [comm="stress_core"] ===
PID      power             
180720   16                
180606   13                

=== PID → cumulative energy (pid_to_consumption) [comm="stress_core"] ===
PID      energy            
180720   541619500000      
180606   1344238540000     

[H[JPolling energy-fair scheduler maps every 100 millisecond(s)...
Real time since poller start: 101.439564 s
Filter: comm "stress_core"
Maps shown: total power consumption 

=== System totals (total) ===
  cpu_time:  333569541100 ns
  energy:    15008034220000 (units of your kfunc)
  uncore_energy:    966506560335220000 (units of your kfunc)

=== PID → power (EMA) (pid_to_power) [comm="stress_core"] ===
PID      power             
180720   16                
180606   13                

=== PID → cumulative energy (pid_to_consumption) [comm="stress_core"] ===
PID      energy            
180720   541619500000      
180606   1344238540000     

[H[JPolling energy-fair scheduler maps every 100 millisecond(s)...
Real time since poller start: 101.558244 s
Filter: comm "stress_core"
Maps shown: total power consumption 

=== System totals (total) ===
  cpu_time:  333598625223 ns
  energy:    15009311820000 (units of your kfunc)
  uncore_energy:    966506719514010000 (units of your kfunc)

=== PID → power (EMA) (pid_to_power) [comm="stress_core"] ===
PID      power             
180720   16                
180606   13                

=== PID → cumulative energy (pid_to_consumption) [comm="stress_core"] ===
PID      energy            
180720   541619500000      
180606   1344238540000     

[H[JPolling energy-fair scheduler maps every 100 millisecond(s)...
Real time since poller start: 101.676959 s
Filter: comm "stress_core"
Maps shown: total power consumption 

=== System totals (total) ===
  cpu_time:  333623534775 ns
  energy:    15010449230000 (units of your kfunc)
  uncore_energy:    966506829891950000 (units of your kfunc)

=== PID → power (EMA) (pid_to_power) [comm="stress_core"] ===
PID      power             
180720   16                
180606   13                

=== PID → cumulative energy (pid_to_consumption) [comm="stress_core"] ===
PID      energy            
180720   541619500000      
180606   1344238540000     

[H[JPolling energy-fair scheduler maps every 100 millisecond(s)...
Real time since poller start: 101.795631 s
Filter: comm "stress_core"
Maps shown: total power consumption 

=== System totals (total) ===
  cpu_time:  333651124603 ns
  energy:    15011744870000 (units of your kfunc)
  uncore_energy:    966507050838440000 (units of your kfunc)

=== PID → power (EMA) (pid_to_power) [comm="stress_core"] ===
PID      power             
180720   16                
180606   13                

=== PID → cumulative energy (pid_to_consumption) [comm="stress_core"] ===
PID      energy            
180720   541619500000      
180606   1344238540000     

[H[JPolling energy-fair scheduler maps every 100 millisecond(s)...
Real time since poller start: 101.914334 s
Filter: comm "stress_core"
Maps shown: total power consumption 

=== System totals (total) ===
  cpu_time:  333678451209 ns
  energy:    15012930780000 (units of your kfunc)
  uncore_energy:    966507226972470000 (units of your kfunc)

=== PID → power (EMA) (pid_to_power) [comm="stress_core"] ===
PID      power             
180720   16                
180606   13                

=== PID → cumulative energy (pid_to_consumption) [comm="stress_core"] ===
PID      energy            
180720   541619500000      
180606   1344238540000     

[H[JPolling energy-fair scheduler maps every 100 millisecond(s)...
Real time since poller start: 102.032943 s
Filter: comm "stress_core"
Maps shown: total power consumption 

=== System totals (total) ===
  cpu_time:  333720404977 ns
  energy:    15014918550000 (units of your kfunc)
  uncore_energy:    966507371544000000 (units of your kfunc)

=== PID → power (EMA) (pid_to_power) [comm="stress_core"] ===
PID      power             
180720   16                
180606   13                

=== PID → cumulative energy (pid_to_consumption) [comm="stress_core"] ===
PID      energy            
180720   541619500000      
180606   1344238540000     

[H[JPolling energy-fair scheduler maps every 100 millisecond(s)...
Real time since poller start: 102.151637 s
Filter: comm "stress_core"
Maps shown: total power consumption 

=== System totals (total) ===
  cpu_time:  333775081858 ns
  energy:    15017130300000 (units of your kfunc)
  uncore_energy:    966507551261270000 (units of your kfunc)

=== PID → power (EMA) (pid_to_power) [comm="stress_core"] ===
PID      power             
180720   16                
180606   13                

=== PID → cumulative energy (pid_to_consumption) [comm="stress_core"] ===
PID      energy            
180720   541619500000      
180606   1344238540000     

[H[JPolling energy-fair scheduler maps every 100 millisecond(s)...
Real time since poller start: 102.270281 s
Filter: comm "stress_core"
Maps shown: total power consumption 

=== System totals (total) ===
  cpu_time:  333805352028 ns
  energy:    15018448070000 (units of your kfunc)
  uncore_energy:    966507707185470000 (units of your kfunc)

=== PID → power (EMA) (pid_to_power) [comm="stress_core"] ===
PID      power             
180720   16                
180606   13                

=== PID → cumulative energy (pid_to_consumption) [comm="stress_core"] ===
PID      energy            
180720   541619500000      
180606   1344238540000     

[H[JPolling energy-fair scheduler maps every 100 millisecond(s)...
Real time since poller start: 102.388942 s
Filter: comm "stress_core"
Maps shown: total power consumption 

=== System totals (total) ===
  cpu_time:  333832457753 ns
  energy:    15019657660000 (units of your kfunc)
  uncore_energy:    966507872860340000 (units of your kfunc)

=== PID → power (EMA) (pid_to_power) [comm="stress_core"] ===
PID      power             
180720   16                
180606   13                

=== PID → cumulative energy (pid_to_consumption) [comm="stress_core"] ===
PID      energy            
180720   541619500000      
180606   1344238540000     

[H[JPolling energy-fair scheduler maps every 100 millisecond(s)...
Real time since poller start: 102.507593 s
Filter: comm "stress_core"
Maps shown: total power consumption 

=== System totals (total) ===
  cpu_time:  333871359193 ns
  energy:    15021314480000 (units of your kfunc)
  uncore_energy:    966508031844240000 (units of your kfunc)

=== PID → power (EMA) (pid_to_power) [comm="stress_core"] ===
PID      power             
180720   16                
180606   13                

=== PID → cumulative energy (pid_to_consumption) [comm="stress_core"] ===
PID      energy            
180720   541619500000      
180606   1344238540000     

[H[JPolling energy-fair scheduler maps every 100 millisecond(s)...
Real time since poller start: 102.626318 s
Filter: comm "stress_core"
Maps shown: total power consumption 

=== System totals (total) ===
  cpu_time:  333900076016 ns
  energy:    15022528000000 (units of your kfunc)
  uncore_energy:    966508182351300000 (units of your kfunc)

=== PID → power (EMA) (pid_to_power) [comm="stress_core"] ===
PID      power             
180720   16                
180606   13                

=== PID → cumulative energy (pid_to_consumption) [comm="stress_core"] ===
PID      energy            
180720   541619500000      
180606   1344238540000     

[H[JPolling energy-fair scheduler maps every 100 millisecond(s)...
Real time since poller start: 102.744942 s
Filter: comm "stress_core"
Maps shown: total power consumption 

=== System totals (total) ===
  cpu_time:  333931332293 ns
  energy:    15023849570000 (units of your kfunc)
  uncore_energy:    966508333502260000 (units of your kfunc)

=== PID → power (EMA) (pid_to_power) [comm="stress_core"] ===
PID      power             
180720   16                
180606   13                

=== PID → cumulative energy (pid_to_consumption) [comm="stress_core"] ===
PID      energy            
180720   541619500000      
180606   1344238540000     

[H[JPolling energy-fair scheduler maps every 100 millisecond(s)...
Real time since poller start: 102.863099 s
Filter: comm "stress_core"
Maps shown: total power consumption 

=== System totals (total) ===
  cpu_time:  333961703881 ns
  energy:    15025208960000 (units of your kfunc)
  uncore_energy:    966508484801870000 (units of your kfunc)

=== PID → power (EMA) (pid_to_power) [comm="stress_core"] ===
PID      power             
180720   16                
180606   13                

=== PID → cumulative energy (pid_to_consumption) [comm="stress_core"] ===
PID      energy            
180720   541619500000      
180606   1344238540000     

[H[JPolling energy-fair scheduler maps every 100 millisecond(s)...
Real time since poller start: 102.981289 s
Filter: comm "stress_core"
Maps shown: total power consumption 

=== System totals (total) ===
  cpu_time:  333986262733 ns
  energy:    15026282400000 (units of your kfunc)
  uncore_energy:    966508655460150000 (units of your kfunc)

=== PID → power (EMA) (pid_to_power) [comm="stress_core"] ===
PID      power             
180720   16                
180606   13                

=== PID → cumulative energy (pid_to_consumption) [comm="stress_core"] ===
PID      energy            
180720   541619500000      
180606   1344238540000     

[H[JPolling energy-fair scheduler maps every 100 millisecond(s)...
Real time since poller start: 103.099689 s
Filter: comm "stress_core"
Maps shown: total power consumption 

=== System totals (total) ===
  cpu_time:  334014588263 ns
  energy:    15027625640000 (units of your kfunc)
  uncore_energy:    966508832725460000 (units of your kfunc)

=== PID → power (EMA) (pid_to_power) [comm="stress_core"] ===
PID      power             
180720   16                
180606   13                

=== PID → cumulative energy (pid_to_consumption) [comm="stress_core"] ===
PID      energy            
180720   541619500000      
180606   1344238540000     

[H[JPolling energy-fair scheduler maps every 100 millisecond(s)...
Real time since poller start: 103.217861 s
Filter: comm "stress_core"
Maps shown: total power consumption 

=== System totals (total) ===
  cpu_time:  334040500400 ns
  energy:    15028757530000 (units of your kfunc)
  uncore_energy:    966508971825660000 (units of your kfunc)

=== PID → power (EMA) (pid_to_power) [comm="stress_core"] ===
PID      power             
180720   16                
180606   13                

=== PID → cumulative energy (pid_to_consumption) [comm="stress_core"] ===
PID      energy            
180720   541619500000      
180606   1344238540000     

[H[JPolling energy-fair scheduler maps every 100 millisecond(s)...
Real time since poller start: 103.336075 s
Filter: comm "stress_core"
Maps shown: total power consumption 

=== System totals (total) ===
  cpu_time:  334066622256 ns
  energy:    15029899500000 (units of your kfunc)
  uncore_energy:    966509125463200000 (units of your kfunc)

=== PID → power (EMA) (pid_to_power) [comm="stress_core"] ===
PID      power             
180720   16                
180606   13                

=== PID → cumulative energy (pid_to_consumption) [comm="stress_core"] ===
PID      energy            
180720   541619500000      
180606   1344238540000     

[H[JPolling energy-fair scheduler maps every 100 millisecond(s)...
Real time since poller start: 103.454369 s
Filter: comm "stress_core"
Maps shown: total power consumption 

=== System totals (total) ===
  cpu_time:  334106014897 ns
  energy:    15031686450000 (units of your kfunc)
  uncore_energy:    966509312988530000 (units of your kfunc)

=== PID → power (EMA) (pid_to_power) [comm="stress_core"] ===
PID      power             
180720   16                
180606   13                

=== PID → cumulative energy (pid_to_consumption) [comm="stress_core"] ===
PID      energy            
180720   541619500000      
180606   1344238540000     

[H[JPolling energy-fair scheduler maps every 100 millisecond(s)...
Real time since poller start: 103.572583 s
Filter: comm "stress_core"
Maps shown: total power consumption 

=== System totals (total) ===
  cpu_time:  334162606806 ns
  energy:    15034027110000 (units of your kfunc)
  uncore_energy:    966509471261730000 (units of your kfunc)

=== PID → power (EMA) (pid_to_power) [comm="stress_core"] ===
PID      power             
180720   16                
180606   13                

=== PID → cumulative energy (pid_to_consumption) [comm="stress_core"] ===
PID      energy            
180720   541619500000      
180606   1344238540000     

[H[JPolling energy-fair scheduler maps every 100 millisecond(s)...
Real time since poller start: 103.690996 s
Filter: comm "stress_core"
Maps shown: total power consumption 

=== System totals (total) ===
  cpu_time:  334198549819 ns
  energy:    15035452890000 (units of your kfunc)
  uncore_energy:    966509626967000000 (units of your kfunc)

=== PID → power (EMA) (pid_to_power) [comm="stress_core"] ===
PID      power             
180720   16                
180606   13                

=== PID → cumulative energy (pid_to_consumption) [comm="stress_core"] ===
PID      energy            
180720   541619500000      
180606   1344238540000     

[H[JPolling energy-fair scheduler maps every 100 millisecond(s)...
Real time since poller start: 103.809049 s
Filter: comm "stress_core"
Maps shown: total power consumption 

=== System totals (total) ===
  cpu_time:  334225836053 ns
  energy:    15036675720000 (units of your kfunc)
  uncore_energy:    966509788364250000 (units of your kfunc)

=== PID → power (EMA) (pid_to_power) [comm="stress_core"] ===
PID      power             
180720   16                
180606   13                

=== PID → cumulative energy (pid_to_consumption) [comm="stress_core"] ===
PID      energy            
180720   541619500000      
180606   1344238540000     

[H[JPolling energy-fair scheduler maps every 100 millisecond(s)...
Real time since poller start: 103.927306 s
Filter: comm "stress_core"
Maps shown: total power consumption 

=== System totals (total) ===
  cpu_time:  334249794508 ns
  energy:    15037723680000 (units of your kfunc)
  uncore_energy:    966509934626780000 (units of your kfunc)

=== PID → power (EMA) (pid_to_power) [comm="stress_core"] ===
PID      power             
180720   16                
180606   13                

=== PID → cumulative energy (pid_to_consumption) [comm="stress_core"] ===
PID      energy            
180720   541619500000      
180606   1344238540000     

[H[JPolling energy-fair scheduler maps every 100 millisecond(s)...
Real time since poller start: 104.045494 s
Filter: comm "stress_core"
Maps shown: total power consumption 

=== System totals (total) ===
  cpu_time:  334291640613 ns
  energy:    15039637270000 (units of your kfunc)
  uncore_energy:    966510071996940000 (units of your kfunc)

=== PID → power (EMA) (pid_to_power) [comm="stress_core"] ===
PID      power             
180720   16                
180606   13                

=== PID → cumulative energy (pid_to_consumption) [comm="stress_core"] ===
PID      energy            
180720   541619500000      
180606   1344238540000     

[H[JPolling energy-fair scheduler maps every 100 millisecond(s)...
Real time since poller start: 104.163702 s
Filter: comm "stress_core"
Maps shown: total power consumption 

=== System totals (total) ===
  cpu_time:  334346204790 ns
  energy:    15042319010000 (units of your kfunc)
  uncore_energy:    966510269753130000 (units of your kfunc)

=== PID → power (EMA) (pid_to_power) [comm="stress_core"] ===
PID      power             
180720   16                
180606   26                

=== PID → cumulative energy (pid_to_consumption) [comm="stress_core"] ===
PID      energy            
180720   541619500000      
180606   1345682190000     

[H[JPolling energy-fair scheduler maps every 100 millisecond(s)...
Real time since poller start: 104.282063 s
Filter: comm "stress_core"
Maps shown: total power consumption 

=== System totals (total) ===
  cpu_time:  334601578514 ns
  energy:    15050603060000 (units of your kfunc)
  uncore_energy:    966510429522970000 (units of your kfunc)

=== PID → power (EMA) (pid_to_power) [comm="stress_core"] ===
PID      power             
180720   16                
180606   30                

=== PID → cumulative energy (pid_to_consumption) [comm="stress_core"] ===
PID      energy            
180720   541619500000      
180606   1348654170000     

[H[JPolling energy-fair scheduler maps every 100 millisecond(s)...
Real time since poller start: 104.400310 s
Filter: comm "stress_core"
Maps shown: total power consumption 

=== System totals (total) ===
  cpu_time:  334854843231 ns
  energy:    15058369560000 (units of your kfunc)
  uncore_energy:    966510592147250000 (units of your kfunc)

=== PID → power (EMA) (pid_to_power) [comm="stress_core"] ===
PID      power             
180720   16                
180606   20                

=== PID → cumulative energy (pid_to_consumption) [comm="stress_core"] ===
PID      energy            
180720   541619500000      
180606   1351314070000     

[H[JPolling energy-fair scheduler maps every 100 millisecond(s)...
Real time since poller start: 104.518534 s
Filter: comm "stress_core"
Maps shown: total power consumption 

=== System totals (total) ===
  cpu_time:  335051381613 ns
  energy:    15063814930000 (units of your kfunc)
  uncore_energy:    966510756971050000 (units of your kfunc)

=== PID → power (EMA) (pid_to_power) [comm="stress_core"] ===
PID      power             
180720   16                
180606   13                

=== PID → cumulative energy (pid_to_consumption) [comm="stress_core"] ===
PID      energy            
180720   541619500000      
180606   1353643320000     

[H[JPolling energy-fair scheduler maps every 100 millisecond(s)...
Real time since poller start: 104.636716 s
Filter: comm "stress_core"
Maps shown: total power consumption 

=== System totals (total) ===
  cpu_time:  335209131020 ns
  energy:    15067629450000 (units of your kfunc)
  uncore_energy:    966510917511690000 (units of your kfunc)

=== PID → power (EMA) (pid_to_power) [comm="stress_core"] ===
PID      power             
180720   16                
180606   13                

=== PID → cumulative energy (pid_to_consumption) [comm="stress_core"] ===
PID      energy            
180720   541619500000      
180606   1355430070000     

[H[JPolling energy-fair scheduler maps every 100 millisecond(s)...
Real time since poller start: 104.754862 s
Filter: comm "stress_core"
Maps shown: total power consumption 

=== System totals (total) ===
  cpu_time:  335351423912 ns
  energy:    15070700460000 (units of your kfunc)
  uncore_energy:    966511079710300000 (units of your kfunc)

=== PID → power (EMA) (pid_to_power) [comm="stress_core"] ===
PID      power             
180720   16                
180606   14                

=== PID → cumulative energy (pid_to_consumption) [comm="stress_core"] ===
PID      energy            
180720   541619500000      
180606   1357198460000     

[H[JPolling energy-fair scheduler maps every 100 millisecond(s)...
Real time since poller start: 104.873041 s
Filter: comm "stress_core"
Maps shown: total power consumption 

=== System totals (total) ===
  cpu_time:  335488214236 ns
  energy:    15073440330000 (units of your kfunc)
  uncore_energy:    966511241072150000 (units of your kfunc)

=== PID → power (EMA) (pid_to_power) [comm="stress_core"] ===
PID      power             
180720   16                
180606   14                

=== PID → cumulative energy (pid_to_consumption) [comm="stress_core"] ===
PID      energy            
180720   541619500000      
180606   1358962970000     

[H[JPolling energy-fair scheduler maps every 100 millisecond(s)...
Real time since poller start: 104.991196 s
Filter: comm "stress_core"
Maps shown: total power consumption 

=== System totals (total) ===
  cpu_time:  335632201086 ns
  energy:    15076627320000 (units of your kfunc)
  uncore_energy:    966511404139730000 (units of your kfunc)

=== PID → power (EMA) (pid_to_power) [comm="stress_core"] ===
PID      power             
180720   16                
180606   15                

=== PID → cumulative energy (pid_to_consumption) [comm="stress_core"] ===
PID      energy            
180720   541619500000      
180606   1360849170000     

[H[JPolling energy-fair scheduler maps every 100 millisecond(s)...
Real time since poller start: 105.109409 s
Filter: comm "stress_core"
Maps shown: total power consumption 

=== System totals (total) ===
  cpu_time:  335771664889 ns
  energy:    15079630290000 (units of your kfunc)
  uncore_energy:    966511564954510000 (units of your kfunc)

=== PID → power (EMA) (pid_to_power) [comm="stress_core"] ===
PID      power             
180720   16                
180606   16                

=== PID → cumulative energy (pid_to_consumption) [comm="stress_core"] ===
PID      energy            
180720   541619500000      
180606   1362670060000     

[H[JPolling energy-fair scheduler maps every 100 millisecond(s)...
Real time since poller start: 105.227581 s
Filter: comm "stress_core"
Maps shown: total power consumption 

=== System totals (total) ===
  cpu_time:  335918428090 ns
  energy:    15082968800000 (units of your kfunc)
  uncore_energy:    966511725790050000 (units of your kfunc)

=== PID → power (EMA) (pid_to_power) [comm="stress_core"] ===
PID      power             
180720   16                
180606   24                

=== PID → cumulative energy (pid_to_consumption) [comm="stress_core"] ===
PID      energy            
180720   541619500000      
180606   1364550430000     

[H[JPolling energy-fair scheduler maps every 100 millisecond(s)...
Real time since poller start: 105.345779 s
Filter: comm "stress_core"
Maps shown: total power consumption 

=== System totals (total) ===
  cpu_time:  336094404556 ns
  energy:    15087474400000 (units of your kfunc)
  uncore_energy:    966511886609000000 (units of your kfunc)

=== PID → power (EMA) (pid_to_power) [comm="stress_core"] ===
PID      power             
180720   16                
180606   13                

=== PID → cumulative energy (pid_to_consumption) [comm="stress_core"] ===
PID      energy            
180720   541619500000      
180606   1366399770000     

[H[JPolling energy-fair scheduler maps every 100 millisecond(s)...
Real time since poller start: 105.463920 s
Filter: comm "stress_core"
Maps shown: total power consumption 

=== System totals (total) ===
  cpu_time:  336247149340 ns
  energy:    15091126190000 (units of your kfunc)
  uncore_energy:    966512046542110000 (units of your kfunc)

=== PID → power (EMA) (pid_to_power) [comm="stress_core"] ===
PID      power             
180720   16                
180606   14                

=== PID → cumulative energy (pid_to_consumption) [comm="stress_core"] ===
PID      energy            
180720   541619500000      
180606   1368245700000     

[H[JPolling energy-fair scheduler maps every 100 millisecond(s)...
Real time since poller start: 105.582110 s
Filter: comm "stress_core"
Maps shown: total power consumption 

=== System totals (total) ===
  cpu_time:  336392481567 ns
  energy:    15094307480000 (units of your kfunc)
  uncore_energy:    966512208203040000 (units of your kfunc)

=== PID → power (EMA) (pid_to_power) [comm="stress_core"] ===
PID      power             
180720   16                
180606   14                

=== PID → cumulative energy (pid_to_consumption) [comm="stress_core"] ===
PID      energy            
180720   541619500000      
180606   1370094440000     

[H[JPolling energy-fair scheduler maps every 100 millisecond(s)...
Real time since poller start: 105.700280 s
Filter: comm "stress_core"
Maps shown: total power consumption 

=== System totals (total) ===
  cpu_time:  336535228460 ns
  energy:    15097630310000 (units of your kfunc)
  uncore_energy:    966512370508720000 (units of your kfunc)

=== PID → power (EMA) (pid_to_power) [comm="stress_core"] ===
PID      power             
180720   16                
180606   12                

=== PID → cumulative energy (pid_to_consumption) [comm="stress_core"] ===
PID      energy            
180720   541619500000      
180606   1372016780000     

[H[JPolling energy-fair scheduler maps every 100 millisecond(s)...
Real time since poller start: 105.818458 s
Filter: comm "stress_core"
Maps shown: total power consumption 

=== System totals (total) ===
  cpu_time:  336677205818 ns
  energy:    15100806060000 (units of your kfunc)
  uncore_energy:    966512530601250000 (units of your kfunc)

=== PID → power (EMA) (pid_to_power) [comm="stress_core"] ===
PID      power             
180720   16                
180606   18                

=== PID → cumulative energy (pid_to_consumption) [comm="stress_core"] ===
PID      energy            
180720   541619500000      
180606   1373903950000     

[H[JPolling energy-fair scheduler maps every 100 millisecond(s)...
Real time since poller start: 105.936588 s
Filter: comm "stress_core"
Maps shown: total power consumption 

=== System totals (total) ===
  cpu_time:  336820517684 ns
  energy:    15104077430000 (units of your kfunc)
  uncore_energy:    966512692298300000 (units of your kfunc)

=== PID → power (EMA) (pid_to_power) [comm="stress_core"] ===
PID      power             
180720   16                
180606   16                

=== PID → cumulative energy (pid_to_consumption) [comm="stress_core"] ===
PID      energy            
180720   541619500000      
180606   1375829170000     

[H[JPolling energy-fair scheduler maps every 100 millisecond(s)...
Real time since poller start: 106.054658 s
Filter: comm "stress_core"
Maps shown: total power consumption 

=== System totals (total) ===
  cpu_time:  336964742468 ns
  energy:    15107489800000 (units of your kfunc)
  uncore_energy:    966512850892150000 (units of your kfunc)

=== PID → power (EMA) (pid_to_power) [comm="stress_core"] ===
PID      power             
180720   16                
180606   17                

=== PID → cumulative energy (pid_to_consumption) [comm="stress_core"] ===
PID      energy            
180720   541619500000      
180606   1377771480000     

[H[JPolling energy-fair scheduler maps every 100 millisecond(s)...
Real time since poller start: 106.172787 s
Filter: comm "stress_core"
Maps shown: total power consumption 

=== System totals (total) ===
  cpu_time:  337139178556 ns
  energy:    15112335260000 (units of your kfunc)
  uncore_energy:    966513010783630000 (units of your kfunc)

=== PID → power (EMA) (pid_to_power) [comm="stress_core"] ===
PID      power             
180720   52                
180606   18                

=== PID → cumulative energy (pid_to_consumption) [comm="stress_core"] ===
PID      energy            
180720   543422190000      
180606   1380124350000     

[H[JPolling energy-fair scheduler maps every 100 millisecond(s)...
Real time since poller start: 106.290916 s
Filter: comm "stress_core"
Maps shown: total power consumption 

=== System totals (total) ===
  cpu_time:  337390934839 ns
  energy:    15120839960000 (units of your kfunc)
  uncore_energy:    966513170567200000 (units of your kfunc)

=== PID → power (EMA) (pid_to_power) [comm="stress_core"] ===
PID      power             
180720   31                
180606   48                

=== PID → cumulative energy (pid_to_consumption) [comm="stress_core"] ===
PID      energy            
180720   546787600000      
180606   1383889320000     

[H[JPolling energy-fair scheduler maps every 100 millisecond(s)...
Real time since poller start: 106.409158 s
Filter: comm "stress_core"
Maps shown: total power consumption 

=== System totals (total) ===
  cpu_time:  337645389652 ns
  energy:    15129641400000 (units of your kfunc)
  uncore_energy:    966513331029220000 (units of your kfunc)

=== PID → power (EMA) (pid_to_power) [comm="stress_core"] ===
PID      power             
180720   28                
180606   50                

=== PID → cumulative energy (pid_to_consumption) [comm="stress_core"] ===
PID      energy            
180720   550481270000      
180606   1387099850000     

[H[JPolling energy-fair scheduler maps every 100 millisecond(s)...
Real time since poller start: 106.527460 s
Filter: comm "stress_core"
Maps shown: total power consumption 

=== System totals (total) ===
  cpu_time:  337896813034 ns
  energy:    15137706910000 (units of your kfunc)
  uncore_energy:    966513490848380000 (units of your kfunc)

=== PID → power (EMA) (pid_to_power) [comm="stress_core"] ===
PID      power             
180720   18                
180606   23                

=== PID → cumulative energy (pid_to_consumption) [comm="stress_core"] ===
PID      energy            
180720   553794640000      
180606   1390534110000     

[H[JPolling energy-fair scheduler maps every 100 millisecond(s)...
Real time since poller start: 106.645732 s
Filter: comm "stress_core"
Maps shown: total power consumption 

=== System totals (total) ===
  cpu_time:  338169661134 ns
  energy:    15147492880000 (units of your kfunc)
  uncore_energy:    966513648823640000 (units of your kfunc)

=== PID → power (EMA) (pid_to_power) [comm="stress_core"] ===
PID      power             
180720   53                
180606   16                

=== PID → cumulative energy (pid_to_consumption) [comm="stress_core"] ===
PID      energy            
180720   557751860000      
180606   1393858550000     

[H[JPolling energy-fair scheduler maps every 100 millisecond(s)...
Real time since poller start: 106.764068 s
Filter: comm "stress_core"
Maps shown: total power consumption 

=== System totals (total) ===
  cpu_time:  338454552895 ns
  energy:    15157580420000 (units of your kfunc)
  uncore_energy:    966513808881980000 (units of your kfunc)

=== PID → power (EMA) (pid_to_power) [comm="stress_core"] ===
PID      power             
180720   28                
180606   23                

=== PID → cumulative energy (pid_to_consumption) [comm="stress_core"] ===
PID      energy            
180720   561207760000      
180606   1397614990000     

[H[JPolling energy-fair scheduler maps every 100 millisecond(s)...
Real time since poller start: 106.882315 s
Filter: comm "stress_core"
Maps shown: total power consumption 

=== System totals (total) ===
  cpu_time:  338711180569 ns
  energy:    15165880670000 (units of your kfunc)
  uncore_energy:    966513970234280000 (units of your kfunc)

=== PID → power (EMA) (pid_to_power) [comm="stress_core"] ===
PID      power             
180720   29                
180606   40                

=== PID → cumulative energy (pid_to_consumption) [comm="stress_core"] ===
PID      energy            
180720   564008300000      
180606   1401415190000     

[H[JPolling energy-fair scheduler maps every 100 millisecond(s)...
Real time since poller start: 107.000698 s
Filter: comm "stress_core"
Maps shown: total power consumption 

=== System totals (total) ===
  cpu_time:  338956292518 ns
  energy:    15174073800000 (units of your kfunc)
  uncore_energy:    966514130438370000 (units of your kfunc)

=== PID → power (EMA) (pid_to_power) [comm="stress_core"] ===
PID      power             
180606   17                

=== PID → cumulative energy (pid_to_consumption) [comm="stress_core"] ===
PID      energy            
180606   1404366010000     

[H[JPolling energy-fair scheduler maps every 100 millisecond(s)...
Real time since poller start: 107.119306 s
Filter: comm "stress_core"
Maps shown: total power consumption 

=== System totals (total) ===
  cpu_time:  339099890840 ns
  energy:    15177482390000 (units of your kfunc)
  uncore_energy:    966514292514250000 (units of your kfunc)

=== PID → power (EMA) (pid_to_power) [comm="stress_core"] ===
PID      power             
180606   16                

=== PID → cumulative energy (pid_to_consumption) [comm="stress_core"] ===
PID      energy            
180606   1406505510000     

[H[JPolling energy-fair scheduler maps every 100 millisecond(s)...
Real time since poller start: 107.237801 s
Filter: comm "stress_core"
Maps shown: total power consumption 

=== System totals (total) ===
  cpu_time:  339241115994 ns
  energy:    15180898340000 (units of your kfunc)
  uncore_energy:    966514452386410000 (units of your kfunc)

=== PID → power (EMA) (pid_to_power) [comm="stress_core"] ===
PID      power             
180606   16                

=== PID → cumulative energy (pid_to_consumption) [comm="stress_core"] ===
PID      energy            
180606   1408654530000     

[H[JPolling energy-fair scheduler maps every 100 millisecond(s)...
Real time since poller start: 107.356372 s
Filter: comm "stress_core"
Maps shown: total power consumption 

=== System totals (total) ===
  cpu_time:  339385620969 ns
  energy:    15184439660000 (units of your kfunc)
  uncore_energy:    966514613597440000 (units of your kfunc)

=== PID → power (EMA) (pid_to_power) [comm="stress_core"] ===
PID      power             
180606   16                

=== PID → cumulative energy (pid_to_consumption) [comm="stress_core"] ===
PID      energy            
180606   1410882220000     

[H[JPolling energy-fair scheduler maps every 100 millisecond(s)...
Real time since poller start: 107.474895 s
Filter: comm "stress_core"
Maps shown: total power consumption 

=== System totals (total) ===
  cpu_time:  339526091409 ns
  energy:    15187822360000 (units of your kfunc)
  uncore_energy:    966514773193570000 (units of your kfunc)

=== PID → power (EMA) (pid_to_power) [comm="stress_core"] ===
PID      power             
180606   17                

=== PID → cumulative energy (pid_to_consumption) [comm="stress_core"] ===
PID      energy            
180606   1413088450000     

[H[JPolling energy-fair scheduler maps every 100 millisecond(s)...
Real time since poller start: 107.593441 s
Filter: comm "stress_core"
Maps shown: total power consumption 

=== System totals (total) ===
  cpu_time:  339681550349 ns
  energy:    15191848770000 (units of your kfunc)
  uncore_energy:    966514933604720000 (units of your kfunc)

=== PID → power (EMA) (pid_to_power) [comm="stress_core"] ===
PID      power             
180606   23                

=== PID → cumulative energy (pid_to_consumption) [comm="stress_core"] ===
PID      energy            
180606   1415296330000     

[H[JPolling energy-fair scheduler maps every 100 millisecond(s)...
Real time since poller start: 107.711964 s
Filter: comm "stress_core"
Maps shown: total power consumption 

=== System totals (total) ===
  cpu_time:  339826705499 ns
  energy:    15195632650000 (units of your kfunc)
  uncore_energy:    966515093628820000 (units of your kfunc)

=== PID → power (EMA) (pid_to_power) [comm="stress_core"] ===
PID      power             
180606   17                

=== PID → cumulative energy (pid_to_consumption) [comm="stress_core"] ===
PID      energy            
180606   1417581640000     

[H[JPolling energy-fair scheduler maps every 100 millisecond(s)...
Real time since poller start: 107.829943 s
Filter: comm "stress_core"
Maps shown: total power consumption 

=== System totals (total) ===
  cpu_time:  339968566965 ns
  energy:    15199219420000 (units of your kfunc)
  uncore_energy:    966515253527920000 (units of your kfunc)

=== PID → power (EMA) (pid_to_power) [comm="stress_core"] ===
PID      power             
180606   18                

=== PID → cumulative energy (pid_to_consumption) [comm="stress_core"] ===
PID      energy            
180606   1419829080000     

[H[JPolling energy-fair scheduler maps every 100 millisecond(s)...
Real time since poller start: 107.948597 s
Filter: comm "stress_core"
Maps shown: total power consumption 

=== System totals (total) ===
  cpu_time:  340124085763 ns
  energy:    15203402300000 (units of your kfunc)
  uncore_energy:    966515413628790000 (units of your kfunc)

=== PID → power (EMA) (pid_to_power) [comm="stress_core"] ===
PID      power             
180606   17                

=== PID → cumulative energy (pid_to_consumption) [comm="stress_core"] ===
PID      energy            
180606   1422069540000     

[H[JPolling energy-fair scheduler maps every 100 millisecond(s)...
Real time since poller start: 108.066789 s
Filter: comm "stress_core"
Maps shown: total power consumption 

=== System totals (total) ===
  cpu_time:  340271285531 ns
  energy:    15207121460000 (units of your kfunc)
  uncore_energy:    966515573396110000 (units of your kfunc)

=== PID → power (EMA) (pid_to_power) [comm="stress_core"] ===
PID      power             
180606   19                

=== PID → cumulative energy (pid_to_consumption) [comm="stress_core"] ===
PID      energy            
180606   1424349510000     

[H[JPolling energy-fair scheduler maps every 100 millisecond(s)...
Real time since poller start: 108.184972 s
Filter: comm "stress_core"
Maps shown: total power consumption 

=== System totals (total) ===
  cpu_time:  340479506907 ns
  energy:    15213687060000 (units of your kfunc)
  uncore_energy:    966515738721380000 (units of your kfunc)

=== PID → power (EMA) (pid_to_power) [comm="stress_core"] ===
PID      power             
180606   32                

=== PID → cumulative energy (pid_to_consumption) [comm="stress_core"] ===
PID      energy            
180606   1427330450000     

[H[JPolling energy-fair scheduler maps every 100 millisecond(s)...
Real time since poller start: 108.303182 s
Filter: comm "stress_core"
Maps shown: total power consumption 

=== System totals (total) ===
  cpu_time:  340774739509 ns
  energy:    15223673300000 (units of your kfunc)
  uncore_energy:    966515900019630000 (units of your kfunc)

=== PID → power (EMA) (pid_to_power) [comm="stress_core"] ===
PID      power             
180606   24                

=== PID → cumulative energy (pid_to_consumption) [comm="stress_core"] ===
PID      energy            
180606   1430963090000     

[H[JPolling energy-fair scheduler maps every 100 millisecond(s)...
Real time since poller start: 108.421493 s
Filter: comm "stress_core"
Maps shown: total power consumption 

=== System totals (total) ===
  cpu_time:  341007060731 ns
  energy:    15231130610000 (units of your kfunc)
  uncore_energy:    966516064580600000 (units of your kfunc)

=== PID → power (EMA) (pid_to_power) [comm="stress_core"] ===
PID      power             
180606   20                

=== PID → cumulative energy (pid_to_consumption) [comm="stress_core"] ===
PID      energy            
180606   1434308610000     

[H[JPolling energy-fair scheduler maps every 100 millisecond(s)...
Real time since poller start: 108.539758 s
Filter: comm "stress_core"
Maps shown: total power consumption 

=== System totals (total) ===
  cpu_time:  341167452889 ns
  energy:    15235459960000 (units of your kfunc)
  uncore_energy:    966516224119500000 (units of your kfunc)

=== PID → power (EMA) (pid_to_power) [comm="stress_core"] ===
PID      power             
180606   16                

=== PID → cumulative energy (pid_to_consumption) [comm="stress_core"] ===
PID      energy            
180606   1436423010000     

[H[JPolling energy-fair scheduler maps every 100 millisecond(s)...
Real time since poller start: 108.658033 s
Filter: comm "stress_core"
Maps shown: total power consumption 

=== System totals (total) ===
  cpu_time:  341309809284 ns
  energy:    15238872110000 (units of your kfunc)
  uncore_energy:    966516383864240000 (units of your kfunc)

=== PID → power (EMA) (pid_to_power) [comm="stress_core"] ===
PID      power             
180606   17                

=== PID → cumulative energy (pid_to_consumption) [comm="stress_core"] ===
PID      energy            
180606   1438564070000     

[H[JPolling energy-fair scheduler maps every 100 millisecond(s)...
Real time since poller start: 108.776345 s
Filter: comm "stress_core"
Maps shown: total power consumption 

=== System totals (total) ===
  cpu_time:  341447850860 ns
  energy:    15242031170000 (units of your kfunc)
  uncore_energy:    966516544768600000 (units of your kfunc)

=== PID → power (EMA) (pid_to_power) [comm="stress_core"] ===
PID      power             
180606   18                

=== PID → cumulative energy (pid_to_consumption) [comm="stress_core"] ===
PID      energy            
180606   1440713630000     

[H[JPolling energy-fair scheduler maps every 100 millisecond(s)...
Real time since poller start: 108.894445 s
Filter: comm "stress_core"
Maps shown: total power consumption 

=== System totals (total) ===
  cpu_time:  341588499965 ns
  energy:    15245377880000 (units of your kfunc)
  uncore_energy:    966516703943860000 (units of your kfunc)

=== PID → power (EMA) (pid_to_power) [comm="stress_core"] ===
PID      power             
180606   17                

=== PID → cumulative energy (pid_to_consumption) [comm="stress_core"] ===
PID      energy            
180606   1442811290000     

[H[JPolling energy-fair scheduler maps every 100 millisecond(s)...
Real time since poller start: 109.012472 s
Filter: comm "stress_core"
Maps shown: total power consumption 

=== System totals (total) ===
  cpu_time:  341729158969 ns
  energy:    15248736620000 (units of your kfunc)
  uncore_energy:    966516862837320000 (units of your kfunc)

=== PID → power (EMA) (pid_to_power) [comm="stress_core"] ===
PID      power             
180606   21                

=== PID → cumulative energy (pid_to_consumption) [comm="stress_core"] ===
PID      energy            
180606   1444946910000     

[H[JPolling energy-fair scheduler maps every 100 millisecond(s)...
Real time since poller start: 109.130544 s
Filter: comm "stress_core"
Maps shown: total power consumption 

=== System totals (total) ===
  cpu_time:  341872502107 ns
  energy:    15252318920000 (units of your kfunc)
  uncore_energy:    966517023049120000 (units of your kfunc)

=== PID → power (EMA) (pid_to_power) [comm="stress_core"] ===
PID      power             
180606   19                

=== PID → cumulative energy (pid_to_consumption) [comm="stress_core"] ===
PID      energy            
180606   1446972290000     

[H[JPolling energy-fair scheduler maps every 100 millisecond(s)...
Real time since poller start: 109.248697 s
Filter: comm "stress_core"
Maps shown: total power consumption 

=== System totals (total) ===
  cpu_time:  341910329320 ns
  energy:    15253707420000 (units of your kfunc)
  uncore_energy:    966517174500430000 (units of your kfunc)

=== PID → power (EMA) (pid_to_power) [comm="stress_core"] ===
PID      power             
180606   25                

=== PID → cumulative energy (pid_to_consumption) [comm="stress_core"] ===
PID      energy            
180606   1446972290000     

[H[JPolling energy-fair scheduler maps every 100 millisecond(s)...
Real time since poller start: 109.366823 s
Filter: comm "stress_core"
Maps shown: total power consumption 

=== System totals (total) ===
  cpu_time:  341935552634 ns
  energy:    15254886630000 (units of your kfunc)
  uncore_energy:    966517322747030000 (units of your kfunc)

=== PID → power (EMA) (pid_to_power) [comm="stress_core"] ===
PID      power             
180606   25                

=== PID → cumulative energy (pid_to_consumption) [comm="stress_core"] ===
PID      energy            
180606   1446972290000     

[H[JPolling energy-fair scheduler maps every 100 millisecond(s)...
Real time since poller start: 109.484968 s
Filter: comm "stress_core"
Maps shown: total power consumption 

=== System totals (total) ===
  cpu_time:  341958891738 ns
  energy:    15255934610000 (units of your kfunc)
  uncore_energy:    966517472166120000 (units of your kfunc)

=== PID → power (EMA) (pid_to_power) [comm="stress_core"] ===
PID      power             
180606   25                

=== PID → cumulative energy (pid_to_consumption) [comm="stress_core"] ===
PID      energy            
180606   1446972290000     

[H[JPolling energy-fair scheduler maps every 100 millisecond(s)...
Real time since poller start: 109.603061 s
Filter: comm "stress_core"
Maps shown: total power consumption 

=== System totals (total) ===
  cpu_time:  342028851013 ns
  energy:    15258773810000 (units of your kfunc)
  uncore_energy:    966517635295090000 (units of your kfunc)

=== PID → power (EMA) (pid_to_power) [comm="stress_core"] ===
PID      power             
180606   25                

=== PID → cumulative energy (pid_to_consumption) [comm="stress_core"] ===
PID      energy            
180606   1446972290000     

[H[JPolling energy-fair scheduler maps every 100 millisecond(s)...
Real time since poller start: 109.721238 s
Filter: comm "stress_core"
Maps shown: total power consumption 

=== System totals (total) ===
  cpu_time:  342057112074 ns
  energy:    15260048360000 (units of your kfunc)
  uncore_energy:    966517789712070000 (units of your kfunc)

=== PID → power (EMA) (pid_to_power) [comm="stress_core"] ===
PID      power             
180606   25                

=== PID → cumulative energy (pid_to_consumption) [comm="stress_core"] ===
PID      energy            
180606   1446972290000     

[H[JPolling energy-fair scheduler maps every 100 millisecond(s)...
Real time since poller start: 109.839424 s
Filter: comm "stress_core"
Maps shown: total power consumption 

=== System totals (total) ===
  cpu_time:  342078344445 ns
  energy:    15260992120000 (units of your kfunc)
  uncore_energy:    966517915858610000 (units of your kfunc)

=== PID → power (EMA) (pid_to_power) [comm="stress_core"] ===
PID      power             
180606   25                

=== PID → cumulative energy (pid_to_consumption) [comm="stress_core"] ===
PID      energy            
180606   1446972290000     

[H[JPolling energy-fair scheduler maps every 100 millisecond(s)...
Real time since poller start: 109.957633 s
Filter: comm "stress_core"
Maps shown: total power consumption 

=== System totals (total) ===
  cpu_time:  342105670580 ns
  energy:    15262162310000 (units of your kfunc)
  uncore_energy:    966518096884160000 (units of your kfunc)

=== PID → power (EMA) (pid_to_power) [comm="stress_core"] ===
PID      power             
180606   25                

=== PID → cumulative energy (pid_to_consumption) [comm="stress_core"] ===
PID      energy            
180606   1446972290000     

[H[JPolling energy-fair scheduler maps every 100 millisecond(s)...
Real time since poller start: 110.075798 s
Filter: comm "stress_core"
Maps shown: total power consumption 

=== System totals (total) ===
  cpu_time:  342131480996 ns
  energy:    15263294510000 (units of your kfunc)
  uncore_energy:    966518253057720000 (units of your kfunc)

=== PID → power (EMA) (pid_to_power) [comm="stress_core"] ===
PID      power             
180606   25                

=== PID → cumulative energy (pid_to_consumption) [comm="stress_core"] ===
PID      energy            
180606   1446972290000     

[H[JPolling energy-fair scheduler maps every 100 millisecond(s)...
Real time since poller start: 110.194011 s
Filter: comm "stress_core"
Maps shown: total power consumption 

=== System totals (total) ===
  cpu_time:  342154694396 ns
  energy:    15264325240000 (units of your kfunc)
  uncore_energy:    966518291874550000 (units of your kfunc)

=== PID → power (EMA) (pid_to_power) [comm="stress_core"] ===
PID      power             
180606   25                

=== PID → cumulative energy (pid_to_consumption) [comm="stress_core"] ===
PID      energy            
180606   1446972290000     

[H[JPolling energy-fair scheduler maps every 100 millisecond(s)...
Real time since poller start: 110.312197 s
Filter: comm "stress_core"
Maps shown: total power consumption 

=== System totals (total) ===
  cpu_time:  342181168858 ns
  energy:    15265509470000 (units of your kfunc)
  uncore_energy:    966518560390490000 (units of your kfunc)

=== PID → power (EMA) (pid_to_power) [comm="stress_core"] ===
PID      power             
180606   25                

=== PID → cumulative energy (pid_to_consumption) [comm="stress_core"] ===
PID      energy            
180606   1446972290000     

[H[JPolling energy-fair scheduler maps every 100 millisecond(s)...
Real time since poller start: 110.430400 s
Filter: comm "stress_core"
Maps shown: total power consumption 

=== System totals (total) ===
  cpu_time:  342208170606 ns
  energy:    15266693090000 (units of your kfunc)
  uncore_energy:    966518712525040000 (units of your kfunc)

=== PID → power (EMA) (pid_to_power) [comm="stress_core"] ===
PID      power             
180606   25                

=== PID → cumulative energy (pid_to_consumption) [comm="stress_core"] ===
PID      energy            
180606   1446972290000     

[H[JPolling energy-fair scheduler maps every 100 millisecond(s)...
Real time since poller start: 110.548612 s
Filter: comm "stress_core"
Maps shown: total power consumption 

=== System totals (total) ===
  cpu_time:  342231198336 ns
  energy:    15267779230000 (units of your kfunc)
  uncore_energy:    966518752319950000 (units of your kfunc)

=== PID → power (EMA) (pid_to_power) [comm="stress_core"] ===
PID      power             
180606   25                

=== PID → cumulative energy (pid_to_consumption) [comm="stress_core"] ===
PID      energy            
180606   1446972290000     

[H[JPolling energy-fair scheduler maps every 100 millisecond(s)...
Real time since poller start: 110.666807 s
Filter: comm "stress_core"
Maps shown: total power consumption 

=== System totals (total) ===
  cpu_time:  342262442822 ns
  energy:    15269136060000 (units of your kfunc)
  uncore_energy:    966519014881730000 (units of your kfunc)

=== PID → power (EMA) (pid_to_power) [comm="stress_core"] ===
PID      power             
180606   25                

=== PID → cumulative energy (pid_to_consumption) [comm="stress_core"] ===
PID      energy            
180606   1446972290000     

[H[JPolling energy-fair scheduler maps every 100 millisecond(s)...
Real time since poller start: 110.785036 s
Filter: comm "stress_core"
Maps shown: total power consumption 

=== System totals (total) ===
  cpu_time:  342288641669 ns
  energy:    15270352370000 (units of your kfunc)
  uncore_energy:    966519176581370000 (units of your kfunc)

=== PID → power (EMA) (pid_to_power) [comm="stress_core"] ===
PID      power             

=== PID → cumulative energy (pid_to_consumption) [comm="stress_core"] ===
PID      energy            

[H[JPolling energy-fair scheduler maps every 100 millisecond(s)...
Real time since poller start: 110.903267 s
Filter: comm "stress_core"
Maps shown: total power consumption 

=== System totals (total) ===
  cpu_time:  342314573083 ns
  energy:    15271483810000 (units of your kfunc)
  uncore_energy:    966519325797530000 (units of your kfunc)

=== PID → power (EMA) (pid_to_power) [comm="stress_core"] ===
PID      power             

=== PID → cumulative energy (pid_to_consumption) [comm="stress_core"] ===
PID      energy            

[H[JPolling energy-fair scheduler maps every 100 millisecond(s)...
Real time since poller start: 111.021429 s
Filter: comm "stress_core"
Maps shown: total power consumption 

=== System totals (total) ===
  cpu_time:  342354537306 ns
  energy:    15273187130000 (units of your kfunc)
  uncore_energy:    966519476329310000 (units of your kfunc)

=== PID → power (EMA) (pid_to_power) [comm="stress_core"] ===
PID      power             

=== PID → cumulative energy (pid_to_consumption) [comm="stress_core"] ===
PID      energy            

[H[JPolling energy-fair scheduler maps every 100 millisecond(s)...
Real time since poller start: 111.139592 s
Filter: comm "stress_core"
Maps shown: total power consumption 

=== System totals (total) ===
  cpu_time:  342376929713 ns
  energy:    15274156830000 (units of your kfunc)
  uncore_energy:    966519519092370000 (units of your kfunc)

=== PID → power (EMA) (pid_to_power) [comm="stress_core"] ===
PID      power             

=== PID → cumulative energy (pid_to_consumption) [comm="stress_core"] ===
PID      energy            

[H[JPolling energy-fair scheduler maps every 100 millisecond(s)...
Real time since poller start: 111.257771 s
Filter: comm "stress_core"
Maps shown: total power consumption 

=== System totals (total) ===
  cpu_time:  342434417287 ns
  energy:    15276391950000 (units of your kfunc)
  uncore_energy:    966519782974040000 (units of your kfunc)

=== PID → power (EMA) (pid_to_power) [comm="stress_core"] ===
PID      power             

=== PID → cumulative energy (pid_to_consumption) [comm="stress_core"] ===
PID      energy            

[H[JPolling energy-fair scheduler maps every 100 millisecond(s)...
Real time since poller start: 111.375998 s
Filter: comm "stress_core"
Maps shown: total power consumption 

=== System totals (total) ===
  cpu_time:  342461984705 ns
  energy:    15277561240000 (units of your kfunc)
  uncore_energy:    966519940215400000 (units of your kfunc)

=== PID → power (EMA) (pid_to_power) [comm="stress_core"] ===
PID      power             

=== PID → cumulative energy (pid_to_consumption) [comm="stress_core"] ===
PID      energy            

[H[JPolling energy-fair scheduler maps every 100 millisecond(s)...
Real time since poller start: 111.494158 s
Filter: comm "stress_core"
Maps shown: total power consumption 

=== System totals (total) ===
  cpu_time:  342487518870 ns
  energy:    15278635800000 (units of your kfunc)
  uncore_energy:    966520093317170000 (units of your kfunc)

=== PID → power (EMA) (pid_to_power) [comm="stress_core"] ===
PID      power             

=== PID → cumulative energy (pid_to_consumption) [comm="stress_core"] ===
PID      energy            

[H[JPolling energy-fair scheduler maps every 100 millisecond(s)...
Real time since poller start: 111.612345 s
Filter: comm "stress_core"
Maps shown: total power consumption 

=== System totals (total) ===
  cpu_time:  342512110568 ns
  energy:    15279732000000 (units of your kfunc)
  uncore_energy:    966520244694870000 (units of your kfunc)

=== PID → power (EMA) (pid_to_power) [comm="stress_core"] ===
PID      power             

=== PID → cumulative energy (pid_to_consumption) [comm="stress_core"] ===
PID      energy            

[H[JPolling energy-fair scheduler maps every 100 millisecond(s)...
Real time since poller start: 111.730536 s
Filter: comm "stress_core"
Maps shown: total power consumption 

=== System totals (total) ===
  cpu_time:  342540632072 ns
  energy:    15281000150000 (units of your kfunc)
  uncore_energy:    966520396423860000 (units of your kfunc)

=== PID → power (EMA) (pid_to_power) [comm="stress_core"] ===
PID      power             

=== PID → cumulative energy (pid_to_consumption) [comm="stress_core"] ===
PID      energy            

